dwa_id,teks_en,teks_id
4.A.1.a.1.a.1,Review art or design materials.,Menelaah bahan seni atau desain.
4.A.1.a.1.a.2,Study details of musical compositions.,Mempelajari detail komposisi musik.
4.A.1.a.1.a.3,Review production information to determine costume or makeup requirements.,Menelaah informasi produksi untuk menentukan kebutuhan kostum atau tata rias.
4.A.1.a.1.a.4,Study scripts to determine project requirements.,Mempelajari naskah untuk menentukan kebutuhan proyek.
4.A.1.a.1.b.1,Read materials to determine needed actions.,Membaca bahan untuk menentukan tindakan yang diperlukan.
4.A.1.a.1.b.10,Review work orders or schedules to determine operations or procedures.,Menelaah perintah kerja atau jadwal untuk menentukan operasi atau prosedur.
4.A.1.a.1.b.11,Review blueprints or other instructions to determine operational methods or sequences.,Menelaah gambar teknik atau petunjuk lain untuk menentukan metode atau urutan kerja.
4.A.1.a.1.b.12,Evaluate reports or designs to determine work needs.,Mengevaluasi laporan atau rancangan untuk menentukan kebutuhan pekerjaan.
4.A.1.a.1.b.13,Read work orders or descriptions of problems to determine repairs or modifications needed.,Membaca perintah kerja atau uraian masalah untuk menentukan perbaikan atau modifikasi yang diperlukan.
4.A.1.a.1.b.14,"Interpret blueprints, specifications, or diagrams to inform installation, development or operation activities.","Menafsirkan gambar teknik, spesifikasi, atau diagram sebagai dasar pemasangan, pengembangan, atau pengoperasian."
4.A.1.a.1.b.15,Review details of technical drawings or specifications.,Menelaah detail gambar teknik atau spesifikasi.
4.A.1.a.1.b.16,Read work orders to determine material or setup requirements.,Membaca perintah kerja untuk menentukan kebutuhan bahan atau penyetelan.
4.A.1.a.1.b.2,Read maps to determine routes.,Membaca peta untuk menentukan rute.
4.A.1.a.1.b.3,Review customer information.,Menelaah informasi pelanggan.
4.A.1.a.1.b.4,Read work orders or other instructions to determine product specifications or materials requirements.,Membaca perintah kerja atau petunjuk lain untuk menentukan spesifikasi produk atau kebutuhan bahan.
4.A.1.a.1.b.5,Read technical information needed to perform maintenance or repairs.,Membaca informasi teknis yang diperlukan untuk pemeliharaan atau perbaikan.
4.A.1.a.1.b.6,Study blueprints or other instructions to determine equipment setup requirements.,Mempelajari gambar teknik atau petunjuk lain untuk menentukan kebutuhan penyetelan peralatan.
4.A.1.a.1.b.7,Read documents to gather technical information.,Membaca dokumen untuk mengumpulkan informasi teknis.
4.A.1.a.1.b.8,Review technical documents to plan work.,Menelaah dokumen teknis untuk merencanakan pekerjaan.
4.A.1.a.1.b.9,Review blueprints or specifications to determine work requirements.,Menelaah gambar teknik atau spesifikasi untuk menentukan kebutuhan pekerjaan.
4.A.1.a.1.c.1,Collect evidence for legal proceedings.,Mengumpulkan bukti untuk proses hukum.
4.A.1.a.1.c.2,Examine crime scenes to obtain evidence.,Memeriksa tempat kejadian perkara untuk memperoleh bukti.
4.A.1.a.1.c.3,Investigate crimes committed within organizations.,Menyelidiki kejahatan yang terjadi di dalam organisasi.
4.A.1.a.1.c.4,Investigate legal issues.,Menyelidiki persoalan hukum.
4.A.1.a.1.c.5,Examine records or other types of data to investigate criminal activities.,Memeriksa catatan atau data lain untuk menyelidiki tindak kejahatan.
4.A.1.a.1.c.6,Conduct hearings to investigate legal issues.,Memimpin sidang untuk memeriksa persoalan hukum.
4.A.1.a.1.c.7,Investigate illegal or suspicious activities.,Menyelidiki kegiatan ilegal atau mencurigakan.
4.A.1.a.1.d.1,Obtain property information.,Memperoleh informasi tentang properti.
4.A.1.a.1.d.2,Use databases to locate investigation details or other information.,Menggunakan basis data untuk menemukan informasi penyelidikan.
4.A.1.a.1.d.3,Search information sources to find specific data.,Menelusuri sumber informasi untuk menemukan data tertentu.
4.A.1.a.1.d.4,Gather financial records.,Mengumpulkan catatan keuangan.
4.A.1.a.1.d.5,Retrieve information from electronic sources.,Mengambil informasi dari sumber elektronik.
4.A.1.a.1.d.6,Gather information in order to provide services to clients.,Mengumpulkan informasi untuk memberikan layanan kepada klien.
4.A.1.a.1.d.7,"Search files, databases or reference materials to obtain needed information.","Menelusuri berkas, basis data, atau bahan rujukan untuk memperoleh informasi yang dibutuhkan."
4.A.1.a.1.d.8,Collect archival data.,Mengumpulkan data arsip.
4.A.1.a.1.e.1,Evaluate information related to legal matters in public or personal records.,Menilai informasi terkait perkara hukum dalam catatan publik atau pribadi.
4.A.1.a.1.e.2,Research relevant legal materials to aid decision making.,Meneliti bahan hukum yang relevan untuk membantu pengambilan keputusan.
4.A.1.a.1.f.1,Gather organizational performance information.,Mengumpulkan informasi kinerja organisasi.
4.A.1.a.1.f.2,Gather information about work conditions or locations.,Mengumpulkan informasi tentang kondisi atau lokasi kerja.
4.A.1.a.1.f.3,Gather physical survey data.,Mengumpulkan data survei lapangan.
4.A.1.a.1.f.4,Collect data about project sites.,Mengumpulkan data tentang lokasi proyek.
4.A.1.a.1.g.1,Obtain information about goods or services.,Mencari informasi tentang barang atau jasa.
4.A.1.a.1.h.1,Research hydrologic features or processes.,Meneliti ciri atau proses hidrologi.
4.A.1.a.1.h.2,Research geological features or processes.,Meneliti ciri atau proses geologi.
4.A.1.a.1.h.3,Conduct climatological research.,Melakukan penelitian iklim.
4.A.1.a.1.i.1,Conduct surveys in organizations.,Melakukan survei di dalam organisasi.
4.A.1.a.1.i.2,Research industrial processes or operations.,Meneliti proses atau operasi industri.
4.A.1.a.1.i.3,Conduct scientific research of organizational behavior or processes.,Melakukan penelitian ilmiah tentang perilaku atau proses organisasi.
4.A.1.a.1.j.1,Research impacts of environmental conservation initiatives.,Meneliti dampak program pelestarian lingkungan.
4.A.1.a.1.j.3,Investigate the environmental impact of projects.,Menyelidiki dampak lingkungan dari suatu proyek.
4.A.1.a.1.j.4,Monitor environmental impacts of production or development activities.,Memantau dampak lingkungan dari kegiatan produksi atau pembangunan.
4.A.1.a.1.j.5,Research environmental impact of industrial or development activities.,Meneliti dampak lingkungan dari kegiatan industri atau pembangunan.
4.A.1.a.1.j.6,Identify environmental concerns.,Mengenali persoalan lingkungan.
4.A.1.a.1.j.7,Evaluate environmental impact of operational or development activities.,Menilai dampak lingkungan dari kegiatan operasi atau pembangunan.
4.A.1.a.1.k.1,Gather information for news stories.,Mengumpulkan informasi untuk berita.
4.A.1.a.1.l.1,Gather medical information from patient histories.,Mengumpulkan informasi medis dari riwayat pasien.
4.A.1.a.1.l.2,"Collect medical information from patients, family members, or other medical professionals.","Mengumpulkan informasi medis dari pasien, keluarga, atau tenaga kesehatan lain."
4.A.1.a.1.l.3,"Collect information from people through observation, interviews, or surveys.","Mengumpulkan informasi dari orang-orang melalui pengamatan, wawancara, atau survei."
4.A.1.a.1.l.4,Collect information about clients.,Mengumpulkan informasi tentang klien.
4.A.1.a.1.m.1,Research livestock management methods.,Meneliti cara pengelolaan ternak.
4.A.1.a.1.m.2,Research crop management methods.,Meneliti cara pengelolaan tanaman.
4.A.1.a.1.m.3,Research sustainable agricultural processes or practices.,Meneliti proses atau praktik pertanian berkelanjutan.
4.A.1.a.1.n.1,Conduct market research.,Melakukan riset pasar.
4.A.1.a.1.n.2,Gather customer or product information to determine customer needs.,Mengumpulkan informasi pelanggan atau produk untuk mengetahui kebutuhan pelanggan.
4.A.1.a.1.n.3,Obtain personal or financial information about customers or applicants.,Memperoleh informasi pribadi atau keuangan tentang pelanggan atau pemohon.
4.A.1.a.1.n.4,Conduct opinion surveys or needs assessments.,Melakukan survei pendapat atau penilaian kebutuhan.
4.A.1.a.1.n.5,Collect data about customer needs.,Mengumpulkan data tentang kebutuhan pelanggan.
4.A.1.a.1.o.1,Observe individuals' activities to gather information or compile evidence.,Mengamati kegiatan seseorang untuk mengumpulkan informasi atau bukti.
4.A.1.a.1.o.2,Investigate personal characteristics or activities of individuals.,Menyelidiki latar belakang atau kegiatan seseorang.
4.A.1.a.1.p.1,Research genetic characteristics or expression.,Meneliti sifat atau ekspresi genetik.
4.A.1.a.1.p.2,Research diseases or parasites.,Meneliti penyakit atau parasit.
4.A.1.a.1.p.3,Conduct research of processes in natural or industrial ecosystems.,Meneliti proses dalam ekosistem alam atau industri.
4.A.1.a.1.p.4,Research microbiological or chemical processes or structures.,Meneliti proses atau struktur mikrobiologi atau kimia.
4.A.1.a.1.p.5,Classify organisms based on their characteristics or behavior.,Mengelompokkan makhluk hidup berdasarkan ciri atau perilakunya.
4.A.1.a.1.p.6,Examine characteristics or behavior of living organisms.,Meneliti ciri atau perilaku makhluk hidup.
4.A.1.a.1.q.1,Obtain documentation to authorize activities.,Mengurus dokumen untuk mendapatkan izin kegiatan.
4.A.1.a.1.q.2,Obtain copyrights or other legal permissions.,Mengurus hak cipta atau izin hukum lainnya.
4.A.1.a.1.q.3,Obtain written authorization to perform activities.,Memperoleh izin tertulis untuk melakukan kegiatan.
4.A.1.a.1.r.1,Conduct anthropological or archaeological research.,Melakukan penelitian antropologi atau arkeologi.
4.A.1.a.1.r.2,Conduct historical research.,Melakukan penelitian sejarah.
4.A.1.a.1.r.3,Conduct research on social issues.,Melakukan penelitian tentang masalah sosial.
4.A.1.a.1.s.1,Conduct research to increase knowledge about medical issues.,Melakukan penelitian untuk menambah pengetahuan tentang masalah medis.
4.A.1.a.1.s.2,Collect information about community health needs.,Mengumpulkan informasi tentang kebutuhan kesehatan masyarakat.
4.A.1.a.1.t.1,Research engineering aspects of biological or chemical processes.,Meneliti aspek rekayasa dari proses biologi atau kimia.
4.A.1.a.1.t.10,Research methods to improve food products.,Meneliti cara meningkatkan mutu produk pangan.
4.A.1.a.1.t.2,Research engineering applications of emerging technologies.,Meneliti penerapan rekayasa dari teknologi baru.
4.A.1.a.1.t.3,Research design or application of green technologies.,Meneliti rancangan atau penerapan teknologi ramah lingkungan.
4.A.1.a.1.t.4,Conduct research to gain information about products or processes.,Melakukan penelitian untuk memperoleh informasi tentang produk atau proses.
4.A.1.a.1.t.5,Research advanced engineering designs or applications.,Meneliti rancangan atau penerapan rekayasa tingkat lanjut.
4.A.1.a.1.t.6,"Research energy production, use, or conservation.","Meneliti produksi, penggunaan, atau penghematan energi."
4.A.1.a.1.t.7,Research human performance or health factors related to engineering or design activities.,Meneliti faktor kinerja atau kesehatan manusia yang terkait dengan kegiatan rekayasa atau desain.
4.A.1.a.1.t.8,Research new technologies.,Meneliti teknologi baru.
4.A.1.a.1.u.1,Investigate accidents to determine causes.,Menyelidiki kecelakaan untuk menentukan penyebabnya.
4.A.1.a.1.u.2,Examine debris to obtain information about causes of fires.,Memeriksa puing untuk mengetahui penyebab kebakaran.
4.A.1.a.1.u.3,"Investigate transportation incidents, violations, or complaints.","Menyelidiki insiden, pelanggaran, atau pengaduan di bidang transportasi."
4.A.1.a.1.u.4,Investigate industrial or transportation accidents.,Menyelidiki kecelakaan industri atau transportasi.
4.A.1.a.1.v.1,"Investigate system, equipment, or product failures.","Menyelidiki kegagalan sistem, peralatan, atau produk."
4.A.1.a.1.v.2,Investigate work related complaints to determine corrective actions.,Menyelidiki pengaduan terkait pekerjaan untuk menentukan tindakan perbaikan.
4.A.1.a.1.v.3,Investigate safety of work environment.,Menyelidiki keselamatan lingkungan kerja.
4.A.1.a.1.w.1,"Interview employees, customers, or others to collect information.","Mewawancarai karyawan, pelanggan, atau pihak lain untuk mengumpulkan informasi."
4.A.1.a.1.w.2,Interview others for news or entertainment purposes.,Mewawancarai orang untuk keperluan berita atau hiburan.
4.A.1.a.1.w.3,Interview clients to gather financial information.,Mewawancarai klien untuk mengumpulkan informasi keuangan.
4.A.1.a.1.w.4,Interview people to obtain information about actions or status of individuals.,Mewawancarai orang untuk memperoleh informasi tentang tindakan atau keadaan seseorang.
4.A.1.a.1.w.5,Interview people to gather information about criminal activities.,Mewawancarai orang untuk mengumpulkan informasi tentang tindak kejahatan.
4.A.1.a.1.w.6,Interview patients to gather medical information.,Mewawancarai pasien untuk mengumpulkan informasi medis.
4.A.1.a.1.w.7,Interview claimants to get information related to legal proceedings.,Mewawancarai pemohon klaim untuk memperoleh informasi terkait proses hukum.
4.A.1.a.1.w.8,"Interview clients to gather information about their backgrounds, needs, or progress.","Mewawancarai klien untuk mengetahui latar belakang, kebutuhan, atau perkembangan mereka."
4.A.1.a.1.w.9,"Interview witnesses, suspects, or claimants.","Mewawancarai saksi, tersangka, atau pemohon klaim."
4.A.1.a.2.a.1,Monitor broadcasting operations to ensure proper functioning.,Memantau kegiatan penyiaran agar berjalan dengan baik.
4.A.1.a.2.a.10,Monitor equipment operation to ensure that products are not flawed.,Memantau kerja peralatan agar produk tidak cacat.
4.A.1.a.2.a.11,Monitor instruments to ensure proper production conditions.,Memantau instrumen untuk memastikan kondisi produksi yang tepat.
4.A.1.a.2.a.12,Monitor video displays of medical equipment to ensure proper functioning.,Memantau tampilan layar peralatan medis agar berfungsi dengan baik.
4.A.1.a.2.a.13,Monitor equipment gauges or displays to ensure proper operation.,Memantau alat ukur atau tampilan peralatan agar beroperasi dengan baik.
4.A.1.a.2.a.14,Monitor equipment fluid levels.,Memantau ketinggian cairan pada peralatan.
4.A.1.a.2.a.2,Monitor medical equipment to ensure proper functioning.,Memantau peralatan medis agar berfungsi dengan baik.
4.A.1.a.2.a.3,Monitor engine operation or functioning.,Memantau kerja mesin.
4.A.1.a.2.a.4,Monitor lubrication of equipment or workpieces.,Memantau pelumasan peralatan atau benda kerja.
4.A.1.a.2.a.5,Monitor equipment operation to ensure proper functioning.,Memantau kerja peralatan agar berfungsi dengan baik.
4.A.1.a.2.a.6,Observe equipment in operation to detect potential problems.,Mengamati peralatan yang sedang beroperasi untuk mendeteksi kemungkinan masalah.
4.A.1.a.2.a.7,Watch operating equipment to detect malfunctions.,Mengawasi peralatan yang beroperasi untuk mendeteksi kerusakan.
4.A.1.a.2.a.9,Assess equipment functioning.,Menilai fungsi peralatan.
4.A.1.a.2.b.10,Track goods or materials.,Melacak barang atau bahan.
4.A.1.a.2.b.11,Monitor food services operations to ensure procedures are followed.,Memantau kegiatan layanan makanan agar prosedur diikuti.
4.A.1.a.2.b.12,Monitor loading processes to ensure they are performed properly.,Memantau proses pemuatan agar dilakukan dengan benar.
4.A.1.a.2.b.14,Inspect cargo to ensure it is properly loaded or secured.,Memeriksa kargo agar termuat atau terikat dengan benar.
4.A.1.a.2.b.15,Monitor the productivity or efficiency of industrial operations.,Memantau produktivitas atau efisiensi kegiatan industri.
4.A.1.a.2.b.16,Monitor operational procedures in technical environments to ensure conformance to standards.,Memantau prosedur kerja di lingkungan teknis agar sesuai standar.
4.A.1.a.2.b.19,Monitor the handling of hazardous materials or medical wastes.,Memantau penanganan bahan berbahaya atau limbah medis.
4.A.1.a.2.b.2,Monitor facilities or operational systems.,Memantau fasilitas atau sistem operasi.
4.A.1.a.2.b.20,Monitor organizational processes.,Memantau proses organisasi.
4.A.1.a.2.b.3,Monitor operational quality or safety.,Memantau mutu atau keselamatan operasi.
4.A.1.a.2.b.4,Monitor extraction operations.,Memantau kegiatan penambangan.
4.A.1.a.2.b.5,Monitor organizational procedures to ensure proper functioning.,Memantau prosedur organisasi agar berjalan dengan baik.
4.A.1.a.2.b.6,Monitor construction operations.,Memantau kegiatan konstruksi.
4.A.1.a.2.b.7,Monitor vehicle movement or location.,Memantau pergerakan atau lokasi kendaraan.
4.A.1.a.2.b.9,Inspect operational processes.,Memeriksa proses operasi.
4.A.1.a.2.c.1,Monitor financial information.,Memantau informasi keuangan.
4.A.1.a.2.c.2,Monitor financial activities.,Memantau kegiatan keuangan.
4.A.1.a.2.c.3,Monitor sales activities.,Memantau kegiatan penjualan.
4.A.1.a.2.c.4,Monitor flow of cash or other resources.,Memantau arus kas atau sumber daya lain.
4.A.1.a.2.c.5,Monitor financial indicators.,Memantau indikator keuangan.
4.A.1.a.2.c.6,Monitor business indicators.,Memantau indikator bisnis.
4.A.1.a.2.d.1,Monitor traffic signals.,Memantau lampu lalu lintas.
4.A.1.a.2.e.1,Monitor patient progress or responses to treatments.,Memantau perkembangan pasien atau responsnya terhadap pengobatan.
4.A.1.a.2.e.2,Monitor clients to evaluate treatment progress.,Memantau klien untuk menilai kemajuan perawatan.
4.A.1.a.2.e.3,Monitor patients following surgeries or other treatments.,Memantau pasien setelah operasi atau tindakan lain.
4.A.1.a.2.e.4,Monitor animal behavior or condition.,Memantau perilaku atau kondisi hewan.
4.A.1.a.2.e.5,Monitor health or behavior of people or animals.,Memantau kesehatan atau perilaku orang atau hewan.
4.A.1.a.2.e.6,Monitor patients to detect health problems.,Memantau pasien untuk mendeteksi masalah kesehatan.
4.A.1.a.2.e.7,"Monitor patient conditions during treatments, procedures, or activities.","Memantau kondisi pasien selama pengobatan, tindakan, atau kegiatan."
4.A.1.a.2.e.8,Monitor nutrition related activities of individuals or groups.,Memantau kegiatan terkait gizi pada perorangan atau kelompok.
4.A.1.a.2.f.1,Monitor performance of organizational members or partners.,Memantau kinerja anggota atau mitra organisasi.
4.A.1.a.2.f.2,Monitor patron activities to identify problems or potential problems.,Memantau kegiatan pengunjung untuk mengenali masalah atau kemungkinan masalah.
4.A.1.a.2.f.3,Monitor student performance.,Memantau prestasi siswa.
4.A.1.a.2.f.4,Supervise school or student activities.,Mengawasi kegiatan sekolah atau siswa.
4.A.1.a.2.f.5,Enforce rules or policies governing student behavior.,Menegakkan peraturan atau kebijakan tentang perilaku siswa.
4.A.1.a.2.f.6,Monitor activities of individuals to ensure safety or compliance with rules.,Memantau kegiatan orang untuk memastikan keselamatan atau kepatuhan pada aturan.
4.A.1.a.2.f.7,"Monitor student behavior, social development, or health.","Memantau perilaku, perkembangan sosial, atau kesehatan siswa."
4.A.1.a.2.g.1,Monitor environment to ensure safety.,Memantau lingkungan untuk memastikan keselamatan.
4.A.1.a.2.g.10,Locate fires or fire danger areas.,Menemukan lokasi kebakaran atau daerah rawan kebakaran.
4.A.1.a.2.g.11,Monitor surroundings to detect potential hazards.,Memantau lingkungan sekitar untuk mendeteksi kemungkinan bahaya.
4.A.1.a.2.g.12,Patrol natural areas to ensure safety or enforce regulations.,Berpatroli di kawasan alam untuk menjaga keselamatan atau menegakkan peraturan.
4.A.1.a.2.g.13,Monitor work environment to ensure safety or adherence to specifications.,Memantau lingkungan kerja untuk memastikan keselamatan atau kesesuaian dengan spesifikasi.
4.A.1.a.2.g.2,Monitor access or flow of people to prevent problems.,Memantau akses atau arus orang untuk mencegah masalah.
4.A.1.a.2.g.3,Monitor building premises to ensure occupant or visitor safety.,Memantau area gedung untuk menjaga keselamatan penghuni atau pengunjung.
4.A.1.a.2.g.4,Locate suspicious objects or vehicles.,Menemukan benda atau kendaraan yang mencurigakan.
4.A.1.a.2.g.5,Patrol properties to maintain safety.,Berpatroli di properti untuk menjaga keamanan.
4.A.1.a.2.g.6,Monitor work areas to provide security.,Memantau area kerja untuk menjaga keamanan.
4.A.1.a.2.g.7,Maintain surveillance of individuals or establishments.,Melakukan pengintaian terhadap orang atau tempat usaha.
4.A.1.a.2.g.8,Monitor alarm systems.,Memantau sistem alarm.
4.A.1.a.2.g.9,Monitor work areas or procedures to ensure compliance with safety procedures.,Memantau area atau prosedur kerja agar sesuai dengan prosedur keselamatan.
4.A.1.a.2.h.1,Monitor market conditions or trends.,Memantau kondisi atau tren pasar.
4.A.1.a.2.h.2,Monitor current trends.,Memantau tren terkini.
4.A.1.a.2.h.3,Monitor external affairs or events affecting business operations.,Memantau urusan atau peristiwa luar yang memengaruhi kegiatan usaha.
4.A.1.a.2.i.1,Inspect landscaping to determine treatment needs.,Memeriksa taman untuk menentukan perawatan yang diperlukan.
4.A.1.a.2.i.2,Monitor environmental conditions to detect hazards.,Memantau kondisi lingkungan untuk mendeteksi bahaya.
4.A.1.a.2.i.3,Measure environmental characteristics.,Mengukur karakteristik lingkungan.
4.A.1.a.2.i.4,Monitor activities affecting environmental quality.,Memantau kegiatan yang memengaruhi mutu lingkungan.
4.A.1.a.2.i.5,Assess characteristics of fires.,Menilai karakteristik kebakaran.
4.A.1.a.2.i.6,Inspect condition of natural environments.,Memeriksa kondisi lingkungan alam.
4.A.1.a.2.j.1,Monitor the security of digital information.,Memantau keamanan informasi digital.
4.A.1.a.2.j.2,Monitor the performance of computer networks.,Memantau kinerja jaringan komputer.
4.A.1.a.2.j.3,Monitor computer system performance to ensure proper operation.,Memantau kinerja sistem komputer agar beroperasi dengan baik.
4.A.1.a.2.k.10,Determine operational compliance with regulations or standards.,Menentukan kepatuhan kegiatan operasi terhadap peraturan atau standar.
4.A.1.a.2.k.11,Monitor medical facility activities to ensure adherence to standards or regulations.,Memantau kegiatan fasilitas medis agar sesuai standar atau peraturan.
4.A.1.a.2.k.2,Inspect products or operations to ensure that standards are met.,Memeriksa produk atau kegiatan operasi agar memenuhi standar.
4.A.1.a.2.k.3,Monitor operations to ensure compliance with safety or security policies or regulations.,Memantau kegiatan operasi agar mematuhi kebijakan atau peraturan keselamatan dan keamanan.
4.A.1.a.2.k.4,Monitor organizational compliance with regulations.,Memantau kepatuhan organisasi terhadap peraturan.
4.A.1.a.2.k.5,Verify that medical activities or operations meet standards.,Memastikan kegiatan medis memenuhi standar.
4.A.1.a.2.k.6,Monitor processes for compliance with standards.,Memantau proses agar sesuai standar.
4.A.1.a.2.k.7,Evaluate personnel practices to ensure adherence to regulations.,Mengevaluasi praktik kepegawaian agar sesuai peraturan.
4.A.1.a.2.k.8,Monitor operational activities to ensure compliance with regulations or standard operating procedures.,Memantau kegiatan operasi agar mematuhi peraturan atau prosedur operasi standar.
4.A.1.a.2.k.9,Evaluate construction projects to determine compliance with external standards or regulations.,Mengevaluasi proyek konstruksi untuk menentukan kepatuhan terhadap standar atau peraturan.
4.A.1.b.1.a.1,Apply identification labels or tags.,Memasang label atau tanda pengenal.
4.A.1.b.1.a.2,Mark agricultural or forestry products for identification.,Menandai hasil pertanian atau kehutanan untuk identifikasi.
4.A.1.b.1.a.3,Mark materials or objects for identification.,Menandai bahan atau benda untuk identifikasi.
4.A.1.b.1.a.4,"Mark products, workpieces, or equipment with identifying information.","Menandai produk, benda kerja, atau peralatan dengan informasi pengenal."
4.A.1.b.1.a.6,"Attach identification information to products, items or containers.","Menempelkan informasi pengenal pada produk, barang, atau wadah."
4.A.1.b.1.b.2,Identify potential customers.,Mengenali calon pelanggan.
4.A.1.b.1.b.3,Identify investment opportunities or strategies.,Mengenali peluang atau strategi investasi.
4.A.1.b.1.b.4,Identify strategic business investment opportunities.,Mengenali peluang investasi bisnis yang strategis.
4.A.1.b.1.b.5,Identify new applications for existing technologies.,Menemukan penerapan baru untuk teknologi yang sudah ada.
4.A.1.b.1.b.6,Identify opportunities to improve operational efficiency.,Menemukan peluang untuk meningkatkan efisiensi operasi.
4.A.1.b.2.a.1,Test patient heart or lung functioning.,Menguji fungsi jantung atau paru-paru pasien.
4.A.1.b.2.a.2,Administer screening tests to determine abilities or treatment needs.,Melakukan tes penapisan untuk menentukan kemampuan atau kebutuhan perawatan.
4.A.1.b.2.a.3,Test patient hearing.,Menguji pendengaran pasien.
4.A.1.b.2.a.4,Test patient vision.,Menguji penglihatan pasien.
4.A.1.b.2.a.5,Conduct diagnostic tests to determine patient health.,Melakukan tes diagnostik untuk mengetahui kondisi kesehatan pasien.
4.A.1.b.2.a.6,Administer drug screening tests.,Melakukan tes penapisan narkoba.
4.A.1.b.2.a.7,Test patient nervous system functioning.,Menguji fungsi sistem saraf pasien.
4.A.1.b.2.a.8,Test biological specimens to gather information about patient conditions.,Menguji spesimen biologis untuk memperoleh informasi tentang kondisi pasien.
4.A.1.b.2.b.1,Test green technologies or processes.,Menguji teknologi atau proses ramah lingkungan.
4.A.1.b.2.c.1,"Test materials, solutions, or samples.","Menguji bahan, larutan, atau sampel."
4.A.1.b.2.c.2,Test products for functionality or quality.,Menguji fungsi atau mutu produk.
4.A.1.b.2.c.3,Analyze test results.,Menganalisis hasil pengujian.
4.A.1.b.2.c.4,Test characteristics of materials or structures.,Menguji karakteristik bahan atau struktur.
4.A.1.b.2.c.5,Test chemical or physical characteristics of materials or products.,Menguji sifat kimia atau fisik bahan atau produk.
4.A.1.b.2.c.6,Test fluids to identify contamination or other problems.,Menguji cairan untuk menemukan pencemaran atau masalah lain.
4.A.1.b.2.c.7,Test quality of materials or finished products.,Menguji mutu bahan atau produk jadi.
4.A.1.b.2.d.1,Inspect motor vehicles.,Memeriksa kendaraan bermotor.
4.A.1.b.2.d.2,Inspect mechanical components of vehicles to identify problems.,Memeriksa komponen mekanis kendaraan untuk menemukan masalah.
4.A.1.b.2.d.3,Inspect vehicles to determine overall condition.,Memeriksa kendaraan untuk menentukan kondisinya secara keseluruhan.
4.A.1.b.2.d.4,Inspect locomotives or other railroad equipment.,Memeriksa lokomotif atau peralatan kereta api lainnya.
4.A.1.b.2.d.5,Inspect aircraft or aircraft components.,Memeriksa pesawat terbang atau komponennya.
4.A.1.b.2.d.6,Inspect structural components of vehicles to identify problems.,Memeriksa komponen struktur kendaraan untuk menemukan masalah.
4.A.1.b.2.e.1,Inspect work sites to determine condition or necessary repairs.,Memeriksa lokasi kerja untuk menentukan kondisi atau perbaikan yang diperlukan.
4.A.1.b.2.e.10,Inspect facilities to ensure compliance with fire regulations.,Memeriksa fasilitas agar mematuhi peraturan kebakaran.
4.A.1.b.2.e.11,"Inspect facilities to ensure compliance with safety, quality, or service standards.","Memeriksa fasilitas agar memenuhi standar keselamatan, mutu, atau layanan."
4.A.1.b.2.e.12,Inspect facilities or sites to determine if they meet specifications or standards.,Memeriksa fasilitas atau lokasi untuk menentukan apakah memenuhi spesifikasi atau standar.
4.A.1.b.2.e.13,Inspect facilities to ensure compliance with security or safety regulations.,Memeriksa fasilitas agar mematuhi peraturan keamanan atau keselamatan.
4.A.1.b.2.e.14,Inspect facilities for cleanliness.,Memeriksa kebersihan fasilitas.
4.A.1.b.2.e.15,Inspect condition or functioning of facilities or equipment.,Memeriksa kondisi atau fungsi fasilitas atau peralatan.
4.A.1.b.2.e.16,Inspect buildings or grounds to determine condition.,Memeriksa bangunan atau halaman untuk menentukan kondisinya.
4.A.1.b.2.e.2,Inspect work sites to identify potential environmental or safety hazards.,Memeriksa lokasi kerja untuk menemukan kemungkinan bahaya lingkungan atau keselamatan.
4.A.1.b.2.e.3,"Inspect facilities, equipment or supplies to ensure conformance to standards.","Memeriksa fasilitas, peralatan, atau perlengkapan agar sesuai standar."
4.A.1.b.2.e.4,Inspect cargo areas for cleanliness or condition.,Memeriksa kebersihan atau kondisi area kargo.
4.A.1.b.2.e.5,Inspect work environments to ensure safety.,Memeriksa lingkungan kerja untuk memastikan keselamatan.
4.A.1.b.2.e.6,Monitor cargo area conditions.,Memantau kondisi area kargo.
4.A.1.b.2.e.7,Inspect facilities.,Memeriksa fasilitas.
4.A.1.b.2.e.8,Inspect facilities or equipment to ensure specifications are met.,Memeriksa fasilitas atau peralatan agar memenuhi spesifikasi.
4.A.1.b.2.e.9,Inspect areas for compliance with sanitation standards.,Memeriksa area agar memenuhi standar kebersihan.
4.A.1.b.2.f.1,Verify alignment of structures or equipment.,Memastikan kelurusan struktur atau peralatan.
4.A.1.b.2.f.10,Inspect medical or dental assistive devices.,Memeriksa alat bantu medis atau gigi.
4.A.1.b.2.f.11,Inspect items for damage or defects.,Memeriksa barang untuk menemukan kerusakan atau cacat.
4.A.1.b.2.f.12,Check quality of foods or supplies.,Memeriksa mutu makanan atau perlengkapan.
4.A.1.b.2.f.13,Inspect food products.,Memeriksa produk pangan.
4.A.1.b.2.f.14,Inspect sets or exhibits.,Memeriksa tata panggung atau pameran.
4.A.1.b.2.f.15,Inspect completed work to ensure proper functioning.,Memeriksa pekerjaan yang sudah selesai agar berfungsi dengan baik.
4.A.1.b.2.f.16,Inspected printed materials or other images to verify quality.,Memeriksa bahan cetakan atau gambar lain untuk memastikan mutunya.
4.A.1.b.2.f.17,Inspect completed work to ensure proper installation.,Memeriksa pekerjaan yang sudah selesai agar terpasang dengan benar.
4.A.1.b.2.f.18,Inspect installed components or assemblies.,Memeriksa komponen atau rakitan yang sudah terpasang.
4.A.1.b.2.f.3,Inspect finishes of workpieces or finished products.,Memeriksa hasil akhir permukaan benda kerja atau produk jadi.
4.A.1.b.2.f.4,Count finished products or workpieces.,Menghitung jumlah produk jadi atau benda kerja.
4.A.1.b.2.f.5,"Inspect metal, plastic, or composite products.","Memeriksa produk logam, plastik, atau komposit."
4.A.1.b.2.f.6,Inspect work to ensure standards are met.,Memeriksa pekerjaan agar memenuhi standar.
4.A.1.b.2.f.7,Inspect textile products.,Memeriksa produk tekstil.
4.A.1.b.2.f.8,Inspect finished products to locate flaws.,Memeriksa produk jadi untuk menemukan cacat.
4.A.1.b.2.f.9,Evaluate projects to determine compliance with technical specifications.,Mengevaluasi proyek untuk menentukan kesesuaian dengan spesifikasi teknis.
4.A.1.b.2.g.1,Inspect equipment or tools to be used in construction or excavation.,Memeriksa peralatan atau perkakas yang akan dipakai untuk konstruksi atau penggalian.
4.A.1.b.2.g.10,Inspect gas systems or components to identify leaks or other potential hazards.,Memeriksa sistem atau komponen gas untuk menemukan kebocoran atau bahaya lain.
4.A.1.b.2.g.11,Inspect equipment or systems.,Memeriksa peralatan atau sistem.
4.A.1.b.2.g.12,Inspect plumbing systems or fixtures.,Memeriksa sistem atau perlengkapan pipa air.
4.A.1.b.2.g.13,Locate equipment or materials in need of repair or replacement.,Menemukan peralatan atau bahan yang perlu diperbaiki atau diganti.
4.A.1.b.2.g.14,Inspect equipment to ensure safety or proper functioning.,Memeriksa peralatan agar aman atau berfungsi dengan baik.
4.A.1.b.2.g.15,Inspect production equipment.,Memeriksa peralatan produksi.
4.A.1.b.2.g.16,Inspect industrial or commercial equipment to ensure proper operation.,Memeriksa peralatan industri atau komersial agar beroperasi dengan baik.
4.A.1.b.2.g.18,Inspect equipment to ensure proper functioning.,Memeriksa peralatan agar berfungsi dengan baik.
4.A.1.b.2.g.2,Inspect safety equipment to ensure proper functioning.,Memeriksa peralatan keselamatan agar berfungsi dengan baik.
4.A.1.b.2.g.20,"Inspect mechanical equipment to locate damage, defects, or wear.","Memeriksa peralatan mekanis untuk menemukan kerusakan, cacat, atau keausan."
4.A.1.b.2.g.21,Examine medical instruments or equipment to ensure proper operation.,Memeriksa instrumen atau peralatan medis agar beroperasi dengan baik.
4.A.1.b.2.g.3,Inspect systems to determine if they are operating properly.,Memeriksa sistem untuk menentukan apakah beroperasi dengan baik.
4.A.1.b.2.g.4,Inspect equipment or facilities to determine condition or maintenance needs.,Memeriksa peralatan atau fasilitas untuk menentukan kondisi atau kebutuhan pemeliharaan.
4.A.1.b.2.g.5,Inspect telecommunications equipment to identify problems.,Memeriksa peralatan telekomunikasi untuk menemukan masalah.
4.A.1.b.2.g.6,Inspect equipment to locate or identify electrical problems.,Memeriksa peralatan untuk menemukan masalah kelistrikan.
4.A.1.b.2.g.7,Inspect material-moving equipment to detect problems.,Memeriksa peralatan pemindah barang untuk mendeteksi masalah.
4.A.1.b.2.g.8,Inspect electrical or electronic systems for defects.,Memeriksa sistem listrik atau elektronik untuk menemukan cacat.
4.A.1.b.2.g.9,Conduct validation tests of equipment or processes.,Melakukan uji validasi peralatan atau proses.
4.A.1.b.2.h.1,Test computer hardware performance.,Menguji kinerja perangkat keras komputer.
4.A.1.b.2.h.2,Test computer system operations to ensure proper functioning.,Menguji operasi sistem komputer agar berfungsi dengan baik.
4.A.1.b.2.h.3,Test software performance.,Menguji kinerja perangkat lunak.
4.A.1.b.2.i.1,Check physical condition of people or animals.,Memeriksa kondisi fisik orang atau hewan.
4.A.1.b.2.i.2,"Examine animals to detect illness, injury or other problems.","Memeriksa hewan untuk mendeteksi penyakit, cedera, atau masalah lain."
4.A.1.b.2.i.3,Examine patients to assess general physical condition.,Memeriksa pasien untuk menilai kondisi fisik secara umum.
4.A.1.b.2.i.4,"Examine mouth, teeth, gums, or related facial structures.","Memeriksa mulut, gigi, gusi, atau struktur wajah terkait."
4.A.1.b.2.i.5,Measure the physical or physiological attributes of patients.,Mengukur ciri fisik atau fisiologis pasien.
4.A.1.b.2.j.1,Compare physical characteristics of materials or products to specifications or standards.,Membandingkan karakteristik fisik bahan atau produk dengan spesifikasi atau standar.
4.A.1.b.2.j.2,Inspect lumber or raw woodstock.,Memeriksa kayu gergajian atau bahan kayu mentah.
4.A.1.b.2.j.3,Inspect shipments to ensure correct order fulfillment.,Memeriksa kiriman agar sesuai dengan pesanan.
4.A.1.b.2.j.4,"Inspect garments for defects, damage, or stains.","Memeriksa pakaian untuk menemukan cacat, kerusakan, atau noda."
4.A.1.b.2.j.5,Inspect cargo to identify potential hazards.,Memeriksa kargo untuk menemukan kemungkinan bahaya.
4.A.1.b.2.j.6,Evaluate characteristics of archival or historical objects.,Menilai karakteristik benda arsip atau benda bersejarah.
4.A.1.b.2.j.7,Examine condition of property or products.,Memeriksa kondisi properti atau produk.
4.A.1.b.2.j.8,Inspect materials or equipment to determine need for repair or replacement.,Memeriksa bahan atau peralatan untuk menentukan perlu tidaknya perbaikan atau penggantian.
4.A.1.b.2.k.1,Test air quality at work sites.,Menguji kualitas udara di lokasi kerja.
4.A.1.b.2.k.2,Test facilities for environmental hazards.,Menguji fasilitas untuk menemukan bahaya lingkungan.
4.A.1.b.2.l.1,Test communications equipment to ensure proper functioning.,Menguji peralatan komunikasi agar berfungsi dengan baik.
4.A.1.b.2.l.2,"Test performance of electrical, electronic, mechanical, or integrated systems or equipment.","Menguji kinerja sistem atau peralatan listrik, elektronik, mekanis, atau terpadu."
4.A.1.b.2.l.3,Test electrical equipment or systems to ensure proper functioning.,Menguji peralatan atau sistem listrik agar berfungsi dengan baik.
4.A.1.b.2.l.4,Test performance of aircraft equipment.,Menguji kinerja peralatan pesawat terbang.
4.A.1.b.2.l.5,Test mechanical equipment to ensure proper functioning.,Menguji peralatan mekanis agar berfungsi dengan baik.
4.A.1.b.2.l.6,Measure equipment outputs.,Mengukur keluaran peralatan.
4.A.1.b.2.l.7,Test mechanical systems to ensure proper functioning.,Menguji sistem mekanis agar berfungsi dengan baik.
4.A.1.b.2.l.8,Conduct test runs of production equipment.,Melakukan uji coba peralatan produksi.
4.A.1.b.2.l.9,Test electrical circuits or components for proper functioning.,Menguji rangkaian atau komponen listrik agar berfungsi dengan baik.
4.A.1.b.3.a.1,"Measure materials to mark reference points, cutting lines, or other indicators.","Mengukur bahan untuk menandai titik acuan, garis potong, atau penanda lain."
4.A.1.b.3.a.10,Measure ingredients or substances to be used in production processes.,Menakar bahan atau zat yang akan dipakai dalam proses produksi.
4.A.1.b.3.a.11,Weigh finished products.,Menimbang produk jadi.
4.A.1.b.3.a.12,Measure dimensions of completed products or workpieces to verify conformance to specifications.,Mengukur dimensi produk jadi atau benda kerja untuk memastikan kesesuaian dengan spesifikasi.
4.A.1.b.3.a.13,Weigh parcels to determine shipping costs.,Menimbang paket untuk menentukan biaya kirim.
4.A.1.b.3.a.14,Weigh materials to ensure compliance with specifications.,Menimbang bahan agar sesuai dengan spesifikasi.
4.A.1.b.3.a.16,Measure materials or objects for installation or assembly.,Mengukur bahan atau benda untuk pemasangan atau perakitan.
4.A.1.b.3.a.17,Measure the level or depth of water or other liquids.,Mengukur ketinggian atau kedalaman air atau cairan lain.
4.A.1.b.3.a.2,"Calculate dimensions of workpieces, products, or equipment.","Menghitung dimensi benda kerja, produk, atau peralatan."
4.A.1.b.3.a.3,Measure physical or chemical properties of materials or objects.,Mengukur sifat fisik atau kimia bahan atau benda.
4.A.1.b.3.a.4,Measure product or material dimensions.,Mengukur dimensi produk atau bahan.
4.A.1.b.3.a.5,Measure radiation levels.,Mengukur tingkat radiasi.
4.A.1.b.3.a.6,Measure distances or dimensions.,Mengukur jarak atau dimensi.
4.A.1.b.3.a.7,Measure physical characteristics of forestry or agricultural products.,Mengukur ciri fisik hasil kehutanan atau pertanian.
4.A.1.b.3.a.8,"Calculate weights, volumes or other characteristics of materials.","Menghitung berat, volume, atau karakteristik lain dari bahan."
4.A.1.b.3.a.9,Measure ingredients.,Menakar bahan-bahan.
4.A.1.b.3.b.1,Estimate time or monetary resources needed to complete projects.,Memperkirakan waktu atau biaya yang dibutuhkan untuk menyelesaikan proyek.
4.A.1.b.3.b.2,Estimate construction project costs.,Memperkirakan biaya proyek konstruksi.
4.A.1.b.3.b.3,Estimate maintenance service requirements or costs.,Memperkirakan kebutuhan atau biaya layanan pemeliharaan.
4.A.1.b.3.b.4,Estimate operational costs.,Memperkirakan biaya operasi.
4.A.1.b.3.b.5,Estimate green project costs.,Memperkirakan biaya proyek ramah lingkungan.
4.A.1.b.3.b.6,Estimate costs for projects or productions.,Memperkirakan biaya proyek atau produksi.
4.A.1.b.3.b.7,Estimate costs for labor or materials.,Memperkirakan biaya tenaga kerja atau bahan.
4.A.1.b.3.c.1,Calculate financial data.,Menghitung data keuangan.
4.A.1.b.3.c.2,Compute gaming wins and losses.,Menghitung kemenangan dan kekalahan permainan judi.
4.A.1.b.3.c.3,Calculate tax information.,Menghitung informasi pajak.
4.A.1.b.3.c.4,Compute debt repayment schedules.,Menghitung jadwal pelunasan utang.
4.A.1.b.3.d.1,Survey land or properties.,Mengukur dan memetakan tanah atau properti.
4.A.1.b.3.d.2,Measure work site dimensions.,Mengukur dimensi lokasi kerja.
4.A.1.b.3.d.3,Calculate geographic positions from survey data.,Menghitung posisi geografis dari data survei.
4.A.1.b.3.d.4,Survey land or bodies of water to measure or determine features.,Menyurvei tanah atau perairan untuk mengukur atau menentukan cirinya.
4.A.1.b.3.e.1,Measure clients to ensure proper product fit.,Mengukur badan klien agar produk pas dipakai.
4.A.2.a.1.a.1,Evaluate potential problems in home or work environments of clients.,Menilai kemungkinan masalah di lingkungan rumah atau kerja klien.
4.A.2.a.1.a.2,"Assess patient work, living, or social environments.","Menilai lingkungan kerja, tempat tinggal, atau sosial pasien."
4.A.2.a.1.a.3,Evaluate characteristics of individuals to determine needs or eligibility.,Menilai karakteristik seseorang untuk menentukan kebutuhan atau kelayakannya.
4.A.2.a.1.a.4,Assess individual or community needs for educational or social services.,Menilai kebutuhan perorangan atau masyarakat akan layanan pendidikan atau sosial.
4.A.2.a.1.b.1,Evaluate program effectiveness.,Mengevaluasi efektivitas program.
4.A.2.a.1.b.2,Evaluate the effectiveness of counseling or educational programs.,Mengevaluasi efektivitas program konseling atau pendidikan.
4.A.2.a.1.b.3,Measure effectiveness of business strategies or practices.,Mengukur efektivitas strategi atau praktik bisnis.
4.A.2.a.1.b.4,Evaluate effectiveness of personnel policies or practices.,Mengevaluasi efektivitas kebijakan atau praktik kepegawaian.
4.A.2.a.1.b.5,Evaluate effectiveness of educational programs.,Mengevaluasi efektivitas program pendidikan.
4.A.2.a.1.b.6,"Evaluate training programs, instructors, or materials.","Mengevaluasi program, pengajar, atau materi pelatihan."
4.A.2.a.1.b.7,Evaluate civic projects or public policies.,Mengevaluasi proyek kemasyarakatan atau kebijakan publik.
4.A.2.a.1.c.1,Assess educational needs of students.,Menilai kebutuhan belajar siswa.
4.A.2.a.1.c.2,Administer tests to assess educational needs or progress.,Menyelenggarakan tes untuk menilai kebutuhan atau kemajuan belajar.
4.A.2.a.1.c.3,Prepare tests.,Menyusun soal tes.
4.A.2.a.1.c.4,Evaluate student work.,Menilai hasil kerja siswa.
4.A.2.a.1.d.1,Evaluate performance of educational staff.,Menilai kinerja tenaga pendidik.
4.A.2.a.1.d.2,Evaluate current or prospective maintenance employees.,Menilai karyawan pemeliharaan yang ada atau calon karyawan.
4.A.2.a.1.d.3,Evaluate skills of athletes or performers.,Menilai keterampilan atlet atau penampil.
4.A.2.a.1.d.4,Evaluate employee performance.,Menilai kinerja karyawan.
4.A.2.a.1.d.5,Evaluate capabilities or training needs.,Menilai kemampuan atau kebutuhan pelatihan.
4.A.2.a.1.d.6,"Evaluate performance of applicants, trainees, or employees.","Menilai kinerja pelamar, peserta pelatihan, atau karyawan."
4.A.2.a.1.e.1,Evaluate log quality.,Menilai mutu kayu gelondongan.
4.A.2.a.1.e.2,Evaluate quality of plants or crops.,Menilai mutu tanaman atau hasil panen.
4.A.2.a.1.e.3,Evaluate quality of materials or products.,Menilai mutu bahan atau produk.
4.A.2.a.1.e.4,Evaluate quality of food ingredients or prepared foods.,Menilai mutu bahan makanan atau makanan jadi.
4.A.2.a.1.f.1,Assess physical conditions of patients to aid in diagnosis or treatment.,Menilai kondisi fisik pasien untuk membantu diagnosis atau pengobatan.
4.A.2.a.1.f.2,"Evaluate patient functioning, capabilities, or health.","Menilai fungsi tubuh, kemampuan, atau kesehatan pasien."
4.A.2.a.1.f.3,Evaluate patient outcomes to determine effectiveness of treatments.,Menilai hasil pada pasien untuk menentukan efektivitas pengobatan.
4.A.2.a.1.f.4,Evaluate treatment options to guide medical decisions.,Menimbang pilihan pengobatan sebagai dasar keputusan medis.
4.A.2.a.1.f.5,Assess skin or hair conditions.,Menilai kondisi kulit atau rambut.
4.A.2.a.1.g.1,"Assess the cost effectiveness of products, projects, or services.","Menilai efektivitas biaya dari produk, proyek, atau layanan."
4.A.2.a.1.g.2,Evaluate new technologies or methods.,Mengevaluasi teknologi atau metode baru.
4.A.2.a.1.g.3,"Evaluate potential of products, technologies, or resources.","Menilai potensi produk, teknologi, atau sumber daya."
4.A.2.a.1.g.5,Assess product or process usefulness.,Menilai kegunaan produk atau proses.
4.A.2.a.1.g.6,Assess database performance.,Menilai kinerja basis data.
4.A.2.a.1.g.7,Evaluate characteristics of equipment or systems.,Mengevaluasi karakteristik peralatan atau sistem.
4.A.2.a.1.g.8,Evaluate utility of software or hardware technologies.,Mengevaluasi kegunaan teknologi perangkat lunak atau perangkat keras.
4.A.2.a.1.g.9,Evaluate characteristics of products.,Mengevaluasi karakteristik produk.
4.A.2.a.1.h.1,Evaluate scholarly materials.,Mengevaluasi karya ilmiah.
4.A.2.a.1.i.1,Evaluate condition of properties.,Menilai kondisi properti.
4.A.2.a.1.i.2,Assess financial status of clients.,Menilai keadaan keuangan klien.
4.A.2.a.1.i.3,Appraise property values.,Menaksir nilai properti.
4.A.2.a.1.j.1,Evaluate project designs to determine adequacy or feasibility.,Mengevaluasi rancangan proyek untuk menentukan kecukupan atau kelayakannya.
4.A.2.a.1.j.2,Analyze data to determine project feasibility.,Menganalisis data untuk menentukan kelayakan proyek.
4.A.2.a.2.a.1,Verify accuracy of records.,Memastikan ketepatan catatan.
4.A.2.a.2.a.10,Verify mathematical calculations.,Memeriksa ulang perhitungan matematis.
4.A.2.a.2.a.11,Check quality of diagnostic images.,Memeriksa mutu gambar diagnostik.
4.A.2.a.2.a.2,Verify information or specifications.,Memastikan kebenaran informasi atau spesifikasi.
4.A.2.a.2.a.3,Verify customer credit information.,Memeriksa informasi kredit pelanggan.
4.A.2.a.2.a.4,Review accuracy of sales or other transactions.,Memeriksa ketepatan transaksi penjualan atau transaksi lain.
4.A.2.a.2.a.5,Verify accuracy of financial information.,Memastikan ketepatan informasi keuangan.
4.A.2.a.2.a.6,Evaluate data quality.,Menilai mutu data.
4.A.2.a.2.a.7,Verify accuracy of data.,Memastikan ketepatan data.
4.A.2.a.2.a.8,Check data for recording errors.,Memeriksa data untuk menemukan kesalahan pencatatan.
4.A.2.a.2.a.9,Verify accuracy of financial or transactional data.,Memastikan ketepatan data keuangan atau transaksi.
4.A.2.a.2.b.1,Sort mail.,Menyortir surat.
4.A.2.a.2.b.2,Sort materials or objects for processing or transport.,Menyortir bahan atau benda untuk diproses atau diangkut.
4.A.2.a.2.b.3,Sort recyclable materials.,Menyortir bahan daur ulang.
4.A.2.a.2.b.4,Sort forestry or agricultural materials.,Menyortir hasil kehutanan atau pertanian.
4.A.2.a.2.b.5,"Sort materials or products for processing, storing, shipping, or grading.","Menyortir bahan atau produk untuk diproses, disimpan, dikirim, atau dinilai mutunya."
4.A.2.a.2.b.6,Sort materials or products.,Menyortir bahan atau produk.
4.A.2.a.2.c.1,Compile operational data.,Menghimpun data operasi.
4.A.2.a.2.c.2,Compile technical information or documentation.,Menghimpun informasi atau dokumentasi teknis.
4.A.2.a.2.c.3,Compile data or documentation.,Menghimpun data atau dokumentasi.
4.A.2.a.2.c.4,Compile specialized bibliographies or lists of materials.,Menyusun daftar pustaka khusus atau daftar bahan.
4.A.2.a.2.c.5,Compile environmental or climatological data.,Menghimpun data lingkungan atau iklim.
4.A.2.a.2.c.6,Compile geographic or related data.,Menghimpun data geografis atau data terkait.
4.A.2.a.2.d.1,Reconcile records of sales or other financial transactions.,Mencocokkan catatan penjualan atau transaksi keuangan lain.
4.A.2.a.2.d.2,Balance receipts.,Mencocokkan penerimaan kas.
4.A.2.a.2.d.3,Prepare cash for deposit or disbursement.,Menyiapkan uang tunai untuk disetor atau dibayarkan.
4.A.2.a.2.e.1,Examine personal documentation to ensure that it is valid.,Memeriksa dokumen pribadi untuk memastikan keabsahannya.
4.A.2.a.2.e.3,Verify application data to determine program eligibility.,Memeriksa data permohonan untuk menentukan kelayakan mengikuti program.
4.A.2.a.2.e.4,Verify accuracy of patient information.,Memastikan ketepatan informasi pasien.
4.A.2.a.2.e.5,Verify patron or staff credentials.,Memeriksa identitas pengunjung atau staf.
4.A.2.a.3.a.1,Examine marketing materials to ensure compliance with policies or regulations.,Memeriksa materi pemasaran agar mematuhi kebijakan atau peraturan.
4.A.2.a.3.a.2,Examine documents to verify adherence to requirements.,Memeriksa dokumen untuk memastikan persyaratan terpenuhi.
4.A.2.a.3.a.3,Examine product information to ensure compliance with regulations.,Memeriksa informasi produk agar mematuhi peraturan.
4.A.2.a.3.a.4,Review documents or materials for compliance with policies or regulations.,Menelaah dokumen atau materi agar mematuhi kebijakan atau peraturan.
4.A.2.a.3.a.5,Review license or permit applications.,Menelaah permohonan lisensi atau izin.
4.A.2.a.3.a.6,Verify shipping documentation.,Memeriksa dokumen pengiriman.
4.A.2.a.3.a.7,"Review environmental permits, plans, or reports.","Menelaah izin, rencana, atau laporan lingkungan."
4.A.2.a.3.a.8,"Proofread documents, records, or other files to ensure accuracy.","Mengoreksi dokumen, catatan, atau berkas lain agar tepat."
4.A.2.a.3.a.9,Review plans or proposals for environmental conservation.,Menelaah rencana atau usulan pelestarian lingkungan.
4.A.2.a.3.b.1,Assess compliance with environmental laws.,Menilai kepatuhan terhadap undang-undang lingkungan.
4.A.2.a.3.b.4,Evaluate plans or specifications to determine technological or environmental implications.,Mengevaluasi rencana atau spesifikasi untuk menentukan dampak teknologi atau lingkungannya.
4.A.2.a.3.c.1,Conduct financial or regulatory audits.,Melakukan audit keuangan atau audit kepatuhan.
4.A.2.a.3.c.2,Examine financial records.,Memeriksa catatan keuangan.
4.A.2.a.3.c.3,Examine financial records or processes.,Memeriksa catatan atau proses keuangan.
4.A.2.a.3.c.4,Review customer insurance information.,Menelaah informasi asuransi pelanggan.
4.A.2.a.3.c.5,Examine financial records to ensure compliance with policies or regulations.,Memeriksa catatan keuangan agar mematuhi kebijakan atau peraturan.
4.A.2.a.3.d.1,Protect patients or staff members using safety equipment.,Melindungi pasien atau staf dengan alat keselamatan.
4.A.2.a.3.d.2,Follow protocols or regulations for healthcare activities.,Mengikuti protokol atau peraturan dalam kegiatan layanan kesehatan.
4.A.2.a.4.a.1,Locate natural resources using geospatial or other environmental data.,Menemukan sumber daya alam dengan data geospasial atau data lingkungan lain.
4.A.2.a.4.a.2,Determine geographic coordinates.,Menentukan koordinat geografis.
4.A.2.a.4.a.3,Analyze geological samples.,Menganalisis sampel geologi.
4.A.2.a.4.a.4,Analyze environmental data.,Menganalisis data lingkungan.
4.A.2.a.4.a.5,Analyze geological or geographical data.,Menganalisis data geologi atau geografi.
4.A.2.a.4.a.7,"Analyze physical, survey, or geographic data.","Menganalisis data fisik, survei, atau geografis."
4.A.2.a.4.b.1,Estimate demand for products or services.,Memperkirakan permintaan produk atau jasa.
4.A.2.a.4.b.2,Analyze industry trends.,Menganalisis tren industri.
4.A.2.a.4.b.3,"Forecast economic, political, or social trends.","Meramalkan tren ekonomi, politik, atau sosial."
4.A.2.a.4.b.4,Analyze market conditions or trends.,Menganalisis kondisi atau tren pasar.
4.A.2.a.4.b.5,Analyze website or related online data to track trends or usage.,Menganalisis data situs web atau data daring terkait untuk melacak tren atau penggunaan.
4.A.2.a.4.b.6,Analyze market or customer related data.,Menganalisis data pasar atau pelanggan.
4.A.2.a.4.b.7,Analyze consumer trends.,Menganalisis tren konsumen.
4.A.2.a.4.b.8,Analyze market research data.,Menganalisis data riset pasar.
4.A.2.a.4.c.1,Assess risks to business operations.,Menilai risiko terhadap kegiatan usaha.
4.A.2.a.4.c.3,Analyze risks to minimize losses or damages.,Menganalisis risiko untuk memperkecil kerugian atau kerusakan.
4.A.2.a.4.d.1,Apply mathematical principles or statistical approaches to solve problems in scientific or applied fields.,Menerapkan prinsip matematika atau pendekatan statistik untuk memecahkan masalah di bidang ilmiah atau terapan.
4.A.2.a.4.d.2,Analyze data to identify trends or relationships among variables.,Menganalisis data untuk menemukan tren atau hubungan antarvariabel.
4.A.2.a.4.e.1,Evaluate technical data to determine effect on designs or plans.,Mengevaluasi data teknis untuk menentukan pengaruhnya terhadap rancangan atau rencana.
4.A.2.a.4.e.2,Analyze design requirements for computer or electronics systems.,Menganalisis kebutuhan rancangan sistem komputer atau elektronik.
4.A.2.a.4.e.3,Evaluate designs or specifications to ensure quality.,Mengevaluasi rancangan atau spesifikasi untuk menjamin mutu.
4.A.2.a.4.e.4,Analyze green technology design requirements.,Menganalisis kebutuhan rancangan teknologi ramah lingkungan.
4.A.2.a.4.e.5,Analyze project data to determine specifications or requirements.,Menganalisis data proyek untuk menentukan spesifikasi atau kebutuhan.
4.A.2.a.4.e.6,Analyze design or requirements information for mechanical equipment or systems.,Menganalisis informasi rancangan atau kebutuhan untuk peralatan atau sistem mekanis.
4.A.2.a.4.e.8,Analyze costs and benefits of proposed designs or projects.,Menganalisis biaya dan manfaat dari rancangan atau proyek yang diusulkan.
4.A.2.a.4.f.1,Analyze health-related data.,Menganalisis data terkait kesehatan.
4.A.2.a.4.f.2,Analyze patient data to determine patient needs or treatment goals.,Menganalisis data pasien untuk menentukan kebutuhan atau tujuan pengobatan.
4.A.2.a.4.f.3,Analyze test data or images to inform diagnosis or treatment.,Menganalisis data atau gambar hasil tes sebagai dasar diagnosis atau pengobatan.
4.A.2.a.4.f.4,Analyze medical data to determine cause of death.,Menganalisis data medis untuk menentukan penyebab kematian.
4.A.2.a.4.f.5,Calculate numerical data for medical activities.,Menghitung data angka untuk kegiatan medis.
4.A.2.a.4.f.6,Analyze quantitative data to determine effectiveness of treatments or therapies.,Menganalisis data kuantitatif untuk menentukan efektivitas pengobatan atau terapi.
4.A.2.a.4.g.1,Calculate data to inform organizational operations.,Menghitung data sebagai dasar kegiatan organisasi.
4.A.2.a.4.g.10,"Analyze jobs using observation, survey, or interview techniques.","Menganalisis jabatan dengan teknik pengamatan, survei, atau wawancara."
4.A.2.a.4.g.11,Analyze data to inform personnel decisions.,Menganalisis data sebagai dasar keputusan kepegawaian.
4.A.2.a.4.g.12,Analyze data to inform operational decisions or activities.,Menganalisis data sebagai dasar keputusan atau kegiatan operasi.
4.A.2.a.4.g.13,Evaluate logistics methods to reduce environmental impact.,Mengevaluasi metode logistik untuk mengurangi dampak lingkungan.
4.A.2.a.4.g.14,Analyze data to identify or resolve operational problems.,Menganalisis data untuk menemukan atau menyelesaikan masalah operasi.
4.A.2.a.4.g.15,Analyze shipping information to make routing decisions.,Menganalisis informasi pengiriman untuk menentukan rute.
4.A.2.a.4.g.16,Analyze traffic data.,Menganalisis data lalu lintas.
4.A.2.a.4.g.2,Analyze operational or research data.,Menganalisis data operasi atau data penelitian.
4.A.2.a.4.g.3,"Analyze operational data to evaluate operations, processes or products.","Menganalisis data operasi untuk mengevaluasi kegiatan, proses, atau produk."
4.A.2.a.4.g.5,Interpret research or operational data.,Menafsirkan data penelitian atau data operasi.
4.A.2.a.4.g.7,Analyze logistics processes.,Menganalisis proses logistik.
4.A.2.a.4.g.8,Analyze forecasting data to improve business decisions.,Menganalisis data prakiraan untuk memperbaiki keputusan bisnis.
4.A.2.a.4.g.9,Analyze data to assess operational or project effectiveness.,Menganalisis data untuk menilai efektivitas operasi atau proyek.
4.A.2.a.4.h.1,Identify implications for cases from legal precedents or other legal information.,Menentukan implikasi preseden atau informasi hukum lain bagi suatu perkara.
4.A.2.a.4.i.2,Analyze environmental regulations to ensure organizational compliance.,Menganalisis peraturan lingkungan agar organisasi patuh.
4.A.2.a.4.i.3,Analyze impact of legal or regulatory changes.,Menganalisis dampak perubahan hukum atau peraturan.
4.A.2.a.4.i.4,Evaluate applicable laws and regulations to determine impact on organizational activities.,Mengkaji hukum dan peraturan yang berlaku untuk menentukan dampaknya pada kegiatan organisasi.
4.A.2.a.4.j.1,Analyze laboratory specimens to detect abnormalities or other problems.,Menganalisis spesimen laboratorium untuk mendeteksi kelainan atau masalah lain.
4.A.2.a.4.j.2,Analyze forensic evidence to solve crimes.,Menganalisis bukti forensik untuk mengungkap kejahatan.
4.A.2.a.4.j.3,Analyze crime scene evidence.,Menganalisis bukti dari tempat kejadian perkara.
4.A.2.a.4.j.4,Analyze laboratory findings.,Menganalisis temuan laboratorium.
4.A.2.a.4.j.5,Analyze biological samples.,Menganalisis sampel biologis.
4.A.2.a.4.j.6,Analyze chemical compounds or substances.,Menganalisis senyawa atau zat kimia.
4.A.2.a.4.k.1,Analyze budgetary or accounting data.,Menganalisis data anggaran atau akuntansi.
4.A.2.a.4.k.2,Analyze financial information.,Menganalisis informasi keuangan.
4.A.2.a.4.k.3,Apply mathematical models of financial or business conditions.,Menerapkan model matematika untuk kondisi keuangan atau bisnis.
4.A.2.a.4.k.4,Analyze business or financial data.,Menganalisis data bisnis atau keuangan.
4.A.2.a.4.k.5,Analyze financial records to improve budgeting or planning.,Menganalisis catatan keuangan untuk memperbaiki penganggaran atau perencanaan.
4.A.2.a.4.k.6,Analyze financial records or reports to determine state of operations.,Menganalisis catatan atau laporan keuangan untuk mengetahui keadaan operasi.
4.A.2.a.4.k.7,Analyze financial records to improve efficiency.,Menganalisis catatan keuangan untuk meningkatkan efisiensi.
4.A.2.a.4.l.1,Conduct quantitative failure analyses of operational data.,Melakukan analisis kegagalan secara kuantitatif atas data operasi.
4.A.2.a.4.l.2,"Analyze security of systems, network, or data.","Menganalisis keamanan sistem, jaringan, atau data."
4.A.2.a.4.l.3,Interpret design or operational test results.,Menafsirkan hasil uji rancangan atau uji operasi.
4.A.2.a.4.l.4,Analyze test or validation data.,Menganalisis data pengujian atau validasi.
4.A.2.a.4.l.5,Analyze test or performance data to assess equipment operation.,Menganalisis data pengujian atau kinerja untuk menilai kerja peralatan.
4.A.2.b.1.a.1,"Estimate costs of products, services, or materials.","Memperkirakan biaya produk, jasa, atau bahan."
4.A.2.b.1.a.2,Determine the value of goods or services.,Menentukan nilai barang atau jasa.
4.A.2.b.1.a.3,Estimate costs or terms of sales.,Memperkirakan biaya atau syarat penjualan.
4.A.2.b.1.a.4,Determine prices for menu items.,Menentukan harga menu.
4.A.2.b.1.a.5,Calculate shipping costs.,Menghitung biaya pengiriman.
4.A.2.b.1.a.6,Estimate costs of goods or services.,Memperkirakan biaya barang atau jasa.
4.A.2.b.1.a.7,Calculate costs of goods or services.,Menghitung biaya barang atau jasa.
4.A.2.b.1.b.1,Determine causes of operational problems or failures.,Menentukan penyebab masalah atau kegagalan operasi.
4.A.2.b.1.b.2,Troubleshoot equipment or systems operation problems.,Mencari dan mengatasi gangguan pada peralatan atau sistem.
4.A.2.b.1.b.3,Diagnose equipment malfunctions.,Mendiagnosis kerusakan peralatan.
4.A.2.b.1.c.2,Authorize financial actions.,Memberikan persetujuan atas tindakan keuangan.
4.A.2.b.1.c.3,Authorize payments to settle legal disputes.,Menyetujui pembayaran untuk menyelesaikan sengketa hukum.
4.A.2.b.1.c.4,Approve expenditures.,Menyetujui pengeluaran.
4.A.2.b.1.d.1,Determine metal or plastic production methods.,Menentukan metode produksi logam atau plastik.
4.A.2.b.1.d.10,Determine appropriate methods for data analysis.,Menentukan metode analisis data yang tepat.
4.A.2.b.1.d.11,Determine protocols for medical procedures.,Menentukan protokol tindakan medis.
4.A.2.b.1.d.12,Choose optimal transportation routes or speeds.,Memilih rute atau kecepatan angkutan yang paling baik.
4.A.2.b.1.d.13,Determine technical requirements of productions or projects.,Menentukan kebutuhan teknis produksi atau proyek.
4.A.2.b.1.d.2,Determine appropriate locations for operations or installations.,Menentukan lokasi yang tepat untuk kegiatan atau pemasangan.
4.A.2.b.1.d.3,Determine operational methods.,Menentukan metode operasi.
4.A.2.b.1.d.4,Determine operational procedures.,Menentukan prosedur operasi.
4.A.2.b.1.d.5,Determine methods to minimize environmental impact of activities.,Menentukan cara memperkecil dampak lingkungan dari suatu kegiatan.
4.A.2.b.1.d.6,Determine food production methods.,Menentukan metode produksi pangan.
4.A.2.b.1.d.7,Determine forestry techniques or methods.,Menentukan teknik atau metode kehutanan.
4.A.2.b.1.d.8,Determine construction project layouts.,Menentukan tata letak proyek konstruksi.
4.A.2.b.1.d.9,Determine production equipment settings.,Menentukan setelan peralatan produksi.
4.A.2.b.1.e.1,Make decisions in legal cases.,Memutus perkara hukum.
4.A.2.b.1.e.2,Rule on admissibility of legal proceedings.,Memutuskan dapat tidaknya suatu proses hukum diterima.
4.A.2.b.1.f.1,Diagnose dental conditions.,Mendiagnosis kondisi gigi.
4.A.2.b.1.f.2,Diagnose medical conditions.,Mendiagnosis kondisi medis.
4.A.2.b.1.f.3,Diagnose neural or psychological disorders.,Mendiagnosis gangguan saraf atau psikologis.
4.A.2.b.1.g.1,Edit written materials.,Menyunting tulisan.
4.A.2.b.1.g.2,Edit documents.,Menyunting dokumen.
4.A.2.b.1.h.1,Estimate technical or resource requirements for development or production projects.,Memperkirakan kebutuhan teknis atau sumber daya untuk proyek pengembangan atau produksi.
4.A.2.b.1.h.10,Estimate time requirements for development or production projects.,Memperkirakan kebutuhan waktu untuk proyek pengembangan atau produksi.
4.A.2.b.1.h.11,"Determine types of equipment, tools, or materials needed for jobs.","Menentukan jenis peralatan, perkakas, atau bahan yang dibutuhkan untuk pekerjaan."
4.A.2.b.1.h.12,Estimate materials requirements for projects.,Memperkirakan kebutuhan bahan untuk proyek.
4.A.2.b.1.h.13,Calculate requirements for equipment installation or repair projects.,Menghitung kebutuhan untuk proyek pemasangan atau perbaikan peralatan.
4.A.2.b.1.h.14,Estimate construction project labor requirements.,Memperkirakan kebutuhan tenaga kerja proyek konstruksi.
4.A.2.b.1.h.2,Identify information technology project resource requirements.,Menentukan kebutuhan sumber daya proyek teknologi informasi.
4.A.2.b.1.h.3,Estimate labor requirements.,Memperkirakan kebutuhan tenaga kerja.
4.A.2.b.1.h.4,"Calculate specific material, equipment, or labor requirements for production.","Menghitung kebutuhan bahan, peralatan, atau tenaga kerja untuk produksi."
4.A.2.b.1.h.5,Determine resource needs.,Menentukan kebutuhan sumber daya.
4.A.2.b.1.h.7,"Estimate supplies, ingredients, or staff requirements for food preparation activities.","Memperkirakan kebutuhan perlengkapan, bahan, atau staf untuk penyiapan makanan."
4.A.2.b.1.h.8,Estimate cost or material requirements.,Memperkirakan biaya atau kebutuhan bahan.
4.A.2.b.1.h.9,Estimate material requirements for production.,Memperkirakan kebutuhan bahan untuk produksi.
4.A.2.b.1.i.1,Implement organizational process or policy changes.,Menerapkan perubahan proses atau kebijakan organisasi.
4.A.2.b.1.i.2,Implement transportation changes to reduce environmental impact.,Menerapkan perubahan transportasi untuk mengurangi dampak lingkungan.
4.A.2.b.1.i.3,Apply new technologies to improve work processes.,Menerapkan teknologi baru untuk memperbaiki proses kerja.
4.A.2.b.1.i.4,Implement advertising or marketing initiatives.,Melaksanakan program periklanan atau pemasaran.
4.A.2.b.1.i.5,Implement financial decisions.,Melaksanakan keputusan keuangan.
4.A.2.b.1.i.6,Implement design or process improvements.,Menerapkan perbaikan rancangan atau proses.
4.A.2.b.1.j.1,"Select tools, equipment, or technologies for use in operations or projects.","Memilih perkakas, peralatan, atau teknologi untuk dipakai dalam kegiatan atau proyek."
4.A.2.b.1.j.10,Select educational materials or equipment.,Memilih bahan atau peralatan pendidikan.
4.A.2.b.1.j.11,Select resources needed to accomplish tasks.,Memilih sumber daya yang dibutuhkan untuk menyelesaikan tugas.
4.A.2.b.1.j.2,Select project materials.,Memilih bahan proyek.
4.A.2.b.1.j.3,Select materials or props.,Memilih bahan atau properti panggung.
4.A.2.b.1.j.4,"Select equipment, materials, or supplies for cleaning or maintenance activities.","Memilih peralatan, bahan, atau perlengkapan untuk pembersihan atau pemeliharaan."
4.A.2.b.1.j.5,Select production input materials.,Memilih bahan baku produksi.
4.A.2.b.1.j.6,Select production equipment according to product specifications.,Memilih peralatan produksi sesuai spesifikasi produk.
4.A.2.b.1.j.7,Select construction materials.,Memilih bahan bangunan.
4.A.2.b.1.j.8,Select medical equipment for addressing patient needs.,Memilih peralatan medis sesuai kebutuhan pasien.
4.A.2.b.1.j.9,Select construction equipment.,Memilih peralatan konstruksi.
4.A.2.b.1.k.1,Edit audio or video recordings.,Menyunting rekaman audio atau video.
4.A.2.b.1.k.2,Mix sound inputs.,Memadukan masukan suara.
4.A.2.b.2.a.1,Develop treatment plans for patients or clients.,Menyusun rencana perawatan untuk pasien atau klien.
4.A.2.b.2.a.2,Develop medical treatment plans.,Menyusun rencana pengobatan medis.
4.A.2.b.2.a.3,Develop exercise or conditioning programs.,Menyusun program latihan atau pengondisian fisik.
4.A.2.b.2.a.4,Develop patient therapy programs.,Menyusun program terapi pasien.
4.A.2.b.2.a.5,Modify treatment plans to accommodate client needs.,Menyesuaikan rencana perawatan dengan kebutuhan klien.
4.A.2.b.2.a.6,Develop treatment plans that use non-medical therapies.,Menyusun rencana perawatan dengan terapi non-medis.
4.A.2.b.2.a.7,Establish treatment goals.,Menetapkan tujuan perawatan.
4.A.2.b.2.b.1,Develop software or computer applications.,Mengembangkan perangkat lunak atau aplikasi komputer.
4.A.2.b.2.b.10,Design software applications.,Merancang aplikasi perangkat lunak.
4.A.2.b.2.b.12,Apply information technology to solve business or other applied problems.,Menerapkan teknologi informasi untuk memecahkan masalah bisnis atau masalah terapan lain.
4.A.2.b.2.b.2,Develop computer or information systems.,Mengembangkan sistem komputer atau sistem informasi.
4.A.2.b.2.b.3,Design computer modeling or simulation programs.,Merancang program pemodelan atau simulasi komputer.
4.A.2.b.2.b.4,Develop computer or online applications.,Mengembangkan aplikasi komputer atau aplikasi daring.
4.A.2.b.2.b.5,Design integrated computer systems.,Merancang sistem komputer terpadu.
4.A.2.b.2.b.6,Develop software or applications for scientific or technical use.,Mengembangkan perangkat lunak atau aplikasi untuk keperluan ilmiah atau teknis.
4.A.2.b.2.b.7,Modify software programs to improve performance.,Mengubah program perangkat lunak untuk meningkatkan kinerja.
4.A.2.b.2.b.8,Design websites or web applications.,Merancang situs web atau aplikasi web.
4.A.2.b.2.c.1,Develop business or market strategies.,Menyusun strategi bisnis atau pasar.
4.A.2.b.2.c.2,Develop marketing plans or strategies for environmental initiatives.,Menyusun rencana atau strategi pemasaran untuk program lingkungan.
4.A.2.b.2.c.3,Develop marketing plans or strategies.,Menyusun rencana atau strategi pemasaran.
4.A.2.b.2.c.4,Develop promotional strategies for religious organizations.,Menyusun strategi promosi untuk organisasi keagamaan.
4.A.2.b.2.c.5,Develop promotional strategies or plans.,Menyusun strategi atau rencana promosi.
4.A.2.b.2.d.1,Create new recipes or food presentations.,Menciptakan resep baru atau cara penyajian makanan.
4.A.2.b.2.d.2,Plan menu options.,Merencanakan pilihan menu.
4.A.2.b.2.e.1,Develop healthcare quality and safety procedures.,Menyusun prosedur mutu dan keselamatan layanan kesehatan.
4.A.2.b.2.e.2,"Develop safety standards, policies, or procedures.","Menyusun standar, kebijakan, atau prosedur keselamatan."
4.A.2.b.2.e.3,Establish rules or policies governing student behavior.,Menetapkan peraturan atau kebijakan tentang perilaku siswa.
4.A.2.b.2.e.4,Develop fire safety or prevention programs or plans.,Menyusun program atau rencana keselamatan dan pencegahan kebakaran.
4.A.2.b.2.f.1,Develop database parameters or specifications.,Menyusun parameter atau spesifikasi basis data.
4.A.2.b.2.f.2,Develop technical or scientific databases.,Mengembangkan basis data teknis atau ilmiah.
4.A.2.b.2.f.3,Develop library or archival databases.,Mengembangkan basis data perpustakaan atau arsip.
4.A.2.b.2.f.4,Create databases to store electronic data.,Membuat basis data untuk menyimpan data elektronik.
4.A.2.b.2.g.1,Plan natural resources conservation or restoration programs.,Merencanakan program pelestarian atau pemulihan sumber daya alam.
4.A.2.b.2.g.3,Develop environmental sustainability plans or projects.,Menyusun rencana atau proyek keberlanjutan lingkungan.
4.A.2.b.2.g.4,Develop plans to manage natural or renewable resources.,Menyusun rencana pengelolaan sumber daya alam atau terbarukan.
4.A.2.b.2.h.1,Develop financial plans for clients.,Menyusun rencana keuangan untuk klien.
4.A.2.b.2.h.2,Develop financial or business plans.,Menyusun rencana keuangan atau rencana bisnis.
4.A.2.b.2.i.1,Develop health assessment methods or programs.,Mengembangkan metode atau program penilaian kesehatan.
4.A.2.b.2.i.2,Develop tools to diagnose or assess needs.,Mengembangkan alat untuk mendiagnosis atau menilai kebutuhan.
4.A.2.b.2.j.1,Develop promotional materials.,Mengembangkan materi promosi.
4.A.2.b.2.j.2,Create marketing materials.,Membuat materi pemasaran.
4.A.2.b.2.j.3,Develop content for sales presentations or other materials.,Menyusun isi presentasi penjualan atau materi lainnya.
4.A.2.b.2.k.1,Design templates or patterns.,Merancang templat atau pola.
4.A.2.b.2.k.2,Design materials for industrial or commercial applications.,Merancang bahan untuk penggunaan industri atau komersial.
4.A.2.b.2.k.3,"Design micro- or nano-scale materials, devices, or systems.","Merancang bahan, perangkat, atau sistem berskala mikro atau nano."
4.A.2.b.2.k.4,Design medical devices or appliances.,Merancang perangkat atau alat bantu medis.
4.A.2.b.2.l.1,Establish work standards.,Menetapkan standar kerja.
4.A.2.b.2.l.10,"Develop educational goals, standards, policies, or procedures.","Menyusun tujuan, standar, kebijakan, atau prosedur pendidikan."
4.A.2.b.2.l.11,Develop educational policies.,Menyusun kebijakan pendidikan.
4.A.2.b.2.l.2,Design psychological or educational treatment procedures or programs.,Merancang prosedur atau program penanganan psikologis atau pendidikan.
4.A.2.b.2.l.3,Develop instructional objectives.,Merumuskan tujuan pembelajaran.
4.A.2.b.2.l.4,Plan experiential learning activities.,Merencanakan kegiatan belajar berbasis pengalaman.
4.A.2.b.2.l.5,Establish operational policies.,Menetapkan kebijakan operasi.
4.A.2.b.2.l.6,Plan educational activities.,Merencanakan kegiatan pendidikan.
4.A.2.b.2.l.7,Develop strategies or programs for students with special needs.,Menyusun strategi atau program untuk siswa berkebutuhan khusus.
4.A.2.b.2.l.8,Develop educational programs.,Mengembangkan program pendidikan.
4.A.2.b.2.l.9,Develop educational or training programs.,Mengembangkan program pendidikan atau pelatihan.
4.A.2.b.2.m.1,Design water conservation systems.,Merancang sistem penghematan air.
4.A.2.b.2.m.2,Apply knowledge or research findings to address environmental problems.,Menerapkan pengetahuan atau hasil penelitian untuk mengatasi masalah lingkungan.
4.A.2.b.2.m.3,Protect wildlife or natural areas.,Melindungi satwa liar atau kawasan alam.
4.A.2.b.2.m.4,Design environmental control systems.,Merancang sistem pengendalian lingkungan.
4.A.2.b.2.m.5,Design energy-efficient vehicles or vehicle components.,Merancang kendaraan atau komponen kendaraan yang hemat energi.
4.A.2.b.2.m.6,Design alternative energy systems.,Merancang sistem energi alternatif.
4.A.2.b.2.m.7,Design systems to reduce harmful emissions.,Merancang sistem untuk mengurangi emisi berbahaya.
4.A.2.b.2.n.1,Plan programs to address community mental wellness needs.,Merencanakan program untuk kebutuhan kesehatan jiwa masyarakat.
4.A.2.b.2.n.2,Plan programs to address community health issues.,Merencanakan program untuk mengatasi masalah kesehatan masyarakat.
4.A.2.b.2.n.3,Design public or employee health programs.,Merancang program kesehatan masyarakat atau karyawan.
4.A.2.b.2.o.1,Prepare drawings or diagrams of products or services.,Membuat gambar atau diagram produk atau jasa.
4.A.2.b.2.o.10,Create diagrams or blueprints for workpieces or products.,Membuat diagram atau gambar kerja untuk benda kerja atau produk.
4.A.2.b.2.o.11,Prepare maps.,Menyiapkan peta.
4.A.2.b.2.o.12,Design layouts for print publications.,Merancang tata letak terbitan cetak.
4.A.2.b.2.o.13,Develop diagrams or flow charts of system operation.,Membuat diagram atau bagan alir cara kerja sistem.
4.A.2.b.2.o.14,Prepare graphics or other visual representations of information.,Menyiapkan grafik atau sajian visual lain dari informasi.
4.A.2.b.2.o.15,Draw detailed or technical illustrations.,Menggambar ilustrasi rinci atau ilustrasi teknis.
4.A.2.b.2.o.16,Create graphical representations of structures or landscapes.,Membuat gambar bangunan atau lanskap.
4.A.2.b.2.o.17,Create computer-generated graphics or animation.,Membuat grafik atau animasi komputer.
4.A.2.b.2.o.18,Create graphical representations of mechanical equipment.,Membuat gambar peralatan mekanis.
4.A.2.b.2.o.19,Create maps.,Membuat peta.
4.A.2.b.2.o.2,Prepare production storyboards.,Menyiapkan papan cerita produksi.
4.A.2.b.2.o.20,Create images or other visual displays.,Membuat gambar atau tampilan visual lain.
4.A.2.b.2.o.21,Create graphical representations of industrial production systems.,Membuat gambar sistem produksi industri.
4.A.2.b.2.o.3,Create graphical representations of civil structures.,Membuat gambar bangunan sipil.
4.A.2.b.2.o.4,"Create images of data, locations, or products.","Membuat gambar dari data, lokasi, atau produk."
4.A.2.b.2.o.5,Create electrical schematics.,Membuat skema kelistrikan.
4.A.2.b.2.o.7,Create construction or installation diagrams.,Membuat diagram konstruksi atau pemasangan.
4.A.2.b.2.o.8,Create schematic drawings for electronics.,Membuat gambar skema elektronika.
4.A.2.b.2.o.9,"Design layout of art or product exhibits, displays, or promotional materials.","Merancang tata letak pameran, pajangan, atau materi promosi seni atau produk."
4.A.2.b.2.p.1,Develop emergency procedures.,Menyusun prosedur keadaan darurat.
4.A.2.b.2.p.2,Maintain contingency plans for disaster recovery.,Memelihara rencana cadangan untuk pemulihan bencana.
4.A.2.b.2.p.3,Develop contingency plans to deal with organizational emergencies.,Menyusun rencana cadangan untuk menghadapi keadaan darurat organisasi.
4.A.2.b.2.p.4,Develop emergency response plans or procedures.,Menyusun rencana atau prosedur tanggap darurat.
4.A.2.b.2.q.3,Develop sustainable organizational policies or practices.,Menyusun kebijakan atau praktik organisasi yang berkelanjutan.
4.A.2.b.2.q.4,Develop sustainable industrial or development methods.,Mengembangkan metode industri atau pembangunan yang berkelanjutan.
4.A.2.b.2.q.5,Develop operational methods or processes that use green materials or emphasize sustainability.,Mengembangkan metode atau proses kerja yang memakai bahan ramah lingkungan atau mengutamakan keberlanjutan.
4.A.2.b.2.r.2,Determine presentation subjects or content.,Menentukan topik atau isi presentasi.
4.A.2.b.2.s.1,Devise research or testing protocols.,Merancang protokol penelitian atau pengujian.
4.A.2.b.2.s.2,Develop biological research methods.,Mengembangkan metode penelitian biologi.
4.A.2.b.2.s.3,Develop methods of social or economic research.,Mengembangkan metode penelitian sosial atau ekonomi.
4.A.2.b.2.s.4,Design research studies to obtain scientific information.,Merancang penelitian untuk memperoleh informasi ilmiah.
4.A.2.b.2.s.5,Plan biological research.,Merencanakan penelitian biologi.
4.A.2.b.2.s.6,Plan environmental research.,Merencanakan penelitian lingkungan.
4.A.2.b.2.s.7,Develop environmental research methods.,Mengembangkan metode penelitian lingkungan.
4.A.2.b.2.s.8,Plan social sciences research.,Merencanakan penelitian ilmu sosial.
4.A.2.b.2.t.1,"Create musical compositions, arrangements or scores.","Menciptakan komposisi, aransemen, atau partitur musik."
4.A.2.b.2.t.2,Design costumes or cosmetic effects for characters.,Merancang kostum atau efek tata rias untuk tokoh.
4.A.2.b.2.t.3,Choreograph dances.,Menyusun koreografi tari.
4.A.2.b.2.t.4,Design jewelry or decorative objects.,Merancang perhiasan atau benda hias.
4.A.2.b.2.t.5,"Develop artistic or design concepts for decoration, exhibition, or commercial purposes.","Mengembangkan konsep seni atau desain untuk dekorasi, pameran, atau keperluan komersial."
4.A.2.b.2.u.1,Develop theories or models of physical phenomena.,Mengembangkan teori atau model fenomena fisik.
4.A.2.b.2.u.2,Develop mathematical models of environmental conditions.,Mengembangkan model matematika kondisi lingkungan.
4.A.2.b.2.u.3,Develop scientific or mathematical models.,Mengembangkan model ilmiah atau matematika.
4.A.2.b.2.v.1,Develop program goals or plans.,Menyusun tujuan atau rencana program.
4.A.2.b.2.v.2,Develop organizational goals or objectives.,Menyusun tujuan atau sasaran organisasi.
4.A.2.b.2.v.3,Develop plans for programs or services.,Menyusun rencana program atau layanan.
4.A.2.b.3.a.1,Review professional literature to maintain professional knowledge.,Menelaah literatur profesi untuk menjaga pengetahuan profesional.
4.A.2.b.3.a.10,Research topics in area of expertise.,Meneliti topik di bidang keahlian.
4.A.2.b.3.a.11,Update job related knowledge or skills.,Memperbarui pengetahuan atau keterampilan terkait pekerjaan.
4.A.2.b.3.a.12,Maintain medical or professional knowledge.,Menjaga pengetahuan medis atau profesional.
4.A.2.b.3.a.13,"Conduct research to inform art, designs, or other work.","Melakukan riset sebagai dasar karya seni, desain, atau karya lain."
4.A.2.b.3.a.14,Attend training to learn new skills or update knowledge.,Mengikuti pelatihan untuk mempelajari keterampilan baru atau memperbarui pengetahuan.
4.A.2.b.3.a.15,Maintain knowledge of laws or regulations.,Menjaga pengetahuan tentang hukum atau peraturan.
4.A.2.b.3.a.16,Maintain professional knowledge or certifications.,Menjaga pengetahuan atau sertifikasi profesi.
4.A.2.b.3.a.17,Maintain knowledge of business operations.,Menjaga pengetahuan tentang kegiatan usaha.
4.A.2.b.3.a.18,Attend training sessions or professional meetings to develop or maintain professional knowledge.,Mengikuti pelatihan atau pertemuan profesi untuk mengembangkan atau menjaga pengetahuan profesional.
4.A.2.b.3.a.19,Attend educational events to update medical knowledge.,Mengikuti kegiatan pendidikan untuk memperbarui pengetahuan medis.
4.A.2.b.3.a.2,Maintain professional social services knowledge.,Menjaga pengetahuan profesional di bidang layanan sosial.
4.A.2.b.3.a.20,Update technical knowledge.,Memperbarui pengetahuan teknis.
4.A.2.b.3.a.21,Update professional knowledge.,Memperbarui pengetahuan profesional.
4.A.2.b.3.a.22,Study product information to acquire professional knowledge.,Mempelajari informasi produk untuk menambah pengetahuan profesional.
4.A.2.b.3.a.23,Review laws or regulations to maintain professional knowledge.,Menelaah hukum atau peraturan untuk menjaga pengetahuan profesional.
4.A.2.b.3.a.3,Stay informed about current developments in field of specialization.,Mengikuti perkembangan terbaru di bidang spesialisasi.
4.A.2.b.3.a.4,Attend events to develop professional knowledge.,Menghadiri acara untuk mengembangkan pengetahuan profesional.
4.A.2.b.3.a.5,Maintain current knowledge related to work activities.,Menjaga pengetahuan terkini yang terkait dengan pekerjaan.
4.A.2.b.3.a.6,Update knowledge of legal or regulatory environments.,Memperbarui pengetahuan tentang lingkungan hukum atau peraturan.
4.A.2.b.3.a.7,Update knowledge about emerging industry or technology trends.,Memperbarui pengetahuan tentang tren industri atau teknologi yang sedang muncul.
4.A.2.b.3.a.8,Maintain knowledge of current developments in area of expertise.,Menjaga pengetahuan tentang perkembangan terbaru di bidang keahlian.
4.A.2.b.3.a.9,Attend conferences or workshops to maintain professional knowledge.,Menghadiri konferensi atau lokakarya untuk menjaga pengetahuan profesional.
4.A.2.b.4.a.1,Develop organizational policies or programs.,Menyusun kebijakan atau program organisasi.
4.A.2.b.4.a.2,"Develop operating strategies, plans, or procedures.","Menyusun strategi, rencana, atau prosedur operasi."
4.A.2.b.4.a.3,Establish organizational guidelines or policies.,Menetapkan pedoman atau kebijakan organisasi.
4.A.2.b.4.a.4,Develop organizational methods or procedures.,Menyusun metode atau prosedur organisasi.
4.A.2.b.4.a.5,Establish business management methods.,Menetapkan metode pengelolaan usaha.
4.A.2.b.4.a.6,Determine pricing or monetary policies.,Menentukan kebijakan harga atau keuangan.
4.A.2.b.4.b.1,Draft legislation or regulations.,Merancang undang-undang atau peraturan.
4.A.2.b.5.a.1,Arrange facility schedules.,Mengatur jadwal fasilitas.
4.A.2.b.5.a.2,Schedule dining reservations.,Menjadwalkan reservasi tempat makan.
4.A.2.b.5.a.4,Schedule activities or facility use.,Menjadwalkan kegiatan atau penggunaan fasilitas.
4.A.2.b.5.b.1,Schedule product or material transportation.,Menjadwalkan pengangkutan produk atau bahan.
4.A.2.b.5.b.2,Arrange maintenance activities.,Mengatur kegiatan pemeliharaan.
4.A.2.b.5.b.3,Schedule instructional activities.,Menjadwalkan kegiatan pembelajaran.
4.A.2.b.5.b.4,Schedule equipment maintenance.,Menjadwalkan pemeliharaan peralatan.
4.A.2.b.5.b.6,"Schedule repair, installation or maintenance activities.","Menjadwalkan kegiatan perbaikan, pemasangan, atau pemeliharaan."
4.A.2.b.5.b.7,Schedule operational activities.,Menjadwalkan kegiatan operasi.
4.A.2.b.5.c.1,Schedule appointments.,Menjadwalkan janji temu.
4.A.2.b.5.c.2,Schedule patient procedures or appointments.,Menjadwalkan tindakan atau janji temu pasien.
4.A.2.b.5.c.3,Schedule appointments with prospective customers.,Menjadwalkan janji temu dengan calon pelanggan.
4.A.2.b.6.a.1,Plan special events.,Merencanakan acara khusus.
4.A.2.b.6.a.2,"Plan conferences, programs, or special events.","Merencanakan konferensi, program, atau acara khusus."
4.A.2.b.6.a.4,Plan community programs or activities for the general public.,Merencanakan program atau kegiatan kemasyarakatan untuk umum.
4.A.2.b.6.b.1,"Plan layout of construction, installation, or repairs.","Merencanakan tata letak konstruksi, pemasangan, atau perbaikan."
4.A.2.b.6.b.2,Plan work procedures.,Merencanakan prosedur kerja.
4.A.2.b.6.b.3,Plan work operations.,Merencanakan kegiatan kerja.
4.A.2.b.6.b.4,Plan flight operations.,Merencanakan operasi penerbangan.
4.A.2.b.6.b.5,Adjust routes or speeds as necessary.,Menyesuaikan rute atau kecepatan bila diperlukan.
4.A.2.b.6.b.7,Prepare detailed work plans.,Menyiapkan rencana kerja rinci.
4.A.2.b.6.b.8,Develop detailed project plans.,Menyusun rencana proyek rinci.
4.A.2.b.6.b.9,Plan production or operational procedures or sequences.,Merencanakan prosedur atau urutan produksi atau operasi.
4.A.3.a.1.a.1,Prepare compounds or solutions to be used for repairs.,Menyiapkan campuran atau larutan untuk perbaikan.
4.A.3.a.1.a.2,Mix ingredients to create specific finishes.,Mencampur bahan untuk menghasilkan lapisan akhir tertentu.
4.A.3.a.1.a.3,Mix ingredients.,Mencampur bahan-bahan.
4.A.3.a.1.a.4,Mix substances or compounds needed for work activities.,Mencampur zat atau senyawa yang dibutuhkan untuk pekerjaan.
4.A.3.a.1.a.5,Prepare chemicals for work application.,Menyiapkan bahan kimia untuk dipakai dalam pekerjaan.
4.A.3.a.1.a.6,Prepare materials or solutions for animal or plant use.,Menyiapkan bahan atau larutan untuk hewan atau tanaman.
4.A.3.a.1.a.7,Prepare medications or medical solutions.,Menyiapkan obat atau larutan medis.
4.A.3.a.1.a.8,Mix substances to create chemical solutions.,Mencampur zat untuk membuat larutan kimia.
4.A.3.a.1.b.1,Operate firefighting equipment.,Mengoperasikan peralatan pemadam kebakaran.
4.A.3.a.1.b.2,Protect property from fire or water damage.,Melindungi properti dari kerusakan akibat api atau air.
4.A.3.a.1.b.3,Perform forest firefighting activities.,Memadamkan kebakaran hutan.
4.A.3.a.1.c.1,Clean vessels or marine equipment.,Membersihkan kapal atau peralatan kelautan.
4.A.3.a.1.c.10,Maintain clean work areas.,Menjaga kebersihan area kerja.
4.A.3.a.1.c.11,Clean building walls or flooring.,Membersihkan dinding atau lantai bangunan.
4.A.3.a.1.c.12,Clean facilities or sites.,Membersihkan fasilitas atau lokasi.
4.A.3.a.1.c.13,Clean work sites.,Membersihkan lokasi kerja.
4.A.3.a.1.c.14,Clean machinery or equipment.,Membersihkan mesin atau peralatan.
4.A.3.a.1.c.15,Clean tools or equipment.,Membersihkan perkakas atau peralatan.
4.A.3.a.1.c.16,"Clean equipment, parts, or tools to repair or maintain them in good working order.","Membersihkan peralatan, komponen, atau perkakas untuk memperbaiki atau merawatnya."
4.A.3.a.1.c.17,Decontaminate equipment or sites to remove hazardous or toxic substances.,Mendekontaminasi peralatan atau lokasi dari zat berbahaya atau beracun.
4.A.3.a.1.c.18,Perform housekeeping duties.,Melakukan pekerjaan tata graha.
4.A.3.a.1.c.19,Clean equipment or facilities.,Membersihkan peralatan atau fasilitas.
4.A.3.a.1.c.2,"Clean food preparation areas, facilities, or equipment.","Membersihkan area, fasilitas, atau peralatan penyiapan makanan."
4.A.3.a.1.c.20,Clean surfaces in preparation for work activities.,Membersihkan permukaan sebelum pekerjaan dimulai.
4.A.3.a.1.c.21,Clean production equipment.,Membersihkan peralatan produksi.
4.A.3.a.1.c.22,Clean food service areas.,Membersihkan area layanan makanan.
4.A.3.a.1.c.23,Remove snow.,Membersihkan salju.
4.A.3.a.1.c.24,Clean vehicles or vehicle components.,Membersihkan kendaraan atau komponennya.
4.A.3.a.1.c.3,Clean furniture or fixtures.,Membersihkan perabot atau perlengkapan ruangan.
4.A.3.a.1.c.4,Clean equipment or supplies.,Membersihkan peralatan atau perlengkapan.
4.A.3.a.1.c.5,Clean work areas.,Membersihkan area kerja.
4.A.3.a.1.c.6,Clean facilities or equipment.,Membersihkan fasilitas atau peralatan.
4.A.3.a.1.c.7,Clean patient rooms or patient treatment rooms.,Membersihkan kamar pasien atau ruang tindakan.
4.A.3.a.1.c.8,Sterilize food cooking or processing equipment.,Mensterilkan peralatan memasak atau pengolahan makanan.
4.A.3.a.1.c.9,Clean facilities or work areas.,Membersihkan fasilitas atau area kerja.
4.A.3.a.1.d.1,Protect structures or surfaces near work areas to avoid damage.,Melindungi bangunan atau permukaan di dekat area kerja agar tidak rusak.
4.A.3.a.1.d.2,Apply protective coverings to objects or surfaces near work areas.,Memasang penutup pelindung pada benda atau permukaan di dekat area kerja.
4.A.3.a.1.e.1,Dispose of biomedical waste in accordance with standards.,Membuang limbah biomedis sesuai standar.
4.A.3.a.1.e.2,Dispose of hazardous materials.,Membuang bahan berbahaya.
4.A.3.a.1.e.3,Remove debris from work sites.,Membersihkan puing dari lokasi kerja.
4.A.3.a.1.e.4,Remove trash.,Membuang sampah.
4.A.3.a.1.e.5,"Remove worn, damaged or outdated materials from work areas.","Menyingkirkan bahan yang aus, rusak, atau usang dari area kerja."
4.A.3.a.1.e.6,Remove debris or vegetation from work sites.,Membersihkan puing atau tumbuhan dari lokasi kerja.
4.A.3.a.1.e.7,Dispose of trash or waste materials.,Membuang sampah atau bahan limbah.
4.A.3.a.1.e.8,Remove excess materials from finished construction projects.,Menyingkirkan sisa bahan dari proyek konstruksi yang sudah selesai.
4.A.3.a.1.e.9,Remove debris or damaged materials.,Menyingkirkan puing atau bahan yang rusak.
4.A.3.a.1.f.1,"Load shipments, belongings, or materials.","Memuat kiriman, barang bawaan, atau bahan."
4.A.3.a.1.f.10,Load materials into production equipment.,Memasukkan bahan ke peralatan produksi.
4.A.3.a.1.f.11,Unload materials or equipment.,Membongkar muatan bahan atau peralatan.
4.A.3.a.1.f.12,Load items into ovens or furnaces.,Memasukkan barang ke oven atau tanur.
4.A.3.a.1.f.2,Load materials into equipment for processing.,Memasukkan bahan ke peralatan untuk diproses.
4.A.3.a.1.f.3,Load or unload materials used in construction or extraction.,Memuat atau membongkar bahan untuk konstruksi atau penambangan.
4.A.3.a.1.f.4,Place materials into molds.,Menempatkan bahan ke dalam cetakan.
4.A.3.a.1.f.5,Load materials into construction equipment.,Memuat bahan ke alat konstruksi.
4.A.3.a.1.f.6,Load materials or equipment.,Memuat bahan atau peralatan.
4.A.3.a.1.f.7,Load agricultural or forestry products for shipment.,Memuat hasil pertanian atau kehutanan untuk dikirim.
4.A.3.a.1.f.8,Stack finished items for further processing or shipment.,Menumpuk barang jadi untuk diproses lebih lanjut atau dikirim.
4.A.3.a.1.f.9,Secure cargo.,Mengamankan kargo.
4.A.3.a.1.g.1,Dig holes or trenches.,Menggali lubang atau parit.
4.A.3.a.1.g.10,Finish concrete surfaces.,Merapikan permukaan beton.
4.A.3.a.1.g.2,Prepare surfaces for finishing.,Menyiapkan permukaan untuk pekerjaan akhir.
4.A.3.a.1.g.3,Pour materials into or on designated areas.,Menuang bahan ke area yang ditentukan.
4.A.3.a.1.g.4,Shovel materials.,Menyekop bahan.
4.A.3.a.1.g.5,"Spread sand, dirt or other loose materials onto surfaces.","Menebarkan pasir, tanah, atau bahan lepas lain ke permukaan."
4.A.3.a.1.g.6,Apply adhesives to construction materials.,Mengoleskan perekat pada bahan bangunan.
4.A.3.a.1.g.7,Assist skilled construction or extraction personnel.,Membantu tenaga ahli konstruksi atau pertambangan.
4.A.3.a.1.g.8,Compact materials to create level bases.,Memadatkan bahan untuk membuat dasar yang rata.
4.A.3.a.1.g.9,Spread concrete or other aggregate mixtures.,Meratakan beton atau campuran agregat lain.
4.A.3.a.1.h.1,Operate garment treatment equipment.,Mengoperasikan peralatan perawatan pakaian.
4.A.3.a.1.h.2,Clean fabrics or apparel.,Membersihkan kain atau pakaian.
4.A.3.a.1.h.3,Clean tableware.,Mencuci peralatan makan.
4.A.3.a.1.h.4,Apply water or solutions to fabrics or apparel.,Membasahi kain atau pakaian dengan air atau larutan.
4.A.3.a.1.h.5,Clean workpieces or finished products.,Membersihkan benda kerja atau produk jadi.
4.A.3.a.1.h.6,Clean objects.,Membersihkan benda.
4.A.3.a.1.h.7,Clean materials to prepare them for production.,Membersihkan bahan untuk disiapkan bagi produksi.
4.A.3.a.1.i.1,Sterilize medical equipment or instruments.,Mensterilkan peralatan atau instrumen medis.
4.A.3.a.1.i.2,Clean medical equipment.,Membersihkan peralatan medis.
4.A.3.a.1.i.3,Clean medical equipment or facilities.,Membersihkan peralatan atau fasilitas medis.
4.A.3.a.1.j.1,Transport biological or other medical materials.,Mengangkut bahan biologis atau bahan medis lain.
4.A.3.a.1.j.10,Move construction or extraction materials to locations where they are needed.,Memindahkan bahan konstruksi atau tambang ke tempat yang membutuhkan.
4.A.3.a.1.j.11,"Move products, materials, or equipment between work areas.","Memindahkan produk, bahan, atau peralatan antar area kerja."
4.A.3.a.1.j.2,"Move equipment, supplies or food to required locations.","Memindahkan peralatan, perlengkapan, atau makanan ke tempat yang ditentukan."
4.A.3.a.1.j.3,"Transport animals, crops, or equipment.","Mengangkut hewan, hasil panen, atau peralatan."
4.A.3.a.1.j.4,"Move materials, equipment, or supplies.","Memindahkan bahan, peralatan, atau perlengkapan."
4.A.3.a.1.j.5,Deliver items.,Mengantarkan barang.
4.A.3.a.1.j.6,Move large objects using heavy equipment.,Memindahkan benda besar dengan alat berat.
4.A.3.a.1.j.7,Handle caskets.,Menangani peti jenazah.
4.A.3.a.1.j.8,Move furniture.,Memindahkan perabot.
4.A.3.a.1.j.9,Handle luggage or other possessions for patrons.,Membawakan koper atau barang milik tamu.
4.A.3.a.1.k.1,Use weapons or physical force to maintain security.,Menggunakan senjata atau kekuatan fisik untuk menjaga keamanan.
4.A.3.a.1.k.10,Enforce rules or regulations.,Menegakkan aturan atau peraturan.
4.A.3.a.1.k.11,Search individuals for illegal or dangerous items.,Menggeledah orang untuk mencari barang terlarang atau berbahaya.
4.A.3.a.1.k.12,Prevent unauthorized individuals from entering restricted areas.,Mencegah orang tanpa izin memasuki area terbatas.
4.A.3.a.1.k.13,Maintain safety.,Menjaga keselamatan.
4.A.3.a.1.k.2,Block physical access to restricted areas.,Menutup akses fisik ke area terbatas.
4.A.3.a.1.k.4,Detain suspects or witnesses.,Menahan tersangka atau saksi.
4.A.3.a.1.k.5,Maintain public order or security.,Menjaga ketertiban atau keamanan umum.
4.A.3.a.1.k.6,Guard facilities.,Menjaga fasilitas.
4.A.3.a.1.k.7,Maintain security.,Menjaga keamanan.
4.A.3.a.1.k.8,Apprehend criminal suspects.,Menangkap tersangka pelaku kejahatan.
4.A.3.a.1.k.9,Confiscate prohibited or dangerous items.,Menyita barang terlarang atau berbahaya.
4.A.3.a.1.l.1,Guide patrons on tours.,Memandu pengunjung dalam tur.
4.A.3.a.1.l.2,Provide escort or transportation.,Memberikan pengawalan atau pengantaran.
4.A.3.a.1.l.3,Usher patrons to seats or exits.,Mengantar pengunjung ke tempat duduk atau pintu keluar.
4.A.3.a.1.l.4,Accompany patients or clients on outings to provide assistance.,Mendampingi pasien atau klien saat bepergian untuk memberi bantuan.
4.A.3.a.1.l.5,"Escort prisoners to courtrooms, prisons, or other facilities.","Mengawal tahanan ke ruang sidang, penjara, atau fasilitas lain."
4.A.3.a.1.l.6,Accompany individuals or groups to activities.,Mendampingi perorangan atau kelompok ke suatu kegiatan.
4.A.3.a.1.m.1,Transport clients to appointments.,Mengantar klien ke janji temu.
4.A.3.a.1.m.2,Move patients to or from treatment areas.,Memindahkan pasien ke atau dari ruang perawatan.
4.A.3.a.1.n.1,Climb ladders or vehicles to perform duties.,Menaiki tangga atau kendaraan untuk menjalankan tugas.
4.A.3.a.1.n.2,Climb equipment or structures to access work areas.,Memanjat peralatan atau bangunan untuk mencapai area kerja.
4.A.3.a.1.o.1,Arrange tables or dining areas.,Menata meja atau ruang makan.
4.A.3.a.1.o.2,Serve food or beverages.,Menyajikan makanan atau minuman.
4.A.3.a.1.o.3,Collect dirty dishes or other tableware.,Mengumpulkan piring kotor atau peralatan makan lain.
4.A.3.a.1.p.1,Participate in athletic events.,Mengikuti pertandingan olahraga.
4.A.3.a.1.p.2,Participate in physical training to maintain fitness.,Mengikuti latihan fisik untuk menjaga kebugaran.
4.A.3.a.1.p.3,Practice athletic or artistic skills.,Berlatih keterampilan olahraga atau seni.
4.A.3.a.1.q.1,Harvest agricultural products.,Memanen hasil pertanian.
4.A.3.a.1.q.2,"Perform manual agricultural, aquacultural, or horticultural tasks.","Melakukan pekerjaan tangan di bidang pertanian, budi daya perairan, atau hortikultura."
4.A.3.a.1.q.5,Plant greenery to improve landscape appearance.,Menanam tanaman hijau untuk memperindah lanskap.
4.A.3.a.1.q.6,"Plant crops, trees, or other plants.","Menanam tanaman pangan, pohon, atau tanaman lain."
4.A.3.a.1.q.7,Cultivate land.,Mengolah lahan.
4.A.3.a.1.q.8,"Irrigate lawns, trees, or plants.","Menyiram halaman rumput, pohon, atau tanaman."
4.A.3.a.2.a.1,Install carpet or flooring.,Memasang karpet atau lantai.
4.A.3.a.2.a.10,Install safety or support equipment.,Memasang peralatan keselamatan atau penyangga.
4.A.3.a.2.a.11,Install trim or paneling.,Memasang lis atau panel.
4.A.3.a.2.a.12,Assemble metal structures.,Merakit struktur logam.
4.A.3.a.2.a.13,Install building fixtures.,Memasang perlengkapan bangunan.
4.A.3.a.2.a.14,Install doors or windows.,Memasang pintu atau jendela.
4.A.3.a.2.a.15,Install roofing materials.,Memasang bahan atap.
4.A.3.a.2.a.16,Construct exhibits or parts of exhibits.,Membangun pameran atau bagian-bagiannya.
4.A.3.a.2.a.17,Install wooden structural components.,Memasang komponen struktur kayu.
4.A.3.a.2.a.18,Install equipment to protect or support trees.,Memasang peralatan untuk melindungi atau menyangga pohon.
4.A.3.a.2.a.19,Install hardware or other interior fixtures.,Memasang perangkat keras atau perlengkapan interior lain.
4.A.3.a.2.a.2,Install insulation in equipment or structures.,Memasang insulasi pada peralatan atau bangunan.
4.A.3.a.2.a.20,"Install green structural components, equipment or systems.","Memasang komponen struktur, peralatan, atau sistem ramah lingkungan."
4.A.3.a.2.a.3,Install masonry materials.,Memasang bahan pasangan batu.
4.A.3.a.2.a.4,Assemble structural components.,Merakit komponen struktur.
4.A.3.a.2.a.5,Install fencing or other barriers.,Memasang pagar atau penghalang lain.
4.A.3.a.2.a.6,Install metal structural components.,Memasang komponen struktur logam.
4.A.3.a.2.a.7,Install structural foundations.,Memasang fondasi bangunan.
4.A.3.a.2.a.8,Assemble temporary equipment or structures.,Merakit peralatan atau bangunan sementara.
4.A.3.a.2.a.9,Build agricultural structures.,Membangun bangunan pertanian.
4.A.3.a.2.aa.1,Fabricate devices or components.,Membuat perangkat atau komponen.
4.A.3.a.2.aa.2,Fabricate parts or components.,Membuat suku cadang atau komponen.
4.A.3.a.2.aa.3,Fabricate products or components using machine tools.,Membuat produk atau komponen dengan mesin perkakas.
4.A.3.a.2.ab.1,Attach decorative or functional accessories to products.,Memasang aksesori hias atau fungsional pada produk.
4.A.3.a.2.ab.2,"Construct distinctive physical objects for artistic, functional, or commercial purposes.","Membuat benda khas untuk tujuan seni, fungsi, atau komersial."
4.A.3.a.2.ac.3,Process animal carcasses.,Mengolah karkas hewan.
4.A.3.a.2.ad.1,Drill holes in earth or rock.,Mengebor lubang di tanah atau batuan.
4.A.3.a.2.ad.2,Drill holes in construction materials.,Mengebor lubang pada bahan bangunan.
4.A.3.a.2.ad.3,"Drill holes in parts, equipment, or materials.","Mengebor lubang pada komponen, peralatan, atau bahan."
4.A.3.a.2.ae.1,Groom wigs or hairpieces.,Merawat wig atau rambut palsu.
4.A.3.a.2.ae.2,Trim client hair.,Memangkas rambut klien.
4.A.3.a.2.af.1,Set up classroom materials or equipment.,Menyiapkan bahan atau peralatan kelas.
4.A.3.a.2.af.2,Arrange childcare or educational settings to ensure physical safety of children.,Menata tempat penitipan anak atau ruang belajar agar aman bagi anak.
4.A.3.a.2.af.3,Display student work.,Memajang hasil karya siswa.
4.A.3.a.2.ag.1,Treat facilities to eliminate pests.,Membasmi hama di fasilitas.
4.A.3.a.2.ag.2,Paint surfaces or equipment.,Mengecat permukaan atau peralatan.
4.A.3.a.2.ag.3,Apply paint to surfaces.,Mengoleskan cat pada permukaan.
4.A.3.a.2.ag.4,Refinish wood or metal surfaces.,Memperbarui lapisan akhir permukaan kayu atau logam.
4.A.3.a.2.ag.5,Apply chemical solutions to plants to protect against disease or insects or to enhance growth.,"Menyemprotkan larutan kimia pada tanaman untuk melindungi dari penyakit atau serangga, atau memacu pertumbuhan."
4.A.3.a.2.ag.6,Apply protective or decorative finishes to workpieces or products.,Memberi lapisan pelindung atau lapisan hias pada benda kerja atau produk.
4.A.3.a.2.ag.7,Treat greenery or surfaces with protective substances.,Melapisi tanaman atau permukaan dengan zat pelindung.
4.A.3.a.2.ag.8,Apply solutions to production equipment.,Mengoleskan larutan pada peralatan produksi.
4.A.3.a.2.ag.9,Apply sealants or other protective coatings.,Mengoleskan bahan penyegel atau lapisan pelindung lain.
4.A.3.a.2.ah.1,Connect hoses to equipment or machinery.,Menyambungkan selang ke peralatan atau mesin.
4.A.3.a.2.ah.2,Rewire electrical or electronic systems.,Memasang ulang kabel sistem listrik atau elektronik.
4.A.3.a.2.ah.3,Connect hoses to equipment or piping.,Menyambungkan selang ke peralatan atau pipa.
4.A.3.a.2.ah.4,Lay cables to connect equipment.,Memasang kabel untuk menghubungkan peralatan.
4.A.3.a.2.ah.5,Thread wire or cable through ducts or conduits.,Memasukkan kawat atau kabel melalui saluran atau pipa pelindung.
4.A.3.a.2.ah.6,Run wiring to connect equipment.,Menarik kabel untuk menghubungkan peralatan.
4.A.3.a.2.ah.7,Connect electrical components or equipment.,Menyambungkan komponen atau peralatan listrik.
4.A.3.a.2.ah.8,Connect supply lines to production equipment or tools.,Menyambungkan saluran pasokan ke peralatan atau perkakas produksi.
4.A.3.a.2.ah.9,Connect cables or electrical lines.,Menyambungkan kabel atau saluran listrik.
4.A.3.a.2.ai.1,Solder parts or workpieces.,Menyolder komponen atau benda kerja.
4.A.3.a.2.ai.2,Weld metal components.,Mengelas komponen logam.
4.A.3.a.2.ai.3,Solder parts or connections between parts.,Menyolder komponen atau sambungan antarkomponen.
4.A.3.a.2.ai.4,Braze metal parts or components.,Mematri komponen logam.
4.A.3.a.2.ai.5,Operate welding equipment.,Mengoperasikan peralatan las.
4.A.3.a.2.aj.1,"Build models, patterns, or templates.","Membuat model, pola, atau templat."
4.A.3.a.2.aj.2,Assemble garments or textile products.,Merakit pakaian atau produk tekstil.
4.A.3.a.2.aj.3,Build production molds.,Membuat cetakan produksi.
4.A.3.a.2.aj.4,Assemble wood products.,Merakit produk kayu.
4.A.3.a.2.aj.5,Build construction forms or molds.,Membuat bekisting atau cetakan konstruksi.
4.A.3.a.2.aj.6,Assemble tires.,Merakit ban.
4.A.3.a.2.aj.7,"Construct patterns, templates, or other work aids.","Membuat pola, templat, atau alat bantu kerja lain."
4.A.3.a.2.aj.8,Assemble metal or plastic parts or products.,Merakit komponen atau produk logam atau plastik.
4.A.3.a.2.ak.1,Stock products or parts.,Mengisi persediaan produk atau suku cadang.
4.A.3.a.2.ak.2,Stock medical or patient care supplies.,Mengisi persediaan perlengkapan medis atau perawatan pasien.
4.A.3.a.2.ak.3,Store records or related materials.,Menyimpan catatan atau bahan terkait.
4.A.3.a.2.ak.4,Store supplies or goods in kitchens or storage areas.,Menyimpan perlengkapan atau barang di dapur atau gudang.
4.A.3.a.2.ak.5,Stock serving stations or dining areas with food or supplies.,Mengisi tempat penyajian atau ruang makan dengan makanan atau perlengkapan.
4.A.3.a.2.ak.6,Stock supplies or merchandise.,Mengisi persediaan perlengkapan atau barang dagangan.
4.A.3.a.2.ak.7,Store items.,Menyimpan barang.
4.A.3.a.2.al.1,Collect biological specimens from patients.,Mengambil spesimen biologis dari pasien.
4.A.3.a.2.al.2,Collect biological specimens.,Mengambil spesimen biologis.
4.A.3.a.2.al.3,Collect geographical or geological field data.,Mengumpulkan data lapangan geografi atau geologi.
4.A.3.a.2.al.4,Collect geological samples.,Mengambil sampel geologi.
4.A.3.a.2.al.5,Collect environmental data or samples.,Mengumpulkan data atau sampel lingkungan.
4.A.3.a.2.am.1,Apply mortar.,Memasang adukan semen.
4.A.3.a.2.am.2,Seal gaps or cracks to prevent leakage or moisture intrusion.,Menutup celah atau retakan agar tidak bocor atau lembap.
4.A.3.a.2.am.3,"Fill cracks, imperfections, or holes in products or workpieces.","Menambal retakan, cacat, atau lubang pada produk atau benda kerja."
4.A.3.a.2.am.4,Apply material to fill gaps in surfaces.,Mengisi celah pada permukaan dengan bahan pengisi.
4.A.3.a.2.an.1,Apply parting agents or other solutions to molds.,Mengoleskan bahan pelepas atau larutan lain pada cetakan.
4.A.3.a.2.an.2,Remove workpieces from molds.,Mengeluarkan benda kerja dari cetakan.
4.A.3.a.2.an.3,Remove products or workpieces from production equipment.,Mengeluarkan produk atau benda kerja dari peralatan produksi.
4.A.3.a.2.ao.1,Align equipment or machinery.,Meluruskan posisi peralatan atau mesin.
4.A.3.a.2.ao.2,Lay out parts to prepare for assembly.,Menata komponen untuk persiapan perakitan.
4.A.3.a.2.ao.3,Position structural components.,Menempatkan komponen struktur pada posisinya.
4.A.3.a.2.ao.4,Align parts or workpieces to ensure proper assembly.,Meluruskan komponen atau benda kerja agar terakit dengan benar.
4.A.3.a.2.ao.5,Mark reference points on construction materials.,Menandai titik acuan pada bahan bangunan.
4.A.3.a.2.ao.6,Lay out work according to specifications.,Menata pekerjaan sesuai spesifikasi.
4.A.3.a.2.ao.7,Align masonry materials.,Meluruskan bahan pasangan batu.
4.A.3.a.2.ao.8,Draw guide lines or markings on materials or workpieces using patterns or other references.,Menggambar garis panduan atau tanda pada bahan atau benda kerja dengan pola atau acuan lain.
4.A.3.a.2.ap.1,Package agricultural products for shipment or further processing.,Mengemas hasil pertanian untuk dikirim atau diolah lebih lanjut.
4.A.3.a.2.ap.2,Package products for storage or shipment.,Mengemas produk untuk disimpan atau dikirim.
4.A.3.a.2.ap.3,Package food or supplies.,Mengemas makanan atau perlengkapan.
4.A.3.a.2.ap.4,Package materials for transport.,Mengemas bahan untuk diangkut.
4.A.3.a.2.ap.5,Package materials or products.,Mengemas bahan atau produk.
4.A.3.a.2.ap.6,Package objects for shipping.,Mengemas barang untuk dikirim.
4.A.3.a.2.aq.2,Install piping for installation or maintenance activities.,Memasang pipa untuk kegiatan pemasangan atau pemeliharaan.
4.A.3.a.2.aq.3,Install plumbing or piping.,Memasang instalasi air atau perpipaan.
4.A.3.a.2.as.1,Apply decorative masonry finishes.,Memberi sentuhan akhir hias pada pasangan batu.
4.A.3.a.2.as.2,"Apply finishes to artwork, crafts, or displays.","Memberi lapisan akhir pada karya seni, kerajinan, atau pajangan."
4.A.3.a.2.as.3,Apply decorative or textured finishes or coverings.,Memasang lapisan atau penutup hias atau bertekstur.
4.A.3.a.2.at.1,Install equipment attachments or components.,Memasang perlengkapan tambahan atau komponen peralatan.
4.A.3.a.2.at.10,Set up laboratory or field equipment.,Menyiapkan peralatan laboratorium atau lapangan.
4.A.3.a.2.at.2,"Set up material handling gear or equipment, such as rigging, packaging, or temporary structures.","Menyiapkan perlengkapan penanganan barang, seperti tali-temali, kemasan, atau bangunan sementara."
4.A.3.a.2.at.3,Attach rigging to objects so they can be moved.,Memasang tali pengikat pada benda agar dapat dipindahkan.
4.A.3.a.2.at.4,Prepare film for distribution or use.,Menyiapkan film untuk diedarkan atau dipakai.
4.A.3.a.2.at.5,"Set equipment guides, stops, spacers, or other fixtures.","Menyetel pemandu, penahan, pengatur jarak, atau perlengkapan lain pada peralatan."
4.A.3.a.2.at.6,Set up still or video cameras or related equipment.,Menyiapkan kamera foto atau video beserta perlengkapannya.
4.A.3.a.2.at.8,Install mechanical components in production equipment.,Memasang komponen mekanis pada peralatan produksi.
4.A.3.a.2.at.9,Attach equipment extensions or accessories.,Memasang sambungan atau aksesori peralatan.
4.A.3.a.2.au.1,"Cultivate micro-organisms for study, testing, or medical preparations.","Membiakkan mikroorganisme untuk penelitian, pengujian, atau sediaan medis."
4.A.3.a.2.au.2,Prepare biological specimens for laboratory analysis.,Menyiapkan spesimen biologis untuk analisis laboratorium.
4.A.3.a.2.au.3,Prepare biological samples for testing or analysis.,Menyiapkan sampel biologis untuk diuji atau dianalisis.
4.A.3.a.2.au.4,Prepare compounds or solutions for products or testing.,Menyiapkan senyawa atau larutan untuk produk atau pengujian.
4.A.3.a.2.b.1,Collect samples for analysis or testing.,Mengambil sampel untuk dianalisis atau diuji.
4.A.3.a.2.b.2,Collect samples of raw materials or finished products.,Mengambil sampel bahan baku atau produk jadi.
4.A.3.a.2.b.3,Collect samples of materials or products for testing.,Mengambil sampel bahan atau produk untuk diuji.
4.A.3.a.2.c.1,Cut cooked or raw foods.,Memotong makanan matang atau mentah.
4.A.3.a.2.c.10,Cut meat products.,Memotong produk daging.
4.A.3.a.2.c.11,Prepare foods or meals.,Menyiapkan makanan atau hidangan.
4.A.3.a.2.c.2,Prepare foods for cooking or serving.,Menyiapkan bahan makanan untuk dimasak atau disajikan.
4.A.3.a.2.c.3,Prepare meat products for sale or consumption.,Menyiapkan produk daging untuk dijual atau dikonsumsi.
4.A.3.a.2.c.4,Add garnishes to food.,Menambahkan hiasan pada makanan.
4.A.3.a.2.c.5,Assist chefs or caterers with food or drink preparation.,Membantu koki atau katering menyiapkan makanan atau minuman.
4.A.3.a.2.c.6,Prepare hot or cold beverages.,Menyiapkan minuman panas atau dingin.
4.A.3.a.2.c.7,Cook foods.,Memasak makanan.
4.A.3.a.2.c.8,Arrange food for serving.,Menata makanan untuk disajikan.
4.A.3.a.2.c.9,Prepare breads or doughs.,Membuat roti atau adonan.
4.A.3.a.2.d.1,"Install parts, assemblies, or attachments in transportation or material handling equipment.","Memasang komponen, rakitan, atau perlengkapan tambahan pada alat angkut atau alat pemindah barang."
4.A.3.a.2.d.10,Assemble products or production equipment.,Merakit produk atau peralatan produksi.
4.A.3.a.2.d.11,Assemble electrical or electronic equipment.,Merakit peralatan listrik atau elektronik.
4.A.3.a.2.d.12,Assemble mechanical components or machine parts.,Merakit komponen mekanis atau bagian mesin.
4.A.3.a.2.d.13,Install gauges or controls.,Memasang alat ukur atau alat kontrol.
4.A.3.a.2.d.14,"Assemble electrical components, subsystems, or systems.","Merakit komponen, subsistem, atau sistem listrik."
4.A.3.a.2.d.2,Assemble equipment or components.,Merakit peralatan atau komponen.
4.A.3.a.2.d.3,Reassemble equipment after repair.,Merakit kembali peralatan setelah diperbaiki.
4.A.3.a.2.d.4,Assemble precision electronics or optical equipment.,Merakit peralatan elektronik presisi atau peralatan optik.
4.A.3.a.2.d.5,"Assemble machine tools, parts, or fixtures.","Merakit mesin perkakas, komponen, atau perlengkapannya."
4.A.3.a.2.d.6,Assemble electromechanical or hydraulic systems.,Merakit sistem elektromekanik atau hidrolik.
4.A.3.a.2.d.7,Install vehicle parts or accessories.,Memasang suku cadang atau aksesori kendaraan.
4.A.3.a.2.d.8,Install machine or equipment replacement parts.,Memasang suku cadang pengganti mesin atau peralatan.
4.A.3.a.2.d.9,Bolt objects into place.,Membaut benda pada tempatnya.
4.A.3.a.2.e.1,Sew clothing or other articles.,Menjahit pakaian atau barang lain.
4.A.3.a.2.e.3,Repair textiles or apparel.,Memperbaiki tekstil atau pakaian.
4.A.3.a.2.e.4,Operate sewing equipment.,Mengoperasikan peralatan jahit.
4.A.3.a.2.f.1,Feed materials or products into or through equipment.,Mengumpankan bahan atau produk ke dalam peralatan.
4.A.3.a.2.f.2,Mount attachments or tools onto production equipment.,Memasang perlengkapan atau perkakas pada peralatan produksi.
4.A.3.a.2.f.3,Mount materials or workpieces onto production equipment.,Memasang bahan atau benda kerja pada peralatan produksi.
4.A.3.a.2.f.4,Maneuver workpieces in equipment during production.,Mengarahkan benda kerja di dalam peralatan selama produksi.
4.A.3.a.2.f.5,Adjust fabrics or other materials during garment production.,Mengatur kain atau bahan lain selama pembuatan pakaian.
4.A.3.a.2.f.6,Position raw materials on processing or production equipment.,Menempatkan bahan baku pada peralatan pengolahan atau produksi.
4.A.3.a.2.g.1,Reshape metal workpieces to established specifications.,Membentuk ulang benda kerja logam sesuai spesifikasi.
4.A.3.a.2.g.2,Shape clay or dough to create products.,Membentuk tanah liat atau adonan menjadi produk.
4.A.3.a.2.g.3,Shape glass or similar materials.,Membentuk kaca atau bahan sejenis.
4.A.3.a.2.g.4,Reshape small metal components for precision assembly.,Membentuk ulang komponen logam kecil untuk perakitan presisi.
4.A.3.a.2.g.5,Shape metal workpieces with hammers or other small hand tools.,Membentuk benda kerja logam dengan palu atau perkakas tangan kecil.
4.A.3.a.2.g.6,Shape surfaces or edges of wood workpieces.,Membentuk permukaan atau tepi benda kerja kayu.
4.A.3.a.2.h.1,"Arrange artwork, products, or props.","Menata karya seni, produk, atau properti."
4.A.3.a.2.h.2,Set up merchandise displays.,Menata pajangan barang dagangan.
4.A.3.a.2.h.3,"Prepare materials for preservation, storage, or display.","Menyiapkan bahan untuk diawetkan, disimpan, atau dipajang."
4.A.3.a.2.h.4,Decorate indoor or outdoor spaces.,Menghias ruangan dalam atau luar.
4.A.3.a.2.h.5,Arrange items for use or display.,Menata barang untuk dipakai atau dipajang.
4.A.3.a.2.i.1,Adjust tuning or functioning of musical instruments.,Menala atau menyetel alat musik.
4.A.3.a.2.i.10,Adjust office equipment to ensure proper operation.,Menyetel peralatan kantor agar beroperasi dengan baik.
4.A.3.a.2.i.11,Adjust the tension of nuts or bolts.,Menyetel kekencangan mur atau baut.
4.A.3.a.2.i.12,Adjust equipment controls to regulate coolant flow.,Menyetel kontrol peralatan untuk mengatur aliran pendingin.
4.A.3.a.2.i.13,"Adjust equipment controls to regulate flow of water, cleaning solutions, or other liquids.","Menyetel kontrol peralatan untuk mengatur aliran air, larutan pembersih, atau cairan lain."
4.A.3.a.2.i.14,Adjust flow of electricity to tools or production equipment.,Mengatur aliran listrik ke perkakas atau peralatan produksi.
4.A.3.a.2.i.15,Adjust vehicle components according to specifications.,Menyetel komponen kendaraan sesuai spesifikasi.
4.A.3.a.2.i.16,Control power supply connections.,Mengendalikan sambungan catu daya.
4.A.3.a.2.i.17,Adjust building climate control systems.,Menyetel sistem pengatur suhu gedung.
4.A.3.a.2.i.2,Adjust equipment controls to regulate gas flow.,Menyetel kontrol peralatan untuk mengatur aliran gas.
4.A.3.a.2.i.3,Adjust equipment controls to regulate flow of production materials or products.,Menyetel kontrol peralatan untuk mengatur aliran bahan atau produk.
4.A.3.a.2.i.4,Calibrate scientific or technical equipment.,Mengalibrasi peralatan ilmiah atau teknis.
4.A.3.a.2.i.5,Adjust equipment to ensure optimal performance.,Menyetel peralatan agar bekerja optimal.
4.A.3.a.2.i.6,Calibrate equipment to specifications.,Mengalibrasi peralatan sesuai spesifikasi.
4.A.3.a.2.i.7,Adjust temperature controls of ovens or other heating equipment.,Menyetel pengatur suhu oven atau alat pemanas lain.
4.A.3.a.2.i.8,Set equipment controls to meet cutting specifications.,Menyetel kontrol peralatan sesuai spesifikasi pemotongan.
4.A.3.a.2.i.9,Adjust settings or positions of medical equipment.,Menyetel pengaturan atau posisi peralatan medis.
4.A.3.a.2.j.1,Train animals.,Melatih hewan.
4.A.3.a.2.k.1,Prepare medical supplies or equipment for use.,Menyiapkan perlengkapan atau peralatan medis untuk dipakai.
4.A.3.a.2.k.2,Prepare medical instruments or equipment for use.,Menyiapkan instrumen atau peralatan medis untuk dipakai.
4.A.3.a.2.k.3,Prepare patient treatment areas for use.,Menyiapkan ruang perawatan pasien untuk dipakai.
4.A.3.a.2.l.1,Cut openings in existing structures.,Membuat bukaan pada bangunan yang sudah ada.
4.A.3.a.2.l.10,Cut glass.,Memotong kaca.
4.A.3.a.2.l.11,"Cut carpet, vinyl or other flexible materials.","Memotong karpet, vinil, atau bahan lentur lain."
4.A.3.a.2.l.2,Trim excess material from workpieces.,Memangkas kelebihan bahan dari benda kerja.
4.A.3.a.2.l.3,Cut materials according to specifications or needs.,Memotong bahan sesuai spesifikasi atau kebutuhan.
4.A.3.a.2.l.4,Cut industrial materials in preparation for fabrication or processing.,Memotong bahan industri sebagai persiapan fabrikasi atau pengolahan.
4.A.3.a.2.l.5,"Cut tile, stone, or other masonry materials.","Memotong ubin, batu, atau bahan pasangan batu lain."
4.A.3.a.2.l.6,Cut metal components for installation.,Memotong komponen logam untuk dipasang.
4.A.3.a.2.l.7,Cut wood components for installation.,Memotong komponen kayu untuk dipasang.
4.A.3.a.2.l.8,Cut fabrics.,Memotong kain.
4.A.3.a.2.l.9,Trim excess material from installations.,Memangkas kelebihan bahan dari hasil pemasangan.
4.A.3.a.2.m.1,Prepare explosives for detonation.,Menyiapkan bahan peledak untuk diledakkan.
4.A.3.a.2.m.10,Skim impurities from molten metal.,Menyaring kotoran dari permukaan logam cair.
4.A.3.a.2.m.11,Ignite fuel to activate heating equipment.,Menyalakan bahan bakar untuk mengaktifkan alat pemanas.
4.A.3.a.2.m.2,Immerse objects or workpieces in cleaning or coating solutions.,Mencelupkan benda atau benda kerja ke dalam larutan pembersih atau pelapis.
4.A.3.a.2.m.3,Prepare excavation or extraction sites for commissioning or decommissioning.,Menyiapkan lokasi penggalian atau penambangan untuk dibuka atau ditutup.
4.A.3.a.2.m.4,Prepare hazardous waste for processing or disposal.,Menyiapkan limbah berbahaya untuk diolah atau dibuang.
4.A.3.a.2.m.5,Heat material or workpieces to prepare for or complete production.,Memanaskan bahan atau benda kerja untuk persiapan atau penyelesaian produksi.
4.A.3.a.2.m.6,"Melt metal, plastic, or other materials to prepare for production.","Melelehkan logam, plastik, atau bahan lain sebagai persiapan produksi."
4.A.3.a.2.m.7,Prepare fabrics or materials for processing or production.,Menyiapkan kain atau bahan untuk diolah atau diproduksi.
4.A.3.a.2.m.9,Prepare materials for processing.,Menyiapkan bahan untuk diolah.
4.A.3.a.2.n.1,Cut trees or logs.,Menebang pohon atau memotong kayu gelondongan.
4.A.3.a.2.n.2,Trim trees or other vegetation.,Memangkas pohon atau tumbuhan lain.
4.A.3.a.2.o.1,Grind parts to required dimensions.,Menggerinda komponen sampai ukuran yang ditentukan.
4.A.3.a.2.o.2,"Remove dents from equipment, materials, tools or structures.","Memperbaiki penyok pada peralatan, bahan, perkakas, atau bangunan."
4.A.3.a.2.o.3,Smooth surfaces of objects or equipment.,Menghaluskan permukaan benda atau peralatan.
4.A.3.a.2.o.4,"Polish materials, workpieces, or finished products.","Memoles bahan, benda kerja, atau produk jadi."
4.A.3.a.2.o.5,Smooth metal surfaces or edges.,Menghaluskan permukaan atau tepi logam.
4.A.3.a.2.o.6,Smooth surfaces with abrasive materials or tools.,Menghaluskan permukaan dengan bahan atau alat pengampelas.
4.A.3.a.2.p.1,"Install energy-efficient heating, ventilation, or air conditioning (HVAC) equipment.","Memasang peralatan pemanas, ventilasi, atau pendingin udara (HVAC) yang hemat energi."
4.A.3.a.2.p.2,Install solar energy systems.,Memasang sistem energi surya.
4.A.3.a.2.p.3,"Install heating, ventilation, or air conditioning (HVAC) equipment.","Memasang peralatan pemanas, ventilasi, atau pendingin udara (HVAC)."
4.A.3.a.2.q.1,Cast molds of patient anatomies to create medical or dental devices.,Membuat cetakan bagian tubuh pasien untuk pembuatan alat medis atau gigi.
4.A.3.a.2.q.2,Make patient-assistive devices or device models.,Membuat alat bantu pasien atau modelnya.
4.A.3.a.2.q.3,Fabricate medical devices.,Membuat perangkat medis.
4.A.3.a.2.q.4,Construct customized assistive medical or dental devices.,Membuat alat bantu medis atau gigi sesuai pesanan.
4.A.3.a.2.r.1,Direct vehicle traffic.,Mengatur lalu lintas kendaraan.
4.A.3.a.2.s.1,Remove parts or components from vehicles.,Melepas suku cadang atau komponen dari kendaraan.
4.A.3.a.2.s.2,Disassemble equipment for maintenance or repair.,Membongkar peralatan untuk pemeliharaan atau perbaikan.
4.A.3.a.2.s.3,Disassemble equipment to inspect for deficiencies.,Membongkar peralatan untuk memeriksa kekurangannya.
4.A.3.a.2.s.4,"Remove accessories, tools, or other parts from equipment.","Melepas aksesori, perkakas, atau bagian lain dari peralatan."
4.A.3.a.2.s.5,Dismantle equipment or temporary structures.,Membongkar peralatan atau bangunan sementara.
4.A.3.a.2.s.6,Remove parts or components from equipment.,Melepas suku cadang atau komponen dari peralatan.
4.A.3.a.2.s.7,Dismantle heavy equipment or machinery.,Membongkar alat berat atau mesin.
4.A.3.a.2.t.1,"Install electrical components, equipment, or systems.","Memasang komponen, peralatan, atau sistem listrik."
4.A.3.a.2.t.2,Install drilling equipment.,Memasang peralatan pengeboran.
4.A.3.a.2.t.3,Install audio or communications equipment.,Memasang peralatan audio atau komunikasi.
4.A.3.a.2.t.4,Install production equipment or systems.,Memasang peralatan atau sistem produksi.
4.A.3.a.2.t.5,Install instrumentation or electronic equipment or systems.,Memasang instrumen atau peralatan dan sistem elektronik.
4.A.3.a.2.t.6,Install metering equipment.,Memasang alat pengukur (meteran).
4.A.3.a.2.t.7,Install home appliances.,Memasang peralatan rumah tangga.
4.A.3.a.2.u.1,"Treat nails by shaping, decorating, or augmenting.","Merawat kuku dengan membentuk, menghias, atau menambahkannya."
4.A.3.a.2.u.2,"Apply cleansing or conditioning agents to client hair, scalp, or skin.","Mengoleskan bahan pembersih atau perawatan pada rambut, kulit kepala, atau kulit klien."
4.A.3.a.2.u.3,Apply solutions to hair for therapeutic or cosmetic purposes.,Mengoleskan larutan pada rambut untuk perawatan atau kecantikan.
4.A.3.a.2.u.4,Apply makeup to alter or enhance appearance.,Merias wajah untuk mengubah atau mempercantik penampilan.
4.A.3.a.2.v.1,Adjust position of molds during processing.,Mengatur posisi cetakan selama proses.
4.A.3.a.2.v.10,Position material handling equipment.,Menempatkan alat pemindah barang pada posisinya.
4.A.3.a.2.v.11,Position hand tools.,Menempatkan perkakas tangan pada posisinya.
4.A.3.a.2.v.2,Position safety or support equipment.,Menempatkan peralatan keselamatan atau penyangga pada posisinya.
4.A.3.a.2.v.4,Position construction forms or molds.,Menempatkan bekisting atau cetakan konstruksi pada posisinya.
4.A.3.a.2.v.5,Position construction or extraction equipment.,Menempatkan alat konstruksi atau alat tambang pada posisinya.
4.A.3.a.2.v.6,"Position equipment using hand tools, power tools, or heavy equipment.","Menempatkan peralatan dengan perkakas tangan, perkakas listrik, atau alat berat."
4.A.3.a.2.v.7,"Position patterns on equipment, materials, or workpieces.","Menempatkan pola pada peralatan, bahan, atau benda kerja."
4.A.3.a.2.v.8,Level machines or equipment.,Meratakan posisi mesin atau peralatan.
4.A.3.a.2.v.9,Position containers to receive materials or workpieces.,Menempatkan wadah untuk menampung bahan atau benda kerja.
4.A.3.a.2.w.1,"Secure watercraft to docks, wharves or other vessels.",Menambatkan kapal ke dermaga atau ke kapal lain.
4.A.3.a.2.x.1,Adjust prostheses or other assistive devices.,Menyetel prostesis atau alat bantu lain.
4.A.3.a.2.x.2,Adjust dental devices or appliances to ensure fit.,Menyetel alat atau perangkat gigi agar pas.
4.A.3.a.2.y.1,"Engrave designs, text, or other markings onto materials, workpieces, or products.","Mengukir desain, tulisan, atau tanda lain pada bahan, benda kerja, atau produk."
4.A.3.a.2.z.1,Embalm corpses.,Membalsam jenazah.
4.A.3.a.3.a.1,Operate office equipment.,Mengoperasikan peralatan kantor.
4.A.3.a.3.b.1,Operate pumping systems or equipment.,Mengoperasikan sistem atau peralatan pompa.
4.A.3.a.3.b.2,Operate pumps or compressors.,Mengoperasikan pompa atau kompresor.
4.A.3.a.3.b.3,Control pumps or pumping equipment.,Mengendalikan pompa atau peralatan pemompaan.
4.A.3.a.3.c.1,Operate drilling equipment.,Mengoperasikan peralatan pengeboran.
4.A.3.a.3.c.2,Operate heavy-duty construction or installation equipment.,Mengoperasikan alat berat untuk konstruksi atau pemasangan.
4.A.3.a.3.c.3,Operate mining equipment.,Mengoperasikan peralatan tambang.
4.A.3.a.3.c.4,Operate excavation equipment.,Mengoperasikan alat penggali.
4.A.3.a.3.c.5,"Break up rock, asphalt, or concrete.","Memecah batu, aspal, atau beton."
4.A.3.a.3.c.6,Operate road-surfacing equipment.,Mengoperasikan alat pelapis permukaan jalan.
4.A.3.a.3.c.7,Operate equipment or vehicles to clear construction sites or move materials.,Mengoperasikan alat atau kendaraan untuk membersihkan lokasi konstruksi atau memindahkan bahan.
4.A.3.a.3.c.8,Operate detonation equipment.,Mengoperasikan peralatan peledakan.
4.A.3.a.3.d.1,Process x-rays or other medical images.,Memproses foto rontgen atau gambar medis lain.
4.A.3.a.3.d.2,Create advanced digital images of patients using computer imaging systems.,Membuat gambar digital pasien dengan sistem pencitraan komputer.
4.A.3.a.3.d.3,Operate diagnostic or therapeutic medical instruments or equipment.,Mengoperasikan instrumen atau peralatan medis untuk diagnosis atau terapi.
4.A.3.a.3.d.4,Operate diagnostic imaging equipment.,Mengoperasikan peralatan pencitraan diagnostik.
4.A.3.a.3.d.5,Operate medical equipment.,Mengoperasikan peralatan medis.
4.A.3.a.3.e.1,"Operate control consoles for sound, lighting or video.","Mengoperasikan konsol kendali suara, pencahayaan, atau video."
4.A.3.a.3.e.2,Operate surveillance equipment to detect suspicious or illegal activities.,Mengoperasikan peralatan pengawasan untuk mendeteksi kegiatan mencurigakan atau ilegal.
4.A.3.a.3.e.3,Operate audiovisual equipment.,Mengoperasikan peralatan audiovisual.
4.A.3.a.3.e.4,Operate still or video cameras or related equipment.,Mengoperasikan kamera foto atau video beserta perlengkapannya.
4.A.3.a.3.e.6,Operate audio recording equipment.,Mengoperasikan peralatan perekam suara.
4.A.3.a.3.f.1,Operate chemical processing or water treatment systems or equipment.,Mengoperasikan sistem atau peralatan pengolahan kimia atau pengolahan air.
4.A.3.a.3.f.10,Operate photographic developing or print production equipment.,Mengoperasikan peralatan cuci cetak foto.
4.A.3.a.3.f.11,Operate equipment to print images or bind printed images together.,Mengoperasikan peralatan untuk mencetak gambar atau menjilid hasil cetakan.
4.A.3.a.3.f.12,Operate metal or plastic forming equipment.,Mengoperasikan peralatan pembentuk logam atau plastik.
4.A.3.a.3.f.13,Operate industrial equipment.,Mengoperasikan peralatan industri.
4.A.3.a.3.f.2,Operate painting or coating equipment.,Mengoperasikan peralatan pengecatan atau pelapisan.
4.A.3.a.3.f.4,Operate packing or other material processing equipment.,Mengoperasikan peralatan pengemasan atau pengolahan bahan lain.
4.A.3.a.3.f.5,"Smooth garments with irons, presses, or steamers.","Merapikan pakaian dengan setrika, alat pres, atau penguap."
4.A.3.a.3.f.6,"Operate cooking, baking, or other food preparation equipment.","Mengoperasikan peralatan memasak, memanggang, atau penyiapan makanan lain."
4.A.3.a.3.f.7,Operate heating or drying equipment.,Mengoperasikan peralatan pemanas atau pengering.
4.A.3.a.3.f.8,Operate mixing equipment.,Mengoperasikan peralatan pencampur.
4.A.3.a.3.f.9,Operate conveyors or other industrial material moving equipment.,Mengoperasikan konveyor atau alat pemindah bahan industri lain.
4.A.3.a.3.g.1,Operate energy production equipment.,Mengoperasikan peralatan pembangkit energi.
4.A.3.a.3.g.2,Operate natural gas generation equipment.,Mengoperasikan peralatan produksi gas alam.
4.A.3.a.3.g.5,Operate energy distribution equipment.,Mengoperasikan peralatan distribusi energi.
4.A.3.a.3.h.1,Operate forklifts or other loaders.,Mengoperasikan forklift atau alat muat lain.
4.A.3.a.3.h.2,Lift materials or workpieces using cranes or other lifting equipment.,Mengangkat bahan atau benda kerja dengan derek atau alat angkat lain.
4.A.3.a.3.h.3,"Operate cranes, hoists, or other moving or lifting equipment.","Mengoperasikan derek, kerekan, atau alat pemindah dan pengangkat lain."
4.A.3.a.3.i.1,Operate laboratory or field equipment.,Mengoperasikan peralatan laboratorium atau lapangan.
4.A.3.a.3.i.2,Operate precision equipment to control microscopic or nanoscopic processes.,Mengoperasikan peralatan presisi untuk mengendalikan proses berskala mikro atau nano.
4.A.3.a.3.i.3,Operate laboratory equipment to analyze medical samples.,Mengoperasikan peralatan laboratorium untuk menganalisis sampel medis.
4.A.3.a.3.j.1,Operate communications equipment or systems.,Mengoperasikan peralatan atau sistem komunikasi.
4.A.3.a.3.j.2,"Operate communications, transmissions, or broadcasting equipment.","Mengoperasikan peralatan komunikasi, transmisi, atau penyiaran."
4.A.3.a.3.k.1,Operate irrigation systems.,Mengoperasikan sistem irigasi.
4.A.3.a.3.k.2,Operate forestry equipment.,Mengoperasikan peralatan kehutanan.
4.A.3.a.3.k.3,Operate grounds maintenance equipment.,Mengoperasikan peralatan perawatan taman.
4.A.3.a.3.k.4,Operate farming equipment.,Mengoperasikan peralatan pertanian.
4.A.3.a.3.l.1,Operate grinding equipment.,Mengoperasikan peralatan gerinda.
4.A.3.a.3.l.2,Operate cutting equipment.,Mengoperasikan peralatan potong.
4.A.3.a.3.l.3,Operate woodworking equipment.,Mengoperasikan peralatan pengolah kayu.
4.A.3.a.3.l.4,Operate textile cutting or production equipment.,Mengoperasikan peralatan potong atau produksi tekstil.
4.A.3.a.4.a.1,Operate ships or other watercraft.,Mengoperasikan kapal atau perahu lain.
4.A.3.a.4.a.10,Drive trucks or truck-mounted equipment.,Mengemudikan truk atau alat yang terpasang di truk.
4.A.3.a.4.a.11,Pilot aircraft.,Menerbangkan pesawat.
4.A.3.a.4.a.12,Drive trucks or other vehicles to or at work sites.,Mengemudikan truk atau kendaraan lain ke atau di lokasi kerja.
4.A.3.a.4.a.13,Operate locomotives or other rail vehicles.,Mengoperasikan lokomotif atau kendaraan rel lain.
4.A.3.a.4.a.14,Drive passenger vehicles.,Mengemudikan kendaraan penumpang.
4.A.3.a.4.a.2,Navigate water vessels.,Menavigasi kapal.
4.A.3.a.4.a.3,Drive vehicles to transport individuals or equipment.,Mengemudikan kendaraan untuk mengangkut orang atau peralatan.
4.A.3.a.4.a.4,Follow safety procedures for vehicle operation.,Mengikuti prosedur keselamatan dalam mengoperasikan kendaraan.
4.A.3.a.4.a.5,"Travel to work sites to perform installation, repair or maintenance work.","Bepergian ke lokasi kerja untuk memasang, memperbaiki, atau memelihara."
4.A.3.a.4.a.6,Operate vehicles or material-moving equipment.,Mengoperasikan kendaraan atau alat pemindah barang.
4.A.3.a.4.a.7,Operate transportation equipment to demonstrate function or malfunction.,Mengoperasikan alat transportasi untuk menunjukkan fungsi atau kerusakannya.
4.A.3.a.4.a.8,Control equipment that regulates vehicle traffic.,Mengendalikan peralatan pengatur lalu lintas kendaraan.
4.A.3.a.4.a.9,Drive vehicles to transport patrons.,Mengemudikan kendaraan untuk mengangkut penumpang.
4.A.3.b.1.a.1,"Enter commands, instructions, or specifications into equipment.","Memasukkan perintah, instruksi, atau spesifikasi ke dalam peralatan."
4.A.3.b.1.a.2,Program equipment to perform production tasks.,Memprogram peralatan untuk menjalankan tugas produksi.
4.A.3.b.1.a.3,Write computer programming code.,Menulis kode program komputer.
4.A.3.b.1.a.4,Program robotic equipment.,Memprogram peralatan robot.
4.A.3.b.1.b.1,Implement security measures for computer or information systems.,Menerapkan langkah pengamanan pada sistem komputer atau informasi.
4.A.3.b.1.b.2,Create electronic data backup to prevent loss of information.,Membuat cadangan data elektronik agar informasi tidak hilang.
4.A.3.b.1.c.1,Install computer software.,Memasang perangkat lunak komputer.
4.A.3.b.1.c.2,Install computer hardware.,Memasang perangkat keras komputer.
4.A.3.b.1.c.3,Install programs onto computer or computer-controlled equipment.,Memasang program pada komputer atau peralatan yang dikendalikan komputer.
4.A.3.b.1.c.4,Configure computer networks.,Mengonfigurasi jaringan komputer.
4.A.3.b.1.d.1,Resolve computer network problems.,Mengatasi masalah jaringan komputer.
4.A.3.b.1.d.2,Troubleshoot issues with computer applications or systems.,Mencari dan mengatasi masalah pada aplikasi atau sistem komputer.
4.A.3.b.1.d.3,Resolve computer software problems.,Mengatasi masalah perangkat lunak komputer.
4.A.3.b.1.e.1,Operate computers or computerized equipment.,Mengoperasikan komputer atau peralatan terkomputerisasi.
4.A.3.b.1.e.2,Operate computer systems.,Mengoperasikan sistem komputer.
4.A.3.b.1.f.1,Load digital images onto computers or websites.,Mengunggah gambar digital ke komputer atau situs web.
4.A.3.b.1.f.10,Enter codes or other information into computers.,Memasukkan kode atau informasi lain ke komputer.
4.A.3.b.1.f.11,Convert data among multiple digital or analog formats.,Mengubah data antarformat digital atau analog.
4.A.3.b.1.f.12,"Format digital documents, data, or images.","Memformat dokumen, data, atau gambar digital."
4.A.3.b.1.f.2,Operate digital imaging equipment.,Mengoperasikan peralatan pencitraan digital.
4.A.3.b.1.f.3,Enter patient or treatment data into computers.,Memasukkan data pasien atau data perawatan ke komputer.
4.A.3.b.1.f.4,Update website content.,Memperbarui isi situs web.
4.A.3.b.1.f.5,Update computer database information.,Memperbarui informasi basis data komputer.
4.A.3.b.1.f.6,Enter information into databases or software programs.,Memasukkan informasi ke basis data atau program perangkat lunak.
4.A.3.b.1.f.7,Prepare data for analysis.,Menyiapkan data untuk dianalisis.
4.A.3.b.1.f.8,Code data or other information.,Memberi kode pada data atau informasi lain.
4.A.3.b.2.a.1,Determine design criteria or specifications.,Menentukan kriteria atau spesifikasi rancangan.
4.A.3.b.2.a.2,Develop specifications for new products or processes.,Menyusun spesifikasi untuk produk atau proses baru.
4.A.3.b.2.a.3,Develop specifications or procedures for website development or maintenance.,Menyusun spesifikasi atau prosedur pengembangan atau pemeliharaan situs web.
4.A.3.b.2.a.4,Develop technical specifications for systems or equipment.,Menyusun spesifikasi teknis sistem atau peralatan.
4.A.3.b.2.a.5,Develop specifications for computer network operation.,Menyusun spesifikasi operasi jaringan komputer.
4.A.3.b.2.a.6,Determine operational criteria or specifications.,Menentukan kriteria atau spesifikasi operasi.
4.A.3.b.2.a.7,Develop performance metrics or standards related to information technology.,Menyusun ukuran atau standar kinerja teknologi informasi.
4.A.3.b.2.b.1,Plan facility layouts or designs.,Merencanakan tata letak atau rancangan fasilitas.
4.A.3.b.2.b.2,Incorporate green features into the design of structures or facilities.,Memasukkan unsur ramah lingkungan ke dalam rancangan bangunan atau fasilitas.
4.A.3.b.2.b.3,Design civil structures or systems.,Merancang bangunan atau sistem sipil.
4.A.3.b.2.b.4,Design structures or facilities.,Merancang bangunan atau fasilitas.
4.A.3.b.2.b.5,Design furniture.,Merancang mebel.
4.A.3.b.2.c.1,Design industrial processing systems.,Merancang sistem pengolahan industri.
4.A.3.b.2.c.2,Develop equipment or component configurations.,Mengembangkan konfigurasi peralatan atau komponen.
4.A.3.b.2.c.3,Design industrial equipment.,Merancang peralatan industri.
4.A.3.b.2.c.4,Design energy production or management equipment or systems.,Merancang peralatan atau sistem produksi atau pengelolaan energi.
4.A.3.b.2.c.5,"Design tools, fixtures, or other devices for production equipment.","Merancang perkakas, perlengkapan, atau alat lain untuk peralatan produksi."
4.A.3.b.2.c.6,Design control systems for mechanical or other equipment.,Merancang sistem kendali untuk peralatan mekanis atau peralatan lain.
4.A.3.b.2.d.1,Create models of engineering designs or methods.,Membuat model rancangan atau metode rekayasa.
4.A.3.b.2.d.2,Develop models of information or communications systems.,Mengembangkan model sistem informasi atau komunikasi.
4.A.3.b.2.d.3,Create physical models or prototypes.,Membuat model fisik atau purwarupa.
4.A.3.b.2.e.1,Design electromechanical equipment or systems.,Merancang peralatan atau sistem elektromekanik.
4.A.3.b.2.e.2,Design electrical equipment or systems.,Merancang peralatan atau sistem listrik.
4.A.3.b.2.e.3,Design electronic or computer equipment or instrumentation.,Merancang peralatan atau instrumen elektronik atau komputer.
4.A.3.b.2.f.1,Develop procedures for data management.,Menyusun prosedur pengelolaan data.
4.A.3.b.2.f.10,Develop data analysis or data management procedures.,Menyusun prosedur analisis atau pengelolaan data.
4.A.3.b.2.f.12,Develop new or advanced products or production methods.,Mengembangkan produk atau metode produksi yang baru atau lebih maju.
4.A.3.b.2.f.13,Develop procedures to evaluate organizational activities.,Menyusun prosedur untuk mengevaluasi kegiatan organisasi.
4.A.3.b.2.f.14,Develop technical methods or processes.,Mengembangkan metode atau proses teknis.
4.A.3.b.2.f.15,Develop testing routines or procedures.,Menyusun rutinitas atau prosedur pengujian.
4.A.3.b.2.f.16,Develop procedures for data entry or processing.,Menyusun prosedur entri atau pengolahan data.
4.A.3.b.2.f.17,"Establish standards for products, processes, or procedures.","Menetapkan standar produk, proses, atau prosedur."
4.A.3.b.2.f.18,Develop agricultural methods.,Mengembangkan metode pertanian.
4.A.3.b.2.f.2,Establish nursing policies or standards.,Menetapkan kebijakan atau standar keperawatan.
4.A.3.b.2.f.3,Develop information communication procedures.,Menyusun prosedur penyampaian informasi.
4.A.3.b.2.f.4,Develop business or financial information systems.,Mengembangkan sistem informasi bisnis atau keuangan.
4.A.3.b.2.f.5,"Develop policies or procedures for archives, museums or libraries.","Menyusun kebijakan atau prosedur untuk arsip, museum, atau perpustakaan."
4.A.3.b.2.f.6,Develop financial analysis methods.,Mengembangkan metode analisis keuangan.
4.A.3.b.2.f.7,Establish standards for medical care.,Menetapkan standar pelayanan medis.
4.A.3.b.2.f.8,Develop guidelines for system implementation.,Menyusun pedoman penerapan sistem.
4.A.3.b.2.f.9,Develop computer or information security policies or procedures.,Menyusun kebijakan atau prosedur keamanan komputer atau informasi.
4.A.3.b.4.a.1,Maintain facilities.,Memelihara fasilitas.
4.A.3.b.4.a.2,Perform basic equipment maintenance.,Melakukan pemeliharaan dasar peralatan.
4.A.3.b.4.a.3,Maintain plumbing structures or fixtures.,Memelihara instalasi atau perlengkapan pipa air.
4.A.3.b.4.a.4,Repair structural components.,Memperbaiki komponen struktur.
4.A.3.b.4.a.5,Repair pipes to stop leaking.,Memperbaiki pipa agar tidak bocor.
4.A.3.b.4.a.6,"Service heating, ventilation or air-conditioning (HVAC) systems or components.","Merawat sistem atau komponen pemanas, ventilasi, atau pendingin udara (HVAC)."
4.A.3.b.4.b.1,Repair furniture or upholstery.,Memperbaiki mebel atau pelapis jok.
4.A.3.b.4.b.2,"Repair templates, patterns, or molds.","Memperbaiki templat, pola, atau cetakan."
4.A.3.b.4.b.3,Repair precision devices or workpieces.,Memperbaiki alat presisi atau benda kerja presisi.
4.A.3.b.4.b.4,Repair parts or assemblies.,Memperbaiki komponen atau rakitan.
4.A.3.b.4.c.1,Replace worn equipment components.,Mengganti komponen peralatan yang aus.
4.A.3.b.4.c.3,"Replace worn, damaged, or defective mechanical parts.","Mengganti komponen mekanis yang aus, rusak, atau cacat."
4.A.3.b.4.c.4,Repair production equipment or tools.,Memperbaiki peralatan atau perkakas produksi.
4.A.3.b.4.c.5,"Repair worn, damaged, or defective mechanical parts.","Memperbaiki komponen mekanis yang aus, rusak, atau cacat."
4.A.3.b.4.d.1,Repair defective engines or engine components.,Memperbaiki mesin atau komponen mesin yang rusak.
4.A.3.b.4.d.2,Replace vehicle glass.,Mengganti kaca kendaraan.
4.A.3.b.4.d.3,Repair tires.,Menambal ban.
4.A.3.b.4.d.4,Repair non-engine automotive or vehicle components.,Memperbaiki komponen kendaraan selain mesin.
4.A.3.b.4.d.5,Rebuild parts or components.,Membangun ulang suku cadang atau komponen.
4.A.3.b.4.e.1,Service green vehicles to make repairs or maintain good working order.,Merawat kendaraan ramah lingkungan agar tetap berfungsi baik.
4.A.3.b.4.e.2,Maintain vehicles in good working condition.,Merawat kendaraan agar tetap berfungsi baik.
4.A.3.b.4.e.3,Maintain watercraft engines or machinery.,Merawat mesin atau permesinan kapal.
4.A.3.b.4.e.4,Maintain locomotives or other rail equipment in good working condition.,Merawat lokomotif atau peralatan kereta api lain agar tetap berfungsi baik.
4.A.3.b.4.e.5,Service vehicles to maintain functionality.,Menyervis kendaraan agar tetap berfungsi.
4.A.3.b.4.e.6,Maintain material moving equipment in good working condition.,Merawat alat pemindah barang agar tetap berfungsi baik.
4.A.3.b.4.f.1,Maintain medical equipment or instruments.,Merawat peralatan atau instrumen medis.
4.A.3.b.4.f.2,Maintain medical laboratory equipment.,Merawat peralatan laboratorium medis.
4.A.3.b.4.f.3,Repair medical or dental assistive devices.,Memperbaiki alat bantu medis atau gigi.
4.A.3.b.4.f.4,Repair medical facility equipment.,Memperbaiki peralatan fasilitas medis.
4.A.3.b.5.a.1,Maintain mechanical equipment.,Merawat peralatan mekanis.
4.A.3.b.5.a.10,Maintain extraction or excavation equipment.,Merawat peralatan tambang atau penggalian.
4.A.3.b.5.a.12,Apply lubricants or coolants to workpieces.,Mengoleskan pelumas atau pendingin pada benda kerja.
4.A.3.b.5.a.13,Perform manual service or maintenance tasks.,Melakukan pekerjaan servis atau pemeliharaan secara manual.
4.A.3.b.5.a.14,Maintain construction tools or equipment.,Merawat perkakas atau peralatan konstruksi.
4.A.3.b.5.a.15,Maintain fire fighting tools or equipment.,Merawat perkakas atau peralatan pemadam kebakaran.
4.A.3.b.5.a.16,Maintain work equipment or machinery.,Merawat peralatan atau mesin kerja.
4.A.3.b.5.a.17,Lubricate production equipment.,Melumasi peralatan produksi.
4.A.3.b.5.a.18,Maintain electromechanical equipment.,Merawat peralatan elektromekanik.
4.A.3.b.5.a.19,Sharpen cutting or grinding tools.,Mengasah alat potong atau alat gerinda.
4.A.3.b.5.a.2,Maintain production or processing equipment.,Merawat peralatan produksi atau pengolahan.
4.A.3.b.5.a.3,Maintain equipment or systems to ensure proper functioning.,Merawat peralatan atau sistem agar berfungsi dengan baik.
4.A.3.b.5.a.4,Maintain office equipment in proper operating condition.,Merawat peralatan kantor agar tetap berfungsi baik.
4.A.3.b.5.a.5,Maintain sustainable energy production equipment.,Merawat peralatan pembangkit energi berkelanjutan.
4.A.3.b.5.a.6,"Maintain forestry, hunting, or agricultural equipment.","Merawat peralatan kehutanan, perburuan, atau pertanian."
4.A.3.b.5.a.7,Lubricate equipment to allow proper functioning.,Melumasi peralatan agar berfungsi dengan baik.
4.A.3.b.5.a.8,Maintain drilling equipment.,Merawat peralatan pengeboran.
4.A.3.b.5.a.9,Clear equipment jams.,Mengatasi kemacetan pada peralatan.
4.A.3.b.5.b.1,Repair electrical circuits or wiring.,Memperbaiki rangkaian atau kabel listrik.
4.A.3.b.5.b.2,Repair electrical equipment.,Memperbaiki peralatan listrik.
4.A.3.b.5.b.3,Repair electronic equipment.,Memperbaiki peralatan elektronik.
4.A.3.b.5.b.4,Repair electrical components.,Memperbaiki komponen listrik.
4.A.3.b.5.c.1,Maintain computer hardware.,Merawat perangkat keras komputer.
4.A.3.b.5.c.2,Maintain computer networks to enhance performance and user access.,Merawat jaringan komputer untuk meningkatkan kinerja dan akses pengguna.
4.A.3.b.5.c.3,Maintain recording or broadcasting equipment.,Merawat peralatan rekaman atau penyiaran.
4.A.3.b.5.c.4,Maintain electronic equipment.,Merawat peralatan elektronik.
4.A.3.b.5.c.5,Maintain laboratory or technical equipment.,Merawat peralatan laboratorium atau peralatan teknis.
4.A.3.b.5.c.6,Maintain computer equipment or software.,Merawat peralatan atau perangkat lunak komputer.
4.A.3.b.5.c.7,Maintain test equipment.,Merawat peralatan uji.
4.A.3.b.6.a.1,Prepare financial documents.,Menyiapkan dokumen keuangan.
4.A.3.b.6.a.2,"Prepare financial documents, reports, or budgets.","Menyiapkan dokumen, laporan, atau anggaran keuangan."
4.A.3.b.6.b.1,Prepare written decisions for legal proceedings.,Menyusun putusan tertulis untuk proses hukum.
4.A.3.b.6.b.2,Prepare documentation of legal proceedings.,Menyiapkan dokumentasi proses hukum.
4.A.3.b.6.b.3,Record information about legal matters.,Mencatat informasi tentang perkara hukum.
4.A.3.b.6.b.4,Record information about suspects or criminals.,Mencatat informasi tentang tersangka atau pelaku kejahatan.
4.A.3.b.6.b.5,Record information from legal proceedings.,Mencatat informasi dari proses hukum.
4.A.3.b.6.b.6,Prepare investigation or incident reports.,Menyusun laporan penyelidikan atau laporan kejadian.
4.A.3.b.6.b.7,Document information related to legal proceedings.,Mendokumentasikan informasi terkait proses hukum.
4.A.3.b.6.b.8,Record information about suspicious objects.,Mencatat informasi tentang benda mencurigakan.
4.A.3.b.6.c.1,Present research results to others.,Memaparkan hasil penelitian kepada orang lain.
4.A.3.b.6.c.10,Present medical research reports.,Memaparkan laporan penelitian medis.
4.A.3.b.6.c.2,Prepare research or technical reports.,Menyusun laporan penelitian atau laporan teknis.
4.A.3.b.6.c.3,Prepare research reports.,Menyusun laporan penelitian.
4.A.3.b.6.c.4,Prepare scientific or technical reports or presentations.,Menyusun laporan atau presentasi ilmiah atau teknis.
4.A.3.b.6.c.5,Prepare analytical reports.,Menyusun laporan analisis.
4.A.3.b.6.c.6,Write reports or evaluations.,Menulis laporan atau evaluasi.
4.A.3.b.6.c.7,Prepare research or technical reports on environmental issues.,Menyusun laporan penelitian atau laporan teknis tentang masalah lingkungan.
4.A.3.b.6.c.8,Prepare technical or operational reports.,Menyusun laporan teknis atau laporan operasi.
4.A.3.b.6.c.9,Prepare technical reports for internal use.,Menyusun laporan teknis untuk keperluan internal.
4.A.3.b.6.d.1,Record information about environmental conditions.,Mencatat informasi tentang kondisi lingkungan.
4.A.3.b.6.e.1,Record images needed to address work issues.,Merekam gambar yang dibutuhkan untuk menangani masalah pekerjaan.
4.A.3.b.6.e.2,Record crime or accident scene evidence with video or still cameras.,Merekam bukti di tempat kejadian kejahatan atau kecelakaan dengan kamera video atau foto.
4.A.3.b.6.e.3,"Document events or evidence, using photographic or audiovisual equipment.",Mendokumentasikan peristiwa atau bukti dengan peralatan foto atau audiovisual.
4.A.3.b.6.f.1,Prepare official health documents or records.,Menyiapkan dokumen atau catatan kesehatan resmi.
4.A.3.b.6.f.2,Document client health or progress.,Mendokumentasikan kesehatan atau perkembangan klien.
4.A.3.b.6.f.3,Prepare medical reports or documents.,Menyiapkan laporan atau dokumen medis.
4.A.3.b.6.f.4,Prepare reports summarizing patient diagnostic or care activities.,Menyusun laporan ringkasan kegiatan diagnosis atau perawatan pasien.
4.A.3.b.6.g.1,Develop proposals for current or prospective customers.,Menyusun proposal untuk pelanggan atau calon pelanggan.
4.A.3.b.6.g.2,Write grant proposals.,Menulis proposal hibah.
4.A.3.b.6.g.3,Prepare proposal documents.,Menyiapkan dokumen proposal.
4.A.3.b.6.g.4,Prepare proposals or grant applications to obtain project funding.,Menyiapkan proposal atau permohonan hibah untuk memperoleh dana proyek.
4.A.3.b.6.g.5,Prepare proposal documents or grant applications.,Menyiapkan dokumen proposal atau permohonan hibah.
4.A.3.b.6.h.1,Record details of deliveries or shipments.,Mencatat rincian pengantaran atau pengiriman.
4.A.3.b.6.h.10,Maintain personnel records.,Mengelola catatan kepegawaian.
4.A.3.b.6.h.11,Document operational activities.,Mendokumentasikan kegiatan operasi.
4.A.3.b.6.h.12,Maintain student records.,Mengelola catatan siswa.
4.A.3.b.6.h.13,"Record information about parts, materials or repair procedures.","Mencatat informasi tentang suku cadang, bahan, atau prosedur perbaikan."
4.A.3.b.6.h.14,Maintain data in information systems or databases.,Mengelola data dalam sistem informasi atau basis data.
4.A.3.b.6.h.15,Maintain records of customer accounts.,Mengelola catatan rekening pelanggan.
4.A.3.b.6.h.16,Transcribe spoken or written information.,Menyalin informasi lisan atau tertulis.
4.A.3.b.6.h.17,Document work hours or activities.,Mencatat jam kerja atau kegiatan kerja.
4.A.3.b.6.h.18,Record research or operational data.,Mencatat data penelitian atau data operasi.
4.A.3.b.6.h.19,Record operational details of travel.,Mencatat rincian perjalanan.
4.A.3.b.6.h.2,Document operational procedures.,Mendokumentasikan prosedur operasi.
4.A.3.b.6.h.20,Record shipping information.,Mencatat informasi pengiriman.
4.A.3.b.6.h.21,Maintain operational records or records systems.,Mengelola catatan operasi atau sistem pencatatan.
4.A.3.b.6.h.22,Record service or repair activities.,Mencatat kegiatan servis atau perbaikan.
4.A.3.b.6.h.23,Maintain social services program records.,Mengelola catatan program layanan sosial.
4.A.3.b.6.h.24,Maintain repair or maintenance records.,Mengelola catatan perbaikan atau pemeliharaan.
4.A.3.b.6.h.25,Maintain call records.,Mengelola catatan panggilan.
4.A.3.b.6.h.26,Record personnel information.,Mencatat informasi kepegawaian.
4.A.3.b.6.h.27,Record operational or environmental data.,Mencatat data operasi atau data lingkungan.
4.A.3.b.6.h.28,Maintain logs of production activities.,Mengelola catatan harian kegiatan produksi.
4.A.3.b.6.h.29,Record information from meetings or other formal proceedings.,Mencatat informasi dari rapat atau acara resmi lain.
4.A.3.b.6.h.3,Record operational or production data.,Mencatat data operasi atau produksi.
4.A.3.b.6.h.30,Document organizational or operational procedures.,Mendokumentasikan prosedur organisasi atau operasi.
4.A.3.b.6.h.31,Record production information.,Mencatat informasi produksi.
4.A.3.b.6.h.5,Maintain operational records.,Mengelola catatan operasi.
4.A.3.b.6.h.6,Maintain client information or service records.,Mengelola informasi klien atau catatan layanan.
4.A.3.b.6.h.7,Maintain inventory records.,Mengelola catatan persediaan.
4.A.3.b.6.h.8,Record agricultural or forestry inventory data.,Mencatat data persediaan pertanian atau kehutanan.
4.A.3.b.6.h.9,"Maintain records, documents, or other files.","Mengelola catatan, dokumen, atau berkas lain."
4.A.3.b.6.i.1,Prepare procedural documents.,Menyiapkan dokumen prosedur.
4.A.3.b.6.i.2,Document technical design details.,Mendokumentasikan rincian rancangan teknis.
4.A.3.b.6.i.3,Document network-related activities or tasks.,Mendokumentasikan kegiatan atau tugas terkait jaringan.
4.A.3.b.6.i.4,Document technical specifications or requirements.,Mendokumentasikan spesifikasi atau kebutuhan teknis.
4.A.3.b.6.i.5,Document design or development procedures.,Mendokumentasikan prosedur perancangan atau pengembangan.
4.A.3.b.6.i.6,Document test results.,Mendokumentasikan hasil pengujian.
4.A.3.b.6.i.7,Document design or operational test results.,Mendokumentasikan hasil uji rancangan atau uji operasi.
4.A.3.b.6.j.1,Record sales or transactions data.,Mencatat data penjualan atau transaksi.
4.A.3.b.6.j.2,Maintain records of sales or other business transactions.,Mengelola catatan penjualan atau transaksi usaha lain.
4.A.3.b.6.j.3,Maintain financial or account records.,Mengelola catatan keuangan atau rekening.
4.A.3.b.6.k.1,Maintain client records.,Mengelola catatan klien.
4.A.3.b.6.k.2,Maintain medical facility records.,Mengelola catatan fasilitas medis.
4.A.3.b.6.k.3,Record vital statistics or other health information.,Mencatat tanda vital atau informasi kesehatan lain.
4.A.3.b.6.k.4,Record patient medical histories.,Mencatat riwayat kesehatan pasien.
4.A.3.b.6.k.5,Maintain medical records.,Mengelola rekam medis.
4.A.3.b.6.l.1,Document lesson plans.,Mendokumentasikan rencana pelajaran.
4.A.3.b.6.l.10,Develop training materials.,Mengembangkan materi pelatihan.
4.A.3.b.6.l.2,Organize informational materials.,Menata bahan informasi.
4.A.3.b.6.l.3,Create technology-based learning materials.,Membuat bahan ajar berbasis teknologi.
4.A.3.b.6.l.4,Modify teaching methods or materials to accommodate student needs.,Menyesuaikan metode atau bahan ajar dengan kebutuhan siswa.
4.A.3.b.6.l.5,Write informational material.,Menulis bahan informasi.
4.A.3.b.6.l.6,Prepare healthcare training materials.,Menyiapkan materi pelatihan kesehatan.
4.A.3.b.6.l.7,Prepare informational or reference materials.,Menyiapkan bahan informasi atau bahan rujukan.
4.A.3.b.6.l.8,Prepare instruction manuals.,Menyusun buku petunjuk.
4.A.3.b.6.l.9,Develop instructional materials.,Mengembangkan bahan ajar.
4.A.3.b.6.m.1,Prepare sales or other contracts.,Menyiapkan kontrak penjualan atau kontrak lain.
4.A.3.b.6.m.2,Prepare contracts or other transaction documents.,Menyiapkan kontrak atau dokumen transaksi lain.
4.A.3.b.6.m.3,Prepare documentation for permits or licenses.,Menyiapkan dokumen untuk izin atau lisensi.
4.A.3.b.6.m.4,Prepare forms or applications.,Menyiapkan formulir atau permohonan.
4.A.3.b.6.m.5,"Prepare documentation for contracts, transactions, or regulatory compliance.","Menyiapkan dokumen untuk kontrak, transaksi, atau kepatuhan terhadap peraturan."
4.A.3.b.6.m.6,"Prepare contracts, disclosures, or applications.","Menyiapkan kontrak, pernyataan pengungkapan, atau permohonan."
4.A.3.b.6.n.1,Prepare legal or investigatory documentation.,Menyiapkan dokumen hukum atau dokumen penyelidikan.
4.A.3.b.6.n.2,Prepare reports related to compliance matters.,Menyusun laporan terkait kepatuhan.
4.A.3.b.6.n.3,Maintain the order of legal documents.,Menjaga keteraturan dokumen hukum.
4.A.3.b.6.n.4,Maintain regulatory or compliance documentation.,Mengelola dokumen peraturan atau kepatuhan.
4.A.3.b.6.n.5,Prepare regulatory or compliance documentation.,Menyiapkan dokumen peraturan atau kepatuhan.
4.A.3.b.6.n.6,Prepare information or documentation related to legal or regulatory matters.,Menyiapkan informasi atau dokumen terkait urusan hukum atau peraturan.
4.A.3.b.6.n.7,Complete documentation required by programs or regulations.,Melengkapi dokumen yang diwajibkan program atau peraturan.
4.A.3.b.6.n.8,Document legal or regulatory information.,Mendokumentasikan informasi hukum atau peraturan.
4.A.3.b.6.n.9,Prepare legal documents.,Menyiapkan dokumen hukum.
4.A.3.b.6.o.1,Prepare operational reports or records.,Menyusun laporan atau catatan operasi.
4.A.3.b.6.o.2,Prepare reports detailing student activities or performance.,Menyusun laporan tentang kegiatan atau prestasi siswa.
4.A.3.b.6.o.3,Prepare accident or incident reports.,Menyusun laporan kecelakaan atau kejadian.
4.A.3.b.6.o.4,Prepare operational reports.,Menyusun laporan operasi.
4.A.3.b.6.o.5,Write operational reports.,Menulis laporan operasi.
4.A.3.b.6.o.6,Prepare operational progress or status reports.,Menyusun laporan kemajuan atau status operasi.
4.A.3.b.6.p.1,"Write articles, books or other original materials in area of expertise.","Menulis artikel, buku, atau karya asli lain di bidang keahlian."
4.A.3.b.6.p.2,Write material for artistic or entertainment purposes.,Menulis karya untuk tujuan seni atau hiburan.
4.A.3.b.6.p.3,Write advertising or promotional material.,Menulis materi iklan atau promosi.
4.A.4.a.1.a.1,Present work to clients for approval.,Menunjukkan hasil kerja kepada klien untuk disetujui.
4.A.4.a.1.a.2,Explain use of products or services.,Menjelaskan cara memakai produk atau jasa.
4.A.4.a.1.a.3,Discuss goods or services information with customers or patrons.,Membahas informasi barang atau jasa dengan pelanggan.
4.A.4.a.1.a.4,"Explain engineering drawings, specifications, or other technical information.","Menjelaskan gambar teknik, spesifikasi, atau informasi teknis lain."
4.A.4.a.1.a.5,Explain technical product or service information to customers.,Menjelaskan informasi teknis produk atau jasa kepada pelanggan.
4.A.4.a.1.a.6,Provide information about landscaping services or costs.,Memberikan informasi tentang layanan atau biaya pertamanan.
4.A.4.a.1.b.1,Inform others about laws or regulations.,Memberi tahu orang lain tentang hukum atau peraturan.
4.A.4.a.1.b.2,"Inform the public about policies, services or procedures.","Memberi tahu masyarakat tentang kebijakan, layanan, atau prosedur."
4.A.4.a.1.b.3,Communicate organizational policies and procedures.,Menyampaikan kebijakan dan prosedur organisasi.
4.A.4.a.1.b.4,"Explain regulations, policies, or procedures.","Menjelaskan peraturan, kebijakan, atau prosedur."
4.A.4.a.1.b.5,Communicate organizational information to customers or other stakeholders.,Menyampaikan informasi organisasi kepada pelanggan atau pemangku kepentingan lain.
4.A.4.a.1.b.6,"Communicate with clients about products, procedures, and policies.","Berkomunikasi dengan klien tentang produk, prosedur, dan kebijakan."
4.A.4.a.1.c.1,Translate information for others.,Menerjemahkan informasi untuk orang lain.
4.A.4.a.1.c.2,Interpret cultural or religious information for others.,Menjelaskan informasi budaya atau keagamaan kepada orang lain.
4.A.4.a.1.d.1,Educate clients on financial planning topics.,Mengedukasi klien tentang perencanaan keuangan.
4.A.4.a.1.d.2,Interpret financial information for others.,Menafsirkan informasi keuangan untuk orang lain.
4.A.4.a.1.d.3,Explain financial information to customers.,Menjelaskan informasi keuangan kepada pelanggan.
4.A.4.a.1.e.1,Communicate detailed medical information to patients or family members.,Menyampaikan informasi medis yang rinci kepada pasien atau keluarganya.
4.A.4.a.1.e.2,Confer with family members to discuss client treatment plans or progress.,Berdiskusi dengan keluarga tentang rencana atau perkembangan perawatan klien.
4.A.4.a.1.e.3,Confer with clients to discuss treatment plans or progress.,Berdiskusi dengan klien tentang rencana atau perkembangan perawatan.
4.A.4.a.1.e.4,Explain technical medical information to patients.,Menjelaskan informasi medis yang teknis kepada pasien.
4.A.4.a.1.e.5,Explain medical procedures or test results to patients or family members.,Menjelaskan tindakan medis atau hasil tes kepada pasien atau keluarganya.
4.A.4.a.2.a.1,Communicate with the public on environmental issues.,Berkomunikasi dengan masyarakat tentang masalah lingkungan.
4.A.4.a.2.a.3,Communicate results of environmental research.,Menyampaikan hasil penelitian lingkungan.
4.A.4.a.2.b.1,Collaborate on research activities with scientists or technical specialists.,Bekerja sama dalam penelitian dengan ilmuwan atau tenaga teknis.
4.A.4.a.2.b.2,Assist other educational professionals with projects or research.,Membantu tenaga pendidik lain dalam proyek atau penelitian.
4.A.4.a.2.b.3,Assist engineers or scientists with research.,Membantu insinyur atau ilmuwan dalam penelitian.
4.A.4.a.2.c.1,Communicate with other workers to coordinate activities.,Berkomunikasi dengan pekerja lain untuk mengoordinasikan kegiatan.
4.A.4.a.2.c.10,Report information to managers or other personnel.,Melaporkan informasi kepada manajer atau personel lain.
4.A.4.a.2.c.11,Relay information between personnel.,Meneruskan informasi antarpersonel.
4.A.4.a.2.c.12,Communicate with coworkers to coordinate installations or repairs.,Berkomunikasi dengan rekan kerja untuk mengoordinasikan pemasangan atau perbaikan.
4.A.4.a.2.c.13,Confer with managers to make operational decisions.,Berdiskusi dengan manajer untuk mengambil keputusan operasi.
4.A.4.a.2.c.14,Confer with organizational members to accomplish work activities.,Berdiskusi dengan anggota organisasi untuk menyelesaikan pekerjaan.
4.A.4.a.2.c.15,Confer with coworkers to coordinate work activities.,Berdiskusi dengan rekan kerja untuk mengoordinasikan pekerjaan.
4.A.4.a.2.c.16,Communicate with others to coordinate material handling or movement.,Berkomunikasi dengan orang lain untuk mengoordinasikan penanganan atau pemindahan barang.
4.A.4.a.2.c.17,Communicate dining or order details to kitchen personnel.,Menyampaikan rincian pesanan kepada petugas dapur.
4.A.4.a.2.c.18,Confer with others to conduct or arrange operational activities.,Berdiskusi dengan orang lain untuk menjalankan atau mengatur kegiatan operasi.
4.A.4.a.2.c.19,Receive information or instructions for performing work assignments.,Menerima informasi atau instruksi untuk mengerjakan tugas.
4.A.4.a.2.c.2,Provide information to coworkers.,Memberikan informasi kepada rekan kerja.
4.A.4.a.2.c.20,Exchange information with colleagues.,Bertukar informasi dengan rekan sejawat.
4.A.4.a.2.c.21,Communicate safety or hazard information to others.,Menyampaikan informasi keselamatan atau bahaya kepada orang lain.
4.A.4.a.2.c.3,Confer with coworkers to coordinate maintenance or cleaning activities.,Berdiskusi dengan rekan kerja untuk mengoordinasikan pemeliharaan atau pembersihan.
4.A.4.a.2.c.4,Meet with coworkers to communicate work orders or plans.,Bertemu rekan kerja untuk menyampaikan perintah atau rencana kerja.
4.A.4.a.2.c.5,Discuss problems or issues with supervisors.,Membahas masalah dengan atasan.
4.A.4.a.2.c.6,Communicate with others to coordinate vehicle movement.,Berkomunikasi dengan orang lain untuk mengoordinasikan pergerakan kendaraan.
4.A.4.a.2.c.7,"Discuss performance, complaints, or violations with supervisors.","Membahas kinerja, pengaduan, atau pelanggaran dengan atasan."
4.A.4.a.2.c.8,Communicate with other construction or extraction personnel to discuss project details.,Berkomunikasi dengan pekerja konstruksi atau tambang lain untuk membahas rincian proyek.
4.A.4.a.2.c.9,Liaise between departments or other groups to improve function or communication.,Menjadi penghubung antarbagian atau kelompok untuk memperbaiki kerja atau komunikasi.
4.A.4.a.2.d.1,Inform medical professionals regarding patient conditions and care.,Memberi tahu tenaga medis tentang kondisi dan perawatan pasien.
4.A.4.a.2.d.2,Confer with other professionals to plan patient care.,Berdiskusi dengan tenaga profesional lain untuk merencanakan perawatan pasien.
4.A.4.a.2.d.3,Collaborate with other professionals to assess client needs or plan treatments.,Bekerja sama dengan tenaga profesional lain untuk menilai kebutuhan klien atau merencanakan perawatan.
4.A.4.a.2.d.4,Communicate test or assessment results to medical professionals.,Menyampaikan hasil tes atau penilaian kepada tenaga medis.
4.A.4.a.2.d.5,Collaborate with healthcare professionals to plan or provide treatment.,Bekerja sama dengan tenaga kesehatan untuk merencanakan atau memberikan perawatan.
4.A.4.a.2.d.6,Communicate patient status to other health practitioners.,Menyampaikan keadaan pasien kepada tenaga kesehatan lain.
4.A.4.a.2.e.1,Collaborate with others in marketing activities.,Bekerja sama dengan orang lain dalam kegiatan pemasaran.
4.A.4.a.2.e.2,Collaborate with others to develop or implement marketing strategies.,Bekerja sama dengan orang lain untuk menyusun atau menjalankan strategi pemasaran.
4.A.4.a.2.e.3,Confer with personnel to coordinate business operations.,Berdiskusi dengan personel untuk mengoordinasikan kegiatan usaha.
4.A.4.a.2.e.4,Share sales-related or market information with colleagues.,Berbagi informasi penjualan atau pasar dengan rekan kerja.
4.A.4.a.2.e.5,"Discuss business strategies, practices, or policies with managers.","Membahas strategi, praktik, atau kebijakan bisnis dengan manajer."
4.A.4.a.2.f.1,Collaborate with other professionals to develop education or assistance programs.,Bekerja sama dengan tenaga profesional lain untuk mengembangkan program pendidikan atau bantuan.
4.A.4.a.2.f.2,Collaborate with other agencies and institutions to coordinate educational matters.,Bekerja sama dengan lembaga lain untuk mengoordinasikan urusan pendidikan.
4.A.4.a.2.f.3,Collaborate with other teaching professionals to develop educational programs.,Bekerja sama dengan pendidik lain untuk mengembangkan program pendidikan.
4.A.4.a.2.g.1,Communicate situation details to appropriate personnel.,Menyampaikan rincian situasi kepada personel yang tepat.
4.A.4.a.2.g.2,Notify others of equipment repair or maintenance needs.,Memberi tahu orang lain tentang kebutuhan perbaikan atau pemeliharaan peralatan.
4.A.4.a.2.g.3,Request emergency personnel.,Meminta bantuan petugas darurat.
4.A.4.a.2.g.4,Notify others of equipment problems.,Memberi tahu orang lain tentang masalah peralatan.
4.A.4.a.2.g.5,Report vehicle or equipment malfunctions.,Melaporkan kerusakan kendaraan atau peralatan.
4.A.4.a.2.g.6,Relay information about incidents or emergencies to personnel using phones or two-way radios.,Meneruskan informasi tentang kejadian atau keadaan darurat kepada personel lewat telepon atau radio dua arah.
4.A.4.a.2.g.7,"Notify others of emergencies, problems, or hazards.","Memberi tahu orang lain tentang keadaan darurat, masalah, atau bahaya."
4.A.4.a.2.g.8,Report maintenance or equipment problems to appropriate personnel.,Melaporkan masalah pemeliharaan atau peralatan kepada personel yang tepat.
4.A.4.a.2.g.9,Warn individuals about rule violations or safety concerns.,Memperingatkan orang tentang pelanggaran aturan atau masalah keselamatan.
4.A.4.a.2.h.1,Collaborate with others to determine production details.,Bekerja sama dengan orang lain untuk menentukan rincian produksi.
4.A.4.a.2.h.2,Discuss production content and progress with others.,Membahas isi dan kemajuan produksi dengan orang lain.
4.A.4.a.2.h.3,Confer with technical personnel to prepare designs or operational plans.,Berdiskusi dengan tenaga teknis untuk menyiapkan rancangan atau rencana operasi.
4.A.4.a.2.h.4,Collaborate with others to develop or refine designs.,Bekerja sama dengan orang lain untuk mengembangkan atau menyempurnakan rancangan.
4.A.4.a.2.h.5,Collaborate with others to determine technical details of productions.,Bekerja sama dengan orang lain untuk menentukan rincian teknis produksi.
4.A.4.a.2.h.6,Discuss design or technical features of products or services with technical personnel.,Membahas rancangan atau fitur teknis produk atau jasa dengan tenaga teknis.
4.A.4.a.2.h.7,Collaborate with others to determine design specifications or details.,Bekerja sama dengan orang lain untuk menentukan spesifikasi atau rincian rancangan.
4.A.4.a.2.h.8,Consult with others regarding safety or health equipment or facilities.,Berkonsultasi dengan orang lain tentang peralatan atau fasilitas keselamatan dan kesehatan.
4.A.4.a.2.h.9,Communicate project information to others.,Menyampaikan informasi proyek kepada orang lain.
4.A.4.a.2.i.1,Meet with individuals involved in legal processes to provide information and clarify issues.,Bertemu pihak yang terlibat dalam proses hukum untuk memberi informasi dan menjelaskan persoalan.
4.A.4.a.2.i.2,Confer with court staff to clarify information.,Berdiskusi dengan staf pengadilan untuk memperjelas informasi.
4.A.4.a.2.j.1,Discuss service options or needs with clients.,Membahas pilihan atau kebutuhan layanan dengan klien.
4.A.4.a.2.j.2,Confer with clients to exchange information.,Berdiskusi dengan klien untuk bertukar informasi.
4.A.4.a.2.j.3,Confer with clients to determine needs.,Berdiskusi dengan klien untuk menentukan kebutuhan.
4.A.4.a.2.j.4,Confer with customers or users to assess problems.,Berdiskusi dengan pelanggan atau pengguna untuk menilai masalah.
4.A.4.a.2.j.5,Confer with customers or designers to determine order specifications.,Berdiskusi dengan pelanggan atau perancang untuk menentukan spesifikasi pesanan.
4.A.4.a.2.j.6,Discuss designs or plans with clients.,Membahas rancangan atau rencana dengan klien.
4.A.4.a.3.a.1,Testify at legal or legislative proceedings.,Memberi kesaksian dalam persidangan atau sidang legislatif.
4.A.4.a.3.a.2,Represent the interests of clients in legal proceedings.,Mewakili kepentingan klien dalam proses hukum.
4.A.4.a.3.b.1,Communicate health and wellness information to the public.,Menyampaikan informasi kesehatan dan kebugaran kepada masyarakat.
4.A.4.a.3.b.10,"Inform viewers, listeners, or audiences.","Menyampaikan informasi kepada pemirsa, pendengar, atau penonton."
4.A.4.a.3.b.3,Present information to the public.,Menyajikan informasi kepada masyarakat.
4.A.4.a.3.b.4,Provide educational information to the public.,Memberikan informasi pendidikan kepada masyarakat.
4.A.4.a.3.b.5,Provide technical information or assistance to public.,Memberikan informasi atau bantuan teknis kepada masyarakat.
4.A.4.a.3.b.6,Explain project details to the general public.,Menjelaskan rincian proyek kepada masyarakat umum.
4.A.4.a.3.b.7,Report news to the public.,Melaporkan berita kepada masyarakat.
4.A.4.a.3.b.8,Provide information to the general public.,Memberikan informasi kepada masyarakat umum.
4.A.4.a.3.b.9,Present social services program information to the public.,Menyajikan informasi program layanan sosial kepada masyarakat.
4.A.4.a.3.c.1,Present food or beverage information or menus to customers.,"Menyajikan informasi makanan, minuman, atau menu kepada pelanggan."
4.A.4.a.3.c.10,Provide patrons with directions to locales or attractions.,Memberi petunjuk arah ke tempat atau objek wisata kepada pengunjung.
4.A.4.a.3.c.11,Answer telephones to direct calls or provide information.,Menjawab telepon untuk meneruskan panggilan atau memberi informasi.
4.A.4.a.3.c.12,Provide transportation information to passengers or customers.,Memberikan informasi transportasi kepada penumpang atau pelanggan.
4.A.4.a.3.c.2,Present business-related information to audiences.,Menyajikan informasi terkait bisnis kepada hadirin.
4.A.4.a.3.c.3,Provide attraction or event information to patrons.,Memberikan informasi objek wisata atau acara kepada pengunjung.
4.A.4.a.3.c.4,Discuss account status or activity with customers or patrons.,Membahas status atau aktivitas rekening dengan pelanggan.
4.A.4.a.3.c.5,Provide customer service to clients or users.,Memberikan layanan pelanggan kepada klien atau pengguna.
4.A.4.a.3.c.6,Inform individuals or organizations of status or findings.,Memberi tahu perorangan atau organisasi tentang status atau temuan.
4.A.4.a.3.c.7,Provide notifications to customers or patrons.,Memberikan pemberitahuan kepada pelanggan.
4.A.4.a.3.c.8,Provide customers with general information or assistance.,Memberikan informasi atau bantuan umum kepada pelanggan.
4.A.4.a.3.c.9,"Provide basic information to guests, visitors, or clients.","Memberikan informasi dasar kepada tamu, pengunjung, atau klien."
4.A.4.a.4.a.1,Develop collaborative relationships between departments or with external organizations.,Membangun hubungan kerja sama antarbagian atau dengan organisasi luar.
4.A.4.a.4.a.2,Develop business relationships.,Membangun hubungan bisnis.
4.A.4.a.4.a.3,Develop working relationships with others to facilitate program activities.,Membangun hubungan kerja dengan orang lain untuk melancarkan kegiatan program.
4.A.4.a.4.a.4,Establish interpersonal business relationships to facilitate work activities.,Menjalin hubungan bisnis antarpribadi untuk melancarkan pekerjaan.
4.A.4.a.4.a.5,Develop professional relationships or networks.,Membangun hubungan atau jejaring profesional.
4.A.4.a.5.a.1,Refer customers to appropriate personnel.,Mengarahkan pelanggan ke personel yang tepat.
4.A.4.a.5.a.2,Refer patients to other healthcare practitioners or health resources.,Merujuk pasien ke tenaga kesehatan atau sumber layanan kesehatan lain.
4.A.4.a.5.a.3,Help clients get needed services or resources.,Membantu klien memperoleh layanan atau sumber daya yang dibutuhkan.
4.A.4.a.5.a.4,Arrange physical or mental health services for clients.,Mengatur layanan kesehatan fisik atau jiwa untuk klien.
4.A.4.a.5.a.5,Refer individuals to educational or work programs.,Merujuk orang ke program pendidikan atau kerja.
4.A.4.a.5.a.6,Refer clients to community or social service programs.,Merujuk klien ke program kemasyarakatan atau layanan sosial.
4.A.4.a.5.b.1,Treat patients using psychological therapies.,Menangani pasien dengan terapi psikologis.
4.A.4.a.5.b.2,Implement therapeutic programs to improve patient functioning.,Menjalankan program terapi untuk memperbaiki fungsi pasien.
4.A.4.a.5.b.3,Administer therapy treatments to patients using hands or physical treatment aids.,Memberikan terapi kepada pasien dengan tangan atau alat bantu fisik.
4.A.4.a.5.b.4,Administer therapeutic massages.,Memberikan pijat terapi.
4.A.4.a.5.b.5,Treat patients using physical therapy techniques.,Menangani pasien dengan teknik fisioterapi.
4.A.4.a.5.c.1,Give medications or immunizations.,Memberikan obat atau imunisasi.
4.A.4.a.5.c.10,Administer medical substances for imaging or other procedures.,Memberikan zat medis untuk pencitraan atau tindakan lain.
4.A.4.a.5.c.11,"Apply bandages, dressings, or splints.","Memasang perban, pembalut luka, atau bidai."
4.A.4.a.5.c.2,Administer basic health care or medical treatments.,Memberikan perawatan kesehatan dasar atau tindakan medis.
4.A.4.a.5.c.3,Administer anesthetics or sedatives to control pain.,Memberikan obat bius atau penenang untuk mengendalikan nyeri.
4.A.4.a.5.c.4,Care for women during pregnancy and childbirth.,Merawat perempuan selama kehamilan dan persalinan.
4.A.4.a.5.c.5,Provide basic health care services.,Memberikan layanan kesehatan dasar.
4.A.4.a.5.c.6,Administer non-intravenous medications.,Memberikan obat selain lewat infus.
4.A.4.a.5.c.7,Immunize patients.,Mengimunisasi pasien.
4.A.4.a.5.c.8,Administer intravenous medications.,Memberikan obat lewat infus.
4.A.4.a.5.c.9,Administer blood or other fluids intravenously.,Memberikan darah atau cairan lain lewat infus.
4.A.4.a.5.d.1,Care for plants or animals.,Merawat tanaman atau hewan.
4.A.4.a.5.d.2,Care for animals.,Merawat hewan.
4.A.4.a.5.d.3,Perform animal breeding procedures.,Melakukan prosedur pembiakan hewan.
4.A.4.a.5.d.4,Provide care for animals.,Memberikan perawatan untuk hewan.
4.A.4.a.5.e.1,Rescue people from hazardous situations.,Menyelamatkan orang dari situasi berbahaya.
4.A.4.a.5.e.2,Respond to emergencies to provide assistance.,Menanggapi keadaan darurat untuk memberi bantuan.
4.A.4.a.5.e.3,Respond to transportation emergencies.,Menanggapi keadaan darurat transportasi.
4.A.4.a.5.e.4,Assist others during emergencies.,Membantu orang lain dalam keadaan darurat.
4.A.4.a.5.f.1,"Fit eyeglasses, contact lenses, or other vision aids.","Memasangkan kacamata, lensa kontak, atau alat bantu penglihatan lain."
4.A.4.a.5.f.2,Fit patients for assistive devices.,Memasangkan alat bantu pada pasien.
4.A.4.a.5.g.1,Provide first aid or rescue assistance in emergencies.,Memberikan pertolongan pertama atau bantuan penyelamatan dalam keadaan darurat.
4.A.4.a.5.g.2,Administer first aid.,Memberikan pertolongan pertama.
4.A.4.a.5.g.3,Treat medical emergencies.,Menangani kegawatdaruratan medis.
4.A.4.a.5.g.4,Implement advanced life support techniques.,Menerapkan teknik bantuan hidup lanjut.
4.A.4.a.5.h.1,Assist individuals with paperwork.,Membantu orang mengurus dokumen.
4.A.4.a.5.i.1,Feed patients.,Menyuapi pasien.
4.A.4.a.5.i.2,Assist patients with hygiene or daily living activities.,Membantu pasien menjaga kebersihan diri atau menjalani kegiatan sehari-hari.
4.A.4.a.5.i.3,Assist clients in handling details of daily life.,Membantu klien mengurus keperluan hidup sehari-hari.
4.A.4.a.5.i.4,Develop daily schedules for children or families.,Menyusun jadwal harian untuk anak atau keluarga.
4.A.4.a.5.i.5,Assist students with special educational needs.,Membantu siswa dengan kebutuhan pendidikan khusus.
4.A.4.a.5.i.6,Assist disabled or incapacitated individuals.,Membantu penyandang disabilitas atau orang yang tidak berdaya.
4.A.4.a.5.i.7,Assist individuals with special needs.,Membantu orang berkebutuhan khusus.
4.A.4.a.5.i.8,Provide for basic needs of children.,Memenuhi kebutuhan dasar anak.
4.A.4.a.5.i.9,Assist patients with daily activities.,Membantu pasien dalam kegiatan sehari-hari.
4.A.4.a.5.j.1,Assist motorists or pedestrians.,Membantu pengendara atau pejalan kaki.
4.A.4.a.5.j.2,"Greet customers, patrons, or visitors.","Menyambut pelanggan, tamu, atau pengunjung."
4.A.4.a.5.j.3,Assist customers to ensure comfort or safety.,Membantu pelanggan agar nyaman atau aman.
4.A.4.a.5.j.4,Assist patrons with entering or exiting vehicles or other forms of transportation.,Membantu penumpang naik atau turun dari kendaraan atau angkutan lain.
4.A.4.a.5.j.5,"Make travel, accommodations, or entertainment arrangements for others.","Mengatur perjalanan, penginapan, atau hiburan untuk orang lain."
4.A.4.a.5.j.6,Assist passengers during vehicle boarding.,Membantu penumpang saat naik kendaraan.
4.A.4.a.5.j.7,Help patrons use library or archival resources.,Membantu pengunjung memakai sumber daya perpustakaan atau arsip.
4.A.4.a.5.j.8,Assist customers with seating arrangements.,Membantu pelanggan mengatur tempat duduk.
4.A.4.a.5.j.9,Arrange services or reservations for patrons.,Mengatur layanan atau reservasi untuk pelanggan.
4.A.4.a.5.k.1,Assist practitioners to perform medical procedures.,Membantu praktisi melakukan tindakan medis.
4.A.4.a.5.k.2,Hold patients to ensure proper positioning or safety.,Memegangi pasien agar posisinya tepat atau aman.
4.A.4.a.5.k.3,Adjust positions of patients on beds or tables.,Mengatur posisi pasien di tempat tidur atau meja periksa.
4.A.4.a.5.k.4,Position patients for treatment or examination.,Memosisikan pasien untuk perawatan atau pemeriksaan.
4.A.4.a.5.k.5,Assist healthcare practitioners during examinations or treatments.,Membantu tenaga kesehatan selama pemeriksaan atau perawatan.
4.A.4.a.5.k.6,Assist healthcare practitioners during surgery.,Membantu tenaga kesehatan selama operasi.
4.A.4.a.5.k.7,Prepare patients physically for medical procedures.,Menyiapkan fisik pasien untuk tindakan medis.
4.A.4.a.5.k.8,Maintain sterile operative fields.,Menjaga area operasi tetap steril.
4.A.4.a.5.l.1,Care for patients with mental illnesses.,Merawat pasien dengan gangguan jiwa.
4.A.4.a.5.l.2,"Treat acute illnesses, infections, or injuries.","Mengobati penyakit akut, infeksi, atau cedera."
4.A.4.a.5.l.3,Operate on patients to treat conditions.,Mengoperasi pasien untuk mengobati suatu kondisi.
4.A.4.a.5.l.4,Treat dental problems or diseases.,Mengobati masalah atau penyakit gigi.
4.A.4.a.5.l.5,Treat animal injuries or illnesses.,Mengobati cedera atau penyakit hewan.
4.A.4.a.5.l.6,Administer cancer treatments.,Memberikan pengobatan kanker.
4.A.4.a.5.l.7,Treat chronic diseases or disorders.,Mengobati penyakit atau gangguan kronis.
4.A.4.a.5.l.8,Treat patients using alternative medical procedures.,Menangani pasien dengan pengobatan alternatif.
4.A.4.a.6.a.1,Advocate for individual or community needs.,Memperjuangkan kebutuhan perorangan atau masyarakat.
4.A.4.a.6.b.1,Merchandise healthcare products or services.,Memasarkan produk atau layanan kesehatan.
4.A.4.a.6.b.2,Sell agricultural products.,Menjual hasil pertanian.
4.A.4.a.6.b.3,Customize financial products or services to meet customer needs.,Menyesuaikan produk atau layanan keuangan dengan kebutuhan pelanggan.
4.A.4.a.6.b.4,Contract real estate to clients.,Mengikat kontrak real estat dengan klien.
4.A.4.a.6.b.5,Sell products or services.,Menjual produk atau jasa.
4.A.4.a.6.c.1,Perform marketing activities.,Melakukan kegiatan pemasaran.
4.A.4.a.6.c.10,"Promote products, activities, or organizations.","Mempromosikan produk, kegiatan, atau organisasi."
4.A.4.a.6.c.11,"Model cosmetics, clothing, or accessories.","Memperagakan kosmetik, pakaian, atau aksesori."
4.A.4.a.6.c.12,"Promote products, services, or programs.","Mempromosikan produk, layanan, atau program."
4.A.4.a.6.c.2,Demonstrate products to consumers.,Memperagakan produk kepada konsumen.
4.A.4.a.6.c.4,"Market products, services, or events.","Memasarkan produk, layanan, atau acara."
4.A.4.a.6.c.5,Contact current or potential customers to promote products or services.,Menghubungi pelanggan atau calon pelanggan untuk mempromosikan produk atau jasa.
4.A.4.a.6.c.6,Promote educational institutions or programs.,Mempromosikan lembaga atau program pendidikan.
4.A.4.a.6.c.7,Deliver promotional presentations to current or prospective customers.,Membawakan presentasi promosi kepada pelanggan atau calon pelanggan.
4.A.4.a.6.c.9,Distribute promotional literature or samples to customers.,Membagikan brosur promosi atau sampel kepada pelanggan.
4.A.4.a.7.a.1,Resolve interpersonal conflicts.,Menyelesaikan konflik antarpribadi.
4.A.4.a.7.a.2,Arbitrate disputes between parties to resolve legal conflicts.,Menjadi arbiter sengketa antarpihak untuk menyelesaikan perselisihan hukum.
4.A.4.a.7.a.3,Mediate disputes.,Menengahi sengketa.
4.A.4.a.7.b.1,Negotiate sales or lease agreements for products or services.,Menegosiasikan perjanjian jual beli atau sewa produk atau jasa.
4.A.4.a.7.b.10,Negotiate contracts with clients or service providers.,Menegosiasikan kontrak dengan klien atau penyedia jasa.
4.A.4.a.7.b.11,Negotiate project specifications.,Menegosiasikan spesifikasi proyek.
4.A.4.a.7.b.12,Negotiate for services.,Menegosiasikan layanan.
4.A.4.a.7.b.2,Arrange collective bargaining agreements.,Mengatur perjanjian kerja bersama.
4.A.4.a.7.b.3,Negotiate labor disputes.,Merundingkan perselisihan perburuhan.
4.A.4.a.7.b.4,"Negotiate contracts for transportation, distribution, or logistics services.","Menegosiasikan kontrak layanan transportasi, distribusi, atau logistik."
4.A.4.a.7.b.5,Negotiate purchases or contracts.,Menegosiasikan pembelian atau kontrak.
4.A.4.a.7.b.6,Negotiate financial arrangements.,Menegosiasikan pengaturan keuangan.
4.A.4.a.7.b.7,Negotiate prices or other sales terms.,Menegosiasikan harga atau syarat penjualan lain.
4.A.4.a.7.b.9,Negotiate agreements to resolve disputes.,Merundingkan kesepakatan untuk menyelesaikan sengketa.
4.A.4.a.7.c.1,Resolve employee or contractor problems.,Menyelesaikan masalah karyawan atau kontraktor.
4.A.4.a.7.c.2,Resolve operational performance problems.,Mengatasi masalah kinerja operasi.
4.A.4.a.7.c.3,Resolve personnel problems.,Menyelesaikan masalah kepegawaian.
4.A.4.a.7.c.4,Resolve issues affecting transportation operations.,Mengatasi masalah yang mengganggu kegiatan transportasi.
4.A.4.a.8.a.1,Audition for roles.,Mengikuti audisi untuk mendapatkan peran.
4.A.4.a.8.a.2,Perform for recordings.,Tampil untuk rekaman.
4.A.4.a.8.a.3,Perform music for the public.,Membawakan musik di depan umum.
4.A.4.a.8.a.4,Collaborate with others to prepare or perform artistic productions.,Bekerja sama dengan orang lain untuk menyiapkan atau menampilkan pertunjukan seni.
4.A.4.a.8.a.5,Entertain public with comedic or dramatic performances.,Menghibur penonton dengan pertunjukan komedi atau drama.
4.A.4.a.8.b.1,Operate gaming equipment.,Mengoperasikan peralatan permainan judi.
4.A.4.a.8.b.2,Conduct amusement or gaming activities.,Menyelenggarakan kegiatan hiburan atau permainan.
4.A.4.a.8.c.1,Respond to customer problems or complaints.,Menanggapi masalah atau keluhan pelanggan.
4.A.4.a.8.c.2,Respond to customer inquiries.,Menanggapi pertanyaan pelanggan.
4.A.4.a.8.c.3,Answer customer questions about goods or services.,Menjawab pertanyaan pelanggan tentang barang atau jasa.
4.A.4.a.8.c.4,Communicate with customers to resolve complaints or ensure satisfaction.,Berkomunikasi dengan pelanggan untuk menyelesaikan keluhan atau memastikan kepuasan.
4.A.4.a.8.c.5,Resolve customer complaints or problems.,Menyelesaikan keluhan atau masalah pelanggan.
4.A.4.a.8.c.6,Correspond with customers to answer questions or resolve complaints.,Berkirim surat dengan pelanggan untuk menjawab pertanyaan atau menyelesaikan keluhan.
4.A.4.b.1.a.1,Confer with others to resolve production problems or equipment malfunctions.,Berdiskusi dengan orang lain untuk mengatasi masalah produksi atau kerusakan peralatan.
4.A.4.b.1.a.2,Confer with other personnel to resolve design or operational problems.,Berdiskusi dengan personel lain untuk mengatasi masalah rancangan atau operasi.
4.A.4.b.1.a.3,Collaborate with others to resolve information technology issues.,Bekerja sama dengan orang lain untuk mengatasi masalah teknologi informasi.
4.A.4.b.1.a.4,Communicate with management or other staff to resolve problems.,Berkomunikasi dengan manajemen atau staf lain untuk menyelesaikan masalah.
4.A.4.b.1.a.5,Collaborate with technical specialists to resolve design or development problems.,Bekerja sama dengan tenaga teknis untuk mengatasi masalah rancangan atau pengembangan.
4.A.4.b.1.a.6,Confer with coworkers to resolve equipment problems.,Berdiskusi dengan rekan kerja untuk mengatasi masalah peralatan.
4.A.4.b.1.b.1,Signal others to coordinate vehicle movement.,Memberi isyarat kepada orang lain untuk mengoordinasikan pergerakan kendaraan.
4.A.4.b.1.b.2,Signal others to coordinate work activities.,Memberi isyarat kepada orang lain untuk mengoordinasikan pekerjaan.
4.A.4.b.1.b.3,Signal equipment operators to indicate proper equipment positioning.,Memberi isyarat kepada operator alat untuk menunjukkan posisi alat yang tepat.
4.A.4.b.1.c.1,Communicate with government agencies.,Berkomunikasi dengan instansi pemerintah.
4.A.4.b.1.c.10,Collaborate with law enforcement or security agencies to respond to incidents.,Bekerja sama dengan aparat penegak hukum atau keamanan untuk menangani kejadian.
4.A.4.b.1.c.2,"Communicate technical information to suppliers, contractors, or regulatory agencies.","Menyampaikan informasi teknis kepada pemasok, kontraktor, atau badan pengawas."
4.A.4.b.1.c.3,Collaborate with outside groups to develop programs or projects.,Bekerja sama dengan kelompok luar untuk mengembangkan program atau proyek.
4.A.4.b.1.c.4,Coordinate with external parties to exchange information.,Berkoordinasi dengan pihak luar untuk bertukar informasi.
4.A.4.b.1.c.5,Collaborate with law enforcement or security agencies to share information.,Bekerja sama dengan aparat penegak hukum atau keamanan untuk berbagi informasi.
4.A.4.b.1.c.6,Coordinate operational activities with external stakeholders.,Mengoordinasikan kegiatan operasi dengan pemangku kepentingan luar.
4.A.4.b.1.c.7,"Coordinate activities with suppliers, contractors, clients, or other departments.","Mengoordinasikan kegiatan dengan pemasok, kontraktor, klien, atau bagian lain."
4.A.4.b.1.c.8,Confer with others about financial matters.,Berdiskusi dengan orang lain tentang urusan keuangan.
4.A.4.b.1.c.9,Represent the organization in external relations.,Mewakili organisasi dalam hubungan dengan pihak luar.
4.A.4.b.1.d.1,Manage content of broadcasts or presentations.,Mengelola isi siaran atau presentasi.
4.A.4.b.1.d.2,Direct productions or performances.,Menyutradarai produksi atau pertunjukan.
4.A.4.b.1.d.3,Coordinate musical rehearsals or performances.,Mengoordinasikan latihan atau pertunjukan musik.
4.A.4.b.1.d.4,Coordinate athletic or sporting events or activities.,Mengoordinasikan acara atau kegiatan olahraga.
4.A.4.b.1.d.5,Coordinate artistic activities.,Mengoordinasikan kegiatan seni.
4.A.4.b.1.e.1,Organize recreational activities or events.,Menyelenggarakan kegiatan atau acara rekreasi.
4.A.4.b.1.e.2,Coordinate student extracurricular activities.,Mengoordinasikan kegiatan ekstrakurikuler siswa.
4.A.4.b.1.e.3,Coordinate special events or programs.,Mengoordinasikan acara atau program khusus.
4.A.4.b.1.e.5,Organize special events.,Menyelenggarakan acara khusus.
4.A.4.b.1.e.6,Manage outreach activities.,Mengelola kegiatan penjangkauan masyarakat.
4.A.4.b.1.f.1,Plan employee work schedules.,Merencanakan jadwal kerja karyawan.
4.A.4.b.1.f.2,Prepare staff schedules or work assignments.,Menyusun jadwal staf atau pembagian tugas.
4.A.4.b.1.f.3,Prepare activity or work schedules.,Menyusun jadwal kegiatan atau jadwal kerja.
4.A.4.b.1.f.4,Prepare employee work schedules.,Menyusun jadwal kerja karyawan.
4.A.4.b.1.f.5,Assign class work to students.,Memberi tugas pelajaran kepada siswa.
4.A.4.b.1.f.6,Assign duties or work schedules to employees.,Membagi tugas atau jadwal kerja kepada karyawan.
4.A.4.b.1.g.1,Coordinate regulatory documentation activities.,Mengoordinasikan kegiatan dokumentasi peraturan.
4.A.4.b.1.g.2,Coordinate safety or regulatory compliance activities.,Mengoordinasikan kegiatan keselamatan atau kepatuhan terhadap peraturan.
4.A.4.b.1.g.3,Manage documentation to ensure organization or accuracy.,Mengelola dokumen agar tertata atau akurat.
4.A.4.b.2.a.1,Encourage patients during therapeutic activities.,Menyemangati pasien selama kegiatan terapi.
4.A.4.b.2.a.2,Visit individuals in their homes to provide support or information.,Mengunjungi orang di rumahnya untuk memberi dukungan atau informasi.
4.A.4.b.2.a.3,Encourage students.,Menyemangati siswa.
4.A.4.b.2.a.4,Interact with patients to build rapport or provide emotional support.,Berinteraksi dengan pasien untuk membangun kedekatan atau memberi dukungan emosional.
4.A.4.b.2.a.5,Support the professional development of others.,Mendukung pengembangan profesional orang lain.
4.A.4.b.2.a.6,Encourage patients or clients to develop life skills.,Mendorong pasien atau klien mengembangkan keterampilan hidup.
4.A.4.b.3.a.1,Teach basic living or other adaptive skills to patients or caregivers.,Mengajarkan keterampilan hidup dasar atau keterampilan adaptif lain kepada pasien atau pengasuh.
4.A.4.b.3.a.2,Teach life skills or strategies to clients or their families.,Mengajarkan keterampilan atau strategi hidup kepada klien atau keluarganya.
4.A.4.b.3.a.3,Teach daily living skills or behaviors.,Mengajarkan keterampilan atau perilaku hidup sehari-hari.
4.A.4.b.3.a.4,Teach life skills.,Mengajarkan keterampilan hidup.
4.A.4.b.3.b.1,Teach vocational courses.,Mengajar mata pelajaran kejuruan.
4.A.4.b.3.b.10,Tutor students who need extra assistance.,Membimbing siswa yang butuh bantuan tambahan.
4.A.4.b.3.b.11,Teach humanities courses at the college level.,Mengajar mata kuliah humaniora di perguruan tinggi.
4.A.4.b.3.b.12,Teach physical science or mathematics courses at the college level.,Mengajar mata kuliah ilmu fisika atau matematika di perguruan tinggi.
4.A.4.b.3.b.13,Read to students.,Membacakan buku untuk siswa.
4.A.4.b.3.b.2,Teach classes in area of specialization.,Mengajar kelas di bidang spesialisasi.
4.A.4.b.3.b.3,Teach social science courses at the college level.,Mengajar mata kuliah ilmu sosial di perguruan tinggi.
4.A.4.b.3.b.4,Lead classes or community events.,Memimpin kelas atau acara kemasyarakatan.
4.A.4.b.3.b.5,Guide class discussions.,Memandu diskusi kelas.
4.A.4.b.3.b.6,Apply multiple teaching methods.,Menerapkan berbagai metode mengajar.
4.A.4.b.3.b.7,Teach online courses.,Mengajar kelas daring.
4.A.4.b.3.b.8,Instruct college students in social sciences or humanities disciplines.,Mengajar mahasiswa di bidang ilmu sosial atau humaniora.
4.A.4.b.3.b.9,Instruct college students in physical or life sciences.,Mengajar mahasiswa di bidang ilmu fisika atau ilmu hayati.
4.A.4.b.3.c.1,Educate the public about fire safety or prevention.,Mengedukasi masyarakat tentang keselamatan atau pencegahan kebakaran.
4.A.4.b.3.c.2,Teach safety standards or environmental compliance methods.,Mengajarkan standar keselamatan atau cara mematuhi peraturan lingkungan.
4.A.4.b.3.c.3,Provide safety training.,Memberikan pelatihan keselamatan.
4.A.4.b.3.d.1,Train personnel to enhance job skills.,Melatih personel untuk meningkatkan keterampilan kerja.
4.A.4.b.3.d.10,Train food preparation or food service personnel.,Melatih petugas penyiapan atau penyajian makanan.
4.A.4.b.3.d.11,"Train employees on environmental awareness, conservation, or safety topics.","Melatih karyawan tentang kesadaran lingkungan, pelestarian, atau keselamatan."
4.A.4.b.3.d.12,Train personnel in organizational or compliance procedures.,Melatih personel tentang prosedur organisasi atau kepatuhan.
4.A.4.b.3.d.13,Train construction or extraction personnel.,Melatih pekerja konstruksi atau tambang.
4.A.4.b.3.d.14,Train employees in proper work procedures.,Melatih karyawan tentang prosedur kerja yang benar.
4.A.4.b.3.d.15,Train personnel in technical or scientific procedures.,Melatih personel tentang prosedur teknis atau ilmiah.
4.A.4.b.3.d.16,Conduct employee training programs.,Menyelenggarakan program pelatihan karyawan.
4.A.4.b.3.d.17,Train personnel on managerial topics.,Melatih personel tentang topik manajerial.
4.A.4.b.3.d.18,Train others on work processes.,Melatih orang lain tentang proses kerja.
4.A.4.b.3.d.19,Train transportation or material moving personnel.,Melatih petugas transportasi atau pemindah barang.
4.A.4.b.3.d.2,Train personnel on proper operational procedures.,Melatih personel tentang prosedur operasi yang benar.
4.A.4.b.3.d.20,Train service staff.,Melatih staf pelayanan.
4.A.4.b.3.d.21,Train staff members in social services skills.,Melatih staf dalam keterampilan layanan sosial.
4.A.4.b.3.d.3,Train others in operational procedures.,Melatih orang lain tentang prosedur operasi.
4.A.4.b.3.d.4,Train personnel.,Melatih personel.
4.A.4.b.3.d.5,Train sales personnel.,Melatih tenaga penjualan.
4.A.4.b.3.d.6,Instruct staff in work policies or procedures.,Mengajarkan kebijakan atau prosedur kerja kepada staf.
4.A.4.b.3.d.7,Train others on performance techniques.,Melatih orang lain tentang teknik pertunjukan.
4.A.4.b.3.d.8,Train staff members.,Melatih staf.
4.A.4.b.3.d.9,"Train workers in farming, forestry, or hunting techniques.","Melatih pekerja tentang teknik bertani, kehutanan, atau berburu."
4.A.4.b.3.e.1,Instruct workers to use equipment or perform technical procedures.,Mengajari pekerja memakai peralatan atau menjalankan prosedur teknis.
4.A.4.b.3.e.2,Instruct patients in the use of assistive equipment.,Mengajari pasien memakai alat bantu.
4.A.4.b.3.e.3,Teach others to use computer equipment or hardware.,Mengajari orang lain memakai peralatan atau perangkat keras komputer.
4.A.4.b.3.e.4,Train others in computer interface or software use.,Melatih orang lain memakai antarmuka komputer atau perangkat lunak.
4.A.4.b.3.e.5,Teach others to use technology or equipment.,Mengajari orang lain memakai teknologi atau peralatan.
4.A.4.b.3.e.6,Demonstrate activity techniques or equipment use.,Memperagakan teknik suatu kegiatan atau cara memakai peralatan.
4.A.4.b.3.e.7,Train customers in the use of products.,Melatih pelanggan memakai produk.
4.A.4.b.3.f.1,Teach exercise or fitness techniques.,Mengajarkan teknik latihan atau kebugaran.
4.A.4.b.3.f.10,Teach medical procedures to healthcare personnel.,Mengajarkan tindakan medis kepada tenaga kesehatan.
4.A.4.b.3.f.11,Train caregivers or other non-medical personnel.,Melatih pengasuh atau tenaga non-medis lain.
4.A.4.b.3.f.2,Engage patients in exercises or activities.,Mengajak pasien melakukan latihan atau kegiatan.
4.A.4.b.3.f.3,Teach physical education.,Mengajar pendidikan jasmani.
4.A.4.b.3.f.4,Teach medical procedures or medical equipment use to patients.,Mengajari pasien tentang tindakan medis atau cara memakai peralatan medis.
4.A.4.b.3.f.5,"Train patients, family members, or caregivers in techniques for managing disabilities or illnesses.","Melatih pasien, keluarga, atau pengasuh tentang cara mengelola disabilitas atau penyakit."
4.A.4.b.3.f.6,Conduct health or safety training programs.,Menyelenggarakan program pelatihan kesehatan atau keselamatan.
4.A.4.b.3.f.7,Teach health or hygiene practices.,Mengajarkan praktik kesehatan atau kebersihan.
4.A.4.b.3.f.8,Train medical providers.,Melatih tenaga medis.
4.A.4.b.3.f.9,Teach health management classes.,Mengajar kelas pengelolaan kesehatan.
4.A.4.b.4.a.1,Supervise maintenance workers.,Mengawasi pekerja pemeliharaan.
4.A.4.b.4.a.10,Supervise scientific or technical personnel.,Mengawasi tenaga ilmiah atau teknis.
4.A.4.b.4.a.11,Supervise medical support personnel.,Mengawasi tenaga pendukung medis.
4.A.4.b.4.a.12,Supervise workers providing client or patient services.,Mengawasi pekerja yang melayani klien atau pasien.
4.A.4.b.4.a.13,Supervise employees.,Mengawasi karyawan.
4.A.4.b.4.a.14,Supervise patient care personnel.,Mengawasi tenaga perawatan pasien.
4.A.4.b.4.a.15,Supervise technical medical personnel.,Mengawasi tenaga teknis medis.
4.A.4.b.4.a.16,Supervise sales or support personnel.,Mengawasi tenaga penjualan atau pendukung.
4.A.4.b.4.a.17,Supervise laboratory work.,Mengawasi pekerjaan laboratorium.
4.A.4.b.4.a.18,Supervise student research or internship work.,Membimbing penelitian atau magang mahasiswa.
4.A.4.b.4.a.2,Supervise engineering or other technical personnel.,Mengawasi tenaga teknik atau tenaga teknis lain.
4.A.4.b.4.a.3,Supervise trainees.,Mengawasi peserta pelatihan.
4.A.4.b.4.a.4,Supervise service workers.,Mengawasi pekerja layanan.
4.A.4.b.4.a.5,Supervise production or support personnel.,Mengawasi tenaga produksi atau pendukung.
4.A.4.b.4.a.6,Direct activities of subordinates.,Mengarahkan kegiatan bawahan.
4.A.4.b.4.a.7,Supervise information technology personnel.,Mengawasi tenaga teknologi informasi.
4.A.4.b.4.a.8,Supervise clerical or administrative personnel.,Mengawasi staf administrasi.
4.A.4.b.4.a.9,Supervise activities of other legal personnel.,Mengawasi kegiatan tenaga hukum lain.
4.A.4.b.4.b.1,Serve on institutional or departmental committees.,Menjadi anggota komite lembaga atau jurusan.
4.A.4.b.4.c.1,Coordinate forestry or agricultural activities.,Mengoordinasikan kegiatan kehutanan atau pertanian.
4.A.4.b.4.c.2,Manage agricultural or forestry operations.,Mengelola usaha pertanian atau kehutanan.
4.A.4.b.4.c.3,"Direct activities of agricultural, forestry, or fishery employees.","Mengarahkan kegiatan pekerja pertanian, kehutanan, atau perikanan."
4.A.4.b.4.d.1,Supervise inmate activities.,Mengawasi kegiatan narapidana.
4.A.4.b.4.d.2,Count prison inmates or personnel.,Menghitung jumlah narapidana atau petugas penjara.
4.A.4.b.4.e.1,Direct surveying activities.,Mengarahkan kegiatan survei pengukuran.
4.A.4.b.4.e.10,Direct design or development activities.,Mengarahkan kegiatan perancangan atau pengembangan.
4.A.4.b.4.e.11,Coordinate cross-disciplinary research programs.,Mengoordinasikan program penelitian lintas disiplin.
4.A.4.b.4.e.2,Direct technical activities or operations.,Mengarahkan kegiatan atau operasi teknis.
4.A.4.b.4.e.3,Coordinate design activities.,Mengoordinasikan kegiatan perancangan.
4.A.4.b.4.e.4,Coordinate software or hardware installation.,Mengoordinasikan pemasangan perangkat lunak atau perangkat keras.
4.A.4.b.4.e.5,Direct scientific activities.,Mengarahkan kegiatan ilmiah.
4.A.4.b.4.e.6,Direct natural resources management or conservation programs.,Mengarahkan program pengelolaan atau pelestarian sumber daya alam.
4.A.4.b.4.e.7,Manage information technology projects or system activities.,Mengelola proyek teknologi informasi atau kegiatan sistem.
4.A.4.b.4.e.8,Manage scientific or technical project resources.,Mengelola sumber daya proyek ilmiah atau teknis.
4.A.4.b.4.e.9,Direct medical science or healthcare programs.,Mengarahkan program ilmu kedokteran atau layanan kesehatan.
4.A.4.b.4.f.1,Coordinate training activities.,Mengoordinasikan kegiatan pelatihan.
4.A.4.b.4.f.2,Coordinate personnel recruitment activities.,Mengoordinasikan kegiatan perekrutan pegawai.
4.A.4.b.4.f.3,Direct employee training programs.,Mengarahkan program pelatihan karyawan.
4.A.4.b.4.f.4,Manage human resources activities.,Mengelola kegiatan sumber daya manusia.
4.A.4.b.4.g.1,Direct quality control activities.,Mengarahkan kegiatan pengendalian mutu.
4.A.4.b.4.g.2,Coordinate flight control or management activities.,Mengoordinasikan kegiatan pengendalian atau pengelolaan penerbangan.
4.A.4.b.4.g.3,Manage control system activities in organizations.,Mengelola kegiatan sistem kendali dalam organisasi.
4.A.4.b.4.h.1,Manage budgets for personal services operations.,Mengelola anggaran usaha layanan pribadi.
4.A.4.b.4.h.10,Prepare project budgets.,Menyusun anggaran proyek.
4.A.4.b.4.h.2,Direct financial operations.,Mengarahkan kegiatan keuangan.
4.A.4.b.4.h.3,Direct fundraising or financing activities.,Mengarahkan kegiatan penggalangan dana atau pembiayaan.
4.A.4.b.4.h.4,Prepare operational budgets.,Menyusun anggaran operasi.
4.A.4.b.4.h.5,Manage organizational or project budgets.,Mengelola anggaran organisasi atau proyek.
4.A.4.b.4.h.6,Manage financial activities of the organization.,Mengelola kegiatan keuangan organisasi.
4.A.4.b.4.h.7,Manage budgets for appropriate resource allocation.,Mengelola anggaran agar alokasi sumber daya tepat.
4.A.4.b.4.h.8,Manage organizational or program finances.,Mengelola keuangan organisasi atau program.
4.A.4.b.4.h.9,Prepare operational budgets for green energy or other green operations.,Menyusun anggaran operasi untuk energi hijau atau kegiatan ramah lingkungan lain.
4.A.4.b.4.i.1,Direct natural resources extraction projects.,Mengarahkan proyek pengambilan sumber daya alam.
4.A.4.b.4.i.2,Direct construction or extraction personnel.,Mengarahkan pekerja konstruksi atau tambang.
4.A.4.b.4.i.3,Direct construction activities.,Mengarahkan kegiatan konstruksi.
4.A.4.b.4.i.4,Direct installation activities.,Mengarahkan kegiatan pemasangan.
4.A.4.b.4.i.5,Coordinate construction project activities.,Mengoordinasikan kegiatan proyek konstruksi.
4.A.4.b.4.i.6,Coordinate construction or installation activities.,Mengoordinasikan kegiatan konstruksi atau pemasangan.
4.A.4.b.4.i.7,Manage construction activities.,Mengelola kegiatan konstruksi.
4.A.4.b.4.j.1,Direct operational or production activities.,Mengarahkan kegiatan operasi atau produksi.
4.A.4.b.4.j.11,Manage guest services.,Mengelola layanan tamu.
4.A.4.b.4.j.12,"Manage operations, research, or logistics projects.","Mengelola proyek operasi, penelitian, atau logistik."
4.A.4.b.4.j.13,Coordinate activities of food service staff.,Mengoordinasikan kegiatan staf layanan makanan.
4.A.4.b.4.j.14,Direct operations of correctional facilities.,Mengarahkan operasi lembaga pemasyarakatan.
4.A.4.b.4.j.15,Coordinate timing of food production activities.,Mengatur waktu kegiatan produksi makanan.
4.A.4.b.4.j.16,Coordinate shipping activities with external parties.,Mengoordinasikan kegiatan pengiriman dengan pihak luar.
4.A.4.b.4.j.17,Direct administrative or support services.,Mengarahkan layanan administrasi atau pendukung.
4.A.4.b.4.j.18,Manage operations of artistic or entertainment departments or organizations.,Mengelola operasi bagian atau organisasi seni dan hiburan.
4.A.4.b.4.j.19,Coordinate activities of production personnel.,Mengoordinasikan kegiatan tenaga produksi.
4.A.4.b.4.j.2,Direct environmental development activities.,Mengarahkan kegiatan pembangunan lingkungan.
4.A.4.b.4.j.20,Coordinate logistics for productions or events.,Mengoordinasikan logistik produksi atau acara.
4.A.4.b.4.j.21,Direct maintenance or repair activities.,Mengarahkan kegiatan pemeliharaan atau perbaikan.
4.A.4.b.4.j.22,Manage food service operations or parts of operations.,Mengelola seluruh atau sebagian usaha layanan makanan.
4.A.4.b.4.j.23,Direct healthcare delivery programs.,Mengarahkan program penyelenggaraan layanan kesehatan.
4.A.4.b.4.j.24,Direct industrial production activities.,Mengarahkan kegiatan produksi industri.
4.A.4.b.4.j.26,Direct energy production or management activities.,Mengarahkan kegiatan produksi atau pengelolaan energi.
4.A.4.b.4.j.27,Direct facility maintenance or repair activities.,Mengarahkan kegiatan pemeliharaan atau perbaikan fasilitas.
4.A.4.b.4.j.28,Manage clerical or administrative activities.,Mengelola kegiatan administrasi.
4.A.4.b.4.j.29,Arrange delivery of goods or services.,Mengatur pengantaran barang atau jasa.
4.A.4.b.4.j.3,"Direct sales, marketing, or customer service activities.","Mengarahkan kegiatan penjualan, pemasaran, atau layanan pelanggan."
4.A.4.b.4.j.30,Direct passenger or freight transport activities.,Mengarahkan kegiatan angkutan penumpang atau barang.
4.A.4.b.4.j.31,Direct material handling or moving activities.,Mengarahkan kegiatan penanganan atau pemindahan barang.
4.A.4.b.4.j.32,Coordinate project activities with other personnel or departments.,Mengoordinasikan kegiatan proyek dengan personel atau bagian lain.
4.A.4.b.4.j.33,Direct department activities.,Mengarahkan kegiatan bagian.
4.A.4.b.4.j.34,Coordinate reporting or editing activities.,Mengoordinasikan kegiatan peliputan atau penyuntingan.
4.A.4.b.4.j.35,Manage preparation of special meals or diets.,Mengelola penyiapan makanan atau diet khusus.
4.A.4.b.4.j.36,Coordinate resource procurement activities.,Mengoordinasikan kegiatan pengadaan sumber daya.
4.A.4.b.4.j.37,Coordinate operational activities.,Mengoordinasikan kegiatan operasi.
4.A.4.b.4.j.38,Manage healthcare operations.,Mengelola operasi layanan kesehatan.
4.A.4.b.4.j.39,"Direct organizational operations, projects, or services.","Mengarahkan operasi, proyek, atau layanan organisasi."
4.A.4.b.4.j.4,Direct equipment maintenance or repair activities.,Mengarahkan kegiatan pemeliharaan atau perbaikan peralatan.
4.A.4.b.4.j.5,Coordinate sales campaigns.,Mengoordinasikan kampanye penjualan.
4.A.4.b.4.j.6,Direct funeral or mortuary activities.,Mengarahkan kegiatan pemakaman atau pemulasaraan jenazah.
4.A.4.b.4.j.8,Oversee business processes.,Mengawasi proses bisnis.
4.A.4.b.4.j.9,Coordinate logistics or other business operations.,Mengoordinasikan logistik atau kegiatan usaha lain.
4.A.4.b.4.k.1,Direct emergency management activities.,Mengarahkan kegiatan penanggulangan keadaan darurat.
4.A.4.b.4.k.2,Manage organizational security activities.,Mengelola kegiatan keamanan organisasi.
4.A.4.b.4.k.3,Direct fire fighting or prevention activities.,Mengarahkan kegiatan pemadaman atau pencegahan kebakaran.
4.A.4.b.4.k.4,Coordinate enforcement of laws or regulations.,Mengoordinasikan penegakan hukum atau peraturan.
4.A.4.b.4.k.5,Direct security operations.,Mengarahkan operasi keamanan.
4.A.4.b.4.l.1,Direct criminal investigations.,Mengarahkan penyidikan kriminal.
4.A.4.b.4.l.2,Direct law enforcement activities.,Mengarahkan kegiatan penegakan hukum.
4.A.4.b.4.l.3,Coordinate legal schedules or activities.,Mengoordinasikan jadwal atau kegiatan hukum.
4.A.4.b.4.l.4,Direct courtroom activities or procedures.,Mengarahkan kegiatan atau tata cara persidangan.
4.A.4.b.5.a.1,Coach others.,Melatih dan membimbing orang lain.
4.A.4.b.6.a.1,"Provide health and wellness advice to patients, program participants, or caregivers.","Memberi saran kesehatan dan kebugaran kepada pasien, peserta program, atau pengasuh."
4.A.4.b.6.a.2,Advise patients on preventive care techniques.,Memberi saran kepada pasien tentang cara pencegahan penyakit.
4.A.4.b.6.a.3,Provide medical or cosmetic advice for clients.,Memberi saran medis atau kecantikan kepada klien.
4.A.4.b.6.a.4,Advise patients on effects of health conditions or treatments.,Memberi tahu pasien tentang dampak kondisi kesehatan atau pengobatan.
4.A.4.b.6.a.5,Advise patients on healthcare system processes.,Memberi saran kepada pasien tentang alur sistem layanan kesehatan.
4.A.4.b.6.b.1,Recommend types of assistive devices.,Merekomendasikan jenis alat bantu.
4.A.4.b.6.b.2,Advise customers on technical or procedural issues.,Memberi saran kepada pelanggan tentang masalah teknis atau prosedur.
4.A.4.b.6.b.3,Advise customers on the use of products or services.,Memberi saran kepada pelanggan tentang penggunaan produk atau jasa.
4.A.4.b.6.b.4,Recommend products or services to customers.,Merekomendasikan produk atau jasa kepada pelanggan.
4.A.4.b.6.c.1,Advise others about environmental management or conservation.,Memberi saran tentang pengelolaan atau pelestarian lingkungan.
4.A.4.b.6.c.2,Advise others regarding green practices or environmental concerns.,Memberi saran tentang praktik ramah lingkungan atau persoalan lingkungan.
4.A.4.b.6.c.4,Advise others about land management or conservation.,Memberi saran tentang pengelolaan atau pelestarian lahan.
4.A.4.b.6.d.1,Provide technical guidance to other personnel.,Memberi bimbingan teknis kepada personel lain.
4.A.4.b.6.d.2,Provide technical support for software maintenance or use.,Memberi dukungan teknis untuk pemeliharaan atau penggunaan perangkat lunak.
4.A.4.b.6.d.3,Provide recommendations to others about computer hardware.,Memberi rekomendasi tentang perangkat keras komputer.
4.A.4.b.6.d.4,Advise others on the development or use of new technologies.,Memberi saran tentang pengembangan atau penggunaan teknologi baru.
4.A.4.b.6.d.5,Provide technical support for computer network issues.,Memberi dukungan teknis untuk masalah jaringan komputer.
4.A.4.b.6.d.6,Recommend changes to improve computer or information systems.,Merekomendasikan perubahan untuk memperbaiki sistem komputer atau informasi.
4.A.4.b.6.e.1,"Advise others on farming or forestry operations, regulations, or equipment.","Memberi saran tentang kegiatan, peraturan, atau peralatan pertanian atau kehutanan."
4.A.4.b.6.e.10,Advise others on business or operational matters.,Memberi saran tentang urusan bisnis atau operasi.
4.A.4.b.6.e.11,Advise others on ways to improve processes or products.,Memberi saran tentang cara memperbaiki proses atau produk.
4.A.4.b.6.e.12,Recommend changes or corrective procedures.,Merekomendasikan perubahan atau prosedur perbaikan.
4.A.4.b.6.e.2,Advise others on logistics topics.,Memberi saran tentang logistik.
4.A.4.b.6.e.3,Recommend personnel decisions or human resources activities.,Merekomendasikan keputusan kepegawaian atau kegiatan sumber daya manusia.
4.A.4.b.6.e.4,Recommend packing or shipping methods.,Merekomendasikan cara pengemasan atau pengiriman.
4.A.4.b.6.e.5,Advise others on analytical techniques.,Memberi saran tentang teknik analisis.
4.A.4.b.6.e.6,"Advise others on issues related to repairs, installation, or equipment design.","Memberi saran tentang perbaikan, pemasangan, atau rancangan peralatan."
4.A.4.b.6.e.7,Recommend organizational process or policy changes.,Merekomendasikan perubahan proses atau kebijakan organisasi.
4.A.4.b.6.e.8,Advise others on human resources topics.,Memberi saran tentang sumber daya manusia.
4.A.4.b.6.e.9,"Recommend technical design or process changes to improve efficiency, quality, or performance.","Merekomendasikan perubahan rancangan teknis atau proses untuk meningkatkan efisiensi, mutu, atau kinerja."
4.A.4.b.6.f.1,Advise medical personnel regarding healthcare issues.,Memberi saran kepada tenaga medis tentang masalah layanan kesehatan.
4.A.4.b.6.f.2,Advise communities or institutions regarding health or safety issues.,Memberi saran kepada masyarakat atau lembaga tentang masalah kesehatan atau keselamatan.
4.A.4.b.6.f.3,Advise clients or community groups on health issues.,Memberi saran kepada klien atau kelompok masyarakat tentang masalah kesehatan.
4.A.4.b.6.f.4,"Advise athletes, coaches, or trainers on exercise regimens, nutrition, or equipment use.","Memberi saran kepada atlet atau pelatih tentang program latihan, gizi, atau penggunaan peralatan."
4.A.4.b.6.f.5,Advise others on healthcare matters.,Memberi saran tentang urusan layanan kesehatan.
4.A.4.b.6.g.1,Advise others on social or educational issues.,Memberi saran tentang masalah sosial atau pendidikan.
4.A.4.b.6.g.2,Advise students on academic or career matters.,Memberi saran kepada siswa tentang urusan akademik atau karier.
4.A.4.b.6.g.3,Discuss child development and behavior with parents or guardians.,Membahas perkembangan dan perilaku anak dengan orang tua atau wali.
4.A.4.b.6.g.4,Counsel clients regarding educational or vocational issues.,Memberi konseling kepada klien tentang masalah pendidikan atau pekerjaan.
4.A.4.b.6.g.5,"Advise educators on curricula, instructional methods, or policies.","Memberi saran kepada pendidik tentang kurikulum, metode mengajar, atau kebijakan."
4.A.4.b.6.g.6,Advise others on career or personal development.,Memberi saran tentang pengembangan karier atau pengembangan diri.
4.A.4.b.6.g.7,Advise others on educational matters.,Memberi saran tentang urusan pendidikan.
4.A.4.b.6.g.8,Discuss student progress with parents or guardians.,Membahas kemajuan siswa dengan orang tua atau wali.
4.A.4.b.6.h.1,Provide legal advice to clients.,Memberi nasihat hukum kepada klien.
4.A.4.b.6.h.2,Advise others on matters of public policy.,Memberi saran tentang kebijakan publik.
4.A.4.b.6.h.3,Recommend legal actions.,Merekomendasikan langkah hukum.
4.A.4.b.6.h.4,Advise others on legal or regulatory compliance matters.,Memberi saran tentang kepatuhan terhadap hukum atau peraturan.
4.A.4.b.6.i.1,Advise others on management of emergencies or hazardous situations or materials.,Memberi saran tentang penanganan keadaan darurat atau situasi dan bahan berbahaya.
4.A.4.b.6.i.2,Recommend improvements to increase safety or reduce risks.,Merekomendasikan perbaikan untuk meningkatkan keselamatan atau mengurangi risiko.
4.A.4.b.6.i.3,Advise others on health and safety issues.,Memberi saran tentang masalah kesehatan dan keselamatan.
4.A.4.b.6.j.1,Intervene in crisis situations to assist clients.,Turun tangan dalam situasi krisis untuk membantu klien.
4.A.4.b.6.j.2,Counsel clients or patients with substance abuse issues.,Memberi konseling kepada klien atau pasien dengan masalah penyalahgunaan zat.
4.A.4.b.6.j.3,"Provide counsel, comfort, or encouragement to individuals or families.","Memberi nasihat, penghiburan, atau semangat kepada perorangan atau keluarga."
4.A.4.b.6.j.4,Counsel clients regarding interpersonal issues.,Memberi konseling kepada klien tentang masalah hubungan antarpribadi.
4.A.4.b.6.j.5,Counsel family members of clients or patients.,Memberi konseling kepada keluarga klien atau pasien.
4.A.4.b.6.j.6,Counsel clients on mental health or personal achievement.,Memberi konseling kepada klien tentang kesehatan jiwa atau pencapaian pribadi.
4.A.4.b.6.j.7,Counsel clients or patients regarding personal issues.,Memberi konseling kepada klien atau pasien tentang masalah pribadi.
4.A.4.b.6.k.1,Advise real estate clients.,Memberi saran kepada klien real estat.
4.A.4.b.6.k.2,Recommend investments to clients.,Merekomendasikan investasi kepada klien.
4.A.4.b.6.k.3,Advise others on financial matters.,Memberi saran tentang urusan keuangan.
4.A.4.c.1.a.1,Classify materials according to standard systems.,Mengelompokkan bahan menurut sistem baku.
4.A.4.c.1.a.10,Perform administrative or clerical tasks.,Mengerjakan tugas administrasi.
4.A.4.c.1.a.2,File documents or records.,Mengarsipkan dokumen atau catatan.
4.A.4.c.1.a.3,Process healthcare paperwork.,Memproses dokumen layanan kesehatan.
4.A.4.c.1.a.4,Prepare business correspondence.,Menyiapkan surat-menyurat bisnis.
4.A.4.c.1.a.5,Perform student enrollment or registration activities.,Mengurus pendaftaran siswa.
4.A.4.c.1.a.6,Perform clerical work in medical settings.,Mengerjakan tugas administrasi di lingkungan medis.
4.A.4.c.1.a.7,Type documents.,Mengetik dokumen.
4.A.4.c.1.a.8,Process library materials.,Memproses bahan pustaka.
4.A.4.c.1.a.9,Prepare administrative documents.,Menyiapkan dokumen administrasi.
4.A.4.c.1.b.1,Administer oaths to court participants.,Mengambil sumpah peserta persidangan.
4.A.4.c.1.b.2,Serve court ordered documents.,Menyampaikan dokumen perintah pengadilan.
4.A.4.c.1.c.1,Operate cash registers.,Mengoperasikan mesin kasir.
4.A.4.c.1.c.10,Take product orders from customers.,Menerima pesanan produk dari pelanggan.
4.A.4.c.1.c.11,Process sales or other transactions.,Memproses penjualan atau transaksi lain.
4.A.4.c.1.c.12,Disburse funds from clients accounts to creditors.,Membayarkan dana dari rekening klien kepada kreditur.
4.A.4.c.1.c.13,Conduct gaming transactions.,Melayani transaksi permainan judi.
4.A.4.c.1.c.2,Submit financial applications.,Mengajukan permohonan keuangan.
4.A.4.c.1.c.3,Process medical billing information.,Memproses informasi tagihan medis.
4.A.4.c.1.c.4,Execute sales or other financial transactions.,Melaksanakan penjualan atau transaksi keuangan lain.
4.A.4.c.1.c.5,"Issue money, credit, or vouchers.","Mengeluarkan uang, kredit, atau voucer."
4.A.4.c.1.c.6,Process customer bills or payments.,Memproses tagihan atau pembayaran pelanggan.
4.A.4.c.1.c.7,"Pay charges, fees, or taxes.","Membayar biaya, ongkos, atau pajak."
4.A.4.c.1.c.8,Arrange insurance coverage.,Mengatur perlindungan asuransi.
4.A.4.c.1.c.9,Take customer orders.,Mencatat pesanan pelanggan.
4.A.4.c.1.d.1,Issue permits or other legal documents.,Menerbitkan izin atau dokumen hukum lain.
4.A.4.c.1.d.2,Issue documentation or identification to customers or employees.,Menerbitkan dokumen atau tanda pengenal untuk pelanggan atau karyawan.
4.A.4.c.1.d.3,Issue warnings or citations.,Mengeluarkan peringatan atau surat tilang.
4.A.4.c.1.d.4,Issue certificates or licenses.,Menerbitkan sertifikat atau lisensi.
4.A.4.c.1.e.1,Receive shipments.,Menerima kiriman.
4.A.4.c.1.e.2,Prepare outgoing mail.,Menyiapkan surat keluar.
4.A.4.c.1.e.3,"Send information, materials or documentation.","Mengirim informasi, bahan, atau dokumen."
4.A.4.c.1.e.4,Route mail to correct destinations.,Meneruskan surat ke tujuan yang benar.
4.A.4.c.1.e.5,Prepare outgoing shipments.,Menyiapkan kiriman keluar.
4.A.4.c.1.f.1,Process forensic or legal evidence in accordance with procedures.,Memproses bukti forensik atau bukti hukum sesuai prosedur.
4.A.4.c.2.a.1,Audition or interview potential performers or staff members.,Mengaudisi atau mewawancarai calon penampil atau staf.
4.A.4.c.2.a.2,Conduct eligibility or selection interviews.,Melakukan wawancara kelayakan atau seleksi.
4.A.4.c.2.a.3,Hire personnel.,Merekrut dan mengangkat pegawai.
4.A.4.c.2.a.4,Participate in staffing decisions.,Ikut memutuskan penempatan pegawai.
4.A.4.c.2.a.5,Recruit personnel.,Merekrut pegawai.
4.A.4.c.2.a.6,"Select staff, team members, or performers.","Memilih staf, anggota tim, atau penampil."
4.A.4.c.2.a.8,Administer personnel recruitment or hiring activities.,Mengelola kegiatan perekrutan atau penerimaan pegawai.
4.A.4.c.2.b.1,Perform human resources activities.,Menjalankan kegiatan sumber daya manusia.
4.A.4.c.2.b.2,Administer compensation or benefits programs.,Mengelola program kompensasi atau tunjangan.
4.A.4.c.2.b.3,Administer standardized physical or psychological tests.,Menyelenggarakan tes fisik atau psikologis yang terstandar.
4.A.4.c.3.a.1,"Maintain food, beverage, or equipment inventories.","Mengelola persediaan makanan, minuman, atau peralatan."
4.A.4.c.3.a.2,Maintain inventory of medical supplies or equipment.,Mengelola persediaan perlengkapan atau peralatan medis.
4.A.4.c.3.a.3,Manage inventories of products or organizational resources.,Mengelola persediaan produk atau sumber daya organisasi.
4.A.4.c.3.a.4,Maintain supply or equipment inventories.,Mengelola persediaan perlengkapan atau peralatan.
4.A.4.c.3.a.5,"Maintain inventories of materials, equipment, or products.","Mengelola persediaan bahan, peralatan, atau produk."
4.A.4.c.3.a.6,Maintain the inventory of equipment.,Mengelola persediaan peralatan.
4.A.4.c.3.b.1,Order medical diagnostic or clinical tests.,Meminta tes diagnostik medis atau tes klinis.
4.A.4.c.3.c.1,Distribute instructional or library materials.,Membagikan bahan ajar atau bahan pustaka.
4.A.4.c.3.c.2,Allocate physical resources within organizations.,Mengalokasikan sumber daya fisik di dalam organisasi.
4.A.4.c.3.c.3,Distribute materials to employees or customers.,Membagikan bahan kepada karyawan atau pelanggan.
4.A.4.c.3.c.4,Assign resources or facilities to patrons or employees.,Menetapkan sumber daya atau fasilitas untuk pengunjung atau karyawan.
4.A.4.c.3.c.5,Distribute resources to patrons or employees.,Membagikan sumber daya kepada pengunjung atau karyawan.
4.A.4.c.3.c.6,Provide educational materials to community members.,Memberikan bahan edukasi kepada warga masyarakat.
4.A.4.c.3.c.7,Distribute incoming mail.,Membagikan surat masuk.
4.A.4.c.3.c.8,Distribute supplies to workers.,Membagikan perlengkapan kepada pekerja.
4.A.4.c.3.d.1,"Collect deposits, payments or fees.","Menerima setoran, pembayaran, atau biaya."
4.A.4.c.3.d.2,Collect fares or payment from customers.,Menarik ongkos atau pembayaran dari pelanggan.
4.A.4.c.3.d.3,Collect payments for goods or services.,Menerima pembayaran barang atau jasa.
4.A.4.c.3.e.1,"Order materials, supplies, or equipment.","Memesan bahan, perlengkapan, atau peralatan."
4.A.4.c.3.e.2,Order instructional or library materials or equipment.,Memesan bahan atau peralatan ajar atau perpustakaan.
4.A.4.c.3.e.3,"Purchase materials, equipment, or other resources.","Membeli bahan, peralatan, atau sumber daya lain."
4.A.4.c.3.e.4,Purchase stocks of merchandise or supplies.,Membeli persediaan barang dagangan atau perlengkapan.
4.A.4.c.3.e.5,Order construction or extraction materials or equipment.,Memesan bahan atau peralatan konstruksi atau tambang.
4.A.4.c.3.e.6,Purchase products or services.,Membeli produk atau jasa.
4.A.4.c.3.e.7,Order medical supplies or equipment.,Memesan perlengkapan atau peralatan medis.
4.A.4.c.3.e.8,Acquire supplies or equipment.,Mengadakan perlengkapan atau peralatan.
4.A.4.c.3.f.1,Prescribe treatments or therapies.,Meresepkan pengobatan atau terapi.
4.A.4.c.3.f.2,Control prescription refills or authorizations.,Mengendalikan pengulangan atau otorisasi resep.
4.A.4.c.3.f.3,Prescribe medications.,Meresepkan obat.
4.A.4.c.3.f.4,Prescribe assistive medical devices or related treatments.,Meresepkan alat bantu medis atau pengobatan terkait.
4.A.4.c.3.g.1,Monitor availability of equipment or supplies.,Memantau ketersediaan peralatan atau perlengkapan.
4.A.4.c.3.g.2,Inventory materials or equipment.,Mendata bahan atau peralatan.
4.A.4.c.3.g.3,Inventory medical supplies or equipment.,Mendata perlengkapan atau peralatan medis.
4.A.4.c.3.g.4,Monitor inventories of products or materials.,Memantau persediaan produk atau bahan.
4.A.4.c.3.g.5,Monitor resources.,Memantau sumber daya.
