kode,judul_en,judul_id,deskripsi_id
11-1011.00,Chief Executives,Direktur Utama,"Menetapkan dan merumuskan kebijakan serta memberi arah menyeluruh bagi perusahaan atau organisasi swasta maupun publik, sesuai pedoman dewan direksi atau badan pengatur serupa. Merencanakan, mengarahkan, atau mengoordinasikan kegiatan operasi di tingkat manajemen tertinggi dengan bantuan eksekutif dan manajer di bawahnya."
11-1021.00,General and Operations Managers,Manajer Umum dan Operasional,"Merencanakan, mengarahkan, atau mengoordinasikan operasi organisasi publik atau swasta, dengan membawahi beberapa bagian atau lokasi. Tugasnya mencakup merumuskan kebijakan, mengelola operasi sehari-hari, dan merencanakan penggunaan bahan serta sumber daya manusia; terlalu beragam untuk digolongkan ke satu bidang manajemen saja. Biasanya mengelola lewat para penyelia di bawahnya."
11-2011.00,Advertising and Promotions Managers,Manajer Periklanan dan Promosi,"Merencanakan, mengarahkan, atau mengoordinasikan kebijakan dan program periklanan, atau membuat materi pendukung seperti poster, lomba, kupon, atau hadiah, untuk menambah minat membeli suatu produk atau jasa."
11-2021.00,Marketing Managers,Manajer Pemasaran,"Merencanakan, mengarahkan, atau mengoordinasikan kebijakan dan program pemasaran, seperti menentukan permintaan atas produk dan jasa perusahaan dan pesaingnya serta mengenali calon pelanggan. Menyusun strategi harga untuk memaksimalkan laba atau pangsa pasar sambil menjaga kepuasan pelanggan. Mengawasi pengembangan produk atau memantau tren yang menunjukkan perlunya produk dan jasa baru."
11-2022.00,Sales Managers,Manajer Penjualan,"Merencanakan, mengarahkan, atau mengoordinasikan penyaluran produk atau jasa kepada pelanggan. Mengatur distribusi penjualan dengan menetapkan wilayah, kuota, dan target penjualan, serta menyusun program pelatihan bagi tenaga penjualan. Menganalisis statistik penjualan untuk menentukan potensi penjualan dan kebutuhan persediaan, serta memantau selera pelanggan."
11-2032.00,Public Relations Managers,Manajer Hubungan Masyarakat,"Merencanakan, mengarahkan, atau mengoordinasikan kegiatan untuk membangun atau menjaga citra baik di mata publik, atau meningkatkan kesadaran akan suatu isu, bagi organisasi atau kliennya."
11-2033.00,Fundraising Managers,Manajer Penggalangan Dana,"Merencanakan, mengarahkan, atau mengoordinasikan kegiatan untuk menghimpun dan menjaga dana bagi proyek khusus atau organisasi nirlaba."
11-3012.00,Administrative Services Managers,Manajer Layanan Administrasi,"Merencanakan, mengarahkan, atau mengoordinasikan satu atau lebih layanan administrasi organisasi, seperti pengelolaan arsip dan informasi, distribusi surat, dan layanan pendukung kantor lainnya."
11-3013.00,Facilities Managers,Manajer Fasilitas,"Merencanakan, mengarahkan, atau mengoordinasikan operasi dan fungsi fasilitas serta gedung. Dapat mencakup halaman di sekitarnya atau beberapa fasilitas dalam satu kompleks organisasi."
11-3013.01,Security Managers,Manajer Keamanan,"Mengarahkan fungsi keamanan organisasi, termasuk keamanan fisik serta keselamatan karyawan dan fasilitas."
11-3021.00,Computer and Information Systems Managers,Manajer Sistem Komputer dan Informasi,"Merencanakan, mengarahkan, atau mengoordinasikan kegiatan di bidang seperti pengolahan data elektronik, sistem informasi, analisis sistem, dan pemrograman komputer."
11-3031.00,Financial Managers,Manajer Keuangan,"Merencanakan, mengarahkan, atau mengoordinasikan kegiatan akuntansi, investasi, perbankan, asuransi, sekuritas, dan kegiatan keuangan lain di suatu cabang, kantor, atau bagian."
11-3031.01,Treasurers and Controllers,Bendahara dan Pengendali Keuangan,"Mengarahkan kegiatan keuangan, seperti perencanaan, pengadaan, dan investasi, untuk seluruh atau sebagian organisasi."
11-3031.03,Investment Fund Managers,Manajer Dana Investasi,"Merencanakan, mengarahkan, atau mengoordinasikan strategi atau operasi investasi untuk kumpulan besar aset likuid yang disetor investor lembaga atau perorangan."
11-3051.00,Industrial Production Managers,Manajer Produksi Industri,"Merencanakan, mengarahkan, atau mengoordinasikan kegiatan kerja dan sumber daya yang dibutuhkan untuk membuat produk sesuai spesifikasi biaya, mutu, dan jumlah."
11-3051.01,Quality Control Systems Managers,Manajer Sistem Pengendalian Mutu,"Merencanakan, mengarahkan, atau mengoordinasikan program penjaminan mutu. Merumuskan kebijakan pengendalian mutu dan mengendalikan mutu pekerjaan laboratorium dan produksi."
11-3061.00,Purchasing Managers,Manajer Pembelian,"Merencanakan, mengarahkan, atau mengoordinasikan kegiatan pembeli, petugas pembelian, dan pekerja terkait dalam membeli bahan, produk, dan jasa. Termasuk manajer pengadaan dan manajer barang dagangan di perdagangan grosir atau eceran."
11-3071.00,"Transportation, Storage, and Distribution Managers","Manajer Transportasi, Pergudangan, dan Distribusi","Merencanakan, mengarahkan, atau mengoordinasikan kegiatan transportasi, penyimpanan, atau distribusi sesuai kebijakan organisasi dan peraturan pemerintah yang berlaku. Termasuk manajer logistik."
11-3071.04,Supply Chain Managers,Manajer Rantai Pasok,"Mengarahkan atau mengoordinasikan kegiatan produksi, pembelian, pergudangan, distribusi, atau prakiraan keuangan untuk menekan biaya dan meningkatkan ketepatan, layanan pelanggan, atau keselamatan. Mengkaji prosedur yang ada untuk menyederhanakan kegiatan distribusi produk. Mengarahkan pergerakan, penyimpanan, atau pengolahan persediaan."
11-3111.00,Compensation and Benefits Managers,Manajer Kompensasi dan Tunjangan,"Merencanakan, mengarahkan, atau mengoordinasikan kegiatan kompensasi dan tunjangan suatu organisasi."
11-3121.00,Human Resources Managers,Manajer Sumber Daya Manusia,"Merencanakan, mengarahkan, atau mengoordinasikan kegiatan dan staf sumber daya manusia suatu organisasi."
11-3131.00,Training and Development Managers,Manajer Pelatihan dan Pengembangan,"Merencanakan, mengarahkan, atau mengoordinasikan kegiatan dan staf pelatihan serta pengembangan suatu organisasi."
11-9013.00,"Farmers, Ranchers, and Other Agricultural Managers","Petani, Peternak, dan Pengelola Usaha Pertanian","Merencanakan, mengarahkan, atau mengoordinasikan pengelolaan pertanian, peternakan, rumah kaca, budi daya perairan, pembibitan, lahan kayu, atau usaha pertanian lain. Dapat merekrut, melatih, dan mengawasi pekerja atau mengontrak jasa untuk menjalankan kegiatan sehari-hari. Dapat ikut atau mengawasi penanaman, pemeliharaan, panen, serta kegiatan keuangan dan pemasaran."
11-9021.00,Construction Managers,Manajer Konstruksi,"Merencanakan, mengarahkan, atau mengoordinasikan, biasanya lewat penyelia di bawahnya, kegiatan pembangunan dan pemeliharaan bangunan, fasilitas, dan sistem. Ikut mengembangkan konsep proyek konstruksi dan mengawasi pengorganisasian, penjadwalan, penganggaran, dan pelaksanaannya. Termasuk manajer di bidang konstruksi khusus, seperti pertukangan kayu atau perpipaan."
11-9031.00,"Education and Childcare Administrators, Preschool and Daycare","Pengelola Pendidikan dan Penitipan Anak, Prasekolah","Merencanakan, mengarahkan, atau mengoordinasikan kegiatan akademik maupun nonakademik di prasekolah atau pusat dan program penitipan anak, termasuk pengasuhan sebelum dan sesudah jam sekolah."
11-9032.00,"Education Administrators, Kindergarten through Secondary","Pengelola Pendidikan, TK sampai Sekolah Menengah","Merencanakan, mengarahkan, atau mengoordinasikan kegiatan akademik, administrasi, atau penunjang di taman kanak-kanak, sekolah dasar, atau sekolah menengah."
11-9033.00,"Education Administrators, Postsecondary","Pengelola Pendidikan, Perguruan Tinggi","Merencanakan, mengarahkan, atau mengoordinasikan pengajaran, administrasi, dan layanan mahasiswa, serta kegiatan penelitian dan pendidikan lain, di perguruan tinggi."
11-9041.00,Architectural and Engineering Managers,Manajer Arsitektur dan Rekayasa,"Merencanakan, mengarahkan, atau mengoordinasikan kegiatan di bidang seperti arsitektur dan rekayasa, atau penelitian dan pengembangan di bidang tersebut."
11-9051.00,Food Service Managers,Manajer Layanan Makanan,"Merencanakan, mengarahkan, atau mengoordinasikan kegiatan organisasi atau bagian yang menyajikan makanan dan minuman."
11-9071.00,Gambling Managers,Manajer Usaha Perjudian,"Merencanakan, mengarahkan, atau mengoordinasikan operasi perjudian di kasino. Dapat merumuskan aturan rumah judi."
11-9072.00,"Entertainment and Recreation Managers, Except Gambling",Manajer Hiburan dan Rekreasi,"Merencanakan, mengarahkan, atau mengoordinasikan kegiatan hiburan dan rekreasi serta operasi fasilitas rekreasi, termasuk kapal pesiar dan taman."
11-9081.00,Lodging Managers,Manajer Penginapan,"Merencanakan, mengarahkan, atau mengoordinasikan kegiatan organisasi atau bagian yang menyediakan penginapan dan akomodasi lain."
11-9111.00,Medical and Health Services Managers,Manajer Layanan Medis dan Kesehatan,"Merencanakan, mengarahkan, atau mengoordinasikan layanan medis dan kesehatan di rumah sakit, klinik, lembaga kesehatan masyarakat, atau organisasi serupa."
11-9121.00,Natural Sciences Managers,Manajer Ilmu Pengetahuan Alam,"Merencanakan, mengarahkan, atau mengoordinasikan kegiatan di bidang seperti ilmu hayati, ilmu fisika, matematika, statistika, serta penelitian dan pengembangan di bidang tersebut."
11-9121.01,Clinical Research Coordinators,Koordinator Riset Klinis,"Merencanakan, mengarahkan, atau mengoordinasikan proyek riset klinis. Mengarahkan pekerja riset klinis agar mematuhi protokol dan tujuan klinis secara keseluruhan. Dapat mengevaluasi dan menganalisis data klinis."
11-9131.00,Postmasters and Mail Superintendents,Kepala Kantor Pos,"Merencanakan, mengarahkan, atau mengoordinasikan layanan operasi, administrasi, manajemen, dan pendukung di kantor pos, atau mengoordinasikan kegiatan pekerja pos di kantor pos yang ditugaskan."
11-9141.00,"Property, Real Estate, and Community Association Managers","Manajer Properti, Real Estat, dan Perhimpunan Penghuni","Merencanakan, mengarahkan, atau mengoordinasikan kegiatan penjualan, pembelian, penyewaan, atau pengelolaan properti komersial, industri, atau hunian. Termasuk pengelola perhimpunan pemilik rumah dan apartemen, unit hunian sewa, gedung, atau lahan."
11-9151.00,Social and Community Service Managers,Manajer Layanan Sosial dan Kemasyarakatan,"Merencanakan, mengarahkan, atau mengoordinasikan kegiatan program layanan sosial atau organisasi penjangkauan masyarakat. Mengawasi anggaran serta kebijakan program tentang keterlibatan peserta, persyaratan, dan manfaat. Pekerjaan dapat mencakup mengarahkan pekerja sosial, konselor, atau petugas pembimbing kemasyarakatan."
11-9161.00,Emergency Management Directors,Direktur Penanggulangan Keadaan Darurat,"Merencanakan dan mengarahkan kegiatan tanggap bencana atau penanganan krisis, memberi pelatihan kesiapsiagaan bencana, serta menyusun rencana dan prosedur darurat untuk bencana alam (seperti badai, banjir, gempa), perang, bencana teknologi (seperti keadaan darurat pembangkit nuklir atau tumpahan bahan berbahaya), atau situasi penyanderaan."
11-9171.00,Funeral Home Managers,Manajer Rumah Duka,"Merencanakan, mengarahkan, atau mengoordinasikan layanan atau sumber daya rumah duka. Mencakup kegiatan seperti menentukan harga layanan atau barang dan mengelola fasilitas rumah duka."
11-9179.01,Fitness and Wellness Coordinators,Koordinator Kebugaran dan Kesehatan,"Mengelola atau mengoordinasikan program dan layanan kebugaran serta kesehatan. Mengelola dan melatih staf spesialis kesehatan, pendidik kesehatan, atau instruktur kebugaran."
11-9179.02,Spa Managers,Manajer Spa,"Merencanakan, mengarahkan, atau mengoordinasikan kegiatan fasilitas spa. Mengoordinasikan program, menjadwalkan dan mengarahkan staf, serta mengawasi kegiatan keuangan."
11-9199.01,Regulatory Affairs Managers,Manajer Urusan Regulasi,"Merencanakan, mengarahkan, atau mengoordinasikan kegiatan produksi organisasi agar mematuhi peraturan dan prosedur operasi standar."
11-9199.08,Loss Prevention Managers,Manajer Pencegahan Kerugian,"Merencanakan dan mengarahkan kebijakan, prosedur, atau sistem untuk mencegah hilangnya aset. Menentukan paparan risiko atau kemungkinan tanggung jawab hukum, dan menyusun langkah pengendalian risiko."
13-1011.00,"Agents and Business Managers of Artists, Performers, and Athletes","Agen dan Manajer Bisnis Seniman, Penampil, dan Atlet","Mewakili dan mempromosikan seniman, penampil, dan atlet dalam urusan dengan pemberi kerja atau calon pemberi kerja. Dapat menangani negosiasi kontrak dan urusan bisnis lain untuk klien."
13-1021.00,"Buyers and Purchasing Agents, Farm Products",Pembeli dan Agen Pembelian Hasil Pertanian,"Membeli hasil pertanian untuk diolah lebih lanjut atau dijual kembali. Termasuk pembeli biji-bijian, pembeli tembakau, dan perantara hasil pertanian. Dapat menegosiasikan kontrak."
13-1022.00,"Wholesale and Retail Buyers, Except Farm Products",Pembeli Grosir dan Eceran,"Membeli barang dagangan atau komoditas selain hasil pertanian untuk dijual kembali kepada konsumen di tingkat grosir atau eceran. Menganalisis tren pembelian, catatan penjualan, harga, dan mutu barang untuk menentukan nilai dan hasilnya. Memilih, memesan, dan menyetujui pembayaran barang sesuai perjanjian kontrak. Dapat mengadakan pertemuan dengan tenaga penjualan, memperkenalkan produk baru, dan menegosiasikan kontrak."
13-1023.00,"Purchasing Agents, Except Wholesale, Retail, and Farm Products",Agen Pembelian,"Membeli mesin, peralatan, perkakas, suku cadang, perlengkapan, atau jasa yang dibutuhkan untuk operasi suatu usaha. Membeli bahan mentah atau setengah jadi untuk manufaktur. Dapat menegosiasikan kontrak."
13-1031.00,"Claims Adjusters, Examiners, and Investigators","Penilai, Pemeriksa, dan Penyelidik Klaim Asuransi",Menelaah klaim yang sudah diselesaikan untuk memastikan pembayaran dan penyelesaiannya sesuai praktik dan prosedur perusahaan. Berkonsultasi dengan penasihat hukum untuk klaim yang perlu dibawa ke pengadilan. Dapat juga menyelesaikan klaim asuransi.
13-1032.00,"Insurance Appraisers, Auto Damage",Penaksir Asuransi Kerusakan Kendaraan,Menaksir kerusakan mobil atau kendaraan lain untuk menentukan biaya perbaikan dalam penyelesaian klaim asuransi. Mengisi formulir asuransi berisi biaya perbaikan atau perkiraan biaya dan rekomendasi. Dapat mencari kesepakatan biaya perbaikan dengan bengkel.
13-1041.00,Compliance Officers,Petugas Kepatuhan,"Memeriksa, mengevaluasi, dan menyelidiki kelayakan atau kesesuaian dengan hukum dan peraturan tentang kepatuhan kontrak, lisensi, dan izin, serta melakukan kegiatan pemeriksaan dan analisis kepatuhan lainnya."
13-1041.04,Government Property Inspectors and Investigators,Pemeriksa dan Penyelidik Aset Pemerintah,Menyelidiki atau memeriksa aset pemerintah untuk memastikan kepatuhan terhadap perjanjian kontrak dan peraturan pemerintah.
13-1041.06,Coroners,Pemeriksa Sebab Kematian (Koroner),"Mengarahkan kegiatan seperti autopsi, analisis patologi dan toksikologi, serta pemeriksaan terkait penyelidikan kematian di suatu wilayah hukum, untuk menentukan penyebab kematian atau menetapkan tanggung jawab atas kematian akibat kecelakaan, kekerasan, atau sebab yang tidak jelas."
13-1041.07,Regulatory Affairs Specialists,Spesialis Urusan Regulasi,"Mengoordinasikan dan mendokumentasikan proses kepatuhan internal, seperti audit internal, inspeksi, perpanjangan lisensi, atau pendaftaran. Dapat menghimpun dan menyiapkan bahan untuk diserahkan ke badan pengawas."
13-1041.08,Customs Brokers,Perantara Kepabeanan,Menyiapkan dokumen kepabeanan dan memastikan kiriman memenuhi semua hukum yang berlaku untuk melancarkan impor dan ekspor barang. Menentukan dan melacak bea serta pajak yang harus dibayar dan memproses pembayaran atas nama klien. Mewakili klien dalam pertemuan dengan petugas bea cukai. Mengoordinasikan pengangkutan dan penyimpanan barang impor.
13-1051.00,Cost Estimators,Penaksir Biaya,"Menyusun perkiraan biaya untuk pembuatan produk, proyek konstruksi, atau jasa guna membantu manajemen mengajukan penawaran atau menentukan harga. Dapat mengkhususkan diri pada jenis jasa atau produk tertentu."
13-1071.00,Human Resources Specialists,Spesialis Sumber Daya Manusia,"Merekrut, menyaring, mewawancarai, atau menempatkan orang di dalam organisasi. Dapat mengerjakan kegiatan lain di berbagai bidang sumber daya manusia."
13-1074.00,Farm Labor Contractors,Kontraktor Tenaga Kerja Pertanian,"Merekrut dan mempekerjakan buruh tani musiman atau sementara. Dapat mengangkut, menyediakan tempat tinggal, dan menyediakan makanan bagi pekerja."
13-1075.00,Labor Relations Specialists,Spesialis Hubungan Industrial,"Menyelesaikan perselisihan antara pekerja dan manajer, merundingkan perjanjian kerja bersama, atau mengoordinasikan prosedur pengaduan untuk menangani keluhan karyawan."
13-1081.00,Logisticians,Ahli Logistik,"Menganalisis dan mengoordinasikan fungsi logistik perusahaan atau organisasi. Bertanggung jawab atas seluruh siklus hidup produk, termasuk pengadaan, distribusi, alokasi internal, pengantaran, dan pembuangan akhir."
13-1081.01,Logistics Engineers,Insinyur Logistik,"Merancang atau menganalisis solusi operasi untuk proyek seperti optimalisasi transportasi, pemodelan jaringan, analisis proses dan metode, pengendalian biaya, peningkatan kapasitas, optimalisasi rute dan pengiriman, atau pengelolaan informasi."
13-1081.02,Logistics Analysts,Analis Logistik,"Menganalisis proses pengantaran produk atau rantai pasok untuk menemukan atau merekomendasikan perubahan. Dapat mengelola kegiatan rute, termasuk penagihan, tagihan elektronik, dan pelacakan kiriman."
13-1082.00,Project Management Specialists,Spesialis Manajemen Proyek,"Menganalisis dan mengoordinasikan jadwal, pengadaan, penempatan staf, dan anggaran suatu produk atau jasa per proyek. Memimpin dan mengarahkan pekerjaan staf teknis. Dapat menjadi penghubung dengan klien atau pelanggan."
13-1111.00,Management Analysts,Analis Manajemen,"Melakukan kajian dan evaluasi organisasi, merancang sistem dan prosedur, melakukan kajian penyederhanaan dan pengukuran kerja, serta menyusun pedoman operasi dan prosedur untuk membantu manajemen bekerja lebih efisien dan efektif. Termasuk analis program dan konsultan manajemen."
13-1121.00,"Meeting, Convention, and Event Planners","Perencana Rapat, Konvensi, dan Acara","Mengoordinasikan kegiatan staf, petugas konvensi, atau klien untuk mengatur rapat kelompok, acara, atau konvensi."
13-1131.00,Fundraisers,Penggalang Dana,"Menyelenggarakan kegiatan untuk menggalang dana atau menghimpun sumbangan uang maupun pemberian lain bagi organisasi. Dapat merancang dan membuat materi promosi. Dapat juga meningkatkan kesadaran tentang kerja, tujuan, dan kebutuhan dana organisasi."
13-1141.00,"Compensation, Benefits, and Job Analysis Specialists","Spesialis Kompensasi, Tunjangan, dan Analisis Jabatan","Menjalankan program kompensasi, tunjangan, dan analisis jabatan untuk pemberi kerja. Dapat mengkhususkan diri pada bidang tertentu, seperti klasifikasi jabatan dan program pensiun."
13-1151.00,Training and Development Specialists,Spesialis Pelatihan dan Pengembangan,Merancang atau menyelenggarakan program pelatihan dan pengembangan terkait pekerjaan untuk meningkatkan keterampilan perorangan atau kinerja organisasi. Dapat menganalisis kebutuhan pelatihan organisasi atau mengevaluasi efektivitas pelatihan.
13-1161.00,Market Research Analysts and Marketing Specialists,Analis Riset Pasar dan Spesialis Pemasaran,"Meneliti kondisi pasar lokal, regional, nasional, atau daring. Mengumpulkan informasi untuk menentukan potensi penjualan produk atau jasa, atau merencanakan kampanye pemasaran atau iklan. Dapat mengumpulkan informasi tentang pesaing, harga, penjualan, serta cara pemasaran dan distribusi."
13-1161.01,Search Marketing Strategists,Ahli Strategi Pemasaran Mesin Pencari,"Menerapkan taktik pemasaran mesin pencari untuk meningkatkan visibilitas dan keterlibatan pengguna terhadap konten, produk, atau jasa di internet. Mengkaji perilaku pencarian di mesin pencari. Menganalisis riset, data, atau teknologi untuk memahami maksud pengguna dan mengukur hasil demi perbaikan berkelanjutan."
13-1199.04,Business Continuity Planners,Perencana Kelangsungan Usaha,"Mengembangkan, memelihara, atau menjalankan strategi kelangsungan usaha dan pemulihan bencana, termasuk penilaian risiko, analisis dampak bisnis, pemilihan strategi, dan dokumentasi prosedur. Merencanakan dan mengadakan latihan simulasi bencana secara berkala untuk menguji rencana yang ada. Menjadi koordinator upaya kelangsungan usaha setelah terjadi gangguan."
13-1199.06,Online Merchants,Pedagang Daring,"Menjalankan kegiatan ritel usaha yang beroperasi sepenuhnya secara daring. Dapat mengerjakan tugas seperti menyusun strategi bisnis, membeli barang dagangan, mengelola persediaan, menjalankan pemasaran, memenuhi dan mengirim pesanan daring, serta mencocokkan catatan keuangan."
13-1199.07,Security Management Specialists,Spesialis Manajemen Keamanan,Melakukan penilaian keamanan untuk organisasi serta merancang sistem dan proses keamanan. Dapat mengkhususkan diri pada bidang seperti keamanan fisik atau keselamatan karyawan dan fasilitas.
13-2011.00,Accountants and Auditors,Akuntan dan Auditor,"Memeriksa, menganalisis, dan menafsirkan catatan akuntansi untuk menyusun laporan keuangan, memberi saran, atau mengaudit dan mengevaluasi laporan yang disusun pihak lain. Memasang atau memberi saran tentang sistem pencatatan biaya atau data keuangan dan anggaran lain."
13-2022.00,Appraisers of Personal and Business Property,Penilai Aset Pribadi dan Aset Usaha,"Menilai dan memperkirakan nilai wajar aset berwujud milik pribadi atau usaha, seperti perhiasan, karya seni, barang antik, barang koleksi, dan peralatan. Dapat juga menilai tanah."
13-2023.00,Appraisers and Assessors of Real Estate,Penilai Real Estat,Menilai real estat dan memperkirakan nilai wajarnya. Dapat menetapkan pajak sesuai ketentuan yang berlaku.
13-2031.00,Budget Analysts,Analis Anggaran,"Memeriksa perkiraan anggaran dari segi kelengkapan, ketepatan, dan kesesuaian dengan prosedur serta peraturan. Menganalisis laporan anggaran dan akuntansi."
13-2041.00,Credit Analysts,Analis Kredit,Menganalisis data kredit dan laporan keuangan perorangan atau perusahaan untuk menentukan tingkat risiko pemberian kredit atau pinjaman. Menyusun laporan informasi kredit sebagai dasar pengambilan keputusan.
13-2052.00,Personal Financial Advisors,Penasihat Keuangan Pribadi,"Memberi saran rencana keuangan kepada klien dengan pengetahuan tentang strategi pajak dan investasi, sekuritas, asuransi, program pensiun, dan real estat. Tugasnya mencakup menilai aset, kewajiban, arus kas, asuransi, status pajak, dan tujuan keuangan klien. Dapat juga membeli dan menjual aset keuangan untuk klien."
13-2053.00,Insurance Underwriters,Penjamin Emisi Asuransi (Underwriter),Menelaah permohonan asuransi untuk menilai tingkat risikonya dan menentukan diterima tidaknya permohonan itu.
13-2061.00,Financial Examiners,Pemeriksa Lembaga Keuangan,Menegakkan atau memastikan kepatuhan terhadap hukum dan peraturan tentang lembaga keuangan dan sekuritas serta transaksi keuangan dan real estat. Dapat memeriksa atau mengesahkan catatan.
13-2071.00,Credit Counselors,Konselor Kredit,"Memberi saran dan edukasi kepada perorangan atau organisasi tentang cara memperoleh dan mengelola utang. Dapat membantu menentukan jenis pinjaman yang paling sesuai, menjelaskan syarat pinjaman, dan menyusun rencana pengelolaan utang. Dapat memberi konseling tentang anggaran, kredit rumah, kepailitan, atau bantuan biaya pendidikan."
13-2072.00,Loan Officers,Petugas Kredit,"Menilai, menyetujui, atau merekomendasikan persetujuan pinjaman komersial, real estat, atau kredit. Memberi saran kepada peminjam tentang keadaan keuangan dan cara pembayaran. Termasuk petugas kredit rumah, analis penagihan, dan penjamin pinjaman."
13-2081.00,"Tax Examiners and Collectors, and Revenue Agents",Pemeriksa dan Penagih Pajak,Menentukan kewajiban pajak atau menagih pajak dari perorangan atau badan usaha sesuai hukum dan peraturan yang berlaku.
13-2082.00,Tax Preparers,Penyusun Laporan Pajak,Menyusun laporan pajak untuk perorangan atau usaha kecil.
13-2099.01,Financial Quantitative Analysts,Analis Kuantitatif Keuangan,"Mengembangkan teknik kuantitatif sebagai dasar investasi sekuritas dan saham, penetapan harga, atau penilaian instrumen keuangan. Mengembangkan model matematika atau statistik untuk manajemen risiko, optimalisasi aset, penetapan harga, atau analisis nilai relatif."
13-2099.04,"Fraud Examiners, Investigators and Analysts","Pemeriksa, Penyelidik, dan Analis Penipuan","Memperoleh bukti, mengambil keterangan, menyusun laporan, dan memberi kesaksian atas temuan terkait dugaan penipuan. Dapat mengoordinasikan kegiatan deteksi dan pencegahan penipuan."
15-1211.00,Computer Systems Analysts,Analis Sistem Komputer,"Menganalisis masalah pengolahan data di bidang sains, rekayasa, bisnis, dan lainnya untuk mengembangkan dan menerapkan solusi atas masalah aplikasi, administrasi sistem, atau jaringan. Menjalankan fungsi pengelolaan dan integrasi sistem, memperbaiki sistem komputer yang ada, serta mengkaji kemampuan sistem, alur kerja, dan batasan jadwal. Dapat menganalisis atau merekomendasikan perangkat lunak yang tersedia di pasaran."
15-1211.01,Health Informatics Specialists,Spesialis Informatika Kesehatan,"Menerapkan pengetahuan keperawatan dan informatika untuk membantu merancang, mengembangkan, dan terus memperbarui sistem layanan kesehatan berbasis komputer. Dapat melatih staf dan membantu memecahkan masalah agar sistem itu dapat diterapkan."
15-1212.00,Information Security Analysts,Analis Keamanan Informasi,"Merencanakan, menerapkan, meningkatkan, atau memantau langkah keamanan untuk melindungi jaringan komputer dan informasi. Menilai kerentanan sistem terhadap risiko keamanan serta mengusulkan dan menerapkan strategi pengurangan risiko. Dapat menanggapi pembobolan keamanan komputer dan serangan virus."
15-1221.00,Computer and Information Research Scientists,Ilmuwan Riset Komputer dan Informasi,"Melakukan penelitian dasar ilmu komputer dan informasi sebagai ahli teori, perancang, atau penemu. Mengembangkan solusi atas masalah di bidang perangkat keras dan perangkat lunak komputer."
15-1231.00,Computer Network Support Specialists,Spesialis Dukungan Jaringan Komputer,"Menganalisis, menguji, mencari gangguan, dan mengevaluasi sistem jaringan yang ada, seperti jaringan lokal (LAN), jaringan luas (WAN), jaringan awan, server, dan jaringan komunikasi data lain. Memelihara jaringan agar beroperasi dengan benar dengan gangguan sesedikit mungkin."
15-1232.00,Computer User Support Specialists,Spesialis Dukungan Pengguna Komputer,"Memberi bantuan teknis kepada pengguna komputer. Menjawab pertanyaan atau mengatasi masalah komputer klien secara langsung, lewat telepon, atau secara elektronik. Dapat membantu penggunaan perangkat keras dan perangkat lunak, termasuk pencetakan, pemasangan, pengolah kata, surel, dan sistem operasi."
15-1241.00,Computer Network Architects,Arsitek Jaringan Komputer,"Merancang dan menerapkan jaringan komputer dan informasi, seperti jaringan lokal (LAN), jaringan luas (WAN), intranet, ekstranet, dan jaringan komunikasi data lain. Melakukan pemodelan, analisis, dan perencanaan jaringan, termasuk analisis kebutuhan kapasitas. Dapat juga merancang langkah keamanan jaringan dan komputer."
15-1241.01,Telecommunications Engineering Specialists,Spesialis Rekayasa Telekomunikasi,"Merancang atau mengonfigurasi sistem komunikasi kabel, nirkabel, dan satelit untuk layanan suara, video, dan data. Mengawasi pemasangan, servis, dan pemeliharaannya."
15-1242.00,Database Administrators,Administrator Basis Data,"Mengelola, menguji, dan menerapkan basis data komputer dengan pengetahuan tentang sistem manajemen basis data. Mengoordinasikan perubahan pada basis data. Menemukan, menyelidiki, dan mengatasi masalah kinerja, kapasitas, dan skalabilitas basis data. Dapat merencanakan dan menerapkan langkah keamanan untuk melindungi basis data."
15-1243.00,Database Architects,Arsitek Basis Data,"Merancang strategi untuk basis data perusahaan, sistem gudang data, dan jaringan multidimensi. Menetapkan standar operasi, pemrograman, proses kueri, dan keamanan basis data. Memodelkan, merancang, dan membangun basis data relasional besar atau gudang data. Memadukan sistem baru dengan struktur yang ada serta menyempurnakan kinerja sistem."
15-1243.01,Data Warehousing Specialists,Spesialis Gudang Data,"Merancang, memodelkan, atau menerapkan kegiatan gudang data perusahaan. Memprogram dan mengonfigurasi gudang informasi basis data serta memberi dukungan kepada penggunanya."
15-1244.00,Network and Computer Systems Administrators,Administrator Jaringan dan Sistem Komputer,"Memasang, mengonfigurasi, dan memelihara jaringan lokal (LAN), jaringan luas (WAN), jaringan komunikasi data, sistem operasi, serta server fisik dan virtual milik organisasi. Memantau sistem dan memastikan keutuhan serta ketersediaan perangkat keras, jaringan, dan server. Menelaah log sistem dan memastikan tugas terjadwal, termasuk pencadangan, selesai. Mengendalikan akses pengguna, memasang dan memperbarui perangkat lunak, serta mengelola lisensinya."
15-1251.00,Computer Programmers,Pemrogram Komputer,"Membuat, mengubah, dan menguji kode serta skrip yang membuat aplikasi komputer dapat berjalan. Bekerja berdasarkan spesifikasi yang disusun pengembang perangkat lunak atau web. Dapat mengembangkan dan menulis program komputer untuk menyimpan, menemukan, dan mengambil dokumen, data, dan informasi tertentu."
15-1252.00,Software Developers,Pengembang Perangkat Lunak,"Meneliti, merancang, dan mengembangkan perangkat lunak komputer dan jaringan atau program utilitas khusus. Menganalisis kebutuhan pengguna dan mengembangkan solusi perangkat lunak dengan prinsip ilmu komputer, rekayasa, dan analisis matematis. Memperbarui perangkat lunak atau meningkatkan kemampuannya. Dapat bekerja dengan insinyur perangkat keras untuk memadukan sistem perangkat keras dan perangkat lunak."
15-1253.00,Software Quality Assurance Analysts and Testers,Analis dan Penguji Mutu Perangkat Lunak,"Menyusun dan menjalankan pengujian perangkat lunak untuk menemukan masalah dan penyebabnya. Menguji perubahan sistem sebelum diterapkan. Mendokumentasikan cacat perangkat lunak dengan sistem pelacak galat dan melaporkannya kepada pengembang. Dapat ikut menelaah rancangan perangkat lunak untuk memberi masukan tentang kebutuhan fungsi, rancangan produk, dan jadwal."
15-1254.00,Web Developers,Pengembang Web,"Mengembangkan dan menerapkan situs web, aplikasi web, basis data aplikasi, dan antarmuka web interaktif. Mengevaluasi kode agar terstruktur baik, memenuhi standar industri, dan cocok dengan berbagai peramban dan perangkat. Mengoptimalkan kinerja situs web serta kode dan proses di sisi server."
15-1255.00,Web and Digital Interface Designers,Perancang Antarmuka Web dan Digital,"Merancang antarmuka pengguna digital atau situs web. Mengembangkan dan menguji tata letak, antarmuka, fungsi, dan menu navigasi agar cocok dan mudah dipakai di berbagai peramban atau perangkat. Dapat mengevaluasi rancangan web menurut standar web dan aksesibilitas, menganalisis metrik penggunaan, dan mengoptimalkan peringkat di mesin pencari. Dapat membuat grafik untuk situs web serta mengelola isi dan tautannya."
15-1255.01,Video Game Designers,Perancang Gim Video,"Merancang fitur inti gim video. Menentukan mekanika permainan, alur cerita, dan riwayat tokoh yang inovatif. Membuat dan memelihara dokumen rancangan. Membimbing dan bekerja sama dengan staf produksi agar gim dibuat sesuai rancangan."
15-1299.01,Web Administrators,Administrator Web,"Mengelola kegiatan perancangan, penerapan, pengembangan, dan pemeliharaan lingkungan web. Melakukan pengujian dan penjaminan mutu situs dan aplikasi web."
15-1299.02,Geographic Information Systems Technologists and Technicians,Teknolog dan Teknisi Sistem Informasi Geografis,"Membantu ilmuwan atau tenaga profesional terkait membangun, memelihara, mengubah, atau memakai basis data sistem informasi geografis (SIG). Dapat juga mengembangkan aplikasi khusus atau memberi dukungan kepada pengguna."
15-1299.03,Document Management Specialists,Spesialis Pengelolaan Dokumen,"Menerapkan dan mengelola sistem pengelolaan dokumen di seluruh perusahaan beserta prosedurnya, sehingga organisasi dapat merekam, menyimpan, mengambil, membagikan, dan memusnahkan catatan serta dokumen elektronik."
15-1299.04,Penetration Testers,Penguji Penetrasi Keamanan,Mengevaluasi keamanan sistem jaringan dengan melakukan simulasi serangan siber dari dalam dan luar memakai alat dan teknik penyerang. Mencoba membobol sistem penting dan mengakses informasi sensitif untuk menilai keamanan sistem.
15-1299.05,Information Security Engineers,Insinyur Keamanan Informasi,"Menyusun dan mengawasi penerapan prosedur dan kebijakan keamanan informasi. Membangun, memelihara, dan meningkatkan teknologi keamanan, seperti firewall, agar jaringan komputer dan pertukaran informasi aman. Merancang dan menerapkan kontrol keamanan untuk menemukan kerentanan dan melindungi berkas digital. Memantau dan menanggapi pembobolan, virus, dan penyusupan, serta melakukan penyelidikan forensik."
15-1299.06,Digital Forensics Analysts,Analis Forensik Digital,"Menyelidiki kejahatan berbasis komputer dengan mengumpulkan bukti dokumen atau fisik, seperti media digital dan log terkait insiden penyusupan siber. Menganalisis bukti digital dan menyelidiki insiden keamanan komputer untuk mendukung pengurangan kerentanan sistem dan jaringan. Menjaga dan menyajikan bukti terkait komputer untuk mendukung penyelidikan pidana, penipuan, atau penegakan hukum."
15-1299.07,Blockchain Engineers,Insinyur Blockchain,"Memelihara dan mendukung jaringan terdistribusi berbasis blockchain atau aplikasinya, seperti bursa mata uang kripto, pemrosesan pembayaran, berbagi dokumen, dan pemungutan suara digital. Merancang dan menerapkan pola rancangan serta solusi blockchain yang aman di jaringan yang tersebar secara geografis."
15-1299.08,Computer Systems Engineers/Architects,Insinyur dan Arsitek Sistem Komputer,"Merancang dan mengembangkan solusi atas masalah aplikasi yang kompleks, administrasi sistem, atau jaringan. Menjalankan fungsi pengelolaan dan integrasi sistem."
15-1299.09,Information Technology Project Managers,Manajer Proyek Teknologi Informasi,"Merencanakan, memulai, dan mengelola proyek teknologi informasi (TI). Memimpin dan mengarahkan pekerjaan staf teknis. Menjadi penghubung antara sisi bisnis dan sisi teknis proyek. Merencanakan tahap proyek dan menilai dampak bisnis tiap tahap. Memantau kemajuan agar tenggat, standar, dan target biaya terpenuhi."
15-2011.00,Actuaries,Aktuaris,"Menganalisis data statistik, seperti angka kematian, kecelakaan, penyakit, disabilitas, dan pensiun, serta menyusun tabel peluang untuk meramalkan risiko dan kewajiban pembayaran manfaat di masa depan. Dapat menentukan tarif asuransi dan cadangan kas yang diperlukan."
15-2021.00,Mathematicians,Matematikawan,"Melakukan penelitian matematika dasar atau penerapan teknik matematika pada sains, manajemen, dan bidang lain. Memecahkan masalah di berbagai bidang dengan metode matematika."
15-2031.00,Operations Research Analysts,Analis Riset Operasi,Merumuskan dan menerapkan pemodelan matematika serta metode optimasi lain untuk menghasilkan dan menafsirkan informasi yang membantu manajemen mengambil keputusan dan merumuskan kebijakan. Dapat mengumpulkan dan menganalisis data serta mengembangkan perangkat lunak pendukung keputusan.
15-2041.00,Statisticians,Statistikawan,"Mengembangkan atau menerapkan teori dan metode matematika atau statistika untuk mengumpulkan, menata, menafsirkan, dan merangkum data angka menjadi informasi yang berguna. Dapat mengkhususkan diri pada bidang seperti biostatistika, statistika pertanian, statistika bisnis, atau statistika ekonomi."
15-2041.01,Biostatisticians,Ahli Biostatistika,Mengembangkan dan menerapkan teori dan metode biostatistika untuk kajian ilmu hayati.
15-2051.00,Data Scientists,Ilmuwan Data,"Mengembangkan dan menerapkan teknik atau aplikasi analitik untuk mengubah data mentah menjadi informasi yang bermakna dengan bahasa pemrograman data dan perangkat lunak visualisasi. Menerapkan penambangan data, pemodelan data, pemrosesan bahasa alami, dan pembelajaran mesin untuk menggali informasi dari kumpulan data besar. Memvisualisasikan, menafsirkan, dan melaporkan temuan data."
15-2051.01,Business Intelligence Analysts,Analis Inteligensi Bisnis,Menghasilkan informasi keuangan dan pasar dengan mengambil data dari gudang data dan menyusun laporan berkala. Merancang cara mengenali pola dan tren data dari sumber informasi yang tersedia.
15-2051.02,Clinical Data Managers,Manajer Data Klinis,Menerapkan pengetahuan layanan kesehatan dan pengelolaan basis data untuk menganalisis data klinis serta mengenali dan melaporkan tren.
15-2099.01,Bioinformatics Technicians,Teknisi Bioinformatika,"Menerapkan prinsip dan metode bioinformatika untuk membantu ilmuwan di bidang seperti farmasi, teknologi medis, bioteknologi, dan biologi komputasi. Memakai alat bioinformatika untuk memvisualisasikan, menganalisis, atau menafsirkan data molekuler. Dapat membangun dan memelihara basis data informasi genom atau informasi biologis lain."
17-1011.00,"Architects, Except Landscape and Naval",Arsitek,"Merencanakan dan merancang bangunan, seperti rumah tinggal, gedung perkantoran, teater, pabrik, dan bangunan lain."
17-1012.00,Landscape Architects,Arsitek Lanskap,"Merencanakan dan merancang lahan untuk proyek seperti taman dan fasilitas rekreasi, bandara, jalan raya, rumah sakit, sekolah, kaveling, serta kawasan komersial, industri, dan hunian."
17-1021.00,Cartographers and Photogrammetrists,Kartografer dan Ahli Fotogrametri,"Meneliti dan menyusun peta serta data spasial lain dalam bentuk digital atau grafis untuk berbagai keperluan, seperti hukum, sosial, politik, pendidikan, dan perancangan. Dapat bekerja dengan sistem informasi geografis (SIG). Dapat mengumpulkan, menganalisis, dan menafsirkan informasi geografis dari survei geodesi, foto udara, dan data satelit."
17-1022.00,Surveyors,Juru Ukur Tanah (Surveyor),"Melakukan pengukuran yang teliti dan menentukan batas lahan. Menyediakan data tentang bentuk, kontur, lokasi, ketinggian, atau ukuran tanah untuk keperluan rekayasa, pembuatan peta, pertambangan, penilaian tanah, konstruksi, dan lainnya."
17-1022.01,Geodetic Surveyors,Surveyor Geodesi,"Mengukur wilayah luas di permukaan Bumi dengan pengamatan satelit, sistem navigasi satelit global (GNSS), LIDAR, atau sumber sejenis."
17-2011.00,Aerospace Engineers,Insinyur Dirgantara,"Mengerjakan tugas rekayasa dalam merancang, membangun, dan menguji pesawat terbang, peluru kendali, dan wahana antariksa. Dapat melakukan penelitian dasar dan terapan untuk menilai kecocokan bahan dan peralatan bagi rancangan dan pembuatan pesawat."
17-2021.00,Agricultural Engineers,Insinyur Pertanian,"Menerapkan pengetahuan teknologi rekayasa dan ilmu biologi pada masalah pertanian yang menyangkut tenaga dan mesin, kelistrikan, bangunan, konservasi tanah dan air, serta pengolahan hasil pertanian."
17-2031.00,Bioengineers and Biomedical Engineers,Insinyur Biomedis,"Menerapkan pengetahuan rekayasa, biologi, kimia, ilmu komputer, dan prinsip biomekanika untuk merancang, mengembangkan, dan mengevaluasi sistem dan produk biologi, pertanian, dan kesehatan, seperti organ buatan, prostesis, instrumen, dan sistem informasi medis."
17-2041.00,Chemical Engineers,Insinyur Kimia,"Merancang peralatan pabrik kimia dan menyusun proses pembuatan bahan kimia dan produk, seperti bensin, karet sintetis, plastik, detergen, semen, kertas, dan bubur kertas, dengan menerapkan prinsip dan teknologi kimia, fisika, dan rekayasa."
17-2051.00,Civil Engineers,Insinyur Sipil,"Mengerjakan tugas rekayasa dalam merencanakan, merancang, dan mengawasi pembangunan serta pemeliharaan bangunan dan fasilitas, seperti jalan, rel kereta, bandara, jembatan, pelabuhan, bendungan, irigasi, jaringan pipa, pembangkit listrik, serta sistem air bersih dan limbah."
17-2051.01,Transportation Engineers,Insinyur Transportasi,"Menyusun rencana proyek transportasi darat sesuai standar rekayasa dan kebijakan pembangunan pemerintah. Menyiapkan rancangan, spesifikasi, atau perkiraan untuk fasilitas transportasi. Merencanakan perubahan jalan yang ada untuk memperlancar arus lalu lintas."
17-2061.00,Computer Hardware Engineers,Insinyur Perangkat Keras Komputer,"Meneliti, merancang, mengembangkan, atau menguji komputer atau peralatan terkait komputer untuk keperluan komersial, industri, militer, atau ilmiah. Dapat mengawasi pembuatan dan pemasangannya."
17-2071.00,Electrical Engineers,Insinyur Listrik,"Meneliti, merancang, mengembangkan, menguji, atau mengawasi pembuatan dan pemasangan peralatan, komponen, atau sistem listrik untuk keperluan komersial, industri, militer, atau ilmiah."
17-2072.00,"Electronics Engineers, Except Computer",Insinyur Elektronika,"Meneliti, merancang, mengembangkan, atau menguji komponen dan sistem elektronik untuk keperluan komersial, industri, militer, atau ilmiah dengan pengetahuan teori elektronika dan sifat bahan. Merancang rangkaian dan komponen elektronik untuk bidang seperti telekomunikasi, kendali dirgantara, akustik, atau instrumen dan kontrol."
17-2072.01,Radio Frequency Identification Device Specialists,Spesialis Perangkat Identifikasi Frekuensi Radio (RFID),Merancang dan menerapkan sistem identifikasi frekuensi radio (RFID) yang dipakai untuk melacak kiriman atau barang.
17-2081.00,Environmental Engineers,Insinyur Lingkungan,"Meneliti, merancang, merencanakan, atau mengerjakan tugas rekayasa dalam pencegahan, pengendalian, dan pemulihan bahaya lingkungan dengan berbagai disiplin rekayasa. Pekerjaan dapat mencakup pengolahan limbah, pemulihan lokasi, atau teknologi pengendalian pencemaran."
17-2111.00,"Health and Safety Engineers, Except Mining Safety Engineers and Inspectors",Insinyur Kesehatan dan Keselamatan Kerja,"Meningkatkan keselamatan tempat kerja atau produk dengan menerapkan pengetahuan tentang proses industri, mekanika, kimia, psikologi, serta hukum kesehatan dan keselamatan industri. Termasuk insinyur keselamatan produk industri."
17-2111.02,Fire-Prevention and Protection Engineers,Insinyur Pencegahan dan Proteksi Kebakaran,"Meneliti penyebab kebakaran, menentukan cara perlindungan terhadap kebakaran, dan merancang atau merekomendasikan bahan atau peralatan, seperti komponen bangunan atau alat pendeteksi kebakaran, untuk membantu organisasi melindungi jiwa dan harta dari kebakaran, ledakan, dan bahaya terkait."
17-2112.00,Industrial Engineers,Insinyur Industri,"Merancang, mengembangkan, menguji, dan mengevaluasi sistem terpadu untuk mengelola proses produksi industri, termasuk faktor kerja manusia, pengendalian mutu, pengendalian persediaan, logistik dan aliran bahan, analisis biaya, dan koordinasi produksi."
17-2112.01,Human Factors Engineers and Ergonomists,Insinyur Faktor Manusia dan Ahli Ergonomi,"Merancang benda, fasilitas, dan lingkungan agar kesejahteraan manusia dan kinerja sistem secara keseluruhan optimal, dengan menerapkan teori, prinsip, dan data tentang hubungan manusia dengan teknologi. Menyelidiki dan menganalisis perilaku dan kinerja manusia dalam memakai teknologi."
17-2112.02,Validation Engineers,Insinyur Validasi,"Merancang atau merencanakan protokol untuk peralatan atau proses agar menghasilkan produk yang memenuhi persyaratan kemurnian, keselamatan, dan mutu."
17-2112.03,Manufacturing Engineers,Insinyur Manufaktur,"Merancang, memadukan, atau memperbaiki sistem manufaktur atau proses terkait. Dapat bekerja dengan perancang produk untuk menyempurnakan rancangan agar lebih mudah diproduksi dan lebih murah."
17-2121.00,Marine Engineers and Naval Architects,Insinyur Kelautan dan Arsitek Kapal,"Merancang, mengembangkan, dan mengevaluasi operasi kapal, mesin kapal, dan peralatan terkait, seperti sistem catu daya dan penggerak."
17-2131.00,Materials Engineers,Insinyur Material,"Mengevaluasi bahan serta mengembangkan mesin dan proses untuk membuat bahan yang dipakai dalam produk dengan spesifikasi rancangan dan kinerja khusus. Mengembangkan kegunaan baru untuk bahan yang sudah dikenal. Termasuk insinyur yang menangani bahan komposit atau satu jenis bahan, seperti logam dan paduannya, keramik dan kaca, plastik dan polimer; juga ahli metalurgi dan insinyur las."
17-2141.00,Mechanical Engineers,Insinyur Mesin,"Mengerjakan tugas rekayasa dalam merencanakan dan merancang perkakas, mesin, dan peralatan mekanis lain. Mengawasi pemasangan, pengoperasian, pemeliharaan, dan perbaikan peralatan seperti sistem pemanas terpusat, gas, air, dan uap."
17-2141.01,Fuel Cell Engineers,Insinyur Sel Bahan Bakar,"Merancang, mengevaluasi, mengubah, atau membangun komponen atau sistem sel bahan bakar untuk transportasi, instalasi tetap, atau perangkat portabel."
17-2141.02,Automotive Engineers,Insinyur Otomotif,"Mengembangkan rancangan baru atau yang lebih baik untuk rangka, mesin, transmisi, atau sistem kendaraan lain dengan teknologi desain berbantuan komputer. Mengarahkan pembuatan, pengubahan, atau pengujian kendaraan atau komponennya."
17-2151.00,"Mining and Geological Engineers, Including Mining Safety Engineers",Insinyur Pertambangan dan Geologi,"Melakukan survei bawah permukaan untuk mengetahui karakteristik calon lokasi tambang atau pengembangan lahan. Dapat menentukan sistem penyangga tanah, proses, dan peralatan untuk penambangan atau konstruksi bawah tanah yang aman, hemat, dan ramah lingkungan. Dapat merancang dan mengoordinasikan program keselamatan tambang."
17-2161.00,Nuclear Engineers,Insinyur Nuklir,"Melakukan penelitian proyek rekayasa nuklir atau menerapkan prinsip dan teori ilmu nuklir pada masalah pelepasan, pengendalian, dan penggunaan energi nuklir serta pembuangan limbah nuklir."
17-2171.00,Petroleum Engineers,Insinyur Perminyakan,Merancang cara memperbaiki pengambilan dan produksi minyak dan gas serta menentukan perlunya rancangan alat baru atau yang diubah. Mengawasi pengeboran dan memberi saran teknis.
17-2199.03,"Energy Engineers, Except Wind and Solar",Insinyur Energi,"Merancang, mengembangkan, atau mengevaluasi proyek atau program terkait energi untuk menekan biaya energi atau meningkatkan efisiensi energi pada tahap perancangan, pembangunan, atau renovasi bangunan. Dapat mengkhususkan diri pada sistem kelistrikan, sistem pemanas dan pendingin udara (HVAC), bangunan hijau, pencahayaan, atau kualitas udara."
17-2199.05,Mechatronics Engineers,Insinyur Mekatronika,"Meneliti, merancang, mengembangkan, atau menguji otomasi, sistem cerdas, perangkat pintar, atau kendali sistem industri."
17-2199.06,Microsystems Engineers,Insinyur Mikrosistem,"Meneliti, merancang, mengembangkan, atau menguji perangkat sistem mikroelektromekanis (MEMS)."
17-2199.07,Photonics Engineers,Insinyur Fotonika,"Merancang teknologi yang berkaitan dengan informasi cahaya atau energi cahaya, seperti teknologi laser atau serat optik."
17-2199.08,Robotics Engineers,Insinyur Robotika,"Meneliti, merancang, mengembangkan, atau menguji penerapan robot."
17-2199.09,Nanosystems Engineers,Insinyur Nanosistem,"Merancang, mengembangkan, atau mengawasi produksi bahan, perangkat, atau sistem dengan susunan molekul yang khas, dengan menerapkan prinsip fisika skala nano serta rekayasa listrik, kimia, atau biologi."
17-3011.00,Architectural and Civil Drafters,Juru Gambar Arsitektur dan Sipil,"Menyiapkan gambar rinci bagian arsitektur dan struktur bangunan, atau gambar dan peta relief topografi untuk proyek teknik sipil seperti jalan raya, jembatan, dan pekerjaan umum. Memakai pengetahuan tentang bahan bangunan, praktik rekayasa, dan matematika."
17-3012.00,Electrical and Electronics Drafters,Juru Gambar Kelistrikan dan Elektronika,"Menyiapkan diagram pengkabelan, diagram perakitan papan sirkuit, dan gambar tata letak untuk pembuatan, pemasangan, atau perbaikan peralatan listrik."
17-3013.00,Mechanical Drafters,Juru Gambar Mesin,"Menyiapkan gambar kerja rinci mesin dan alat mekanis, termasuk ukuran, cara pengikatan, dan informasi rekayasa lain."
17-3021.00,Aerospace Engineering and Operations Technologists and Technicians,Teknolog dan Teknisi Rekayasa Dirgantara,"Mengoperasikan, memasang, menyetel, dan memelihara sistem komputer dan komunikasi terpadu, konsol, simulator, serta instrumen pengukuran dan pengujian yang dipakai untuk meluncurkan, melacak, dan mengevaluasi wahana udara dan antariksa. Dapat mencatat dan menafsirkan data pengujian."
17-3022.00,Civil Engineering Technologists and Technicians,Teknolog dan Teknisi Teknik Sipil,"Menerapkan teori dan prinsip teknik sipil dalam merencanakan, merancang, dan mengawasi pembangunan serta pemeliharaan bangunan dan fasilitas, di bawah arahan insinyur atau ilmuwan."
17-3023.00,Electrical and Electronic Engineering Technologists and Technicians,Teknolog dan Teknisi Teknik Elektro dan Elektronika,"Menerapkan teori kelistrikan dan elektronika, biasanya di bawah arahan insinyur, untuk merancang, membuat, memperbaiki, menyetel, dan mengubah komponen listrik, rangkaian, kontrol, dan mesin."
17-3024.00,Electro-Mechanical and Mechatronics Technologists and Technicians,Teknolog dan Teknisi Elektromekanik dan Mekatronika,"Mengoperasikan, menguji, memelihara, atau menyetel peralatan tanpa awak, otomatis, atau elektromekanik. Dapat mengoperasikan kapal selam, pesawat, atau peralatan tanpa awak lain untuk mengamati atau merekam informasi visual di lokasi seperti anjungan minyak, ladang, atau bangunan. Dapat membantu insinyur menguji dan merancang peralatan robotika."
17-3024.01,Robotics Technicians,Teknisi Robotika,"Membuat, memasang, menguji, atau memelihara peralatan robot atau sistem produksi otomatis terkait."
17-3025.00,Environmental Engineering Technologists and Technicians,Teknolog dan Teknisi Teknik Lingkungan,"Menerapkan teori dan prinsip teknik lingkungan untuk mengubah, menguji, dan mengoperasikan peralatan yang dipakai dalam pencegahan, pengendalian, dan pemulihan masalah lingkungan, termasuk pengolahan limbah, di bawah arahan insinyur atau ilmuwan."
17-3026.00,Industrial Engineering Technologists and Technicians,Teknolog dan Teknisi Teknik Industri,"Menerapkan teori dan prinsip rekayasa pada masalah tata letak industri atau produksi manufaktur, biasanya di bawah arahan insinyur. Dapat melakukan studi waktu dan gerak pada pekerjaan untuk menetapkan laju produksi standar atau meningkatkan efisiensi."
17-3026.01,Nanotechnology Engineering Technologists and Technicians,Teknolog dan Teknisi Rekayasa Nanoteknologi,"Menjalankan proses produksi dan mengoperasikan peralatan produksi skala komersial untuk membuat, menguji, atau mengubah bahan, perangkat, atau sistem dengan susunan molekul yang khas. Mengoperasikan mikroskop canggih untuk memanipulasi benda berskala nano, di bawah pengawasan staf rekayasa nano."
17-3027.00,Mechanical Engineering Technologists and Technicians,Teknolog dan Teknisi Teknik Mesin,"Menerapkan teori dan prinsip teknik mesin untuk mengubah, mengembangkan, menguji, atau menyetel mesin dan peralatan di bawah arahan insinyur atau ilmuwan."
17-3027.01,Automotive Engineering Technicians,Teknisi Rekayasa Otomotif,"Membantu insinyur menentukan kelayakan usulan perubahan rancangan produk, serta merencanakan dan melakukan pengujian alat uji untuk kinerja, daya tahan, atau efisiensi."
17-3029.01,Non-Destructive Testing Specialists,Spesialis Uji Tak Rusak,"Menguji keamanan bangunan, kendaraan, atau kapal dengan peralatan sinar-X, ultrasonik, serat optik, atau sejenisnya."
17-3029.08,Photonics Technicians,Teknisi Fotonika,"Membuat, memasang, menguji, atau memelihara peralatan optik atau serat optik, seperti laser, lensa, atau cermin, dengan spektrometer, interferometer, atau peralatan sejenis."
17-3031.00,Surveying and Mapping Technicians,Teknisi Survei dan Pemetaan,"Melakukan tugas survei dan pemetaan, biasanya di bawah arahan insinyur, surveyor, atau kartografer, untuk memperoleh data bagi konstruksi, pembuatan peta, penentuan batas, pertambangan, atau keperluan lain. Dapat membuat peta dari catatan survei, foto udara, atau data satelit, dan memeriksa ketepatan serta kelengkapan peta."
19-1011.00,Animal Scientists,Ilmuwan Peternakan,"Melakukan penelitian tentang genetika, gizi, reproduksi, pertumbuhan, dan perkembangan hewan ternak."
19-1012.00,Food Scientists and Technologists,Ilmuwan dan Teknolog Pangan,"Memakai kimia, mikrobiologi, rekayasa, dan ilmu lain untuk mempelajari pengolahan dan kerusakan makanan; menganalisis kandungan makanan seperti vitamin, lemak, gula, dan protein; menemukan sumber pangan baru; meneliti cara membuat makanan olahan aman, enak, dan sehat; serta menentukan cara terbaik mengolah, mengemas, mengawetkan, menyimpan, dan mendistribusikan makanan."
19-1013.00,Soil and Plant Scientists,Ilmuwan Tanah dan Tanaman,"Melakukan penelitian tentang pemuliaan, fisiologi, produksi, hasil, dan pengelolaan tanaman pertanian atau pohon, pertumbuhannya di tanah, dan pengendalian hama; atau mempelajari susunan kimia, fisik, biologi, dan mineral tanah dalam kaitannya dengan pertumbuhan tanaman. Dapat mengelompokkan dan memetakan tanah."
19-1021.00,Biochemists and Biophysicists,Ahli Biokimia dan Biofisika,"Mempelajari susunan kimia atau prinsip fisika sel dan makhluk hidup beserta fenomena terkait. Dapat meneliti reaksi kimia yang terlibat dalam metabolisme, reproduksi, pertumbuhan, dan pewarisan sifat. Dapat menentukan pengaruh makanan, obat, hormon, dan zat lain terhadap jaringan dan proses hidup."
19-1022.00,Microbiologists,Ahli Mikrobiologi,"Menyelidiki pertumbuhan, struktur, perkembangan, dan ciri lain makhluk mikroskopis seperti bakteri, alga, atau jamur. Termasuk ahli mikrobiologi medis yang mempelajari hubungan mikroorganisme dengan penyakit atau pengaruh antibiotik terhadapnya."
19-1023.00,Zoologists and Wildlife Biologists,Ahli Zoologi dan Biologi Satwa Liar,"Mempelajari asal-usul, perilaku, penyakit, genetika, dan proses hidup hewan dan satwa liar. Dapat mengkhususkan diri pada penelitian dan pengelolaan satwa liar. Dapat mengumpulkan dan menganalisis data biologis untuk menentukan dampak lingkungan dari penggunaan habitat darat dan perairan."
19-1029.01,Bioinformatics Scientists,Ilmuwan Bioinformatika,"Melakukan penelitian dengan teori dan metode bioinformatika di bidang seperti farmasi, teknologi medis, bioteknologi, dan biologi komputasi. Dapat merancang basis data dan mengembangkan algoritma untuk mengolah dan menganalisis informasi genom atau informasi biologis lain."
19-1029.02,Molecular and Cellular Biologists,Ahli Biologi Molekuler dan Seluler,Meneliti dan mempelajari molekul dan organel sel untuk memahami fungsi dan susunan sel.
19-1029.03,Geneticists,Ahli Genetika,"Meneliti dan mempelajari pewarisan sifat pada tingkat molekul, organisme, atau populasi. Dapat memeriksa atau menangani pasien dengan kelainan genetik."
19-1029.04,Biologists,Ahli Biologi,"Meneliti atau mempelajari prinsip dasar kehidupan tumbuhan dan hewan, seperti asal-usul, kekerabatan, perkembangan, anatomi, dan fungsinya."
19-1031.00,Conservation Scientists,Ilmuwan Konservasi,"Mengelola, memperbaiki, dan melindungi sumber daya alam agar dapat dimanfaatkan sebaik mungkin tanpa merusak lingkungan. Dapat melakukan survei tanah dan menyusun rencana untuk mencegah erosi atau melindungi padang penggembalaan. Dapat mengajari petani dan peternak cara terbaik menghemat tanah dan air."
19-1031.02,Range Managers,Pengelola Padang Penggembalaan,"Meneliti atau mempelajari praktik pengelolaan padang penggembalaan agar produksi pakan, ternak, dan satwa liar tetap berkelanjutan."
19-1031.03,Park Naturalists,Pemandu Alam Taman Nasional,"Merencanakan, mengembangkan, dan menjalankan program untuk memberi informasi kepada masyarakat tentang ciri sejarah, alam, dan ilmiah suatu taman nasional atau taman daerah."
19-1032.00,Foresters,Rimbawan,"Mengelola lahan hutan milik negara dan swasta untuk tujuan ekonomi, rekreasi, dan pelestarian. Dapat mendata jenis, jumlah, dan lokasi tegakan kayu serta menaksir nilainya. Dapat menentukan cara melestarikan habitat satwa, kualitas air, dan kestabilan tanah, serta menyusun rencana penanaman dan jadwal panen yang paling baik."
19-1041.00,Epidemiologists,Ahli Epidemiologi,"Menyelidiki dan menjelaskan faktor penentu serta sebaran penyakit, disabilitas, atau kondisi kesehatan. Dapat mengembangkan cara pencegahan dan pengendaliannya."
19-1042.00,"Medical Scientists, Except Epidemiologists",Ilmuwan Medis,"Melakukan penelitian untuk memahami penyakit manusia dan meningkatkan kesehatan manusia. Terlibat dalam penyelidikan klinis, penelitian dan pengembangan, atau kegiatan terkait lainnya."
19-2011.00,Astronomers,Astronom,"Mengamati, meneliti, dan menafsirkan fenomena astronomi untuk menambah pengetahuan dasar atau menerapkannya pada masalah praktis."
19-2012.00,Physicists,Fisikawan,"Melakukan penelitian tentang fenomena fisik, mengembangkan teori berdasarkan pengamatan dan percobaan, serta merancang cara menerapkan hukum dan teori fisika."
19-2021.00,Atmospheric and Space Scientists,Ilmuwan Atmosfer dan Antariksa,"Menyelidiki fenomena atmosfer dan menafsirkan data meteorologi dari stasiun darat dan udara, satelit, dan radar untuk menyusun laporan dan prakiraan bagi masyarakat dan keperluan lain. Termasuk analis dan prakirawan cuaca."
19-2031.00,Chemists,Kimiawan,"Melakukan analisis atau percobaan kimia secara kualitatif dan kuantitatif di laboratorium untuk pengendalian mutu atau proses, atau untuk mengembangkan produk atau pengetahuan baru."
19-2032.00,Materials Scientists,Ilmuwan Material,"Meneliti dan mempelajari struktur dan sifat kimia berbagai bahan alam, sintetis, atau komposit, termasuk logam, paduan, karet, keramik, semikonduktor, polimer, dan kaca. Menentukan cara memperkuat atau memadukan bahan, atau mengembangkan bahan baru dengan sifat tertentu untuk berbagai produk."
19-2041.00,"Environmental Scientists and Specialists, Including Health",Ilmuwan dan Spesialis Lingkungan,"Melakukan penelitian atau penyelidikan untuk menemukan, mengurangi, atau menghilangkan sumber pencemar atau bahaya yang memengaruhi lingkungan atau kesehatan masyarakat. Dapat mengumpulkan, mengkaji, dan melaporkan data hasil pengukuran udara, makanan, tanah, air, dan sumber lain, serta merekomendasikan tindakan."
19-2042.00,"Geoscientists, Except Hydrologists and Geographers",Ahli Ilmu Kebumian,"Mempelajari susunan, struktur, dan aspek fisik lain dari Bumi. Dapat memakai pengetahuan geologi, fisika, dan matematika untuk mencari minyak, gas, mineral, atau air tanah, atau untuk masalah pembuangan limbah, reklamasi lahan, dan lingkungan. Termasuk ahli mineralogi, paleontologi, dan seismologi."
19-2043.00,Hydrologists,Ahli Hidrologi,"Meneliti sebaran, peredaran, dan sifat fisik air tanah dan air permukaan; serta mempelajari bentuk dan intensitas curah hujan, peresapannya ke tanah, pergerakannya di dalam bumi, dan kembalinya ke laut dan atmosfer."
19-2099.01,Remote Sensing Scientists and Technologists,Ilmuwan dan Teknolog Penginderaan Jauh,"Menerapkan prinsip dan metode penginderaan jauh untuk menganalisis data dan memecahkan masalah di bidang seperti pengelolaan sumber daya alam, perencanaan kota, atau keamanan negara. Dapat mengembangkan sistem sensor baru, teknik analisis, atau penerapan baru untuk sistem yang ada."
19-3011.00,Economists,Ekonom,"Melakukan penelitian, menyusun laporan, atau merumuskan rencana untuk mengatasi masalah ekonomi terkait produksi dan distribusi barang dan jasa atau kebijakan moneter dan fiskal. Dapat mengumpulkan dan mengolah data ekonomi dan statistik dengan teknik sampling dan metode ekonometrika."
19-3022.00,Survey Researchers,Peneliti Survei,"Merencanakan, mengembangkan, atau melakukan survei. Dapat menganalisis dan menafsirkan data survei, menentukan tujuan survei, atau mengusulkan dan menguji susunan kata pertanyaan."
19-3032.00,Industrial-Organizational Psychologists,Psikolog Industri dan Organisasi,"Menerapkan prinsip psikologi pada masalah sumber daya manusia, administrasi, manajemen, penjualan, dan pemasaran. Kegiatannya dapat mencakup perencanaan kebijakan; pengujian, seleksi, pelatihan, dan pengembangan karyawan; serta pengembangan dan analisis organisasi."
19-3033.00,Clinical and Counseling Psychologists,Psikolog Klinis dan Konseling,"Menilai, mendiagnosis, dan menangani gangguan jiwa dan emosi lewat pengamatan, wawancara, dan tes psikologi. Membantu orang yang mengalami tekanan memahami masalahnya. Memberi konseling perorangan atau kelompok untuk membantu perkembangan dan penyesuaian pribadi, sosial, pendidikan, dan pekerjaan."
19-3034.00,School Psychologists,Psikolog Sekolah,"Mendiagnosis dan menjalankan intervensi atau strategi perorangan maupun seluruh sekolah untuk mengatasi masalah pendidikan, perilaku, atau perkembangan yang mengganggu proses belajar. Dapat menangani masalah belajar dan perilaku siswa serta memberi konseling kepada siswa atau keluarga."
19-3039.02,Neuropsychologists,Neuropsikolog,"Menerapkan teori dan prinsip neuropsikologi untuk menilai dan mendiagnosis gangguan fungsi otak tingkat tinggi, sering kali di lingkungan penelitian dan medis. Mempelajari otak manusia dan pengaruh keadaan fisiologis terhadap pikiran dan perilaku."
19-3039.03,Clinical Neuropsychologists,Neuropsikolog Klinis,"Menilai dan mendiagnosis pasien dengan masalah perilaku terkait gangguan sistem saraf, seperti penyakit degeneratif saraf, cedera otak, gangguan kejang, dan kesulitan belajar. Merekomendasikan penanganan setelah diagnosis, seperti terapi, obat, atau operasi."
19-3041.00,Sociologists,Sosiolog,"Mempelajari masyarakat dan perilaku sosial manusia dengan mengkaji kelompok dan lembaga sosial yang dibentuk orang, serta berbagai organisasi sosial, keagamaan, politik, dan bisnis. Dapat mempelajari perilaku dan interaksi kelompok serta pengaruhnya terhadap anggotanya."
19-3051.00,Urban and Regional Planners,Perencana Wilayah dan Kota,"Menyusun rencana dan program menyeluruh untuk penggunaan lahan dan fasilitas fisik suatu wilayah, seperti kota, kabupaten, dan kawasan metropolitan."
19-3091.00,Anthropologists and Archeologists,Antropolog dan Arkeolog,"Mempelajari asal-usul, perkembangan, dan perilaku manusia. Dapat mempelajari cara hidup, bahasa, atau ciri fisik orang di berbagai belahan dunia. Dapat menggali dan memeriksa bukti benda, seperti perkakas atau tembikar peninggalan budaya masa lalu, untuk mengetahui sejarah dan kebiasaan hidup peradaban terdahulu."
19-3092.00,Geographers,Geografer,"Mempelajari sifat dan penggunaan wilayah di permukaan Bumi dengan mengaitkan fenomena fisik dan budaya. Meneliti aspek fisik suatu wilayah, seperti bentuk lahan, iklim, tanah, tumbuhan, dan hewan, serta dampak ruang dari kegiatan manusia, termasuk ciri sosial, kegiatan ekonomi, dan organisasi politik."
19-3093.00,Historians,Sejarawan,"Meneliti, menganalisis, mencatat, dan menafsirkan masa lalu dari sumber seperti arsip pemerintah dan lembaga, surat kabar, foto, wawancara, film, media elektronik, dan naskah yang tidak diterbitkan, seperti buku harian dan surat pribadi."
19-3094.00,Political Scientists,Ilmuwan Politik,"Mempelajari asal-usul, perkembangan, dan cara kerja sistem politik. Dapat mempelajari topik seperti opini publik, pengambilan keputusan politik, dan ideologi. Dapat melakukan survei opini publik, menganalisis hasil pemilu, atau menganalisis dokumen publik."
19-3099.01,Transportation Planners,Perencana Transportasi,"Menyusun kajian untuk usulan proyek transportasi. Mengumpulkan, menghimpun, dan menganalisis data. Mempelajari penggunaan dan operasi sistem transportasi. Mengembangkan model atau simulasi transportasi."
19-4012.00,Agricultural Technicians,Teknisi Pertanian,"Bekerja dengan ilmuwan pertanian dalam penelitian tanaman, serat, dan hewan, atau membantu pembiakan dan pemberian pakan hewan. Menyiapkan atau memelihara peralatan laboratorium dan mengambil sampel dari tanaman atau hewan. Melakukan uji dan percobaan untuk meningkatkan hasil dan mutu tanaman atau daya tahan tanaman dan hewan terhadap penyakit atau serangga."
19-4012.01,Precision Agriculture Technicians,Teknisi Pertanian Presisi,"Menerapkan teknologi geospasial, termasuk sistem informasi geografis (SIG) dan GPS, pada kegiatan produksi atau pengelolaan pertanian, seperti pemantauan hama, penyemprotan pestisida di titik tertentu, pemetaan hasil panen, atau irigasi dengan takaran berubah."
19-4013.00,Food Science Technicians,Teknisi Ilmu Pangan,"Bekerja dengan ilmuwan atau teknolog pangan untuk melakukan uji baku secara kualitatif dan kuantitatif guna menentukan sifat fisik atau kimia produk makanan atau minuman. Termasuk teknisi yang membantu penelitian dan pengembangan teknologi produksi, pengendalian mutu, pengemasan, dan pengolahan makanan."
19-4021.00,Biological Technicians,Teknisi Biologi,"Membantu ilmuwan biologi dan medis. Menyiapkan, mengoperasikan, dan memelihara instrumen dan peralatan laboratorium, memantau percobaan, mengumpulkan data dan sampel, melakukan pengamatan, serta menghitung dan mencatat hasil. Dapat menganalisis zat organik seperti darah, makanan, dan obat."
19-4031.00,Chemical Technicians,Teknisi Kimia,"Melakukan uji laboratorium kimia dan fisika untuk membantu ilmuwan menganalisis bahan padat, cair, dan gas, guna penelitian dan pengembangan produk atau proses baru, pengendalian mutu, dan pemeliharaan standar lingkungan."
19-4042.00,"Environmental Science and Protection Technicians, Including Health",Teknisi Ilmu dan Perlindungan Lingkungan,"Melakukan uji laboratorium dan lapangan untuk memantau lingkungan dan menyelidiki sumber pencemaran, termasuk yang memengaruhi kesehatan, di bawah arahan ilmuwan lingkungan, insinyur, atau spesialis lain. Dapat mengambil sampel gas, tanah, air, dan bahan lain untuk diuji."
19-4043.00,"Geological Technicians, Except Hydrologic Technicians",Teknisi Geologi,"Membantu ilmuwan atau insinyur memakai instrumen ukur elektronik, sonik, atau nuklir dalam kegiatan laboratorium, eksplorasi, dan produksi untuk memperoleh data tentang sumber daya seperti bijih logam, mineral, gas, batu bara, atau minyak bumi. Menganalisis lumpur dan serbuk bor."
19-4051.00,Nuclear Technicians,Teknisi Nuklir,"Membantu fisikawan nuklir, insinyur nuklir, atau ilmuwan lain dalam kegiatan laboratorium atau pembangkitan listrik. Dapat mengoperasikan, memelihara, atau mengendalikan mutu peralatan uji dan penelitian nuklir. Dapat memantau radiasi."
19-4051.02,Nuclear Monitoring Technicians,Teknisi Pemantauan Nuklir,"Mengambil dan menguji sampel untuk memantau hasil percobaan nuklir serta pencemaran pada manusia, fasilitas, dan lingkungan."
19-4061.00,Social Science Research Assistants,Asisten Riset Ilmu Sosial,"Membantu ilmuwan sosial dalam penelitian laboratorium, survei, dan penelitian ilmu sosial lain. Dapat membantu menyiapkan temuan untuk diterbitkan serta membantu analisis, pengendalian mutu, atau pengelolaan data."
19-4071.00,Forest and Conservation Technicians,Teknisi Kehutanan dan Konservasi,"Memberi bantuan teknis tentang pelestarian tanah, air, hutan, atau sumber daya alam terkait. Dapat menghimpun data tentang luas, isi, dan kondisi kawasan hutan di bawah arahan rimbawan, atau melatih dan memimpin pekerja hutan dalam pembibitan serta pencegahan dan pemadaman kebakaran."
19-4092.00,Forensic Science Technicians,Teknisi Ilmu Forensik,"Mengumpulkan, mengenali, mengelompokkan, dan menganalisis bukti fisik terkait penyidikan kriminal. Menguji senjata atau zat seperti serat, rambut, dan jaringan untuk menentukan kaitannya dengan penyidikan. Dapat bersaksi sebagai saksi ahli, dan dapat mengkhususkan diri pada balistik, sidik jari, tulisan tangan, atau biokimia."
19-4099.01,Quality Control Analysts,Analis Pengendalian Mutu,"Melakukan pengujian untuk menentukan mutu bahan baku, produk antara, dan produk jadi. Dapat melakukan uji stabilitas sampel."
19-4099.03,Remote Sensing Technicians,Teknisi Penginderaan Jauh,"Menerapkan teknologi penginderaan jauh untuk membantu ilmuwan di bidang seperti sumber daya alam, perencanaan kota, atau keamanan negara. Dapat menyiapkan rencana terbang atau konfigurasi sensor untuk penerbangan."
19-5011.00,Occupational Health and Safety Specialists,Spesialis Kesehatan dan Keselamatan Kerja,"Menelaah, mengevaluasi, dan menganalisis lingkungan kerja serta merancang program dan prosedur untuk mengendalikan, menghilangkan, dan mencegah penyakit atau cedera akibat bahan kimia, faktor fisik, biologis, atau ergonomi. Dapat melakukan inspeksi dan menegakkan kepatuhan terhadap peraturan kesehatan dan keselamatan."
19-5012.00,Occupational Health and Safety Technicians,Teknisi Kesehatan dan Keselamatan Kerja,"Mengumpulkan data lingkungan kerja untuk dianalisis oleh spesialis kesehatan dan keselamatan kerja. Menjalankan dan mengevaluasi program yang dirancang untuk membatasi risiko kimia, fisik, biologis, dan ergonomi bagi pekerja."
21-1011.00,Substance Abuse and Behavioral Disorder Counselors,Konselor Penyalahgunaan Zat dan Gangguan Perilaku,"Memberi konseling dan saran kepada orang dengan masalah alkohol, rokok, narkoba, atau masalah lain seperti judi dan gangguan makan. Dapat memberi konseling kepada perorangan, keluarga, atau kelompok, atau terlibat dalam program pencegahan."
21-1012.00,"Educational, Guidance, and Career Counselors and Advisors","Konselor dan Penasihat Pendidikan, Bimbingan, dan Karier",Memberi saran dan bantuan kepada siswa serta menyediakan layanan bimbingan pendidikan dan karier.
21-1013.00,Marriage and Family Therapists,Terapis Perkawinan dan Keluarga,"Mendiagnosis dan menangani gangguan jiwa dan emosi dalam konteks perkawinan dan keluarga. Menerapkan teori dan teknik psikoterapi serta sistem keluarga dalam melayani perorangan, pasangan, dan keluarga."
21-1014.00,Mental Health Counselors,Konselor Kesehatan Jiwa,"Memberi konseling dan saran kepada perorangan dan kelompok untuk meningkatkan kesehatan jiwa dan emosi, dengan penekanan pada pencegahan. Dapat membantu orang menghadapi berbagai masalah, seperti kecanduan; masalah keluarga, pengasuhan, dan perkawinan; pengelolaan stres; harga diri; atau penuaan."
21-1015.00,Rehabilitation Counselors,Konselor Rehabilitasi,"Memberi konseling agar orang yang menghadapi kesulitan pribadi, sosial, dan pekerjaan akibat cacat lahir, penyakit, kecelakaan, penuaan, atau tekanan hidup dapat mandiri dan dapat bekerja. Menilai kebutuhan klien serta merancang dan menjalankan program rehabilitasi yang dapat mencakup konseling, pelatihan, dan penempatan kerja."
21-1021.00,"Child, Family, and School Social Workers","Pekerja Sosial Anak, Keluarga, dan Sekolah","Memberi layanan dan bantuan sosial untuk memperbaiki fungsi sosial dan psikologis anak dan keluarganya serta meningkatkan kesejahteraan keluarga dan prestasi belajar anak. Dapat membantu orang tua, mengatur adopsi, dan mencarikan rumah asuh bagi anak terlantar atau korban kekerasan. Di sekolah, menangani masalah seperti kehamilan remaja, kenakalan, dan bolos."
21-1022.00,Healthcare Social Workers,Pekerja Sosial Layanan Kesehatan,"Memberi dukungan psikososial kepada perorangan, keluarga, dan kelompok untuk menghadapi penyakit kronis, akut, atau terminal. Layanannya mencakup memberi saran kepada keluarga yang merawat, memberi informasi dan konseling kepada pasien, serta merujuk ke layanan lain."
21-1023.00,Mental Health and Substance Abuse Social Workers,Pekerja Sosial Kesehatan Jiwa dan Penyalahgunaan Zat,"Menilai dan menangani orang dengan masalah kejiwaan, emosi, atau penyalahgunaan zat, termasuk alkohol, rokok, dan narkoba. Kegiatannya dapat mencakup terapi perorangan dan kelompok, penanganan krisis, pengelolaan kasus, pembelaan klien, pencegahan, dan edukasi."
21-1091.00,Health Education Specialists,Spesialis Pendidikan Kesehatan,"Menyediakan dan mengelola program pendidikan kesehatan yang membantu perorangan, keluarga, dan masyarakat menjalani gaya hidup sehat. Memakai data untuk mengenali kebutuhan masyarakat sebelum merencanakan, menjalankan, memantau, dan mengevaluasi program."
21-1092.00,Probation Officers and Correctional Treatment Specialists,Petugas Pembimbing Kemasyarakatan dan Spesialis Pembinaan Narapidana,"Memberi layanan sosial untuk membantu rehabilitasi pelanggar hukum yang ditahan, dalam masa percobaan, atau bebas bersyarat. Memberi rekomendasi tentang rencana rehabilitasi dan pembinaan pelanggar, termasuk pembebasan bersyarat serta ketentuan pendidikan dan pekerjaan."
21-1093.00,Social and Human Service Assistants,Asisten Layanan Sosial dan Kemanusiaan,"Membantu penyedia layanan sosial lain dalam melayani klien di berbagai bidang, seperti psikologi, rehabilitasi, atau pekerjaan sosial, termasuk dukungan bagi keluarga. Dapat membantu klien mengenali dan memperoleh bantuan serta layanan sosial yang tersedia."
21-1094.00,Community Health Workers,Petugas Kesehatan Masyarakat,"Meningkatkan kesehatan masyarakat dengan membantu orang menerapkan perilaku sehat. Membela kebutuhan kesehatan warga dengan membantu mereka berkomunikasi dengan penyedia layanan kesehatan atau lembaga sosial. Dapat memberi layanan pencegahan seperti pemeriksaan tekanan darah dan pendengaran, serta mengumpulkan data kebutuhan kesehatan masyarakat."
21-2011.00,Clergy,Rohaniwan,Memimpin ibadah dan menjalankan fungsi rohani lain sesuai keyakinan dan praktik agama. Memberi bimbingan dan bantuan rohani serta moral kepada umat.
21-2021.00,"Directors, Religious Activities and Education",Direktur Kegiatan dan Pendidikan Keagamaan,"Mengoordinasikan atau merancang program dan melakukan penjangkauan untuk memajukan pendidikan atau kegiatan keagamaan suatu kelompok. Dapat memberi konseling, bimbingan, dan kepemimpinan terkait masalah perkawinan, kesehatan, keuangan, dan keagamaan."
23-1011.00,Lawyers,Pengacara,"Mewakili klien dalam perkara pidana dan perdata serta proses hukum lain, menyusun dokumen hukum, atau mengelola dan memberi saran kepada klien tentang transaksi hukum. Dapat mengkhususkan diri pada satu bidang atau berpraktik di banyak bidang hukum."
23-1012.00,Judicial Law Clerks,Panitera Hukum Pengadilan,Membantu hakim di pengadilan atau dengan melakukan riset maupun menyiapkan dokumen hukum.
23-1021.00,"Administrative Law Judges, Adjudicators, and Hearing Officers",Hakim Administrasi dan Pejabat Pemeriksa Perkara,"Memimpin sidang untuk merekomendasikan atau memutuskan klaim terkait program pemerintah atau urusan pemerintahan lain. Menentukan tanggung jawab, sanksi, atau denda, atau merekomendasikan diterima atau ditolaknya klaim."
23-1022.00,"Arbitrators, Mediators, and Conciliators","Arbiter, Mediator, dan Konsiliator",Memfasilitasi perundingan dan penyelesaian konflik lewat dialog. Menyelesaikan sengketa di luar pengadilan atas kesepakatan para pihak.
23-1023.00,"Judges, Magistrate Judges, and Magistrates",Hakim,"Mengadili, memberi nasihat, memutus, atau menyelenggarakan peradilan di pengadilan. Dapat menjatuhkan hukuman kepada terdakwa dalam perkara pidana sesuai undang-undang, dan menentukan tanggung jawab tergugat dalam perkara perdata."
23-2011.00,Paralegals and Legal Assistants,Paralegal dan Asisten Hukum,"Membantu pengacara dengan menyelidiki fakta, menyiapkan dokumen hukum, atau meneliti preseden hukum. Melakukan riset untuk mendukung proses hukum, menyusun pembelaan, atau memulai gugatan."
23-2093.00,"Title Examiners, Abstractors, and Searchers",Pemeriksa dan Penelusur Hak Kepemilikan,"Menelusuri catatan real estat, memeriksa hak kepemilikan, atau meringkas dokumen hukum atau asuransi untuk berbagai keperluan. Dapat menghimpun daftar hipotek, kontrak, dan dokumen lain terkait hak kepemilikan."
25-1011.00,"Business Teachers, Postsecondary",Dosen Bisnis,"Mengajar mata kuliah administrasi dan manajemen bisnis, seperti akuntansi, keuangan, sumber daya manusia, pemasaran, dan riset operasi. Mencakup dosen yang terutama mengajar maupun yang mengajar sambil meneliti."
25-1021.00,"Computer Science Teachers, Postsecondary",Dosen Ilmu Komputer,Mengajar mata kuliah ilmu komputer. Dapat mengkhususkan diri pada satu bidang ilmu komputer. Mencakup dosen yang terutama mengajar maupun yang mengajar sambil meneliti.
25-1022.00,"Mathematical Science Teachers, Postsecondary",Dosen Ilmu Matematika,"Mengajar mata kuliah tentang konsep matematika, statistika, dan ilmu aktuaria serta penerapan teknik matematika untuk memecahkan masalah. Mencakup dosen yang terutama mengajar maupun yang mengajar sambil meneliti."
25-1031.00,"Architecture Teachers, Postsecondary",Dosen Arsitektur,"Mengajar mata kuliah arsitektur dan desain arsitektur, seperti desain lingkungan, arsitektur interior, dan arsitektur lanskap. Mencakup dosen yang terutama mengajar maupun yang mengajar sambil meneliti."
25-1032.00,"Engineering Teachers, Postsecondary",Dosen Teknik,"Mengajar mata kuliah tentang penerapan hukum fisika dan prinsip rekayasa untuk mengembangkan mesin, bahan, instrumen, proses, dan jasa, seperti teknik kimia, sipil, elektro, industri, mesin, dan perminyakan. Mencakup dosen yang terutama mengajar maupun yang mengajar sambil meneliti."
25-1041.00,"Agricultural Sciences Teachers, Postsecondary",Dosen Ilmu Pertanian,"Mengajar mata kuliah ilmu pertanian, seperti agronomi, ilmu peternakan, pengelolaan perikanan, hortikultura, dan konservasi tanah. Mencakup dosen yang terutama mengajar maupun yang mengajar sambil meneliti."
25-1042.00,"Biological Science Teachers, Postsecondary",Dosen Ilmu Biologi,Mengajar mata kuliah ilmu biologi. Mencakup dosen yang terutama mengajar maupun yang mengajar sambil meneliti.
25-1043.00,"Forestry and Conservation Science Teachers, Postsecondary",Dosen Ilmu Kehutanan dan Konservasi,Mengajar mata kuliah ilmu kehutanan dan konservasi. Mencakup dosen yang terutama mengajar maupun yang mengajar sambil meneliti.
25-1051.00,"Atmospheric, Earth, Marine, and Space Sciences Teachers, Postsecondary","Dosen Ilmu Atmosfer, Kebumian, Kelautan, dan Antariksa","Mengajar mata kuliah ilmu kebumian, atmosfer, kelautan, dan antariksa. Mencakup dosen yang terutama mengajar maupun yang mengajar sambil meneliti."
25-1052.00,"Chemistry Teachers, Postsecondary",Dosen Kimia,"Mengajar mata kuliah tentang sifat kimia dan fisik zat serta perubahan susunannya, termasuk metode analisis kimia. Mencakup dosen yang terutama mengajar maupun yang mengajar sambil meneliti."
25-1053.00,"Environmental Science Teachers, Postsecondary",Dosen Ilmu Lingkungan,Mengajar mata kuliah ilmu lingkungan. Mencakup dosen yang terutama mengajar maupun yang mengajar sambil meneliti.
25-1054.00,"Physics Teachers, Postsecondary",Dosen Fisika,Mengajar mata kuliah tentang hukum materi dan energi. Mencakup dosen yang terutama mengajar maupun yang mengajar sambil meneliti.
25-1061.00,"Anthropology and Archeology Teachers, Postsecondary",Dosen Antropologi dan Arkeologi,Mengajar mata kuliah antropologi atau arkeologi. Mencakup dosen yang terutama mengajar maupun yang mengajar sambil meneliti.
25-1062.00,"Area, Ethnic, and Cultural Studies Teachers, Postsecondary","Dosen Kajian Wilayah, Etnis, dan Budaya","Mengajar mata kuliah tentang budaya dan perkembangan suatu wilayah, kelompok etnis, atau kelompok lain, seperti kajian kawasan, kajian perempuan, atau kajian perkotaan. Mencakup dosen yang terutama mengajar maupun yang mengajar sambil meneliti."
25-1063.00,"Economics Teachers, Postsecondary",Dosen Ekonomi,Mengajar mata kuliah ekonomi. Mencakup dosen yang terutama mengajar maupun yang mengajar sambil meneliti.
25-1064.00,"Geography Teachers, Postsecondary",Dosen Geografi,Mengajar mata kuliah geografi. Mencakup dosen yang terutama mengajar maupun yang mengajar sambil meneliti.
25-1065.00,"Political Science Teachers, Postsecondary",Dosen Ilmu Politik,Mengajar mata kuliah ilmu politik dan hubungan internasional. Mencakup dosen yang terutama mengajar maupun yang mengajar sambil meneliti.
25-1066.00,"Psychology Teachers, Postsecondary",Dosen Psikologi,"Mengajar mata kuliah psikologi, seperti psikologi anak, klinis, perkembangan, dan konseling. Mencakup dosen yang terutama mengajar maupun yang mengajar sambil meneliti."
25-1067.00,"Sociology Teachers, Postsecondary",Dosen Sosiologi,Mengajar mata kuliah sosiologi. Mencakup dosen yang terutama mengajar maupun yang mengajar sambil meneliti.
25-1071.00,"Health Specialties Teachers, Postsecondary",Dosen Bidang Kesehatan,"Mengajar mata kuliah bidang kesehatan, seperti kedokteran gigi, teknologi laboratorium, kedokteran, farmasi, kesehatan masyarakat, terapi, dan kedokteran hewan."
25-1072.00,"Nursing Instructors and Teachers, Postsecondary",Dosen dan Instruktur Keperawatan,Memperagakan dan mengajarkan perawatan pasien kepada mahasiswa keperawatan di kelas dan unit klinis. Mencakup dosen yang terutama mengajar maupun yang mengajar sambil meneliti.
25-1081.00,"Education Teachers, Postsecondary",Dosen Ilmu Pendidikan,"Mengajar mata kuliah ilmu pendidikan, seperti konseling, kurikulum, bimbingan, pengajaran, dan pendidikan guru. Mencakup dosen yang terutama mengajar maupun yang mengajar sambil meneliti."
25-1082.00,"Library Science Teachers, Postsecondary",Dosen Ilmu Perpustakaan,Mengajar mata kuliah ilmu perpustakaan. Mencakup dosen yang terutama mengajar maupun yang mengajar sambil meneliti.
25-1111.00,"Criminal Justice and Law Enforcement Teachers, Postsecondary",Dosen Peradilan Pidana dan Penegakan Hukum,"Mengajar mata kuliah peradilan pidana, pemasyarakatan, dan administrasi penegakan hukum. Mencakup dosen yang terutama mengajar maupun yang mengajar sambil meneliti."
25-1112.00,"Law Teachers, Postsecondary",Dosen Hukum,Mengajar mata kuliah hukum. Mencakup dosen yang terutama mengajar maupun yang mengajar sambil meneliti.
25-1113.00,"Social Work Teachers, Postsecondary",Dosen Pekerjaan Sosial,Mengajar mata kuliah pekerjaan sosial. Mencakup dosen yang terutama mengajar maupun yang mengajar sambil meneliti.
25-1121.00,"Art, Drama, and Music Teachers, Postsecondary","Dosen Seni, Drama, dan Musik","Mengajar mata kuliah drama, musik, dan seni, termasuk seni murni dan terapan seperti lukis dan patung, atau desain dan kriya. Mencakup dosen yang terutama mengajar maupun yang mengajar sambil meneliti."
25-1122.00,"Communications Teachers, Postsecondary",Dosen Ilmu Komunikasi,"Mengajar mata kuliah komunikasi, seperti komunikasi organisasi, hubungan masyarakat, penyiaran radio dan televisi, dan jurnalistik. Mencakup dosen yang terutama mengajar maupun yang mengajar sambil meneliti."
25-1123.00,"English Language and Literature Teachers, Postsecondary",Dosen Bahasa dan Sastra Inggris,"Mengajar mata kuliah bahasa dan sastra Inggris, termasuk linguistik dan sastra bandingan. Mencakup dosen yang terutama mengajar maupun yang mengajar sambil meneliti."
25-1124.00,"Foreign Language and Literature Teachers, Postsecondary",Dosen Bahasa dan Sastra Asing,"Mengajar mata kuliah bahasa dan sastra selain bahasa Inggris, termasuk bahasa isyarat. Mencakup dosen yang terutama mengajar maupun yang mengajar sambil meneliti."
25-1125.00,"History Teachers, Postsecondary",Dosen Sejarah,Mengajar mata kuliah sejarah manusia dan historiografi. Mencakup dosen yang terutama mengajar maupun yang mengajar sambil meneliti.
25-1126.00,"Philosophy and Religion Teachers, Postsecondary",Dosen Filsafat dan Agama,"Mengajar mata kuliah filsafat, agama, dan teologi. Mencakup dosen yang terutama mengajar maupun yang mengajar sambil meneliti."
25-1192.00,"Family and Consumer Sciences Teachers, Postsecondary",Dosen Ilmu Keluarga dan Konsumen,"Mengajar mata kuliah pengasuhan anak, hubungan keluarga, keuangan, gizi, dan topik lain tentang pengelolaan rumah tangga. Mencakup dosen yang terutama mengajar maupun yang mengajar sambil meneliti."
25-1193.00,"Recreation and Fitness Studies Teachers, Postsecondary",Dosen Kajian Rekreasi dan Kebugaran,"Mengajar mata kuliah tentang rekreasi, waktu luang, dan kebugaran, termasuk fisiologi olahraga dan pengelolaan fasilitas. Mencakup dosen yang terutama mengajar maupun yang mengajar sambil meneliti."
25-1194.00,"Career/Technical Education Teachers, Postsecondary",Dosen Pendidikan Kejuruan,"Mengajar mata kuliah kejuruan yang memberi pelatihan kerja di bawah jenjang sarjana, seperti konstruksi, mekanik dan perbaikan, manufaktur, transportasi, atau tata kecantikan, terutama kepada lulusan sekolah menengah."
25-2011.00,"Preschool Teachers, Except Special Education",Guru Prasekolah,"Mengajar anak usia prasekolah, mengikuti kurikulum atau rencana pelajaran, lewat kegiatan yang dirancang untuk mendorong pertumbuhan sosial, fisik, dan intelektual."
25-2012.00,"Kindergarten Teachers, Except Special Education",Guru Taman Kanak-kanak,Mengajarkan keterampilan akademik dan sosial kepada murid taman kanak-kanak.
25-2021.00,"Elementary School Teachers, Except Special Education",Guru Sekolah Dasar,Mengajarkan keterampilan akademik dan sosial kepada murid sekolah dasar.
25-2022.00,"Middle School Teachers, Except Special and Career/Technical Education",Guru Sekolah Menengah Pertama,Mengajar satu atau lebih mata pelajaran kepada siswa sekolah menengah pertama.
25-2023.00,"Career/Technical Education Teachers, Middle School","Guru Kejuruan, Sekolah Menengah Pertama",Mengajar mata pelajaran kejuruan atau teknis kepada siswa sekolah menengah pertama.
25-2031.00,"Secondary School Teachers, Except Special and Career/Technical Education",Guru Sekolah Menengah Atas,Mengajar satu atau lebih mata pelajaran kepada siswa sekolah menengah atas.
25-2032.00,"Career/Technical Education Teachers, Secondary School","Guru Kejuruan, Sekolah Menengah Atas",Mengajar mata pelajaran kejuruan atau teknis kepada siswa sekolah menengah atas.
25-2051.00,"Special Education Teachers, Preschool","Guru Pendidikan Khusus, Prasekolah","Mengajarkan keterampilan akademik, sosial, dan hidup kepada anak usia prasekolah dengan disabilitas belajar, emosi, atau fisik, termasuk anak dengan gangguan penglihatan, gangguan pendengaran, atau disabilitas intelektual."
25-2055.00,"Special Education Teachers, Kindergarten","Guru Pendidikan Khusus, Taman Kanak-kanak","Mengajarkan keterampilan akademik, sosial, dan hidup kepada murid taman kanak-kanak dengan disabilitas belajar, emosi, atau fisik, termasuk anak dengan gangguan penglihatan, gangguan pendengaran, atau disabilitas intelektual."
25-2056.00,"Special Education Teachers, Elementary School","Guru Pendidikan Khusus, Sekolah Dasar","Mengajarkan keterampilan akademik, sosial, dan hidup kepada murid sekolah dasar dengan disabilitas belajar, emosi, atau fisik, termasuk anak dengan gangguan penglihatan, gangguan pendengaran, atau disabilitas intelektual."
25-2057.00,"Special Education Teachers, Middle School","Guru Pendidikan Khusus, Sekolah Menengah Pertama","Mengajarkan keterampilan akademik, sosial, dan hidup kepada siswa sekolah menengah pertama dengan disabilitas belajar, emosi, atau fisik, termasuk siswa dengan gangguan penglihatan, gangguan pendengaran, atau disabilitas intelektual."
25-2058.00,"Special Education Teachers, Secondary School","Guru Pendidikan Khusus, Sekolah Menengah Atas","Mengajarkan keterampilan akademik, sosial, dan hidup kepada siswa sekolah menengah atas dengan disabilitas belajar, emosi, atau fisik, termasuk siswa dengan gangguan penglihatan, gangguan pendengaran, atau disabilitas intelektual."
25-2059.01,Adapted Physical Education Specialists,Spesialis Pendidikan Jasmani Adaptif,"Memberi pengajaran atau layanan pendidikan jasmani yang disesuaikan bagi anak, remaja, atau orang dewasa dengan kebutuhan fisik khusus akibat keterlambatan perkembangan motorik atau hambatan lain."
25-3011.00,"Adult Basic Education, Adult Secondary Education, and English as a Second Language Instructors","Instruktur Pendidikan Dasar Orang Dewasa, Kesetaraan, dan Bahasa Inggris sebagai Bahasa Kedua","Mengajar remaja putus sekolah dan orang dewasa di kelas pendidikan dasar, keaksaraan, bahasa Inggris sebagai bahasa kedua, atau kelas untuk memperoleh ijazah kesetaraan sekolah menengah."
25-3021.00,Self-Enrichment Teachers,Pengajar Kursus Pengembangan Diri,"Mengajar perorangan atau kelompok dengan tujuan utama pengembangan diri atau rekreasi, bukan untuk pekerjaan, ijazah, kompetisi, atau kebugaran."
25-3031.00,"Substitute Teachers, Short-Term",Guru Pengganti Jangka Pendek,"Mengajar siswa dalam jangka pendek sebagai pengganti sementara guru kelas, biasanya dengan memakai rencana pelajaran guru tersebut."
25-3041.00,Tutors,Tutor,"Mengajar siswa secara perorangan atau dalam kelompok kecil untuk mata pelajaran akademik, guna mendukung pelajaran di kelas atau menyiapkan siswa menghadapi ujian."
25-4011.00,Archivists,Arsiparis,"Menilai, menyunting, dan mengarahkan penyimpanan arsip tetap dan dokumen bernilai sejarah. Ikut serta dalam penelitian berbasis bahan arsip."
25-4012.00,Curators,Kurator,"Mengelola koleksi, seperti karya seni, barang koleksi, benda bersejarah, atau spesimen ilmiah di museum atau lembaga lain. Dapat menyelenggarakan kegiatan pengajaran, penelitian, atau layanan masyarakat lembaga itu."
25-4013.00,Museum Technicians and Conservators,Teknisi dan Konservator Museum,"Memugar, merawat, atau menyiapkan benda koleksi museum untuk disimpan, diteliti, atau dipamerkan. Dapat menangani spesimen seperti fosil, kerangka, atau tumbuhan, maupun artefak, tekstil, atau karya seni. Termasuk konservator buku atau dokumen."
25-4022.00,Librarians and Media Collections Specialists,Pustakawan dan Spesialis Koleksi Media,"Mengelola dan merawat perpustakaan atau koleksi informasi untuk dipakai umum atau kalangan tertentu. Bekerja di berbagai tempat, seperti lembaga pendidikan, museum, dan perusahaan, dengan berbagai bahan seperti buku, terbitan berkala, rekaman, film, dan basis data. Tugasnya dapat mencakup pengadaan, pengatalogan, peminjaman, serta membantu pengguna menemukan informasi."
25-4031.00,Library Technicians,Teknisi Perpustakaan,"Membantu pustakawan dengan menolong pembaca memakai katalog, basis data, dan indeks untuk menemukan buku dan bahan lain, serta menjawab pertanyaan sederhana. Menyusun catatan, menyortir dan menata buku di rak, memperbaiki buku yang rusak, mendaftar anggota, dan mencatat peminjaman dan pengembalian."
25-9021.00,Farm and Home Management Educators,Penyuluh Pengelolaan Pertanian dan Rumah Tangga,"Mengajar dan memberi saran kepada perorangan dan keluarga yang bergerak di pertanian atau pengelolaan rumah tangga. Memperagakan prosedur dan menerapkan hasil penelitian untuk memajukan kegiatan itu. Dapat mengajarkan teknik pertanian, pengendalian hama, dan keamanan pangan, atau pengelolaan anggaran, gizi, dan perkembangan anak."
25-9031.00,Instructional Coordinators,Koordinator Pembelajaran,"Mengembangkan bahan ajar, mengoordinasikan isi pendidikan, dan memasukkan teknologi terkini ke dalam pengajaran sebagai pedoman bagi pendidik dalam menyusun kurikulum dan mengajar. Dapat melatih dan membimbing guru."
25-9042.00,"Teaching Assistants, Preschool, Elementary, Middle, and Secondary School, Except Special Education","Asisten Guru, Prasekolah sampai Sekolah Menengah","Membantu guru prasekolah, sekolah dasar, atau sekolah menengah dalam tugas mengajar. Guru tetap bertanggung jawab utama atas perancangan dan pelaksanaan program pendidikan."
25-9043.00,"Teaching Assistants, Special Education",Asisten Guru Pendidikan Khusus,"Membantu guru prasekolah, sekolah dasar, atau sekolah menengah mengajarkan keterampilan akademik, sosial, atau hidup kepada siswa dengan disabilitas belajar, emosi, atau fisik."
25-9044.00,"Teaching Assistants, Postsecondary",Asisten Dosen,"Membantu dosen di perguruan tinggi dengan mengerjakan kegiatan pendukung pengajaran, seperti menyusun bahan ajar, memimpin kelompok diskusi, menyiapkan dan mengawasi ujian, serta menilai ujian atau makalah."
27-1011.00,Art Directors,Pengarah Seni,"Merumuskan konsep desain dan cara penyajian untuk produksi dan media visual, seperti cetak, siaran, video, dan film. Mengarahkan pekerja yang mengerjakan karya seni atau tata letak."
27-1012.00,Craft Artists,Perajin Seni,"Membuat atau mereproduksi benda buatan tangan untuk dijual dan dipamerkan dengan berbagai teknik, seperti las, tenun, tembikar, dan sulam."
27-1013.00,"Fine Artists, Including Painters, Sculptors, and Illustrators","Seniman Rupa (Pelukis, Pematung, Ilustrator)",Menciptakan karya seni asli dengan berbagai media dan teknik.
27-1014.00,Special Effects Artists and Animators,Seniman Efek Khusus dan Animator,"Membuat efek khusus atau animasi dengan film, video, komputer, atau alat dan media elektronik lain untuk produk seperti gim komputer, film, video musik, dan iklan."
27-1021.00,Commercial and Industrial Designers,Perancang Produk Komersial dan Industri,"Merancang dan mengembangkan produk buatan pabrik, seperti mobil, peralatan rumah tangga, dan mainan anak. Memadukan bakat seni dengan riset tentang penggunaan produk, pemasaran, dan bahan untuk menghasilkan rancangan yang paling fungsional dan menarik."
27-1022.00,Fashion Designers,Perancang Busana,Merancang pakaian dan aksesori. Menciptakan rancangan asli atau menyesuaikan tren mode.
27-1023.00,Floral Designers,Perangkai Bunga,"Merancang, memotong, dan merangkai bunga dan daun segar, kering, atau tiruan."
27-1024.00,Graphic Designers,Desainer Grafis,"Merancang atau membuat grafis untuk kebutuhan komersial atau promosi tertentu, seperti kemasan, pajangan, atau logo. Dapat memakai berbagai media untuk mencapai efek seni atau hias."
27-1025.00,Interior Designers,Desainer Interior,"Merencanakan, merancang, dan menata ruang dalam suatu ruangan atau bangunan. Merancang lingkungan interior atau tata letak yang praktis, indah, dan sesuai dengan tujuannya. Dapat mengkhususkan diri pada bidang, gaya, atau tahap tertentu dari desain interior."
27-1026.00,Merchandise Displayers and Window Trimmers,Penata Pajangan dan Etalase Toko,"Merencanakan dan memasang pajangan komersial, seperti di etalase dan bagian dalam toko serta di pameran dagang."
27-1027.00,Set and Exhibit Designers,Perancang Tata Panggung dan Pameran,"Merancang pameran khusus dan tata panggung untuk produksi film, video, televisi, dan teater. Dapat mempelajari naskah, berdiskusi dengan sutradara, dan melakukan riset untuk menentukan gaya arsitektur yang sesuai."
27-2011.00,Actors,Aktor,"Memerankan tokoh dalam produksi panggung, televisi, radio, video, atau film untuk hiburan, informasi, atau pengajaran. Menafsirkan peran serius atau komedi lewat ucapan, gerak, dan bahasa tubuh. Dapat menari dan bernyanyi."
27-2012.00,Producers and Directors,Produser dan Sutradara,"Memproduksi atau menyutradarai produksi panggung, televisi, radio, video, atau film. Bertanggung jawab atas keputusan kreatif, seperti penafsiran naskah, pemilihan pemeran atau tamu, tata panggung, suara, efek khusus, dan koreografi."
27-2012.03,Media Programming Directors,Direktur Program Media,"Mengarahkan dan mengoordinasikan kegiatan staf yang menyusun jadwal dan acara stasiun radio atau televisi, seperti olahraga atau berita."
27-2012.04,Talent Directors,Pengarah Pemilihan Pemeran,"Mengaudisi dan mewawancarai penampil untuk memilih bakat yang paling sesuai bagi peran dalam produksi panggung, televisi, radio, atau film."
27-2012.05,Media Technical Directors/Managers,Pengarah Teknis Media,"Mengoordinasikan kegiatan bagian teknis, seperti perekaman, penyuntingan, rekayasa, dan pemeliharaan, untuk memproduksi acara radio atau televisi."
27-2021.00,Athletes and Sports Competitors,Atlet,Bertanding dalam ajang olahraga.
27-2022.00,Coaches and Scouts,Pelatih dan Pemandu Bakat Olahraga,Melatih kelompok atau perorangan dalam dasar-dasar olahraga dengan tujuan utama kompetisi. Memperagakan teknik dan cara bermain. Dapat menilai kelebihan dan kekurangan atlet sebagai calon rekrutan atau untuk memperbaiki tekniknya.
27-2023.00,"Umpires, Referees, and Other Sports Officials",Wasit dan Ofisial Olahraga,"Memimpin pertandingan atau perlombaan olahraga. Mendeteksi pelanggaran aturan dan memutuskan hukuman sesuai peraturan. Termasuk semua ofisial, wasit, dan juri perlombaan."
27-2031.00,Dancers,Penari,"Menampilkan tarian. Dapat tampil di panggung, untuk siaran, atau untuk rekaman video."
27-2032.00,Choreographers,Koreografer,Menciptakan rangkaian gerak tari baru. Melatih penampilan tari. Dapat mengarahkan dan mementaskan pertunjukan.
27-2041.00,Music Directors and Composers,Pengarah Musik dan Komposer,"Memimpin, mengarahkan, dan merencanakan pertunjukan instrumen atau vokal oleh artis atau kelompok musik, seperti orkestra, band, dan paduan suara; atau menciptakan karya musik asli."
27-2042.00,Musicians and Singers,Musisi dan Penyanyi,"Memainkan satu atau lebih alat musik atau bernyanyi. Dapat tampil di panggung, untuk siaran, atau untuk rekaman suara maupun video."
27-2091.00,"Disc Jockeys, Except Radio",Disjoki (DJ),"Memutar musik rekaman untuk penonton langsung di tempat atau acara seperti kelab, pesta, atau resepsi pernikahan. Dapat memakai teknik seperti mixing atau sampling untuk mengolah rekaman. Dapat juga menjadi pembawa acara."
27-3011.00,Broadcast Announcers and Radio Disc Jockeys,Penyiar dan Penyiar Musik Radio,"Berbicara atau membacakan naskah, seperti berita atau iklan, di radio, televisi, atau media komunikasi lain. Dapat memutar musik, mengumumkan artis atau judul, atau mewawancarai tamu."
27-3023.00,"News Analysts, Reporters, and Journalists","Analis Berita, Reporter, dan Jurnalis","Menyampaikan atau menulis berita, ulasan, atau komentar untuk media cetak, siaran, atau media lain seperti surat kabar, majalah, radio, atau televisi. Dapat mengumpulkan dan menganalisis informasi lewat wawancara, penyelidikan, atau pengamatan."
27-3031.00,Public Relations Specialists,Spesialis Hubungan Masyarakat,"Mempromosikan atau membangun citra publik yang diinginkan bagi perorangan, kelompok, atau organisasi. Dapat menulis atau memilih bahan untuk dirilis ke berbagai media. Dapat mengkhususkan diri pada media sosial."
27-3041.00,Editors,Editor,"Merencanakan, mengoordinasikan, merevisi, atau menyunting tulisan. Dapat menelaah usulan dan naskah untuk kemungkinan diterbitkan."
27-3042.00,Technical Writers,Penulis Teknis,"Menulis bahan teknis, seperti buku petunjuk peralatan, lampiran, atau petunjuk pengoperasian dan pemeliharaan. Dapat membantu pekerjaan tata letak."
27-3043.00,Writers and Authors,Penulis dan Pengarang,"Menggagas dan menyiapkan tulisan, seperti naskah, cerita, iklan, dan bahan lain."
27-3043.05,"Poets, Lyricists and Creative Writers","Penyair, Penulis Lirik, dan Penulis Kreatif","Menciptakan karya tulis asli, seperti naskah, esai, prosa, puisi, atau lirik lagu, untuk diterbitkan atau dipentaskan."
27-3091.00,Interpreters and Translators,Juru Bahasa dan Penerjemah,"Menjadi juru bahasa lisan atau bahasa isyarat, atau menerjemahkan teks tertulis dari satu bahasa ke bahasa lain."
27-3092.00,Court Reporters and Simultaneous Captioners,Pencatat Persidangan dan Pembuat Teks Langsung,"Memakai metode dan peralatan pencatatan kata demi kata untuk merekam, menyimpan, dan menyalin jalannya persidangan atau informasi lain. Termasuk pembuat teks langsung untuk siaran bagi pemirsa dengan gangguan pendengaran."
27-4011.00,Audio and Video Technicians,Teknisi Audio dan Video,"Memasang, merawat, dan membongkar peralatan audio dan video, seperti mikrofon, pengeras suara, kabel, papan mixer, kamera video, dan monitor, untuk acara langsung atau rekaman seperti konser, rapat, presentasi, konferensi pers, dan pertandingan olahraga."
27-4012.00,Broadcast Technicians,Teknisi Penyiaran,"Memasang, mengoperasikan, dan merawat peralatan elektronik untuk merekam, menyunting, dan memancarkan audio dan video acara radio atau televisi. Mengatur sinyal siaran masuk dan keluar agar volume, kekuatan, dan kejernihan sinyal terjaga."
27-4014.00,Sound Engineering Technicians,Teknisi Tata Suara,"Merakit dan mengoperasikan peralatan untuk merekam, menyelaraskan, memadukan, menyunting, atau memutar ulang suara, termasuk musik, suara orang, atau efek suara, untuk teater, video, film, televisi, dan produksi lain."
27-4021.00,Photographers,Fotografer,"Memotret orang, pemandangan, barang dagangan, atau objek lain. Dapat memakai peralatan pencahayaan dan perangkat lunak penyunting untuk menghasilkan gambar akhir. Termasuk fotografer komersial, ilmiah, dan jurnalistik."
27-4031.00,"Camera Operators, Television, Video, and Film","Juru Kamera Televisi, Video, dan Film","Mengoperasikan kamera televisi, video, atau film untuk merekam gambar atau adegan produksi televisi, video, atau film."
27-4032.00,Film and Video Editors,Penyunting Film dan Video,"Menyunting gambar bergerak pada film, video, atau media lain. Dapat bekerja dengan produser atau sutradara untuk menyusun gambar bagi produksi akhir, serta menyelaraskan suara dengan gambar."
29-1011.00,Chiropractors,Kiropraktor,"Memeriksa, menangani, dan merawat pasien dengan manipulasi tulang belakang dan sistem otot-rangka."
29-1021.00,"Dentists, General",Dokter Gigi Umum,"Memeriksa, mendiagnosis, dan mengobati penyakit, cedera, dan kelainan gigi dan gusi. Dapat mengobati penyakit saraf dan jaringan gigi lain, memasang alat gigi, atau memberi perawatan pencegahan."
29-1022.00,Oral and Maxillofacial Surgeons,Dokter Bedah Mulut dan Maksilofasial,"Melakukan operasi dan tindakan terkait pada jaringan keras dan lunak di daerah mulut dan rahang-wajah untuk mengobati penyakit, cedera, atau cacat. Dapat melakukan operasi untuk memperbaiki fungsi atau penampilan."
29-1023.00,Orthodontists,Dokter Gigi Ortodonti,"Memeriksa, mendiagnosis, dan menangani susunan gigi yang tidak rata dan kelainan rongga mulut. Merancang dan membuat alat untuk merapikan gigi dan rahang agar berfungsi normal dan tampak lebih baik."
29-1024.00,Prosthodontists,Dokter Gigi Prostodonti,"Mendiagnosis, menangani, serta merancang dan memasang gigi tiruan atau prostesis lain yang menjaga fungsi, kesehatan, dan penampilan mulut pasien."
29-1031.00,Dietitians and Nutritionists,Ahli Gizi dan Dietisien,"Merencanakan dan menjalankan program layanan makanan atau gizi untuk meningkatkan kesehatan dan mengendalikan penyakit. Dapat mengawasi bagian penyedia makanan dalam jumlah besar, memberi konseling, atau meneliti gizi."
29-1041.00,Optometrists,Optometris,"Mendiagnosis, mengelola, dan menangani kondisi serta penyakit mata dan sistem penglihatan. Memeriksa mata, meresepkan lensa koreksi, dan memberi perawatan. Dapat meresepkan obat untuk kondisi mata tertentu."
29-1051.00,Pharmacists,Apoteker,"Menyerahkan obat yang diresepkan dokter dan tenaga kesehatan lain serta memberi informasi kepada pasien tentang obat dan cara pakainya. Dapat memberi saran kepada dokter tentang pemilihan, dosis, interaksi, dan efek samping obat."
29-1071.00,Physician Assistants,Asisten Dokter,"Memberi layanan kesehatan yang biasanya dilakukan dokter, di bawah pengawasan dokter. Melakukan pemeriksaan fisik lengkap, memberi perawatan, dan memberi konseling kepada pasien. Dalam beberapa kasus dapat meresepkan obat."
29-1071.01,Anesthesiologist Assistants,Asisten Dokter Anestesi,Membantu dokter anestesi memberikan pembiusan untuk tindakan bedah dan nonbedah. Memantau keadaan pasien dan merawat pasien selama operasi.
29-1081.00,Podiatrists,Dokter Kaki (Podiatris),Mendiagnosis dan mengobati penyakit dan kelainan bentuk kaki manusia.
29-1122.00,Occupational Therapists,Terapis Okupasi,"Menilai, merencanakan, dan menyusun program rehabilitasi yang membantu membangun atau memulihkan keterampilan kerja, mengurus rumah, dan hidup sehari-hari, serta kemandirian, bagi penyandang disabilitas atau orang dengan keterlambatan perkembangan. Memakai teknik terapi, menyesuaikan lingkungan, dan mengajarkan keterampilan."
29-1122.01,"Low Vision Therapists, Orientation and Mobility Specialists, and Vision Rehabilitation Therapists",Terapis Rehabilitasi Penglihatan dan Spesialis Orientasi-Mobilitas,"Memberi terapi kepada pasien dengan gangguan penglihatan agar lebih mampu menjalani kegiatan sehari-hari. Dapat melatih pasien memakai komputer, berkomunikasi, atau mengurus rumah."
29-1123.00,Physical Therapists,Fisioterapis,"Menilai, merencanakan, menyusun, dan menjalankan program rehabilitasi yang meningkatkan kemampuan gerak, mengurangi nyeri, menambah kekuatan, dan memperbaiki kondisi yang melumpuhkan akibat penyakit atau cedera."
29-1124.00,Radiation Therapists,Terapis Radiasi,"Memberi terapi radiasi kepada pasien sesuai resep dokter onkologi radiasi. Tugasnya dapat mencakup menelaah resep dan diagnosis, menyiapkan peralatan penahan gerak, perawatan, dan pelindung, serta mengelola catatan dan laporan."
29-1125.00,Recreational Therapists,Terapis Rekreasi,"Merencanakan, mengarahkan, atau mengoordinasikan program rekreasi yang disetujui secara medis bagi pasien di rumah sakit, panti werdha, atau lembaga lain. Kegiatannya mencakup olahraga, wisata, drama, kegiatan sosial, dan kerajinan."
29-1126.00,Respiratory Therapists,Terapis Pernapasan,"Menilai, menangani, dan merawat pasien dengan gangguan pernapasan. Bertanggung jawab atas seluruh layanan perawatan pernapasan, termasuk mengawasi teknisi. Memulai dan menjalankan tindakan terapi, mengelola catatan pasien, serta memilih, merakit, memeriksa, dan mengoperasikan peralatan."
29-1127.00,Speech-Language Pathologists,Terapis Wicara dan Bahasa,"Menilai dan menangani orang dengan gangguan bicara, bahasa, suara, dan kelancaran berbicara. Dapat memilih sistem komunikasi alternatif dan mengajarkan pemakaiannya."
29-1128.00,Exercise Physiologists,Fisiolog Olahraga,"Menilai, merencanakan, atau menjalankan program kebugaran yang mencakup latihan atau kegiatan fisik, misalnya untuk memperbaiki fungsi jantung-paru, komposisi tubuh, kekuatan dan daya tahan otot, atau kelenturan."
29-1129.01,Art Therapists,Terapis Seni,"Merencanakan atau menyelenggarakan sesi atau program terapi seni untuk meningkatkan kesejahteraan fisik, kognitif, atau emosi klien."
29-1129.02,Music Therapists,Terapis Musik,"Merencanakan, menyusun, mengarahkan, atau menilai intervensi terapi musik berbasis bukti untuk memberi pengaruh baik pada keadaan fisik, psikologis, kognitif, atau perilaku seseorang."
29-1131.00,Veterinarians,Dokter Hewan,"Mendiagnosis, mengobati, atau meneliti penyakit dan cedera hewan. Termasuk dokter hewan yang meneliti, memeriksa ternak, atau merawat hewan peliharaan."
29-1141.00,Registered Nurses,Perawat,"Menilai masalah dan kebutuhan kesehatan pasien, menyusun dan menjalankan rencana asuhan keperawatan, serta mengelola rekam medis. Merawat pasien yang sakit, cedera, dalam pemulihan, atau menyandang disabilitas. Dapat memberi saran tentang menjaga kesehatan dan mencegah penyakit."
29-1141.01,Acute Care Nurses,Perawat Perawatan Akut,"Memberi asuhan keperawatan lanjutan kepada pasien dengan kondisi akut seperti serangan jantung, gagal napas, atau syok. Dapat merawat pasien sebelum dan sesudah operasi atau melakukan tindakan diagnostik maupun terapi yang invasif."
29-1141.02,Advanced Practice Psychiatric Nurses,Perawat Jiwa Praktik Lanjutan,"Menilai, mendiagnosis, dan menangani perorangan dan keluarga dengan gangguan jiwa atau penyalahgunaan zat. Menerapkan kegiatan terapi, termasuk meresepkan obat sesuai peraturan dan memberikan psikoterapi."
29-1141.03,Critical Care Nurses,Perawat Perawatan Kritis,Memberi asuhan keperawatan khusus kepada pasien di unit perawatan intensif atau unit perawatan jantung.
29-1141.04,Clinical Nurse Specialists,Perawat Klinis Spesialis,"Mengarahkan staf keperawatan dalam merawat pasien di lingkungan praktik klinis, seperti rumah sakit, klinik, atau rumah. Memastikan kepatuhan pada kebijakan, protokol, peraturan, dan standar klinis."
29-1151.00,Nurse Anesthetists,Perawat Anestesi,"Memberikan pembiusan, memantau tanda vital pasien, dan mengawasi pemulihan pasien dari pembiusan. Dapat membantu dokter anestesi, dokter bedah, dokter lain, atau dokter gigi. Harus perawat dengan pendidikan pascasarjana khusus."
29-1161.00,Nurse Midwives,Perawat Bidan,"Mendiagnosis dan mengoordinasikan seluruh aspek proses persalinan, secara mandiri atau sebagai bagian dari tim kesehatan. Dapat memberi layanan kesehatan reproduksi perempuan. Harus memiliki pendidikan keperawatan pascasarjana khusus."
29-1171.00,Nurse Practitioners,Perawat Praktisi,"Mendiagnosis dan mengobati penyakit akut, berulang, atau kronis, secara mandiri atau sebagai bagian dari tim kesehatan. Dapat berfokus pada peningkatan kesehatan dan pencegahan penyakit, meminta dan menafsirkan tes diagnostik, serta meresepkan obat."
29-1181.00,Audiologists,Audiolog,Menilai dan menangani orang dengan gangguan pendengaran dan gangguan terkait. Dapat memasangkan alat bantu dengar dan memberi latihan pendengaran.
29-1211.00,Anesthesiologists,Dokter Spesialis Anestesi,"Memberikan obat bius dan pereda nyeri untuk mengendalikan nyeri sebelum, selama, atau sesudah operasi."
29-1213.00,Dermatologists,Dokter Spesialis Kulit,"Mendiagnosis dan mengobati penyakit kulit, rambut, dan kuku. Dapat melakukan tindakan medis maupun bedah kulit."
29-1214.00,Emergency Medicine Physicians,Dokter Kedaruratan Medik,"Mengambil keputusan medis segera dan bertindak untuk mencegah kematian atau kecacatan lebih lanjut. Segera mengenali, menilai, merawat, dan menstabilkan pasien. Dapat mengarahkan staf medis di instalasi gawat darurat."
29-1215.00,Family Medicine Physicians,Dokter Keluarga,"Mendiagnosis, mengobati, dan memberi perawatan pencegahan kepada perorangan dan keluarga di segala usia. Dapat merujuk pasien ke dokter spesialis bila perlu."
29-1216.00,General Internal Medicine Physicians,Dokter Spesialis Penyakit Dalam,Mendiagnosis dan memberi pengobatan tanpa operasi untuk berbagai penyakit dan cedera organ dalam. Terutama merawat orang dewasa dan remaja di layanan rawat jalan.
29-1217.00,Neurologists,Dokter Spesialis Saraf,"Mendiagnosis, mengelola, dan mengobati gangguan dan penyakit otak, sumsum tulang belakang, dan saraf tepi, terutama tanpa operasi."
29-1218.00,Obstetricians and Gynecologists,Dokter Spesialis Kebidanan dan Kandungan,"Memberi layanan medis terkait kehamilan atau persalinan. Mendiagnosis, mengobati, dan membantu mencegah penyakit perempuan, terutama pada sistem reproduksi. Dapat melakukan tindakan medis maupun bedah."
29-1221.00,"Pediatricians, General",Dokter Spesialis Anak,"Mendiagnosis, mengobati, dan membantu mencegah penyakit dan cedera pada anak. Dapat merujuk pasien ke dokter spesialis bila perlu."
29-1222.00,"Physicians, Pathologists",Dokter Spesialis Patologi,"Mendiagnosis penyakit dan melakukan uji laboratorium atas organ, jaringan, dan cairan tubuh. Termasuk dokter forensik."
29-1223.00,Psychiatrists,Dokter Spesialis Kedokteran Jiwa,"Mendiagnosis, mengobati, dan membantu mencegah gangguan jiwa."
29-1224.00,Radiologists,Dokter Spesialis Radiologi,"Mendiagnosis dan mengobati penyakit dan cedera dengan teknik pencitraan medis, seperti sinar-X, MRI, kedokteran nuklir, dan ultrasonografi. Dapat melakukan tindakan medis invasif minimal."
29-1229.01,Allergists and Immunologists,Dokter Spesialis Alergi dan Imunologi,"Mendiagnosis, mengobati, dan membantu mencegah penyakit alergi dan gangguan sistem kekebalan tubuh."
29-1229.02,Hospitalists,Dokter Rawat Inap Rumah Sakit,"Merawat pasien rawat inap, terutama di bangsal, unit perawatan akut, unit perawatan intensif, pusat rehabilitasi, atau instalasi gawat darurat. Mengelola dan mengoordinasikan perawatan pasien sepanjang pengobatan."
29-1229.03,Urologists,Dokter Spesialis Urologi,"Mendiagnosis, mengobati, dan membantu mencegah gangguan jinak maupun ganas pada saluran kemih dan sistem reproduksi, baik secara medis maupun bedah."
29-1229.04,Physical Medicine and Rehabilitation Physicians,Dokter Spesialis Kedokteran Fisik dan Rehabilitasi,"Mendiagnosis dan mengobati gangguan yang membutuhkan fisioterapi untuk rehabilitasi fisik, mental, dan pekerjaan."
29-1229.05,Preventive Medicine Physicians,Dokter Kedokteran Pencegahan,"Menerapkan pengetahuan kedokteran pencegahan dan kesehatan masyarakat untuk memajukan layanan kesehatan bagi kelompok atau perorangan, serta membantu mencegah atau mengurangi risiko penyakit, cedera, disabilitas, atau kematian."
29-1229.06,Sports Medicine Physicians,Dokter Spesialis Kedokteran Olahraga,"Mendiagnosis, mengobati, dan membantu mencegah cedera yang terjadi saat pertandingan, latihan olahraga, dan kegiatan fisik."
29-1241.00,"Ophthalmologists, Except Pediatric",Dokter Spesialis Mata,Mendiagnosis dan melakukan operasi untuk mengobati dan membantu mencegah gangguan dan penyakit mata. Dapat juga memberi layanan penglihatan seperti kacamata dan lensa kontak.
29-1291.00,Acupuncturists,Akupunkturis,"Mendiagnosis, mengobati, dan mencegah gangguan dengan merangsang titik akupunktur tertentu di tubuh memakai jarum. Dapat juga memakai bekam, suplemen gizi, pijat terapi, akupresur, dan terapi alternatif lain."
29-1292.00,Dental Hygienists,Terapis Kebersihan Gigi,Memberi perawatan kebersihan mulut kepada pasien. Menilai masalah kebersihan mulut pasien dan mengelola catatan kesehatan. Memberi saran tentang menjaga kesehatan mulut dan mencegah penyakit. Dapat memberi perawatan fluorida atau bius oles.
29-1299.01,Naturopathic Physicians,Dokter Naturopati,"Mendiagnosis, mengobati, dan membantu mencegah penyakit dengan praktik yang bertumpu pada kemampuan penyembuhan alami tubuh. Dapat memakai metode fisiologis, psikologis, atau mekanis, serta obat alami, makanan, herbal, atau ramuan lain."
29-1299.02,Orthoptists,Ortoptis,"Mendiagnosis dan menangani gangguan sistem penglihatan, seperti gangguan penglihatan dua mata dan gerak bola mata."
29-2011.00,Medical and Clinical Laboratory Technologists,Teknolog Laboratorium Medis dan Klinis,"Melakukan uji laboratorium medis yang kompleks untuk diagnosis, pengobatan, dan pencegahan penyakit. Dapat melatih atau mengawasi staf."
29-2011.01,Cytogenetic Technologists,Teknolog Sitogenetika,"Menganalisis kromosom atau bagian kromosom dalam spesimen biologis, seperti cairan ketuban, sumsum tulang, tumor, dan darah, untuk membantu kajian, diagnosis, atau pengobatan penyakit genetik bawaan maupun dapatan."
29-2011.02,Cytotechnologists,Teknolog Sitologi,"Mewarnai, memasang, dan memeriksa sel untuk menemukan tanda kanker, kelainan hormon, dan kondisi penyakit lain sesuai standar dan praktik yang berlaku."
29-2011.04,Histotechnologists,Teknolog Histologi,Menerapkan pengetahuan tentang kesehatan dan penyebab penyakit untuk mengevaluasi teknik dan prosedur laboratorium baru dalam memeriksa sampel jaringan. Menyiapkan sediaan jaringan untuk pemeriksaan mikroskop dan diagnosis oleh dokter patologi.
29-2012.00,Medical and Clinical Laboratory Technicians,Teknisi Laboratorium Medis dan Klinis,"Melakukan uji laboratorium medis rutin untuk diagnosis, pengobatan, dan pencegahan penyakit. Dapat bekerja di bawah pengawasan teknolog medis."
29-2012.01,Histology Technicians,Teknisi Histologi,Menyiapkan sediaan jaringan untuk pemeriksaan mikroskop dan diagnosis oleh dokter patologi. Dapat membantu penelitian.
29-2031.00,Cardiovascular Technologists and Technicians,Teknolog dan Teknisi Kardiovaskular,"Melakukan tes pada sistem paru atau jantung dan pembuluh darah pasien untuk keperluan diagnosis, terapi, atau penelitian. Dapat melakukan atau membantu elektrokardiogram, kateterisasi jantung, tes fungsi paru, dan tes sejenis."
29-2032.00,Diagnostic Medical Sonographers,Sonografer Diagnostik Medis,Menghasilkan rekaman ultrasonik organ dalam untuk dipakai dokter. Termasuk teknolog pembuluh darah.
29-2033.00,Nuclear Medicine Technologists,Teknolog Kedokteran Nuklir,"Menyiapkan, memberikan, dan mengukur isotop radioaktif dalam kajian terapi, diagnostik, dan pelacak dengan berbagai peralatan radioisotop. Menyiapkan larutan bahan radioaktif dan menghitung dosis yang akan diberikan."
29-2034.00,Radiologic Technologists and Technicians,Radiografer,Mengambil foto rontgen dan CT scan atau memasukkan bahan nonradioaktif ke aliran darah pasien untuk keperluan diagnosis atau penelitian.
29-2035.00,Magnetic Resonance Imaging Technologists,Teknolog Pencitraan Resonansi Magnetik (MRI),"Mengoperasikan pemindai MRI. Memantau keselamatan dan kenyamanan pasien serta melihat gambar area yang dipindai untuk memastikan mutunya. Dapat mewawancarai pasien, menjelaskan prosedur MRI, dan memosisikan pasien di meja periksa."
29-2036.00,Medical Dosimetrists,Dosimetris Medis,"Menyusun rencana terapi radiasi, menghitung dosis radiasi, menyampaikan dan mengawasi pelaksanaan rencana itu, serta berkonsultasi dengan tim onkologi radiasi."
29-2043.00,Paramedics,Paramedis,"Memberi pertolongan medis darurat dasar atau lanjutan serta menilai cedera dan penyakit. Dapat memberikan obat lewat infus, memakai peralatan seperti EKG, atau memberi bantuan hidup lanjut kepada orang sakit atau cedera."
29-2051.00,Dietetic Technicians,Teknisi Gizi,"Membantu penyelenggaraan layanan makanan dan program gizi di bawah pengawasan ahli gizi. Dapat merencanakan dan membuat hidangan sesuai pedoman, mengajarkan prinsip makanan dan gizi, atau memberi konseling."
29-2052.00,Pharmacy Technicians,Teknisi Farmasi,"Menyiapkan obat di bawah arahan apoteker. Dapat menakar, mencampur, menghitung, memberi label, dan mencatat jumlah serta dosis obat sesuai resep."
29-2053.00,Psychiatric Technicians,Teknisi Psikiatri,"Merawat orang dengan gangguan atau disabilitas mental maupun emosi, mengikuti petunjuk dokter atau tenaga kesehatan lain. Memantau keadaan fisik dan emosi pasien dan melaporkannya kepada staf medis. Dapat ikut dalam program rehabilitasi, membantu kebersihan diri pasien, dan memberikan obat."
29-2055.00,Surgical Technologists,Teknolog Bedah,"Membantu jalannya operasi di bawah pengawasan dokter bedah, perawat, atau petugas bedah lain. Dapat menyiapkan ruang operasi, menyiapkan dan mengantar pasien, menyetel lampu dan peralatan, menyerahkan instrumen kepada dokter bedah, serta membantu menghitung kasa, jarum, dan instrumen."
29-2056.00,Veterinary Technologists and Technicians,Teknolog dan Teknisi Kedokteran Hewan,"Melakukan tes medis di laboratorium untuk pengobatan dan diagnosis penyakit hewan. Menyiapkan vaksin dan serum, menyiapkan sampel jaringan, mengambil darah, dan melakukan uji seperti tes urine dan hitung darah. Membersihkan dan mensterilkan instrumen. Dapat membantu dokter hewan saat operasi."
29-2057.00,Ophthalmic Medical Technicians,Teknisi Medis Mata,"Membantu dokter mata dengan mengerjakan tugas klinis mata. Dapat melakukan pemeriksaan mata, memberikan obat mata, dan mengajari pasien merawat dan memakai lensa koreksi."
29-2061.00,Licensed Practical and Licensed Vocational Nurses,Perawat Vokasi,"Merawat pasien yang sakit, cedera, atau dalam pemulihan serta penyandang disabilitas di rumah sakit, panti werdha, klinik, rumah pribadi, dan lembaga sejenis. Dapat bekerja di bawah pengawasan perawat terdaftar."
29-2072.00,Medical Records Specialists,Spesialis Rekam Medis,"Menghimpun, memproses, dan mengelola rekam medis pasien rumah sakit dan klinik sesuai persyaratan medis, administrasi, etika, hukum, dan peraturan. Mengelompokkan konsep medis, termasuk diagnosis, tindakan, layanan, dan peralatan, ke dalam sistem kode angka. Termasuk petugas koding medis."
29-2081.00,"Opticians, Dispensing",Optisien,"Merancang, mengukur, memasang, dan menyesuaikan lensa dan bingkai kacamata untuk klien sesuai resep. Membantu klien memilih bingkai serta memasang, melepas, dan merawat lensa kontak. Menyiapkan perintah kerja untuk laboratorium optik dan memeriksa ketepatan kacamata yang sudah jadi."
29-2091.00,Orthotists and Prosthetists,Ortotis dan Prostetis,"Merancang, mengukur, memasang, dan menyesuaikan penyangga ortopedi, alat bantu, atau prostesis seperti anggota gerak tiruan bagi pasien dengan kondisi yang membatasi gerak."
29-2092.00,Hearing Aid Specialists,Spesialis Alat Bantu Dengar,Memilih dan memasangkan alat bantu dengar untuk pelanggan. Melakukan dan menafsirkan tes pendengaran. Menilai kinerja alat bantu dengar. Membuat cetakan telinga.
29-2099.01,Neurodiagnostic Technologists,Teknolog Neurodiagnostik,"Melakukan tes elektroneurodiagnostik seperti elektroensefalogram (EEG), pemeriksaan tidur, dan tes sejenis. Dapat melakukan pemeriksaan hantaran saraf."
29-2099.05,Ophthalmic Medical Technologists,Teknolog Medis Mata,Membantu dokter mata dengan mengerjakan tugas klinis mata dan fotografi mata. Memberi arahan dan pengawasan kepada petugas mata lain. Membantu tindakan bedah kecil dengan teknik aseptik dan menyiapkan instrumen.
29-2099.08,Patient Representatives,Perwakilan Pasien,"Membantu pasien memperoleh layanan, memahami kebijakan, dan mengambil keputusan tentang perawatan kesehatan."
29-9091.00,Athletic Trainers,Pelatih Kebugaran Atlet (Athletic Trainer),"Menilai dan menangani cedera atau penyakit otot dan rangka. Memberi perawatan pencegahan, terapi, darurat, dan rehabilitasi."
29-9092.00,Genetic Counselors,Konselor Genetik,"Menilai risiko perorangan atau keluarga terhadap berbagai kondisi turunan, seperti kelainan genetik dan cacat lahir. Memberi informasi kepada tenaga kesehatan lain atau kepada orang dan keluarga yang khawatir akan risiko itu. Memberi saran untuk mendukung pengambilan keputusan dan cara menghadapinya."
29-9093.00,Surgical Assistants,Asisten Bedah,"Membantu jalannya operasi di bawah pengawasan dokter bedah. Sesuai ketentuan hukum, dapat membantu dokter bedah membuat sayatan dan menutup luka operasi, menangani jaringan, memasang alat bedah, dan membalut luka."
29-9099.01,Midwives,Bidan,Memberi perawatan selama kehamilan dan membantu persalinan.
31-1121.00,Home Health Aides,Pendamping Kesehatan di Rumah,"Memantau keadaan kesehatan orang dengan disabilitas atau penyakit dan memenuhi kebutuhan kesehatannya, seperti mengganti perban, merawat luka, atau memberikan obat, di bawah arahan perawat. Membantu kegiatan sehari-hari seperti makan, mandi, dan berjalan. Dapat juga menyiapkan makanan, membersihkan rumah, dan mencuci pakaian."
31-1122.00,Personal Care Aides,Pendamping Perawatan Pribadi,"Memberi bantuan pribadi kepada orang dengan disabilitas atau penyakit yang butuh pertolongan untuk merawat diri dan menjalani kegiatan sehari-hari, seperti makan, mandi, berpakaian, dan berjalan. Dapat juga menyiapkan makanan, membersihkan rumah, dan mencuci pakaian."
31-1131.00,Nursing Assistants,Asisten Perawat,"Memberi atau membantu perawatan dasar di bawah arahan perawat. Mengerjakan tugas seperti memantau keadaan kesehatan, menyuapi, memandikan, memakaikan baju, dan membantu pasien berjalan di fasilitas kesehatan atau panti. Dapat mencakup pemberian obat."
31-1132.00,Orderlies,Pekarya Rumah Sakit,"Mengantar pasien ke ruang seperti kamar operasi atau ruang rontgen dengan kursi roda, tandu, atau ranjang dorong. Dapat menjaga persediaan perlengkapan atau membersihkan dan mengangkut peralatan."
31-1133.00,Psychiatric Aides,Pendamping Pasien Psikiatri,"Membantu pasien dengan gangguan mental atau emosi di bawah arahan staf perawat dan medis. Dapat membantu kegiatan sehari-hari, memimpin kegiatan edukasi dan rekreasi pasien, atau mendampingi pasien ke pemeriksaan dan perawatan."
31-2011.00,Occupational Therapy Assistants,Asisten Terapis Okupasi,"Membantu terapis okupasi memberikan terapi dan tindakan terapi okupasi. Sesuai ketentuan hukum, dapat membantu menyusun rencana terapi, menjalankan tugas rutin, mengarahkan program kegiatan, dan mencatat kemajuan terapi. Umumnya membutuhkan pelatihan formal."
31-2012.00,Occupational Therapy Aides,Pembantu Terapi Okupasi,"Di bawah pengawasan ketat terapis okupasi atau asistennya, mengerjakan tugas tertentu yang dilimpahkan atau bersifat rutin, termasuk menyiapkan pasien dan ruang terapi."
31-2021.00,Physical Therapist Assistants,Asisten Fisioterapis,"Membantu fisioterapis memberikan terapi dan tindakan fisioterapi. Sesuai ketentuan hukum, dapat membantu menyusun rencana terapi, menjalankan tugas rutin, mencatat kemajuan, dan menyesuaikan terapi dengan keadaan pasien. Umumnya membutuhkan pelatihan formal."
31-2022.00,Physical Therapist Aides,Pembantu Fisioterapi,"Di bawah pengawasan ketat fisioterapis atau asistennya, mengerjakan tugas tertentu yang dilimpahkan atau bersifat rutin, termasuk menyiapkan pasien dan area terapi."
31-9011.00,Massage Therapists,Terapis Pijat,"Memberikan pijat terapi pada jaringan lunak dan sendi. Dapat membantu menilai rentang gerak dan kekuatan otot, atau mengusulkan rencana terapi klien."
31-9091.00,Dental Assistants,Asisten Dokter Gigi,"Mengerjakan tugas klinis terbatas di bawah arahan dokter gigi, seperti menyiapkan dan mensterilkan peralatan, menyiapkan pasien, membantu dokter gigi selama tindakan, dan memberi petunjuk perawatan mulut. Dapat mengerjakan tugas administrasi seperti menjadwalkan janji temu, mengelola rekam medis, dan penagihan."
31-9092.00,Medical Assistants,Asisten Medis,"Mengerjakan tugas administrasi dan tugas klinis tertentu di bawah arahan dokter. Tugas administrasi dapat mencakup menjadwalkan janji temu, mengelola rekam medis, dan penagihan. Tugas klinis dapat mencakup mengukur tanda vital, mencatat riwayat kesehatan, menyiapkan pasien, mengambil darah, dan memberikan obat sesuai arahan dokter."
31-9093.00,Medical Equipment Preparers,Penyiap Peralatan Medis,"Menyiapkan, mensterilkan, memasang, atau membersihkan peralatan laboratorium atau peralatan kesehatan. Dapat mengerjakan tugas laboratorium rutin dan mengoperasikan atau memeriksa peralatan."
31-9094.00,Medical Transcriptionists,Transkripsionis Medis,"Menyalin laporan medis yang direkam dokter dan tenaga kesehatan lain, mencakup kunjungan, pemeriksaan pencitraan, operasi, dan ringkasan akhir. Mengubah singkatan menjadi bentuk yang mudah dipahami, menyunting bila perlu, dan menyerahkan laporan untuk ditelaah dan ditandatangani."
31-9095.00,Pharmacy Aides,Pembantu Apotek,"Mencatat obat yang dikirim ke apotek, menyimpan barang masuk, dan memberi tahu penyelia tentang kebutuhan stok. Dapat mengoperasikan mesin kasir dan menerima resep."
31-9096.00,Veterinary Assistants and Laboratory Animal Caretakers,Asisten Dokter Hewan dan Perawat Hewan Laboratorium,"Memberi makan dan minum serta memeriksa hewan peliharaan dan hewan nonternak lain untuk melihat tanda penyakit atau cedera di laboratorium, rumah sakit, dan klinik hewan. Membersihkan kandang dan area kerja serta mensterilkan peralatan. Dapat memberi perawatan rutin setelah operasi atau memberikan obat di bawah pengawasan."
31-9097.00,Phlebotomists,Flebotomis (Petugas Pengambil Darah),"Mengambil darah untuk tes, transfusi, donor, atau penelitian. Dapat menjelaskan prosedur kepada pasien dan membantu pasien yang mengalami reaksi buruk."
31-9099.01,Speech-Language Pathology Assistants,Asisten Terapis Wicara dan Bahasa,"Membantu terapis wicara dalam menilai dan menangani gangguan bicara, bahasa, suara, dan kelancaran berbicara. Menjalankan program atau kegiatan wicara sesuai rencana dan arahan terapis."
31-9099.02,Endoscopy Technicians,Teknisi Endoskopi,Menjaga area tetap steril untuk mendukung dokter dan perawat selama tindakan endoskopi. Menyiapkan dan merawat instrumen dan peralatan. Dapat mengambil spesimen.
33-1011.00,First-Line Supervisors of Correctional Officers,Penyelia Petugas Pemasyarakatan,Mengawasi langsung dan mengoordinasikan kegiatan petugas pemasyarakatan.
33-1012.00,First-Line Supervisors of Police and Detectives,Penyelia Polisi dan Detektif,Mengawasi langsung dan mengoordinasikan kegiatan anggota kepolisian.
33-1021.00,First-Line Supervisors of Firefighting and Prevention Workers,Penyelia Petugas Pemadam dan Pencegahan Kebakaran,Mengawasi langsung dan mengoordinasikan kegiatan petugas pemadaman serta pencegahan dan pengendalian kebakaran.
33-1091.00,First-Line Supervisors of Security Workers,Penyelia Petugas Keamanan,Mengawasi langsung dan mengoordinasikan kegiatan petugas keamanan dan satpam.
33-2011.00,Firefighters,Pemadam Kebakaran,"Mengendalikan dan memadamkan kebakaran atau menanggapi keadaan darurat yang mengancam jiwa, harta, atau lingkungan. Tugasnya dapat mencakup pencegahan kebakaran, layanan medis darurat, penanganan bahan berbahaya, pencarian dan penyelamatan, serta bantuan bencana."
33-2021.00,Fire Inspectors and Investigators,Pemeriksa dan Penyelidik Kebakaran,"Memeriksa bangunan untuk menemukan bahaya kebakaran dan menegakkan peraturan, atau menyelidiki dan mengumpulkan fakta untuk menentukan penyebab kebakaran dan ledakan."
33-2022.00,Forest Fire Inspectors and Prevention Specialists,Pemeriksa dan Spesialis Pencegahan Kebakaran Hutan,"Menegakkan peraturan kebakaran, memeriksa hutan untuk menemukan bahaya kebakaran, dan merekomendasikan langkah pencegahan atau pengendalian kebakaran hutan. Dapat melaporkan kebakaran hutan dan kondisi cuaca."
33-3011.00,Bailiffs,Petugas Keamanan Ruang Sidang,Menjaga ketertiban di ruang sidang pengadilan.
33-3012.00,Correctional Officers and Jailers,Petugas Pemasyarakatan,"Menjaga narapidana di lembaga pemasyarakatan atau rehabilitasi sesuai peraturan dan prosedur. Dapat mengawal tahanan dalam perjalanan antara rumah tahanan, ruang sidang, penjara, atau tempat lain."
33-3021.00,Detectives and Criminal Investigators,Detektif dan Penyidik Kriminal,Melakukan penyidikan atas dugaan pelanggaran hukum untuk mencegah atau mengungkap kejahatan.
33-3021.02,Police Identification and Records Officers,Petugas Identifikasi dan Catatan Kepolisian,"Mengumpulkan bukti di tempat kejadian perkara, mengelompokkan dan mengenali sidik jari, serta memotret bukti untuk dipakai dalam perkara pidana dan perdata."
33-3021.06,Intelligence Analysts,Analis Intelijen,"Mengumpulkan, menganalisis, atau menilai informasi dari berbagai sumber, seperti basis data penegak hukum, pengintaian, jaringan intelijen, atau sistem informasi geografis. Memakai data intelijen untuk mengantisipasi dan mencegah kejahatan terorganisasi, seperti terorisme."
33-3031.00,Fish and Game Wardens,Polisi Kehutanan dan Pengawas Perburuan,Berpatroli di wilayah tugas untuk mencegah pelanggaran peraturan perikanan dan perburuan. Menyelidiki laporan kerusakan tanaman atau harta benda akibat satwa liar. Menghimpun data biologis.
33-3041.00,Parking Enforcement Workers,Petugas Penertiban Parkir,"Berpatroli di wilayah tugas, seperti tempat parkir umum atau jalan kota, untuk menilang kendaraan yang parkir melebihi waktu atau parkir liar."
33-3051.00,Police and Sheriff's Patrol Officers,Polisi Patroli,"Menjaga ketertiban serta melindungi jiwa dan harta dengan menegakkan hukum dan peraturan. Mengerjakan gabungan tugas berikut: berpatroli di wilayah tertentu, mengatur lalu lintas, menilang, menyelidiki kecelakaan, menangkap tersangka, atau menjalankan perintah pengadilan."
33-3051.04,Customs and Border Protection Officers,Petugas Bea Cukai dan Perlindungan Perbatasan,"Menyelidiki dan memeriksa orang, angkutan, dan barang yang masuk atau keluar negara untuk menemukan pelanggaran hukum dan peraturan imigrasi serta kepabeanan."
33-3052.00,Transit and Railroad Police,Polisi Angkutan Umum dan Kereta Api,"Melindungi dan menjaga keamanan aset, karyawan, atau penumpang kereta api dan angkutan umum."
33-9011.00,Animal Control Workers,Petugas Pengendalian Hewan,"Menangani hewan dalam rangka penyelidikan penganiayaan hewan, atau mengendalikan hewan terlantar, berbahaya, atau tanpa pengawasan."
33-9021.00,Private Detectives and Investigators,Detektif dan Penyelidik Swasta,"Mengumpulkan, menganalisis, menghimpun, dan melaporkan informasi tentang perorangan atau organisasi kepada klien, atau mendeteksi perbuatan melanggar hukum atau pelanggaran aturan di tempat usaha swasta."
33-9031.00,Gambling Surveillance Officers and Gambling Investigators,Petugas Pengawasan dan Penyelidik Perjudian,Mengamati operasi perjudian untuk menemukan kejanggalan seperti kecurangan atau pencurian oleh karyawan atau pengunjung. Menyelidiki kemungkinan ancaman terhadap aset perjudian. Menjadi petugas pengawas dan keamanan bagi manajemen dan pelanggan.
33-9032.00,Security Guards,Satpam,"Menjaga, berpatroli, atau memantau suatu tempat untuk mencegah pencurian, kekerasan, atau pelanggaran aturan. Dapat mengoperasikan peralatan sinar-X dan detektor logam."
33-9091.00,Crossing Guards and Flaggers,Penjaga Penyeberangan dan Pengatur Lalu Lintas Proyek,"Memandu atau mengatur lalu lintas kendaraan atau pejalan kaki di tempat seperti jalan, sekolah, perlintasan kereta api, atau lokasi konstruksi."
33-9092.00,"Lifeguards, Ski Patrol, and Other Recreational Protective Service Workers","Penjaga Pantai, Patroli Ski, dan Petugas Keselamatan Rekreasi","Memantau tempat rekreasi, seperti kolam renang, pantai, atau lereng ski, untuk memberi bantuan dan perlindungan kepada pengunjung."
33-9093.00,Transportation Security Screeners,Petugas Pemeriksa Keamanan Transportasi,"Memeriksa penumpang, bagasi, atau kargo agar mematuhi peraturan keamanan transportasi. Dapat mengoperasikan peralatan keamanan dasar seperti mesin sinar-X dan detektor genggam di pos pemeriksaan."
33-9094.00,School Bus Monitors,Pengawas Bus Sekolah,Menjaga ketertiban siswa di dalam bus sekolah. Tugasnya mencakup membantu siswa naik dan turun dengan aman serta melaporkan masalah perilaku. Dapat membantu evakuasi darurat.
33-9099.02,Retail Loss Prevention Specialists,Spesialis Pencegahan Kerugian Ritel,Menjalankan prosedur dan sistem untuk mencegah hilangnya barang dagangan. Melakukan audit dan penyelidikan atas kegiatan karyawan. Dapat membantu menyusun kebijakan dan sistem untuk mengamankan aset.
35-1011.00,Chefs and Head Cooks,Koki Kepala,"Mengarahkan, dan dapat ikut dalam, penyiapan, pembumbuan, dan pemasakan salad, sup, ikan, daging, sayur, hidangan penutup, atau makanan lain. Dapat merencanakan dan menentukan harga menu, memesan perlengkapan, serta mengelola catatan dan pembukuan."
35-1012.00,First-Line Supervisors of Food Preparation and Serving Workers,Penyelia Pekerja Penyiapan dan Penyajian Makanan,Mengawasi langsung dan mengoordinasikan kegiatan pekerja yang menyiapkan dan menyajikan makanan.
35-2011.00,"Cooks, Fast Food",Juru Masak Makanan Cepat Saji,Menyiapkan dan memasak makanan di restoran cepat saji dengan menu terbatas. Tugasnya terbatas pada beberapa hidangan dasar dan biasanya melibatkan alat masak khusus berkapasitas besar.
35-2012.00,"Cooks, Institution and Cafeteria",Juru Masak Institusi dan Kantin,"Menyiapkan dan memasak makanan dalam jumlah besar untuk lembaga seperti sekolah, rumah sakit, atau kantin."
35-2013.00,"Cooks, Private Household",Juru Masak Rumah Tangga,Menyiapkan hidangan di rumah pribadi. Termasuk koki pribadi.
35-2014.00,"Cooks, Restaurant",Juru Masak Restoran,"Menyiapkan, membumbui, dan memasak hidangan seperti sup, daging, sayur, atau hidangan penutup di restoran. Dapat memesan perlengkapan, mengelola catatan, menentukan harga, atau merencanakan menu."
35-2015.00,"Cooks, Short Order",Juru Masak Pesanan Cepat,Menyiapkan dan memasak sesuai pesanan berbagai makanan yang hanya butuh waktu singkat. Dapat menerima pesanan dan melayani pelanggan di konter atau meja.
35-2021.00,Food Preparation Workers,Pekerja Penyiapan Makanan,"Mengerjakan berbagai tugas penyiapan makanan selain memasak, seperti menyiapkan makanan dingin, mengiris daging, dan menyeduh kopi atau teh."
35-3011.00,Bartenders,Bartender,"Meracik dan menyajikan minuman kepada pelanggan, secara langsung atau lewat pramusaji."
35-3023.00,Fast Food and Counter Workers,Pramusaji Makanan Cepat Saji dan Konter,Mengerjakan tugas seperti menerima pesanan serta menyajikan makanan dan minuman. Melayani pelanggan di konter. Dapat menerima pembayaran dan menyiapkan makanan serta minuman.
35-3023.01,Baristas,Barista,Menyiapkan atau menyajikan kopi spesial atau minuman lain. Menyajikan makanan seperti kue atau roti lapis kepada pelanggan.
35-3031.00,Waiters and Waitresses,Pramusaji,Menerima pesanan dan menyajikan makanan serta minuman kepada pelanggan di meja rumah makan.
35-3041.00,"Food Servers, Nonrestaurant",Penyaji Makanan Non-Restoran,"Menyajikan makanan kepada orang di luar lingkungan restoran, seperti di kamar hotel, kamar rumah sakit, panti, atau mobil."
35-9011.00,Dining Room and Cafeteria Attendants and Bartender Helpers,Petugas Ruang Makan dan Kantin serta Pembantu Bartender,"Membantu kelancaran layanan makanan. Membersihkan meja, mengangkat piring kotor, mengganti taplak, menata meja, mengisi persediaan peralatan makan, serta menyajikan air, bumbu pelengkap, dan kopi kepada pelanggan."
35-9021.00,Dishwashers,Pencuci Piring,"Mencuci piring serta membersihkan dapur, peralatan penyiapan makanan, atau perkakas."
35-9031.00,"Hosts and Hostesses, Restaurant, Lounge, and Coffee Shop","Penerima Tamu Restoran, Lounge, dan Kedai Kopi","Menyambut pelanggan, mengantar mereka ke meja atau ruang tunggu, dan membantu menjaga mutu fasilitas dan layanan."
37-1011.00,First-Line Supervisors of Housekeeping and Janitorial Workers,Penyelia Petugas Tata Graha dan Kebersihan,"Mengawasi langsung dan mengoordinasikan pekerjaan petugas kebersihan di hotel, rumah sakit, kantor, dan tempat lain."
37-1012.00,"First-Line Supervisors of Landscaping, Lawn Service, and Groundskeeping Workers",Penyelia Pekerja Lanskap dan Pertamanan,"Mengawasi langsung dan mengoordinasikan kegiatan pekerja lanskap atau pertamanan. Pekerjaan dapat mencakup menelaah kontrak untuk mengetahui kebutuhan layanan, mesin, dan tenaga kerja; menjawab pertanyaan calon pelanggan; dan menyusun perkiraan biaya."
37-2011.00,"Janitors and Cleaners, Except Maids and Housekeeping Cleaners",Petugas Kebersihan Gedung,"Menjaga gedung tetap bersih dan rapi. Mengerjakan pembersihan berat, seperti membersihkan lantai, mencuci karpet, mencuci dinding dan kaca, serta membuang sampah. Dapat mengerjakan pemeliharaan rutin dan melaporkan kebutuhan perbaikan."
37-2012.00,Maids and Housekeeping Cleaners,Petugas Tata Graha,"Mengerjakan pembersihan ringan untuk menjaga rumah pribadi atau tempat usaha seperti hotel dan rumah sakit tetap bersih dan rapi. Tugasnya dapat mencakup merapikan tempat tidur, mengganti seprai, membersihkan kamar dan lorong, serta menyedot debu."
37-2021.00,Pest Control Workers,Petugas Pengendalian Hama,Menyemprotkan larutan kimia atau gas beracun dan memasang perangkap untuk membasmi hama di bangunan dan sekitarnya.
37-3011.00,Landscaping and Groundskeeping Workers,Pekerja Lanskap dan Pertamanan,"Menata atau merawat halaman properti dengan perkakas tangan atau mesin. Mengerjakan beragam tugas seperti memasang rumput, memotong rumput, memangkas, menanam, menyiram, memupuk, menggali, dan memasang penyiram."
37-3012.00,"Pesticide Handlers, Sprayers, and Applicators, Vegetation",Penyemprot Pestisida Tanaman,"Mencampur atau menyemprotkan pestisida, herbisida, fungisida, atau insektisida pada pohon, semak, halaman rumput, atau tanaman pertanian. Biasanya membutuhkan pelatihan khusus dan sertifikasi."
37-3013.00,Tree Trimmers and Pruners,Pemangkas Pohon,"Dengan teknik memanjat dan tali-temali, memotong dahan mati atau berlebih dari pohon atau semak agar tidak menghalangi jalan, trotoar, atau jaringan utilitas, atau untuk memperbaiki tampilan dan kesehatan pohon. Bekerja di ketinggian dan dapat memakai tangga hidrolik di truk."
39-1013.00,First-Line Supervisors of Gambling Services Workers,Penyelia Pekerja Layanan Perjudian,"Mengawasi langsung dan mengoordinasikan kegiatan pekerja di area perjudian yang ditugaskan. Dapat berkeliling meja, mengamati jalannya permainan, dan memastikan setiap meja terisi petugas. Dapat memeriksa dan membayarkan hadiah utama."
39-1014.00,"First-Line Supervisors of Entertainment and Recreation Workers, Except Gambling Services",Penyelia Pekerja Hiburan dan Rekreasi,Mengawasi langsung dan mengoordinasikan kegiatan pekerja hiburan dan rekreasi.
39-1022.00,First-Line Supervisors of Personal Service Workers,Penyelia Pekerja Layanan Pribadi,Mengawasi dan mengoordinasikan kegiatan pekerja layanan pribadi.
39-2011.00,Animal Trainers,Pelatih Hewan,"Melatih hewan untuk ditunggangi, menarik beban, menjaga keamanan, tampil, patuh, atau membantu penyandang disabilitas. Membiasakan hewan dengan suara dan sentuhan manusia serta melatihnya menuruti perintah."
39-2021.00,Animal Caretakers,Perawat Hewan,"Memberi makan dan minum, merawat, memandikan, melatih gerak, dan mengurus hewan peliharaan serta hewan lain yang tidak dipelihara untuk dimakan, seperti anjing, kucing, kuda pacu, ikan hias, burung, dan satwa kebun binatang. Bekerja di tempat seperti penitipan hewan, penampungan hewan, kebun binatang, dan akuarium."
39-3011.00,Gambling Dealers,Bandar Permainan Judi,"Menjalankan permainan meja di kasino. Membagikan kartu atau mengoperasikan peralatan judi lain, serta membagikan kemenangan atau mengumpulkan uang atau cip pemain."
39-3012.00,Gambling and Sports Book Writers and Runners,Petugas Pencatat Taruhan,"Memasang informasi agar pengunjung dapat bertaruh pada berbagai balapan dan ajang olahraga. Membantu jalannya permainan seperti keno dan bingo. Menerima, memeriksa, dan mencatat taruhan, serta membayarkan kemenangan."
39-3021.00,Motion Picture Projectionists,Operator Proyektor Film,Memasang dan mengoperasikan proyektor film beserta peralatan suaranya.
39-3031.00,"Ushers, Lobby Attendants, and Ticket Takers","Petugas Penerima Tamu, Lobi, dan Karcis","Membantu penonton di acara hiburan, seperti memeriksa karcis, membantu mencari tempat duduk, mencari barang hilang, dan menunjukkan letak fasilitas seperti toilet."
39-3091.00,Amusement and Recreation Attendants,Petugas Wahana Hiburan dan Rekreasi,"Mengerjakan berbagai tugas pelayanan di fasilitas hiburan atau rekreasi. Dapat menjadwalkan penggunaan fasilitas, merawat dan menyediakan peralatan bagi peserta, atau mengoperasikan wahana."
39-3092.00,Costume Attendants,Penata Kostum,"Memilih, mengepaskan, dan merawat kostum untuk para pemeran serta membantu penampil. Dapat membantu pergantian kostum selama pertunjukan."
39-3093.00,"Locker Room, Coatroom, and Dressing Room Attendants",Petugas Ruang Ganti dan Penitipan,"Menyediakan barang keperluan pribadi bagi pengunjung di ruang loker, ruang ganti, atau tempat penitipan mantel."
39-4011.00,Embalmers,Pembalsam Jenazah,Menyiapkan jenazah untuk dimakamkan sesuai ketentuan hukum.
39-4021.00,Funeral Attendants,Petugas Pemakaman,"Mengerjakan berbagai tugas selama pemakaman, seperti menempatkan peti di ruang duka sebelum upacara, menata bunga atau lampu di sekitar peti, mengarahkan pelayat, dan menutup peti."
39-4031.00,"Morticians, Undertakers, and Funeral Arrangers",Pengurus Pemakaman,"Mengerjakan berbagai tugas untuk mengatur dan memimpin upacara pemakaman, seperti mengoordinasikan pengangkutan jenazah, berbicara dengan keluarga untuk mengatur rinciannya, memilih pengusung peti, dan menyediakan angkutan bagi pelayat."
39-5011.00,Barbers,Tukang Cukur,"Memberi layanan pangkas rambut, seperti memotong, merapikan, mencuci, dan menata rambut; merapikan janggut; atau mencukur."
39-5012.00,"Hairdressers, Hairstylists, and Cosmetologists",Penata Rambut dan Ahli Tata Rias Rambut,"Memberi layanan kecantikan, seperti memotong, mewarnai, dan menata rambut, serta memijat dan merawat kulit kepala. Dapat mencuci rambut, merias wajah, menata wig, menghilangkan bulu, dan merawat kuku serta kulit."
39-5091.00,"Makeup Artists, Theatrical and Performance",Penata Rias Panggung dan Pertunjukan,"Merias para penampil sesuai zaman, latar, dan situasi peran mereka."
39-5092.00,Manicurists and Pedicurists,Terapis Kuku (Manikur dan Pedikur),Membersihkan dan membentuk kuku tangan dan kaki pelanggan. Dapat mengecat atau menghias kuku.
39-5093.00,Shampooers,Petugas Cuci Rambut,Mencuci dan membilas rambut pelanggan.
39-5094.00,Skincare Specialists,Spesialis Perawatan Kulit,Memberi perawatan kulit wajah dan tubuh untuk mempercantik penampilan. Termasuk spesialis penghilang bulu dengan listrik atau laser.
39-6011.00,Baggage Porters and Bellhops,Porter dan Bellboy,Membawakan bagasi pelancong di terminal angkutan atau tamu di hotel dan tempat sejenis.
39-6012.00,Concierges,Petugas Concierge,"Membantu tamu hotel, apartemen, atau gedung perkantoran dengan layanan pribadi. Dapat menerima pesan; mengatur atau memberi saran tentang transportasi, layanan bisnis, atau hiburan; atau memantau permintaan tamu."
39-7011.00,Tour Guides and Escorts,Pemandu Wisata,"Mendampingi perorangan atau kelompok dalam tur wisata atau kunjungan ke tempat menarik, seperti pabrik, gedung publik, dan galeri seni."
39-7012.00,Travel Guides,Pemimpin Perjalanan Wisata,"Merencanakan, mengatur, dan memimpin perjalanan jarak jauh, tur, dan ekspedisi untuk perorangan dan kelompok."
39-9011.00,Childcare Workers,Pengasuh Anak di Penitipan,"Mengasuh anak di sekolah, tempat usaha, rumah pribadi, dan lembaga penitipan anak. Mengerjakan berbagai tugas, seperti memakaikan baju, memberi makan, memandikan, dan mengawasi anak bermain."
39-9011.01,Nannies,Pengasuh Anak (Nanny),"Mengasuh anak di rumah pribadi serta mendukung orang tua dalam memenuhi kebutuhan fisik, emosi, intelektual, dan sosial anak. Tugasnya dapat mencakup menyiapkan makanan, mengurus pakaian, mengatur kegiatan bermain dan jalan-jalan, mendisiplinkan, dan mengantar anak."
39-9031.00,Exercise Trainers and Group Fitness Instructors,Pelatih Kebugaran dan Instruktur Senam,"Melatih kelompok atau perorangan dalam kegiatan olahraga dengan tujuan utama kebugaran pribadi. Memperagakan teknik dan sikap tubuh, mengamati peserta, dan menjelaskan perbaikan yang diperlukan. Menyusun dan menjalankan program latihan yang disesuaikan dengan tiap orang."
39-9032.00,Recreation Workers,Petugas Rekreasi,"Menyelenggarakan kegiatan rekreasi untuk kelompok di lembaga publik, swasta, atau relawan maupun di fasilitas rekreasi. Mengatur dan mempromosikan kegiatan seperti seni dan kerajinan, olahraga, permainan, musik, drama, berkemah, dan hobi, dengan memperhatikan kebutuhan dan minat anggota."
39-9041.00,Residential Advisors,Pembina Asrama,"Mengoordinasikan kegiatan di asrama sekolah menengah dan perguruan tinggi, rumah singgah, atau tempat sejenis. Memesan perlengkapan dan menentukan kebutuhan pemeliharaan, perbaikan, dan perabot. Dapat mengelola catatan dan membagi kamar, serta membantu penghuni memecahkan masalah atau merujuk mereka ke layanan konseling."
41-1011.00,First-Line Supervisors of Retail Sales Workers,Penyelia Pramuniaga Ritel,"Mengawasi langsung dan mengoordinasikan kegiatan pramuniaga di suatu toko atau bagian. Tugasnya dapat mencakup fungsi manajemen, seperti pembelian, penganggaran, akuntansi, dan kepegawaian."
41-1012.00,First-Line Supervisors of Non-Retail Sales Workers,Penyelia Tenaga Penjualan Non-Ritel,"Mengawasi langsung dan mengoordinasikan kegiatan tenaga penjualan selain pramuniaga ritel. Dapat mengerjakan tugas seperti penganggaran, akuntansi, dan kepegawaian."
41-2011.00,Cashiers,Kasir,"Menerima dan membayarkan uang di tempat usaha selain lembaga keuangan. Dapat memakai pemindai elektronik, mesin kasir, atau peralatan sejenis, serta memproses transaksi kartu kredit atau debit."
41-2012.00,Gambling Change Persons and Booth Cashiers,Petugas Penukaran Uang dan Kasir Loket Perjudian,"Menukarkan uang pengunjung dengan koin, token, dan cip. Dapat membayarkan kemenangan dan meminta tanda tangan pelanggan pada tanda terima, serta menghitung dan memeriksa uang di laci."
41-2021.00,Counter and Rental Clerks,Petugas Konter dan Penyewaan,"Menerima pesanan, umumnya secara langsung, untuk perbaikan, penyewaan, dan jasa. Dapat menjelaskan pilihan yang tersedia, menghitung biaya, dan menerima pembayaran."
41-2022.00,Parts Salespersons,Penjual Suku Cadang,Menjual suku cadang dan peralatan pengganti di bengkel atau toko suku cadang.
41-2031.00,Retail Salespersons,Pramuniaga Ritel,"Menjual barang dagangan, seperti mebel, kendaraan bermotor, peralatan rumah tangga, atau pakaian, kepada konsumen."
41-3011.00,Advertising Sales Agents,Agen Penjualan Iklan,"Menjual atau menawarkan ruang, waktu, atau media iklan di terbitan, papan reklame, televisi, radio, internet, atau ruang publik."
41-3021.00,Insurance Sales Agents,Agen Penjualan Asuransi,"Menjual asuransi jiwa, properti, kecelakaan, kesehatan, kendaraan, atau jenis lain. Dapat merujuk klien ke broker independen, bekerja sebagai broker independen, atau bekerja untuk perusahaan asuransi."
41-3031.00,"Securities, Commodities, and Financial Services Sales Agents","Agen Penjualan Sekuritas, Komoditas, dan Jasa Keuangan","Membeli dan menjual sekuritas atau komoditas di perusahaan investasi dan perdagangan, atau memberi layanan keuangan kepada badan usaha dan perorangan. Dapat memberi saran kepada nasabah tentang saham, obligasi, reksa dana, komoditas, dan kondisi pasar."
41-3041.00,Travel Agents,Agen Perjalanan,"Merencanakan dan menjual transportasi dan akomodasi untuk pelanggan. Menentukan tujuan, moda angkutan, tanggal perjalanan, biaya, dan akomodasi yang dibutuhkan. Dapat juga menyusun rencana perjalanan, menjual paket wisata, dan membantu menyelesaikan masalah perjalanan klien."
41-3091.00,"Sales Representatives of Services, Except Advertising, Insurance, Financial Services, and Travel",Tenaga Penjualan Jasa,Menjual jasa kepada perorangan atau badan usaha. Dapat menjelaskan pilihan atau menyelesaikan masalah klien.
41-4011.00,"Sales Representatives, Wholesale and Manufacturing, Technical and Scientific Products",Tenaga Penjualan Produk Teknis dan Ilmiah,"Menjual barang untuk pedagang grosir atau produsen yang membutuhkan pengetahuan teknis atau ilmiah di bidang seperti biologi, rekayasa, kimia, dan elektronika, yang biasanya diperoleh dari pendidikan tinggi sekurangnya dua tahun."
41-4012.00,"Sales Representatives, Wholesale and Manufacturing, Except Technical and Scientific Products",Tenaga Penjualan Grosir dan Manufaktur,Menjual barang untuk pedagang grosir atau produsen kepada badan usaha atau kelompok orang. Pekerjaan ini menuntut pengetahuan yang baik tentang barang yang dijual.
41-9011.00,Demonstrators and Product Promoters,Peraga dan Promotor Produk,Memperagakan barang dagangan dan menjawab pertanyaan untuk menumbuhkan minat masyarakat membeli produk. Dapat menjual barang yang diperagakan.
41-9012.00,Models,Model,"Memperagakan pakaian atau busana dan aksesori lain kepada calon pembeli di peragaan busana, pertunjukan tertutup, atau toko. Dapat berpose untuk foto majalah atau iklan, atau menjadi model lukisan, patung, dan karya seni lain."
41-9021.00,Real Estate Brokers,Broker Real Estat,Menjalankan kantor real estat atau bekerja di perusahaan real estat komersial dengan mengawasi transaksi real estat. Tugas lain biasanya mencakup menjual atau menyewakan properti dan mengatur pinjaman.
41-9022.00,Real Estate Sales Agents,Agen Penjualan Real Estat,"Menyewakan, membeli, atau menjual properti untuk klien. Mengerjakan tugas seperti mempelajari daftar properti, mewawancarai calon klien, mendampingi klien ke lokasi, membahas syarat penjualan, dan menyusun kontrak real estat."
41-9031.00,Sales Engineers,Insinyur Penjualan,Menjual barang atau jasa bisnis yang penjualannya membutuhkan latar belakang teknis setara sarjana teknik.
41-9041.00,Telemarketers,Telemarketer,Menawarkan permintaan sumbangan atau pesanan barang dan jasa lewat telepon.
41-9091.00,"Door-to-Door Sales Workers, News and Street Vendors, and Related Workers",Penjual Keliling dan Pedagang Kaki Lima,Menjual barang atau jasa dari pintu ke pintu atau di jalan.
43-1011.00,First-Line Supervisors of Office and Administrative Support Workers,Penyelia Staf Administrasi dan Perkantoran,Mengawasi langsung dan mengoordinasikan kegiatan staf administrasi dan perkantoran.
43-2011.00,"Switchboard Operators, Including Answering Service",Operator Sentral Telepon,"Mengoperasikan peralatan sistem telepon atau sentral telepon untuk meneruskan panggilan masuk, keluar, dan antarkantor. Dapat memberi informasi kepada penelepon dan mencatat pesan."
43-2021.00,Telephone Operators,Operator Telepon,"Memberi informasi dengan membuka direktori. Membantu pelanggan dengan permintaan penagihan khusus, seperti pengembalian biaya untuk sambungan yang salah atau buruk. Dapat menangani panggilan darurat dan membantu anak atau penyandang disabilitas menelepon."
43-3011.00,Bill and Account Collectors,Penagih Tagihan dan Piutang,"Mencari dan menghubungi pelanggan yang menunggak lewat surat, telepon, atau kunjungan untuk meminta pembayaran. Tugasnya mencakup menerima pembayaran dan mencatatnya ke rekening pelanggan, memulai proses penarikan barang atau pemutusan layanan, serta mengelola catatan penagihan."
43-3021.00,Billing and Posting Clerks,Petugas Penagihan dan Pembukuan Tagihan,"Menghimpun, menghitung, dan mencatat data tagihan, akuntansi, statistik, dan data angka lain untuk keperluan penagihan. Menyiapkan faktur untuk jasa yang diberikan atau barang yang dikirim."
43-3031.00,"Bookkeeping, Accounting, and Auditing Clerks","Staf Pembukuan, Akuntansi, dan Audit","Menghitung, mengelompokkan, dan mencatat data angka agar catatan keuangan tetap lengkap. Mengerjakan perhitungan, pembukuan, dan pemeriksaan rutin untuk memperoleh data keuangan dasar. Dapat juga memeriksa ketepatan angka dan pembukuan transaksi yang dicatat pekerja lain."
43-3041.00,Gambling Cage Workers,Petugas Kas Perjudian,"Di tempat perjudian, melayani transaksi keuangan pengunjung. Menerima permohonan kredit dan memeriksa rujukan kredit. Dapat menjual cip, token, atau tiket judi dan menukarkannya kembali dengan uang, serta mencocokkan ringkasan transaksi harian."
43-3051.00,Payroll and Timekeeping Clerks,Staf Penggajian dan Pencatat Waktu Kerja,"Menghimpun dan mencatat data waktu kerja dan penggajian karyawan. Dapat menghitung waktu kerja, hasil produksi, dan komisi, serta menghitung dan membukukan upah dan potongan atau menyiapkan slip gaji."
43-3061.00,Procurement Clerks,Staf Pengadaan,Menghimpun informasi dan catatan untuk menyusun pesanan pembelian bahan dan jasa.
43-3071.00,Tellers,Teller Bank,Menerima dan membayarkan uang. Mengelola catatan uang dan surat berharga dalam berbagai transaksi lembaga keuangan.
43-4011.00,Brokerage Clerks,Staf Administrasi Pialang,"Mengerjakan tugas terkait pembelian, penjualan, atau penyimpanan sekuritas, seperti menulis pesanan beli atau jual saham, memeriksa transaksi, melacak naik turunnya harga saham, membagikan dividen, dan mengelola catatan transaksi harian."
43-4021.00,Correspondence Clerks,Staf Korespondensi,"Menyusun surat atau surel untuk menjawab permintaan barang, klaim kerusakan, informasi kredit, tunggakan, tagihan yang keliru, atau layanan yang mengecewakan. Tugasnya dapat mencakup mengumpulkan data untuk menyusun jawaban."
43-4031.00,"Court, Municipal, and License Clerks","Staf Administrasi Pengadilan, Pemerintah Kota, dan Perizinan","Mengerjakan tugas administrasi untuk pengadilan, pemerintah kota, atau lembaga perizinan. Dapat menyiapkan daftar perkara, mencarikan informasi untuk hakim, menyusun rancangan agenda dewan kota, menjawab surat resmi, mengelola catatan keuangan, menerbitkan izin, dan memungut biaya."
43-4041.00,"Credit Authorizers, Checkers, and Clerks",Petugas Otorisasi dan Pemeriksa Kredit,"Menyetujui pembebanan kredit pada rekening pelanggan. Menyelidiki riwayat dan kelayakan kredit perorangan atau badan usaha yang mengajukan kredit. Dapat mewawancarai pemohon, memproses permohonan, dan memberi tahu pelanggan tentang diterima atau ditolaknya kredit."
43-4051.00,Customer Service Representatives,Petugas Layanan Pelanggan,Berinteraksi dengan pelanggan untuk memberi informasi dasar atau terstandar dalam menjawab pertanyaan rutin tentang produk dan jasa. Dapat menangani dan menyelesaikan keluhan umum.
43-4061.00,"Eligibility Interviewers, Government Programs",Pewawancara Kelayakan Program Pemerintah,"Menentukan kelayakan orang yang mengajukan bantuan dari program pemerintah, seperti bantuan sosial, tunjangan pengangguran, jaminan sosial, dan perumahan rakyat."
43-4071.00,File Clerks,Petugas Arsip,"Mengarsipkan surat, kartu, faktur, tanda terima, dan catatan lain menurut abjad, nomor, atau sistem arsip yang dipakai. Mencari dan mengambil bahan dari arsip bila diminta."
43-4081.00,"Hotel, Motel, and Resort Desk Clerks",Resepsionis Hotel dan Resor,"Melayani tamu hotel dan resor dengan mendaftarkan tamu dan menetapkan kamar, memberikan kunci, menyampaikan pesan, mencatat kamar yang terisi dan tagihan tamu, membuat dan mengonfirmasi reservasi, serta menerima pembayaran dari tamu yang berangkat."
43-4111.00,"Interviewers, Except Eligibility and Loan",Pewawancara,"Mewawancarai orang lewat telepon, surat, tatap muka, atau cara lain untuk mengisi formulir, permohonan, atau kuesioner. Mengajukan pertanyaan tertentu, mencatat jawaban, dan membantu orang mengisi formulir."
43-4121.00,"Library Assistants, Clerical",Asisten Perpustakaan,"Menyusun catatan serta menyortir, menata di rak, meminjamkan, dan menerima kembali bahan pustaka seperti buku, media elektronik, dan gambar. Mencari bahan pustaka untuk dipinjam dan mengembalikannya ke rak. Mendaftarkan anggota agar dapat meminjam."
43-4131.00,Loan Interviewers and Clerks,Pewawancara dan Staf Administrasi Pinjaman,"Mewawancarai pemohon pinjaman untuk memperoleh informasi, menyelidiki latar belakang dan memeriksa rujukannya, menyiapkan berkas permohonan, dan meneruskan temuan ke bagian penilaian. Menelaah kelengkapan berkas dan menyelesaikan transaksi setelah pinjaman disetujui."
43-4141.00,New Accounts Clerks,Petugas Pembukaan Rekening,Mewawancarai orang yang ingin membuka rekening di lembaga keuangan. Menjelaskan layanan rekening yang tersedia dan membantu mereka mengisi permohonan.
43-4151.00,Order Clerks,Staf Pemesanan,"Menerima dan memproses pesanan bahan, barang dagangan, iklan baris, atau jasa seperti perbaikan, pemasangan, atau sewa fasilitas. Tugasnya mencakup memberi tahu pelanggan tentang penerimaan pesanan, harga, tanggal kirim, dan keterlambatan, serta menangani keluhan."
43-4161.00,"Human Resources Assistants, Except Payroll and Timekeeping",Asisten Sumber Daya Manusia,"Menghimpun dan mengelola catatan kepegawaian. Mencatat data tiap karyawan, seperti alamat, penghasilan, ketidakhadiran, hasil penjualan atau produksi, dan laporan penyelia. Dapat menyiapkan laporan dan memberikan informasi kepada pihak yang berwenang."
43-4171.00,Receptionists and Information Clerks,Resepsionis dan Petugas Informasi,"Menjawab pertanyaan dan memberi informasi kepada masyarakat, pelanggan, pengunjung, dan pihak lain tentang kegiatan di tempat itu serta lokasi bagian, kantor, dan karyawan."
43-4181.00,Reservation and Transportation Ticket Agents and Travel Clerks,Agen Reservasi dan Tiket Transportasi,"Membuat dan mengonfirmasi reservasi transportasi atau penginapan, atau menjual tiket angkutan. Dapat memeriksa bagasi dan mengarahkan penumpang, atau memberi informasi perjalanan kepada wisatawan."
43-5011.00,Cargo and Freight Agents,Agen Kargo,"Memperlancar dan mengatur rute pergerakan kargo masuk dan keluar di terminal udara, kereta, dan truk serta di dermaga. Menerima pesanan pelanggan dan mengatur penjemputan kargo. Menyiapkan dan memeriksa surat muatan untuk menentukan biaya dan tarif pengiriman."
43-5011.01,Freight Forwarders,Pengurus Jasa Pengiriman Barang,"Meneliti tarif, rute, atau moda angkutan untuk pengiriman produk. Mengikuti peraturan yang memengaruhi pergerakan kargo antarnegara. Mengatur layanan tambahan, seperti penyimpanan atau angkutan darat."
43-5021.00,Couriers and Messengers,Kurir,"Mengambil dan mengantarkan pesan, dokumen, paket, dan barang lain antarkantor atau langsung ke tempat usaha lain, dengan berjalan kaki, bersepeda, bermotor, bermobil, atau naik angkutan umum."
43-5031.00,Public Safety Telecommunicators,Operator Panggilan Darurat,"Mengoperasikan telepon, radio, atau sistem komunikasi lain untuk menerima dan meneruskan permintaan bantuan darurat di pusat panggilan darurat. Mencatat informasi dari masyarakat tentang kejahatan, ancaman, kebakaran, keadaan darurat medis, dan urusan keselamatan publik lain. Dapat mengoordinasikan dan memberi informasi kepada penegak hukum dan petugas tanggap darurat."
43-5032.00,"Dispatchers, Except Police, Fire, and Ambulance",Petugas Pengatur Pemberangkatan (Dispatcher),"Menjadwalkan dan memberangkatkan pekerja, regu kerja, peralatan, atau kendaraan layanan untuk mengangkut bahan, barang, atau penumpang, atau untuk pemasangan, servis, dan perbaikan darurat di luar tempat usaha. Tugasnya dapat mencakup menyampaikan tugas lewat radio, telepon, atau komputer."
43-5041.00,"Meter Readers, Utilities",Pencatat Meter Utilitas,"Membaca meteran dan mencatat pemakaian listrik, gas, air, atau uap."
43-5051.00,Postal Service Clerks,Petugas Loket Pos,"Mengerjakan gabungan tugas di kantor pos, seperti menerima surat dan paket, menjual prangko dan benda pos, melayani wesel, menyortir surat, dan memeriksa kecukupan prangko."
43-5052.00,Postal Service Mail Carriers,Pengantar Pos,Menyortir dan mengantarkan surat. Mengantarkan surat di rute yang ditetapkan dengan kendaraan atau berjalan kaki.
43-5053.00,"Postal Service Mail Sorters, Processors, and Processing Machine Operators",Penyortir Surat dan Operator Mesin Pos,"Menyiapkan surat masuk dan keluar untuk didistribusikan. Memeriksa, menyortir, dan mengatur rute surat. Mengisi, mengoperasikan, dan sesekali menyetel serta memperbaiki mesin pemroses, penyortir, dan pembatal prangko."
43-5061.00,"Production, Planning, and Expediting Clerks",Staf Perencanaan dan Kelancaran Produksi,"Mengoordinasikan dan memperlancar aliran pekerjaan dan bahan di dalam atau antarbagian sesuai jadwal produksi. Tugasnya mencakup menelaah dan membagikan jadwal produksi, kerja, dan pengiriman; berdiskusi dengan penyelia bagian tentang kemajuan kerja; dan menyusun laporan kemajuan, persediaan, biaya, dan masalah produksi."
43-5071.00,"Shipping, Receiving, and Inventory Clerks","Staf Pengiriman, Penerimaan, dan Persediaan",Memeriksa dan mengelola catatan kiriman masuk dan keluar terkait persediaan. Tugasnya mencakup memeriksa dan mencatat barang atau bahan yang masuk serta mengatur pengangkutan produk. Dapat menyiapkan barang untuk dikirim.
43-5111.00,"Weighers, Measurers, Checkers, and Samplers, Recordkeeping","Petugas Penimbang, Pengukur, dan Pemeriksa Barang","Menimbang, mengukur, dan memeriksa bahan, perlengkapan, dan peralatan untuk keperluan pencatatan. Tugasnya terutama bersifat administrasi. Termasuk pekerja yang mengambil dan mencatat sampel produk atau bahan."
43-6011.00,Executive Secretaries and Executive Administrative Assistants,Sekretaris Eksekutif,"Memberi dukungan administrasi tingkat tinggi dengan melakukan riset, menyusun laporan statistik, dan menangani permintaan informasi, serta mengerjakan tugas administrasi rutin seperti menyiapkan surat, menerima tamu, dan menjadwalkan rapat. Dapat juga melatih dan mengawasi staf administrasi di bawahnya."
43-6012.00,Legal Secretaries and Administrative Assistants,Sekretaris Hukum,"Mengerjakan tugas kesekretariatan dengan istilah, prosedur, dan dokumen hukum. Menyiapkan berkas dan surat hukum, seperti surat panggilan, gugatan, dan permohonan. Dapat juga membantu riset hukum."
43-6013.00,Medical Secretaries and Administrative Assistants,Sekretaris Medis,"Mengerjakan tugas kesekretariatan dengan pengetahuan khusus tentang istilah medis dan prosedur rumah sakit, klinik, atau laboratorium. Tugasnya dapat mencakup menjadwalkan janji temu, menagih pasien, serta menyusun dan mencatat rekam medis, laporan, dan surat."
43-6014.00,"Secretaries and Administrative Assistants, Except Legal, Medical, and Executive",Sekretaris dan Asisten Administrasi,"Mengerjakan tugas administrasi rutin seperti menyusun surat, menjadwalkan janji temu, menata dan mengelola berkas kertas dan elektronik, atau memberi informasi kepada penelepon."
43-9021.00,Data Entry Keyers,Petugas Entri Data,"Mengoperasikan alat entri data, seperti papan ketik. Tugasnya dapat mencakup memeriksa data dan menyiapkan bahan untuk dicetak."
43-9022.00,Word Processors and Typists,Juru Ketik,"Memakai pengolah kata, komputer, atau mesin ketik untuk mengetik surat, laporan, formulir, atau bahan lain dari draf kasar, naskah koreksi, atau rekaman suara. Dapat mengerjakan tugas administrasi lain."
43-9031.00,Desktop Publishers,Penata Letak Terbitan (Desktop Publisher),Menata naskah dan unsur grafis dengan perangkat lunak komputer untuk menghasilkan bahan yang siap terbit.
43-9041.00,Insurance Claims and Policy Processing Clerks,Staf Pemrosesan Klaim dan Polis Asuransi,"Memproses polis asuransi baru, perubahan polis, dan formulir klaim. Meminta informasi dari pemegang polis untuk memastikan ketepatan dan kelengkapan formulir klaim, permohonan, dan catatan perusahaan. Memperbarui polis dan catatan sesuai perubahan yang diminta."
43-9051.00,"Mail Clerks and Mail Machine Operators, Except Postal Service",Petugas Surat dan Operator Mesin Surat,"Menyiapkan surat masuk dan keluar untuk didistribusikan. Mencap waktu, membuka, membaca, menyortir, dan meneruskan surat masuk; serta memberi alamat, menyegel, melipat, dan menempelkan prangko pada surat atau paket keluar."
43-9061.00,"Office Clerks, General",Staf Administrasi Umum,"Mengerjakan tugas kantor yang terlalu beragam untuk digolongkan ke satu jabatan administrasi, dan membutuhkan pengetahuan tentang sistem dan prosedur kantor. Tugasnya dapat mencakup menjawab telepon, pembukuan, mengetik, mengoperasikan mesin kantor, dan mengarsipkan."
43-9071.00,"Office Machine Operators, Except Computer",Operator Mesin Kantor,"Mengoperasikan satu atau lebih mesin kantor, seperti mesin fotokopi, mesin pengganda, atau mesin kantor lain."
43-9081.00,Proofreaders and Copy Markers,Pemeriksa Aksara (Proofreader),"Membaca naskah atau cetak coba untuk menemukan dan menandai kesalahan tata bahasa, salah ketik, atau kesalahan susunan yang perlu diperbaiki. Termasuk pemeriksa aksara braille."
43-9111.00,Statistical Assistants,Asisten Statistik,Menghimpun dan menghitung data dengan rumus statistik untuk dipakai dalam kajian statistik. Dapat mengerjakan perhitungan aktuaria serta menyusun bagan dan grafik untuk aktuaris.
45-1011.00,"First-Line Supervisors of Farming, Fishing, and Forestry Workers","Penyelia Pekerja Pertanian, Perikanan, dan Kehutanan","Mengawasi langsung dan mengoordinasikan kegiatan pekerja pertanian, kehutanan, budi daya perairan, dan pekerja terkait."
45-2011.00,Agricultural Inspectors,Pemeriksa Hasil Pertanian,"Memeriksa hasil pertanian, peralatan dan fasilitas pengolahan, serta usaha perikanan dan pembalakan agar mematuhi peraturan dan hukum tentang kesehatan, mutu, dan keselamatan."
45-2021.00,Animal Breeders,Pemulia Hewan Ternak,"Memilih dan mengawinkan hewan berdasarkan silsilah, ciri, dan keturunannya. Dapat membutuhkan pengetahuan tentang teknik dan peralatan inseminasi buatan, serta pencatatan masa berahi, jarak kelahiran, atau silsilah."
45-2041.00,"Graders and Sorters, Agricultural Products",Penyortir dan Penilai Mutu Hasil Pertanian,"Menilai mutu, menyortir, atau mengelompokkan bahan pangan mentah dan hasil pertanian lain menurut ukuran, berat, warna, atau kondisinya."
45-2091.00,Agricultural Equipment Operators,Operator Alat dan Mesin Pertanian,"Mengemudikan dan mengendalikan alat untuk kegiatan pertanian seperti mengolah tanah; menanam, memelihara, dan memanen tanaman; memberi pakan dan menggiring ternak; atau membuang kotoran hewan. Dapat mengoperasikan alat pascapanen seperti perontok dan pengupas."
45-2092.00,"Farmworkers and Laborers, Crop, Nursery, and Greenhouse","Pekerja Kebun, Pembibitan, dan Rumah Kaca","Menanam, memelihara, dan memanen sayur, buah, kacang-kacangan, tanaman hias, dan tanaman ladang secara manual dengan perkakas tangan seperti sekop, cangkul, gunting, dan pisau. Tugasnya dapat mencakup mengolah tanah dan memupuk; memindahkan bibit, menyiangi, atau memangkas; menyemprot pestisida; atau membersihkan, menyortir, mengemas, dan memuat hasil panen."
45-2093.00,"Farmworkers, Farm, Ranch, and Aquacultural Animals",Pekerja Peternakan dan Budi Daya Perairan,"Mengurus hewan ternak atau hewan budi daya perairan, seperti sapi, domba, babi, kambing, kuda, unggas, kelinci, ikan, kerang, dan lebah, yang dipelihara untuk hasil seperti daging, kulit, bulu, telur, susu, dan madu. Tugasnya dapat mencakup memberi pakan dan minum, menggiring, memerah, menimbang, dan memuat hewan. Dapat memeriksa hewan, membantu kelahiran, serta memberikan obat atau vaksin."
45-3031.00,Fishing and Hunting Workers,Nelayan dan Pemburu,"Berburu, menjebak, menangkap, atau mengumpulkan hewan liar atau hewan dan tumbuhan air. Dapat memakai jaring, perangkap, atau peralatan lain, serta menarik tangkapan ke kapal."
45-4011.00,Forest and Conservation Workers,Pekerja Kehutanan dan Konservasi,"Di bawah pengawasan, mengerjakan pekerjaan fisik untuk mengembangkan, merawat, atau melindungi kawasan seperti hutan, lahan basah, dan padang penggembalaan, misalnya membibitkan dan mengangkut bibit; memberantas serangga, hama, dan penyakit tanaman; dan membangun bangunan pengendali air serta erosi. Termasuk penanam pohon."
45-4021.00,Fallers,Penebang Pohon,"Menebang pohon dengan kapak atau gergaji mesin, memakai pengetahuan tentang sifat pohon dan teknik potong untuk mengatur arah rebah dan memperkecil kerusakan pohon."
45-4022.00,Logging Equipment Operators,Operator Alat Pembalakan,"Mengemudikan traktor pembalakan atau kendaraan beroda yang dilengkapi alat seperti bilah buldoser, penjepit, derek kabel, atau lengan derek untuk menebang pohon; menyeret, memuat, membongkar, atau menumpuk kayu gelondongan; atau mencabut tunggul dan membersihkan semak."
45-4023.00,Log Graders and Scalers,Penilai dan Pengukur Kayu Gelondongan,Menilai mutu kayu gelondongan atau memperkirakan isi dan nilai jualnya di tempat penyortiran atau lokasi sejenis. Memeriksa cacat kayu atau mengukur kayu untuk menentukan volumenya.
47-1011.00,First-Line Supervisors of Construction Trades and Extraction Workers,Penyelia Pekerja Konstruksi dan Pertambangan,Mengawasi langsung dan mengoordinasikan kegiatan pekerja konstruksi atau pertambangan.
47-2011.00,Boilermakers,Pembuat Ketel Uap,"Membuat, merakit, merawat, dan memperbaiki ketel uap stasioner dan perlengkapan rumah ketel. Meluruskan struktur atau bagian pelat untuk merakit rangka ketel, tangki, atau bejana sesuai gambar teknik. Membantu menguji bejana yang sudah dirakit. Memeriksa dan memperbaiki perlengkapan ketel, seperti katup pengaman dan pengatur."
47-2021.00,Brickmasons and Blockmasons,Tukang Batu Bata dan Batako,"Memasang dan merekatkan bahan bangunan, seperti bata, ubin struktural, batako, dan blok kaca, dengan adukan dan bahan lain untuk membangun atau memperbaiki dinding, sekat, lengkungan, saluran, dan bangunan lain."
47-2022.00,Stonemasons,Tukang Batu Alam,"Membangun bangunan dari batu, seperti pilar, dinding, dan pangkal jembatan. Memasang jalan setapak, batu tepi jalan, atau pasangan batu khusus untuk bak, tangki, dan lantai."
47-2031.00,Carpenters,Tukang Kayu,"Membangun, mendirikan, memasang, atau memperbaiki bangunan dan perlengkapan dari kayu dan bahan sejenis, seperti bekisting beton; rangka bangunan, termasuk sekat, balok, dan kasau; serta tangga kayu, kusen jendela dan pintu, dan lantai kayu. Dapat juga memasang lemari, papan dinding, dan insulasi."
47-2041.00,Carpet Installers,Pemasang Karpet,Menggelar dan memasang karpet gulungan atau karpet petak di lantai. Memasang alas dan merapikan bahan lantai.
47-2042.00,"Floor Layers, Except Carpet, Wood, and Hard Tiles",Pemasang Lantai,"Memasang penutup lantai berbentuk blok, bilah, atau lembaran yang meredam benturan, meredam suara, atau bersifat hias."
47-2043.00,Floor Sanders and Finishers,Tukang Amplas dan Penyelesaian Lantai,"Mengerok dan mengampelas lantai kayu sampai halus dengan alat pengerok dan mesin ampelas lantai, lalu melapisinya dengan bahan penyelesaian."
47-2044.00,Tile and Stone Setters,Pemasang Ubin dan Batu,"Memasang ubin keras, batu, dan bahan sejenis pada dinding, lantai, plafon, meja dapur, dan dak atap."
47-2051.00,Cement Masons and Concrete Finishers,Tukang Semen dan Penyelesaian Beton,"Menghaluskan dan menyelesaikan permukaan beton yang dituang, seperti lantai, jalan setapak, trotoar, jalan, atau tepi jalan, dengan berbagai perkakas tangan dan listrik. Meluruskan bekisting, menambal rongga, dan memotong sambungan muai dengan gergaji."
47-2053.00,Terrazzo Workers and Finishers,Tukang Teraso,"Memasang campuran semen, pasir, pewarna, atau serpihan marmer pada lantai, tangga, dan perlengkapan lemari untuk membentuk permukaan yang awet dan indah."
47-2061.00,Construction Laborers,Buruh Konstruksi,"Mengerjakan tugas yang menuntut tenaga fisik di lokasi konstruksi. Dapat mengoperasikan berbagai perkakas tangan dan listrik, seperti palu udara, pemadat tanah, pengaduk semen, kerekan kecil, dan alat ukur. Dapat membersihkan dan menyiapkan lokasi, menggali parit, memasang perancah, dan membersihkan puing. Dapat membantu tukang lain."
47-2071.00,"Paving, Surfacing, and Tamping Equipment Operators",Operator Alat Pengaspalan dan Pemadatan,"Mengoperasikan alat untuk menghampar beton, aspal, atau bahan lain di badan jalan, tempat parkir, atau landasan pacu bandara, atau untuk memadatkan kerikil, tanah, atau bahan lain."
47-2072.00,Pile Driver Operators,Operator Alat Pemancang Tiang,"Mengoperasikan alat pemancang tiang yang terpasang pada ponton, kendaraan rantai, atau derek untuk memancang tiang bagi dinding penahan dan fondasi bangunan seperti gedung, jembatan, dan dermaga."
47-2073.00,Operating Engineers and Other Construction Equipment Operators,Operator Alat Berat Konstruksi,"Mengoperasikan satu atau beberapa jenis alat berat konstruksi, seperti grader, buldoser, kompresor, pompa, derek, ekskavator, traktor, atau loader untuk menggali, memindahkan, dan meratakan tanah, mendirikan bangunan, atau menuang beton. Dapat memperbaiki dan merawat alat."
47-2081.00,Drywall and Ceiling Tile Installers,Pemasang Papan Gipsum dan Plafon,Memasang papan gipsum atau papan dinding lain pada plafon atau dinding dalam bangunan. Memasang ubin akustik atau bahan peredam pada plafon dan dinding untuk meredam atau memantulkan suara.
47-2082.00,Tapers,Tukang Dempul Sambungan Dinding,Menutup sambungan antara papan gipsum atau papan dinding lain untuk menyiapkan permukaan dinding sebelum dicat atau dilapisi kertas dinding.
47-2111.00,Electricians,Teknisi Listrik,"Memasang, merawat, dan memperbaiki kabel, peralatan, dan perlengkapan listrik. Memastikan pekerjaan sesuai aturan yang berlaku. Dapat memasang atau menyervis lampu jalan, sistem interkom, atau sistem kendali listrik."
47-2121.00,Glaziers,Tukang Kaca,"Memasang kaca pada jendela, jendela atap, bagian depan toko, dan lemari pajang, atau pada permukaan seperti muka bangunan, dinding dalam, plafon, dan meja."
47-2131.00,"Insulation Workers, Floor, Ceiling, and Wall","Pemasang Insulasi Lantai, Plafon, dan Dinding","Melapisi dan menutup bangunan dengan bahan insulasi. Dapat memakai bahan insulasi berbentuk lembaran, gulungan, atau semprot."
47-2132.00,"Insulation Workers, Mechanical",Pemasang Insulasi Mekanis,"Memasang bahan insulasi pada pipa, saluran udara, atau sistem mekanis lain untuk membantu mengendalikan dan menjaga suhu."
47-2141.00,"Painters, Construction and Maintenance",Tukang Cat Bangunan,"Mengecat dinding, peralatan, bangunan, jembatan, dan permukaan lain dengan kuas, rol, dan penyemprot. Dapat mengerok cat lama untuk menyiapkan permukaan dan mencampur warna untuk memperoleh warna atau kekentalan yang diinginkan."
47-2142.00,Paperhangers,Pemasang Kertas Dinding,"Menutup dinding atau plafon ruangan dengan kertas dinding atau kain hias, atau memasang poster iklan pada permukaan seperti dinding dan papan reklame. Dapat melepas bahan lama atau menyiapkan permukaan."
47-2151.00,Pipelayers,Pemasang Pipa Saluran,"Memasang pipa untuk saluran air hujan atau limbah, drainase, dan pipa induk air. Mengerjakan gabungan tugas berikut: meratakan parit atau gorong-gorong, menempatkan pipa, atau menutup sambungan."
47-2152.00,"Plumbers, Pipefitters, and Steamfitters",Tukang Ledeng dan Pemasang Pipa,"Merakit, memasang, mengubah, dan memperbaiki jaringan atau sistem pipa yang mengalirkan air, uap, udara, atau cairan dan gas lain. Dapat memasang peralatan pemanas dan pendingin serta sistem kendali mekanis."
47-2161.00,Plasterers and Stucco Masons,Tukang Plester,"Memasang plester, semen, atau bahan sejenis pada bagian dalam atau luar bangunan. Dapat juga memasang plester hias."
47-2171.00,Reinforcing Iron and Rebar Workers,Tukang Besi Beton,"Menempatkan dan mengikat batang atau anyaman baja di dalam bekisting untuk menulangi beton. Memakai berbagai pengikat, mesin pembengkok besi, alat las potong, dan perkakas tangan."
47-2181.00,Roofers,Tukang Atap,"Menutup atap bangunan dengan genteng, batu sabak, aspal, aluminium, kayu, atau bahan sejenis. Dapat menyemprot atap dan dinding dengan bahan untuk merekatkan, menyegel, mengisolasi, atau meredam suara."
47-2211.00,Sheet Metal Workers,Pekerja Logam Lembaran,"Membuat, merakit, memasang, dan memperbaiki produk dan peralatan dari logam lembaran, seperti saluran udara, kotak kontrol, dan pipa pembuangan. Pekerjaan dapat mencakup mengoperasikan mesin untuk memotong, menekuk, dan meluruskan logam lembaran; membentuk logam dengan palu; atau mengoperasikan peralatan solder dan las."
47-2221.00,Structural Iron and Steel Workers,Pekerja Rangka Besi dan Baja,"Mengangkat, menempatkan, dan menyambung balok, kolom, dan bagian struktur lain dari besi atau baja untuk membentuk bangunan atau rangka bangunan. Dapat mendirikan tangki logam dan merakit bangunan logam prafabrikasi."
47-2231.00,Solar Photovoltaic Installers,Pemasang Panel Surya,"Merakit, memasang, atau merawat sistem panel surya di atap atau bangunan lain sesuai hasil penilaian lokasi dan gambar skema. Dapat mencakup mengukur, memotong, merakit, dan membaut rangka serta modul surya, dan pekerjaan listrik ringan seperti memeriksa arus."
47-3011.00,"Helpers--Brickmasons, Blockmasons, Stonemasons, and Tile and Marble Setters",Pembantu Tukang Batu dan Pemasang Ubin,"Membantu tukang batu dan pemasang ubin dengan mengerjakan tugas yang menuntut keterampilan lebih rendah, seperti menyediakan atau memegang bahan dan perkakas serta membersihkan area kerja dan peralatan."
47-3012.00,Helpers--Carpenters,Pembantu Tukang Kayu,"Membantu tukang kayu dengan mengerjakan tugas yang menuntut keterampilan lebih rendah, seperti menyediakan atau memegang bahan dan perkakas serta membersihkan area kerja dan peralatan."
47-3013.00,Helpers--Electricians,Pembantu Teknisi Listrik,"Membantu teknisi listrik dengan mengerjakan tugas yang menuntut keterampilan lebih rendah, seperti menyediakan atau memegang bahan dan perkakas serta membersihkan area kerja dan peralatan."
47-3014.00,"Helpers--Painters, Paperhangers, Plasterers, and Stucco Masons",Pembantu Tukang Cat dan Plester,"Membantu tukang cat, pemasang kertas dinding, dan tukang plester dengan mengerjakan tugas yang menuntut keterampilan lebih rendah, seperti menyediakan atau memegang bahan dan perkakas serta membersihkan area kerja dan peralatan."
47-3015.00,"Helpers--Pipelayers, Plumbers, Pipefitters, and Steamfitters",Pembantu Tukang Ledeng dan Pemasang Pipa,"Membantu tukang ledeng dan pemasang pipa dengan mengerjakan tugas yang menuntut keterampilan lebih rendah, seperti menyediakan atau memegang bahan dan perkakas serta membersihkan area kerja dan peralatan."
47-3016.00,Helpers--Roofers,Pembantu Tukang Atap,"Membantu tukang atap dengan mengerjakan tugas yang menuntut keterampilan lebih rendah, seperti menyediakan atau memegang bahan dan perkakas serta membersihkan area kerja dan peralatan."
47-4011.00,Construction and Building Inspectors,Pemeriksa Konstruksi dan Bangunan,"Memeriksa bangunan dengan keterampilan rekayasa untuk menentukan kekokohan struktur serta kesesuaiannya dengan spesifikasi, aturan bangunan, dan peraturan lain. Pemeriksaan dapat bersifat umum atau terbatas pada bidang tertentu, seperti sistem kelistrikan atau perpipaan."
47-4021.00,Elevator and Escalator Installers and Repairers,Pemasang dan Teknisi Lift dan Eskalator,"Merakit, memasang, memperbaiki, atau merawat lift barang atau penumpang, eskalator, atau lift makanan bertenaga listrik atau hidrolik."
47-4031.00,Fence Erectors,Pemasang Pagar,Mendirikan dan memperbaiki pagar dan pintu pagar dengan perkakas tangan dan listrik.
47-4041.00,Hazardous Materials Removal Workers,Pekerja Pembersihan Bahan Berbahaya,"Mengenali, mengangkat, mengemas, mengangkut, atau membuang bahan berbahaya, termasuk asbes, cat bertimbal, oli bekas, bahan bakar, bahan radioaktif, atau tanah tercemar. Umumnya membutuhkan pelatihan khusus dan sertifikasi penanganan bahan berbahaya."
47-4051.00,Highway Maintenance Workers,Pekerja Pemeliharaan Jalan Raya,"Merawat jalan raya, jalan kota dan desa, serta landasan pacu bandara. Tugasnya mencakup menambal perkerasan yang rusak dan memperbaiki pagar pengaman serta rambu jalan. Dapat juga memotong rumput atau membersihkan semak di tepi jalan."
47-4061.00,Rail-Track Laying and Maintenance Equipment Operators,Operator Alat Pemasangan dan Pemeliharaan Rel,"Memasang, memperbaiki, dan merawat rel untuk kereta api di jalur reguler atau di halaman pabrik, tambang, dan lokasi galian."
47-4071.00,Septic Tank Servicers and Sewer Pipe Cleaners,Petugas Sedot Tangki Septik dan Pembersih Saluran,"Membersihkan dan memperbaiki tangki septik, saluran limbah, atau saluran pembuangan. Dapat menambal dinding tangki, mengganti pipa yang rusak, atau memperbaiki pipa bawah tanah yang putus."
47-4091.00,Segmental Pavers,Pemasang Paving Blok,"Menata, memotong, dan memasang paving blok. Termasuk pemasang lapisan dasar dan penahan tepi untuk paving."
47-5011.00,"Derrick Operators, Oil and Gas",Operator Menara Bor Minyak dan Gas,Memasang peralatan menara bor dan mengoperasikan pompa untuk mengalirkan lumpur atau cairan melalui lubang bor.
47-5012.00,"Rotary Drill Operators, Oil and Gas",Operator Bor Putar Minyak dan Gas,"Memasang atau mengoperasikan berbagai bor untuk mengambil minyak dan gas bawah tanah, atau mengambil sampel inti untuk diuji selama eksplorasi minyak dan gas."
47-5013.00,"Service Unit Operators, Oil and Gas",Operator Unit Layanan Sumur Minyak dan Gas,"Mengoperasikan peralatan untuk menambah aliran minyak dari sumur produksi, atau untuk mengeluarkan pipa, selubung, perkakas, atau sumbatan lain yang terjepit di sumur bor."
47-5022.00,"Excavating and Loading Machine and Dragline Operators, Surface Mining",Operator Ekskavator dan Alat Muat Tambang Terbuka,"Mengoperasikan atau menjaga mesin di lokasi tambang terbuka yang dilengkapi sendok, sekop, atau ember keruk untuk menggali dan memuat bahan lepas."
47-5023.00,"Earth Drillers, Except Oil and Gas",Juru Bor Tanah,"Mengoperasikan berbagai bor untuk mencapai air dan endapan garam bawah tanah, mengambil sampel inti saat eksplorasi mineral atau uji tanah, dan memudahkan pemakaian bahan peledak di tambang atau konstruksi."
47-5032.00,"Explosives Workers, Ordnance Handling Experts, and Blasters",Juru Ledak dan Ahli Bahan Peledak,"Memasang dan meledakkan bahan peledak untuk merobohkan bangunan atau melonggarkan, mengangkat, atau memindahkan tanah, batu, atau bahan lain. Dapat mengerjakan prosedur khusus penanganan, penyimpanan, dan pencatatan bahan peledak."
47-5041.00,Continuous Mining Machine Operators,Operator Mesin Tambang Kontinu,"Mengoperasikan mesin tambang bergerak sendiri yang mengeruk batu bara, bijih, batu, atau pasir dari muka tambang dan memuatnya ke konveyor, kereta angkut, atau truk secara terus-menerus."
47-5043.00,"Roof Bolters, Mining",Pemasang Baut Atap Tambang,Mengoperasikan mesin untuk memasang baut penyangga atap di tambang bawah tanah.
47-5044.00,"Loading and Moving Machine Operators, Underground Mining",Operator Alat Muat dan Angkut Tambang Bawah Tanah,"Mengoperasikan mesin muat atau angkut bawah tanah untuk memuat atau memindahkan batu bara, bijih, atau batu dengan kereta tambang atau konveyor."
47-5051.00,"Rock Splitters, Quarry",Pemecah Batu Tambang,"Memisahkan bongkahan batu kasar dari massa batuan tambang dengan palu bor, baji, atau gergaji potong."
47-5071.00,"Roustabouts, Oil and Gas",Pekerja Lapangan Minyak dan Gas,Merakit atau memperbaiki peralatan ladang minyak dengan perkakas tangan dan listrik. Mengerjakan tugas lain sesuai kebutuhan.
47-5081.00,Helpers--Extraction Workers,Pembantu Pekerja Pertambangan,"Membantu pekerja tambang, seperti juru bor, juru ledak, operator menara bor, dan operator mesin tambang, dengan mengerjakan tugas yang menuntut keterampilan lebih rendah, seperti menyediakan peralatan atau membersihkan area kerja."
49-1011.00,"First-Line Supervisors of Mechanics, Installers, and Repairers","Penyelia Mekanik, Pemasang, dan Teknisi Perbaikan","Mengawasi langsung dan mengoordinasikan kegiatan mekanik, pemasang, dan teknisi perbaikan. Dapat juga memberi saran kepada pelanggan tentang servis yang dianjurkan."
49-2011.00,"Computer, Automated Teller, and Office Machine Repairers","Teknisi Perbaikan Komputer, ATM, dan Mesin Kantor","Memperbaiki, merawat, atau memasang komputer, anjungan tunai mandiri (ATM), dan mesin kantor elektronik seperti mesin pengganda dan faks."
49-2021.00,"Radio, Cellular, and Tower Equipment Installers and Repairers","Teknisi Peralatan Radio, Seluler, dan Menara","Memperbaiki, memasang, atau merawat peralatan pemancar dan penerima radio serta sistem komunikasi radio dua arah yang dipakai dalam telekomunikasi seluler, komunikasi kapal dan pesawat, serta kendaraan layanan dan darurat. Dapat menguji dan menganalisis jangkauan jaringan."
49-2022.00,"Telecommunications Equipment Installers and Repairers, Except Line Installers",Teknisi Peralatan Telekomunikasi,"Memasang, menyetel, menata ulang, atau melepas peralatan pensakelaran, distribusi, dan perutean di sentral telekomunikasi. Menyervis atau memperbaiki peralatan telepon, televisi kabel, internet, dan komunikasi lain di tempat pelanggan. Dapat memasang peralatan atau kabel komunikasi di gedung."
49-2091.00,Avionics Technicians,Teknisi Avionik,"Memasang, memeriksa, menguji, menyetel, atau memperbaiki peralatan avionik, seperti radar, radio, dan sistem navigasi, di pesawat terbang atau wahana antariksa."
49-2092.00,"Electric Motor, Power Tool, and Related Repairers",Teknisi Perbaikan Motor Listrik dan Perkakas Listrik,"Memperbaiki, merawat, atau memasang motor listrik, kabel, atau sakelar."
49-2093.00,"Electrical and Electronics Installers and Repairers, Transportation Equipment",Teknisi Kelistrikan Alat Transportasi,"Memasang, menyetel, atau merawat peralatan komunikasi elektronik bergerak, termasuk sistem suara, sonar, keamanan, navigasi, dan pengawasan di kereta, kapal, atau alat bergerak lain."
49-2094.00,"Electrical and Electronics Repairers, Commercial and Industrial Equipment",Teknisi Kelistrikan Peralatan Komersial dan Industri,"Memperbaiki, menguji, menyetel, atau memasang peralatan elektronik, seperti kontrol industri, pemancar, dan antena."
49-2095.00,"Electrical and Electronics Repairers, Powerhouse, Substation, and Relay",Teknisi Kelistrikan Pembangkit dan Gardu Induk,"Memeriksa, menguji, memperbaiki, atau merawat peralatan listrik di pembangkit, gardu induk, dan relai yang beroperasi."
49-2096.00,"Electronic Equipment Installers and Repairers, Motor Vehicles",Teknisi Elektronik Kendaraan Bermotor,"Memasang, mendiagnosis, atau memperbaiki peralatan komunikasi, suara, keamanan, atau navigasi di kendaraan bermotor."
49-2097.00,Audiovisual Equipment Installers and Repairers,Teknisi Peralatan Audiovisual,"Memasang, memperbaiki, atau menyetel penerima audio atau televisi, sistem stereo, kamera video, sistem video, atau peralatan hiburan elektronik lain di rumah atau tempat lain. Dapat mengerjakan pemeliharaan rutin."
49-2098.00,Security and Fire Alarm Systems Installers,Pemasang Sistem Alarm Keamanan dan Kebakaran,"Memasang, memprogram, merawat, dan memperbaiki kabel dan peralatan alarm keamanan dan kebakaran. Memastikan pekerjaan sesuai aturan yang berlaku."
49-3011.00,Aircraft Mechanics and Service Technicians,Mekanik dan Teknisi Pesawat Terbang,"Mendiagnosis, menyetel, memperbaiki, atau merombak total mesin dan rakitan pesawat terbang, seperti sistem hidrolik dan pneumatik."
49-3021.00,Automotive Body and Related Repairers,Teknisi Perbaikan Bodi Kendaraan,Memperbaiki dan memperbarui lapisan bodi kendaraan serta meluruskan rangka kendaraan.
49-3022.00,Automotive Glass Installers and Repairers,Pemasang dan Teknisi Kaca Kendaraan,Mengganti atau memperbaiki kaca depan dan kaca jendela kendaraan bermotor yang pecah.
49-3023.00,Automotive Service Technicians and Mechanics,Mekanik dan Teknisi Otomotif,"Mendiagnosis, menyetel, memperbaiki, atau merombak total kendaraan bermotor."
49-3031.00,Bus and Truck Mechanics and Diesel Engine Specialists,Mekanik Bus dan Truk serta Spesialis Mesin Diesel,"Mendiagnosis, menyetel, memperbaiki, atau merombak total bus dan truk, atau merawat dan memperbaiki segala jenis mesin diesel."
49-3041.00,Farm Equipment Mechanics and Service Technicians,Mekanik Alat dan Mesin Pertanian,"Mendiagnosis, menyetel, memperbaiki, atau merombak total mesin dan kendaraan pertanian, seperti traktor, mesin panen, peralatan perah, dan sistem irigasi."
49-3042.00,"Mobile Heavy Equipment Mechanics, Except Engines",Mekanik Alat Berat,"Mendiagnosis, menyetel, memperbaiki, atau merombak total alat mekanis, hidrolik, dan pneumatik bergerak, seperti derek, buldoser, grader, dan konveyor, yang dipakai di konstruksi, pembalakan, dan pertambangan."
49-3043.00,Rail Car Repairers,Teknisi Perbaikan Gerbong Kereta,"Mendiagnosis, menyetel, memperbaiki, atau merombak total gerbong kereta api, kereta tambang, atau kereta angkutan massal."
49-3051.00,Motorboat Mechanics and Service Technicians,Mekanik Perahu Motor,Memperbaiki dan menyetel peralatan listrik dan mekanis mesin perahu.
49-3052.00,Motorcycle Mechanics,Mekanik Sepeda Motor,"Mendiagnosis, menyetel, memperbaiki, atau merombak total sepeda motor, skuter, motor trail, atau kendaraan bermotor sejenis."
49-3053.00,Outdoor Power Equipment and Other Small Engine Mechanics,Mekanik Mesin Kecil,"Mendiagnosis, menyetel, memperbaiki, atau merombak total mesin kecil penggerak mesin potong rumput, gergaji mesin, peralatan olahraga rekreasi, dan peralatan sejenis."
49-3091.00,Bicycle Repairers,Teknisi Perbaikan Sepeda,Memperbaiki dan menyervis sepeda.
49-3092.00,Recreational Vehicle Service Technicians,Teknisi Kendaraan Rekreasi,"Mendiagnosis, memeriksa, menyetel, memperbaiki, atau merombak total kendaraan rekreasi, termasuk karavan. Dapat mengkhususkan diri pada sistem gas, listrik, hidrolik, perpipaan, atau sasis, serta memperbaiki generator, peralatan, dan komponen interior."
49-3093.00,Tire Repairers and Changers,Tukang Tambal dan Ganti Ban,Menambal dan mengganti ban.
49-9011.00,Mechanical Door Repairers,Teknisi Perbaikan Pintu Mekanis,"Memasang, menyervis, atau memperbaiki mekanisme pintu otomatis dan pintu hidrolik. Termasuk mekanik pintu garasi."
49-9012.00,"Control and Valve Installers and Repairers, Except Mechanical Door",Pemasang dan Teknisi Alat Kontrol dan Katup,"Memasang, memperbaiki, dan merawat alat pengatur dan pengendali mekanis, seperti meteran listrik, regulator gas, termostat, katup pengaman, dan katup aliran."
49-9021.00,"Heating, Air Conditioning, and Refrigeration Mechanics and Installers","Teknisi Pemanas, Pendingin Udara, dan Refrigerasi","Memasang atau memperbaiki sistem pemanas, pendingin udara sentral, HVAC, atau refrigerasi, termasuk pembakar minyak, tungku udara panas, dan kompor pemanas."
49-9031.00,Home Appliance Repairers,Teknisi Perbaikan Peralatan Rumah Tangga,"Memperbaiki, menyetel, atau memasang segala jenis peralatan rumah tangga listrik atau gas, seperti kulkas, mesin cuci, pengering, dan oven."
49-9041.00,Industrial Machinery Mechanics,Mekanik Mesin Industri,"Memperbaiki, memasang, menyetel, atau merawat mesin produksi dan pengolahan industri atau sistem kilang dan distribusi pipa. Dapat juga memasang, membongkar, atau memindahkan mesin dan alat berat sesuai rencana."
49-9043.00,"Maintenance Workers, Machinery",Pekerja Pemeliharaan Mesin,"Melumasi mesin, mengganti komponen, atau mengerjakan pemeliharaan mesin rutin lainnya."
49-9044.00,Millwrights,Pemasang Mesin Pabrik (Millwright),"Memasang, membongkar, atau memindahkan mesin dan alat berat sesuai rencana tata letak, gambar teknik, atau gambar lain."
49-9045.00,"Refractory Materials Repairers, Except Brickmasons",Teknisi Perbaikan Bahan Tahan Api,"Membuat atau memperbaiki peralatan seperti tanur, tungku pembakaran, ketel, dan oven dengan bahan tahan api."
49-9051.00,Electrical Power-Line Installers and Repairers,Teknisi Jaringan Listrik,Memasang atau memperbaiki kabel atau kawat pada sistem tenaga atau distribusi listrik. Dapat mendirikan tiang dan menara transmisi.
49-9052.00,Telecommunications Line Installers and Repairers,Teknisi Jaringan Kabel Telekomunikasi,"Memasang dan memperbaiki kabel telekomunikasi, termasuk serat optik."
49-9061.00,Camera and Photographic Equipment Repairers,Teknisi Perbaikan Kamera dan Alat Fotografi,"Memperbaiki dan menyetel kamera dan peralatan fotografi, termasuk kamera video dan film komersial."
49-9062.00,Medical Equipment Repairers,Teknisi Perbaikan Peralatan Medis,"Menguji, menyetel, atau memperbaiki peralatan biomedis atau elektromedis."
49-9063.00,Musical Instrument Repairers and Tuners,Teknisi Perbaikan dan Penala Alat Musik,"Memperbaiki alat musik pukul, gesek atau petik, dan tiup. Dapat mengkhususkan diri pada satu bidang, seperti menala piano."
49-9064.00,Watch and Clock Repairers,Tukang Reparasi Jam,"Memperbaiki, membersihkan, dan menyetel mekanisme alat penunjuk waktu, seperti jam tangan dan jam dinding."
49-9071.00,"Maintenance and Repair Workers, General",Pekerja Pemeliharaan dan Perbaikan Umum,"Mengerjakan pekerjaan yang menuntut keterampilan dari dua atau lebih bidang pemeliharaan atau pertukangan untuk menjaga mesin, peralatan mekanis, atau bangunan tetap baik. Tugasnya dapat mencakup pemasangan pipa, pemeliharaan HVAC, pengelasan, pertukangan kayu, perbaikan peralatan listrik atau mekanis, dan perbaikan bangunan."
49-9081.00,Wind Turbine Service Technicians,Teknisi Turbin Angin,"Memeriksa, mendiagnosis, menyetel, atau memperbaiki turbin angin. Merawat peralatan turbin angin, termasuk mengatasi gangguan listrik, mekanis, dan hidrolik."
49-9091.00,"Coin, Vending, and Amusement Machine Servicers and Repairers",Teknisi Mesin Penjual Otomatis dan Mesin Permainan,"Memasang, menyervis, menyetel, atau memperbaiki mesin koin, mesin penjual otomatis, atau mesin permainan, termasuk gim video dan mesin slot."
49-9092.00,Commercial Divers,Penyelam Komersial,"Bekerja di bawah permukaan air dengan pasokan udara dari permukaan atau peralatan selam untuk memeriksa, memperbaiki, melepas, atau memasang peralatan dan bangunan. Dapat memakai berbagai perkakas, seperti bor, palu besar, dan peralatan las, serta memotret bangunan atau biota laut."
49-9094.00,Locksmiths and Safe Repairers,Tukang Kunci dan Teknisi Brankas,"Memperbaiki dan membuka kunci, membuat anak kunci, mengganti kunci dan kombinasi brankas, serta memasang dan memperbaiki brankas."
49-9095.00,Manufactured Building and Mobile Home Installers,Pemasang Bangunan Pabrikan dan Rumah Mobil,Memindahkan atau memasang rumah mobil atau bangunan prafabrikasi.
49-9096.00,Riggers,Juru Ikat Beban (Rigger),"Memasang atau memperbaiki tali-temali pengangkat untuk proyek konstruksi, pabrik, tempat penumpukan kayu, kapal dan galangan, atau industri hiburan."
49-9097.00,Signal and Track Switch Repairers,Teknisi Sinyal dan Wesel Rel,"Memasang, memeriksa, menguji, merawat, atau memperbaiki palang perlintasan listrik, sinyal, wesel, atau sistem komunikasi dalam jaringan kereta api."
49-9098.00,"Helpers--Installation, Maintenance, and Repair Workers","Pembantu Pekerja Pemasangan, Pemeliharaan, dan Perbaikan","Membantu pekerja pemasangan, pemeliharaan, dan perbaikan dalam merawat, mengganti komponen, dan memperbaiki kendaraan, mesin industri, serta peralatan listrik dan elektronik. Mengerjakan tugas seperti menyediakan perkakas dan bahan, membersihkan area kerja, dan memegangi bahan atau perkakas."
51-1011.00,First-Line Supervisors of Production and Operating Workers,Penyelia Pekerja Produksi dan Operasi,"Mengawasi langsung dan mengoordinasikan kegiatan pekerja produksi dan operasi, seperti pemeriksa, pekerja presisi, operator mesin, perakit, dan operator pabrik."
51-2011.00,"Aircraft Structure, Surfaces, Rigging, and Systems Assemblers",Perakit Struktur dan Sistem Pesawat Terbang,"Merakit, mengepaskan, mengikat, dan memasang bagian pesawat terbang, wahana antariksa, atau peluru kendali, seperti ekor, sayap, badan pesawat, roda pendarat, dan peralatan kendali."
51-2021.00,"Coil Winders, Tapers, and Finishers",Penggulung Kumparan,"Menggulung kumparan kawat yang dipakai pada komponen listrik, seperti resistor dan transformator, serta pada peralatan listrik seperti motor, generator, dan alat kendali."
51-2022.00,Electrical and Electronic Equipment Assemblers,Perakit Peralatan Listrik dan Elektronik,"Merakit atau mengubah peralatan listrik atau elektronik, seperti komputer, alat uji, motor listrik, dan baterai."
51-2023.00,Electromechanical Equipment Assemblers,Perakit Peralatan Elektromekanik,"Merakit atau mengubah peralatan atau perangkat elektromekanik, seperti servomekanisme, giroskop, rem, aktuator, dan peralatan rumah tangga."
51-2031.00,Engine and Other Machine Assemblers,Perakit Mesin,"Membuat, merakit, atau membangun ulang mesin, seperti motor, turbin, dan peralatan sejenis yang dipakai di industri konstruksi, pertambangan, tekstil, dan kertas."
51-2041.00,Structural Metal Fabricators and Fitters,Pembuat dan Penyetel Struktur Logam,"Membuat, menempatkan, meluruskan, dan mengepaskan bagian produk logam struktural."
51-2051.00,Fiberglass Laminators and Fabricators,Pelapis dan Pembuat Barang Serat Kaca,"Melapisi cetakan dengan lapisan serat kaca untuk membentuk geladak dan lambung perahu, bodi mobil golf, mobil, atau produk lain."
51-2061.00,Timing Device Assemblers and Adjusters,Perakit dan Penyetel Alat Pengatur Waktu,"Merakit atau menyetel secara presisi, dalam toleransi sempit, alat pengatur waktu seperti jam digital atau pengatur waktu dengan komponen listrik atau elektronik."
51-2092.00,Team Assemblers,Perakit Regu,"Bekerja dalam tim yang bertanggung jawab merakit satu produk atau komponen secara utuh. Perakit regu dapat mengerjakan semua tugas tim dan bergiliran mengerjakannya, bukan ditugasi satu pekerjaan secara tetap."
51-3011.00,Bakers,Pembuat Roti,"Mencampur dan memanggang bahan untuk membuat roti, kue kering, bolu, pai, pastri, atau makanan panggang lain."
51-3021.00,Butchers and Meat Cutters,Tukang Daging,"Memotong, merapikan, atau menyiapkan daging dalam porsi siap jual untuk dipakai atau dijual di toko eceran."
51-3022.00,"Meat, Poultry, and Fish Cutters and Trimmers","Pemotong Daging, Unggas, dan Ikan","Memotong dan merapikan daging, unggas, dan hasil laut secara rutin dengan tangan atau perkakas tangan."
51-3023.00,Slaughterers and Meat Packers,Tukang Jagal dan Pengemas Daging,"Mengerjakan tugas tidak rutin atau presisi dalam menyiapkan daging berukuran besar. Pekerjaan dapat mencakup penyembelihan khusus, memotong daging potongan standar atau premium untuk dipasarkan, membuat sosis, atau membungkus daging."
51-3091.00,"Food and Tobacco Roasting, Baking, and Drying Machine Operators and Tenders","Operator Mesin Sangrai, Panggang, dan Pengering Makanan dan Tembakau","Mengoperasikan atau menjaga peralatan sangrai, panggang, atau pengering makanan atau tembakau, termasuk oven, pengering tungku, dan mesin sangrai."
51-3092.00,Food Batchmakers,Pengolah Adonan Makanan,Memasang dan mengoperasikan peralatan yang mencampur bahan dalam pembuatan produk makanan. Termasuk pembuat permen dan pembuat keju.
51-3093.00,Food Cooking Machine Operators and Tenders,Operator Mesin Pemasak Makanan,"Mengoperasikan atau menjaga peralatan masak, seperti bejana masak uap, penggoreng, panci presto, dan ketel, untuk menyiapkan produk makanan."
51-4021.00,"Extruding and Drawing Machine Setters, Operators, and Tenders, Metal and Plastic",Operator Mesin Ekstrusi dan Penarikan Logam dan Plastik,"Menyetel, mengoperasikan, atau menjaga mesin untuk mengekstrusi atau menarik bahan termoplastik atau logam menjadi pipa, batang, selang, kawat, atau bentuk struktural."
51-4022.00,"Forging Machine Setters, Operators, and Tenders, Metal and Plastic",Operator Mesin Tempa Logam dan Plastik,"Menyetel, mengoperasikan, atau menjaga mesin tempa untuk meruncingkan, membentuk, atau mencetak komponen logam atau plastik."
51-4023.00,"Rolling Machine Setters, Operators, and Tenders, Metal and Plastic",Operator Mesin Giling Logam dan Plastik,"Menyetel, mengoperasikan, atau menjaga mesin untuk menggiling baja atau plastik menjadi lengkungan, gulungan, atau pelat, atau untuk meratakan dan menipiskan bahan."
51-4031.00,"Cutting, Punching, and Press Machine Setters, Operators, and Tenders, Metal and Plastic","Operator Mesin Potong, Pelubang, dan Pres Logam dan Plastik","Menyetel, mengoperasikan, atau menjaga mesin untuk menggergaji, memotong, menggunting, melubangi, menekuk, atau meluruskan bahan logam atau plastik."
51-4032.00,"Drilling and Boring Machine Tool Setters, Operators, and Tenders, Metal and Plastic",Operator Mesin Bor Logam dan Plastik,"Menyetel, mengoperasikan, atau menjaga mesin bor untuk mengebor, memperbesar lubang, atau meratakan benda kerja logam atau plastik."
51-4033.00,"Grinding, Lapping, Polishing, and Buffing Machine Tool Setters, Operators, and Tenders, Metal and Plastic",Operator Mesin Gerinda dan Poles Logam dan Plastik,"Menyetel, mengoperasikan, atau menjaga mesin gerinda dan sejenisnya untuk membuang kelebihan bahan dari permukaan, menajamkan tepi atau sudut, atau memoles benda kerja logam atau plastik."
51-4034.00,"Lathe and Turning Machine Tool Setters, Operators, and Tenders, Metal and Plastic",Operator Mesin Bubut Logam dan Plastik,"Menyetel, mengoperasikan, atau menjaga mesin bubut untuk membubut, mengebor, membuat ulir, atau membentuk bahan logam atau plastik, seperti kawat atau batang."
51-4035.00,"Milling and Planing Machine Setters, Operators, and Tenders, Metal and Plastic",Operator Mesin Frais dan Ketam Logam dan Plastik,"Menyetel, mengoperasikan, atau menjaga mesin frais atau ketam untuk memfrais, mengetam, membentuk, atau membuat alur pada benda kerja logam atau plastik."
51-4041.00,Machinists,Masinis Bengkel (Operator Mesin Perkakas),"Menyetel dan mengoperasikan berbagai mesin perkakas untuk membuat komponen dan instrumen presisi dari logam. Dapat juga membuat dan mengubah komponen untuk membuat atau memperbaiki mesin perkakas atau merawat mesin industri, dengan pengetahuan tentang mekanika, matematika, sifat logam, dan prosedur pemesinan."
51-4051.00,Metal-Refining Furnace Operators and Tenders,Operator Tanur Pemurnian Logam,"Mengoperasikan atau menjaga tanur, seperti tanur gas, minyak, batu bara, busur listrik, atau induksi, untuk melelehkan dan memurnikan logam sebelum dicor atau untuk menghasilkan jenis baja tertentu."
51-4052.00,"Pourers and Casters, Metal",Penuang dan Pengecor Logam,Mengoperasikan mekanisme kendali tangan untuk menuang dan mengatur aliran logam cair ke dalam cetakan guna menghasilkan benda cor atau ingot.
51-4061.00,"Model Makers, Metal and Plastic",Pembuat Model Logam dan Plastik,"Menyetel dan mengoperasikan mesin, seperti mesin bubut, frais, dan ukir, untuk membuat model kerja benda logam atau plastik."
51-4062.00,"Patternmakers, Metal and Plastic",Pembuat Pola Logam dan Plastik,"Menata, mengerjakan dengan mesin, mengepaskan, dan merakit benda cor dan komponen menjadi pola pengecoran, kotak inti, atau pelat pola dari logam atau plastik."
51-4071.00,Foundry Mold and Coremakers,Pembuat Cetakan dan Inti Pengecoran,Membuat atau membentuk inti atau cetakan dari lilin atau pasir yang dipakai dalam pembuatan benda cor logam di pengecoran.
51-4072.00,"Molding, Coremaking, and Casting Machine Setters, Operators, and Tenders, Metal and Plastic",Operator Mesin Cetak dan Cor Logam dan Plastik,"Menyetel, mengoperasikan, atau menjaga mesin cetak, cor, atau pembuat inti untuk mencetak atau mengecor komponen atau produk logam maupun termoplastik."
51-4081.00,"Multiple Machine Tool Setters, Operators, and Tenders, Metal and Plastic",Operator Beberapa Mesin Perkakas Logam dan Plastik,"Menyetel, mengoperasikan, atau menjaga lebih dari satu jenis mesin perkakas potong atau pembentuk, atau robot."
51-4111.00,Tool and Die Makers,Pembuat Perkakas dan Cetakan,"Menganalisis spesifikasi, menata bahan logam, menyetel dan mengoperasikan mesin perkakas, serta mengepaskan dan merakit komponen untuk membuat dan memperbaiki cetakan, alat potong, alat bantu jepit, alat ukur, dan perkakas tangan."
51-4121.00,"Welders, Cutters, Solderers, and Brazers","Juru Las, Potong, Solder, dan Patri","Memakai peralatan las tangan, potong api, solder tangan, atau patri untuk mengelas atau menyambung komponen logam, atau mengisi lubang, lekukan, atau sambungan pada produk logam."
51-4122.00,"Welding, Soldering, and Brazing Machine Setters, Operators, and Tenders","Operator Mesin Las, Solder, dan Patri","Menyetel, mengoperasikan, atau menjaga mesin atau robot las, solder, atau patri yang mengelas, mematri, menyolder, atau memberi perlakuan panas pada produk atau komponen logam. Termasuk pekerja yang mengoperasikan pemotong laser."
51-4191.00,"Heat Treating Equipment Setters, Operators, and Tenders, Metal and Plastic",Operator Peralatan Perlakuan Panas Logam dan Plastik,"Menyetel, mengoperasikan, atau menjaga peralatan pemanas, seperti tanur perlakuan panas dan mesin induksi, untuk melunakkan, mengeraskan, atau memberi perlakuan panas pada benda logam atau plastik."
51-4192.00,"Layout Workers, Metal and Plastic",Juru Tata Letak Logam dan Plastik,"Menandai titik acuan dan ukuran pada bahan atau benda kerja logam atau plastik, seperti lembaran, pelat, pipa, benda cor, atau komponen mesin, untuk pengerjaan lebih lanjut."
51-4193.00,"Plating Machine Setters, Operators, and Tenders, Metal and Plastic",Operator Mesin Pelapisan Logam dan Plastik,"Menyetel, mengoperasikan, atau menjaga mesin pelapis untuk melapisi produk logam atau plastik dengan krom, seng, tembaga, nikel, atau logam lain guna melindungi atau menghias permukaan."
51-4194.00,"Tool Grinders, Filers, and Sharpeners",Pengasah dan Pengikir Perkakas,"Menghaluskan, mengasah, memoles, atau menggerinda benda logam secara presisi."
51-5111.00,Prepress Technicians and Workers,Teknisi Pracetak,Menata dan memeriksa teks dan gambar dari perancang dan klien menjadi halaman jadi yang siap dicetak. Dapat membuat pelat cetak.
51-5112.00,Printing Press Operators,Operator Mesin Cetak,"Menyetel dan mengoperasikan mesin cetak digital, cetak tinggi, litografi, fleksografi, gravur, atau jenis lain."
51-5113.00,Print Binding and Finishing Workers,Pekerja Penjilidan dan Penyelesaian Cetakan,Menjilid buku dan terbitan lain atau menyelesaikan produk cetakan dengan tangan atau mesin. Dapat menyetel mesin jilid dan mesin penyelesaian.
51-6011.00,Laundry and Dry-Cleaning Workers,Pekerja Binatu dan Cuci Kering,"Mengoperasikan atau menjaga mesin cuci atau cuci kering untuk mencuci barang industri atau rumah tangga, seperti pakaian, kulit, bulu, selimut, gorden, seprai, dan karpet."
51-6021.00,"Pressers, Textile, Garment, and Related Materials",Tukang Setrika Tekstil dan Pakaian,Menyetrika atau membentuk barang dengan tangan atau mesin.
51-6031.00,Sewing Machine Operators,Operator Mesin Jahit,"Mengoperasikan atau menjaga mesin jahit untuk menyambung, memperkuat, menghias, atau mengerjakan jahitan lain dalam pembuatan pakaian atau produk lain."
51-6041.00,Shoe and Leather Workers and Repairers,Perajin dan Tukang Reparasi Sepatu dan Kulit,"Membuat, menghias, atau memperbaiki produk kulit dan sejenisnya, seperti koper, sepatu, dan pelana. Dapat memakai perkakas tangan."
51-6042.00,Shoe Machine Operators and Tenders,Operator Mesin Sepatu,"Mengoperasikan atau menjaga berbagai mesin untuk menyambung, menghias, memperkuat, atau menyelesaikan sepatu dan bagian-bagiannya."
51-6051.00,"Sewers, Hand",Penjahit Tangan,"Menjahit, menyambung, memperkuat, atau menyelesaikan berbagai barang buatan pabrik, biasanya dengan jarum dan benang."
51-6052.00,"Tailors, Dressmakers, and Custom Sewers",Penjahit Pakaian,"Merancang, membuat, mengubah, memperbaiki, atau mengepaskan pakaian."
51-6061.00,Textile Bleaching and Dyeing Machine Operators and Tenders,Operator Mesin Pemutih dan Pencelup Tekstil,"Mengoperasikan atau menjaga mesin untuk memutihkan, menyusutkan, mencuci, mencelup, atau menyelesaikan tekstil atau serat sintetis maupun serat kaca."
51-6062.00,"Textile Cutting Machine Setters, Operators, and Tenders",Operator Mesin Potong Tekstil,"Menyetel, mengoperasikan, atau menjaga mesin pemotong tekstil."
51-6063.00,"Textile Knitting and Weaving Machine Setters, Operators, and Tenders",Operator Mesin Rajut dan Tenun,"Menyetel, mengoperasikan, atau menjaga mesin yang merajut atau menenun tekstil."
51-6064.00,"Textile Winding, Twisting, and Drawing Out Machine Setters, Operators, and Tenders",Operator Mesin Penggulung dan Pemintal Tekstil,"Menyetel, mengoperasikan, atau menjaga mesin yang menggulung atau memilin tekstil, atau menarik dan memadukan serat seperti wol, rami, atau serat sintetis."
51-6091.00,"Extruding and Forming Machine Setters, Operators, and Tenders, Synthetic and Glass Fibers",Operator Mesin Ekstrusi Serat Sintetis dan Serat Kaca,"Menyetel, mengoperasikan, atau menjaga mesin yang mengekstrusi dan membentuk filamen dari bahan sintetis, seperti polimer cair, rayon, dan serat kaca."
51-6092.00,Fabric and Apparel Patternmakers,Pembuat Pola Kain dan Pakaian,Menggambar dan membuat set pola induk kain yang presisi. Dapat juga menandai dan memotong kain dan pakaian.
51-6093.00,Upholsterers,Tukang Pelapis Jok,"Membuat, memperbaiki, atau mengganti pelapis jok mebel rumah tangga atau kendaraan."
51-7011.00,Cabinetmakers and Bench Carpenters,Pembuat Lemari dan Tukang Kayu Mebel,"Memotong, membentuk, dan merakit barang kayu, atau menyetel dan mengoperasikan berbagai mesin pengolah kayu, seperti gergaji mesin dan mesin ketam, untuk meratakan, memotong, atau membentuk kayu."
51-7021.00,Furniture Finishers,Tukang Penyelesaian Mebel,"Membentuk, menyelesaikan, dan memperbarui lapisan mebel yang rusak, aus, atau bekas, maupun mebel baru bermutu tinggi, sesuai warna atau lapisan akhir yang ditentukan."
51-7031.00,"Model Makers, Wood",Pembuat Model Kayu,Membuat model kayu presisi suatu produk dalam ukuran sebenarnya atau berskala.
51-7032.00,"Patternmakers, Wood",Pembuat Pola Kayu,"Merencanakan, menata, dan membuat pola kayu yang dipakai untuk membentuk cetakan pasir pengecoran."
51-7041.00,"Sawing Machine Setters, Operators, and Tenders, Wood",Operator Mesin Gergaji Kayu,"Menyetel, mengoperasikan, atau menjaga mesin gergaji kayu. Dapat mengoperasikan peralatan CNC."
51-7042.00,"Woodworking Machine Setters, Operators, and Tenders, Except Sawing",Operator Mesin Pengolah Kayu,"Menyetel, mengoperasikan, atau menjaga mesin pengolah kayu, seperti mesin bor, bubut, pembentuk, ampelas, dan ketam. Dapat mengoperasikan peralatan CNC."
51-8011.00,Nuclear Power Reactor Operators,Operator Reaktor Pembangkit Nuklir,"Mengoperasikan atau mengendalikan reaktor nuklir. Menggerakkan batang kendali, menghidupkan dan mematikan peralatan, memantau dan menyetel kontrol, serta mencatat data. Menjalankan prosedur darurat bila perlu."
51-8012.00,Power Distributors and Dispatchers,Pengatur Distribusi Tenaga Listrik,"Mengoordinasikan, mengatur, atau mendistribusikan listrik atau uap."
51-8013.00,Power Plant Operators,Operator Pembangkit Listrik,"Mengendalikan, mengoperasikan, atau merawat mesin pembangkit tenaga listrik."
51-8021.00,Stationary Engineers and Boiler Operators,Operator Ketel Uap dan Mesin Stasioner,"Mengoperasikan atau merawat mesin stasioner, ketel uap, atau peralatan mekanis lain yang menyediakan utilitas bagi gedung atau proses industri, seperti mesin uap, generator, motor, turbin, dan ketel."
51-8031.00,Water and Wastewater Treatment Plant and System Operators,Operator Instalasi Pengolahan Air dan Air Limbah,"Mengoperasikan atau mengendalikan seluruh proses atau sistem mesin, sering lewat papan kendali, untuk mengalirkan atau mengolah air atau air limbah."
51-8091.00,Chemical Plant and System Operators,Operator Pabrik dan Sistem Kimia,Mengendalikan atau mengoperasikan seluruh proses kimia atau sistem mesinnya.
51-8092.00,Gas Plant Operators,Operator Pabrik Gas,Mendistribusikan atau mengolah gas untuk perusahaan utilitas dan pihak lain dengan mengendalikan kompresor agar tekanan di pipa utama terjaga.
51-8093.00,"Petroleum Pump System Operators, Refinery Operators, and Gaugers","Operator Pompa, Kilang, dan Pengukur Minyak Bumi","Mengoperasikan atau mengendalikan unit penyulingan atau pengolahan minyak bumi. Dapat mengkhususkan diri pada sistem pompa, pengukuran atau pengujian minyak di tangki, atau pengaturan aliran minyak ke jaringan pipa."
51-9011.00,Chemical Equipment Operators and Tenders,Operator Peralatan Kimia,"Mengoperasikan atau menjaga peralatan untuk mengendalikan perubahan atau reaksi kimia dalam pengolahan produk industri atau konsumen, seperti ketel berselubung uap dan bejana reaktor."
51-9012.00,"Separating, Filtering, Clarifying, Precipitating, and Still Machine Setters, Operators, and Tenders","Operator Mesin Pemisah, Penyaring, dan Penyuling","Menyetel, mengoperasikan, atau menjaga peralatan seperti penyaring tekan, ayakan getar, sentrifus, tangki pengendap atau fermentasi, dan alat suling. Mesin ini memisahkan cairan, gas, atau padatan dari bahan lain untuk memperoleh produk murni. Termasuk operator peralatan pengolahan susu."
51-9021.00,"Crushing, Grinding, and Polishing Machine Setters, Operators, and Tenders","Operator Mesin Penghancur, Gerinda, dan Poles","Menyetel, mengoperasikan, atau menjaga mesin untuk menghancurkan, menggiling, atau memoles bahan seperti batu bara, kaca, biji-bijian, batu, makanan, atau karet."
51-9022.00,"Grinding and Polishing Workers, Hand",Pekerja Gerinda dan Poles Manual,"Menggerinda, mengampelas, atau memoles berbagai benda logam, kayu, batu, tanah liat, plastik, atau kaca dengan perkakas tangan atau perkakas listrik genggam."
51-9023.00,"Mixing and Blending Machine Setters, Operators, and Tenders",Operator Mesin Pencampur,"Menyetel, mengoperasikan, atau menjaga mesin untuk mencampur bahan seperti bahan kimia, tembakau, cairan, pigmen warna, atau bahan peledak."
51-9031.00,"Cutters and Trimmers, Hand",Pemotong dan Perapi Manual,"Memakai perkakas tangan atau perkakas listrik genggam untuk memotong dan merapikan berbagai barang, seperti karpet, kain, batu, kaca, atau karet."
51-9032.00,"Cutting and Slicing Machine Setters, Operators, and Tenders",Operator Mesin Pemotong dan Pengiris,"Menyetel, mengoperasikan, atau menjaga mesin yang memotong atau mengiris bahan seperti kaca, batu, gabus, karet, tembakau, makanan, kertas, atau bahan insulasi."
51-9041.00,"Extruding, Forming, Pressing, and Compacting Machine Setters, Operators, and Tenders","Operator Mesin Ekstrusi, Pembentuk, dan Pres","Menyetel, mengoperasikan, atau menjaga mesin untuk membentuk produk seperti barang kaca, makanan, karet, sabun, bata, ubin, tanah liat, lilin, tembakau, atau kosmetik."
51-9051.00,"Furnace, Kiln, Oven, Drier, and Kettle Operators and Tenders","Operator Tanur, Tungku, Oven, dan Pengering","Mengoperasikan atau menjaga peralatan pemanas selain peralatan pengolahan logam dasar, plastik, atau makanan. Mencakup kegiatan seperti melunakkan kaca, mengeringkan kayu, memasak karet, mengurangi kadar air bahan, atau merebus sabun."
51-9061.00,"Inspectors, Testers, Sorters, Samplers, and Weighers","Pemeriksa, Penguji, Penyortir, dan Penimbang Produk","Memeriksa, menguji, menyortir, mengambil sampel, atau menimbang bahan baku nonpertanian maupun komponen atau produk hasil olahan untuk menemukan cacat, keausan, dan penyimpangan dari spesifikasi. Dapat memakai alat ukur presisi dan alat uji yang kompleks."
51-9071.00,Jewelers and Precious Stone and Metal Workers,Perajin Perhiasan serta Batu dan Logam Mulia,"Merancang, membuat, menyetel, memperbaiki, atau menaksir perhiasan, emas, perak, logam mulia lain, atau batu permata."
51-9071.06,Gem and Diamond Workers,Perajin Batu Permata dan Berlian,"Membuat, menyelesaikan, atau menilai mutu batu permata dan berlian yang dipakai pada perhiasan atau perkakas industri."
51-9081.00,Dental Laboratory Technicians,Teknisi Laboratorium Gigi,Membuat dan memperbaiki gigi tiruan penuh atau sebagian maupun alat gigi lain.
51-9082.00,Medical Appliance Technicians,Teknisi Alat Bantu Medis,"Membuat, merawat, atau memperbaiki alat bantu medis seperti penyangga, ortosis, prostesis, sendi tiruan, dan penopang telapak kaki."
51-9083.00,Ophthalmic Laboratory Technicians,Teknisi Laboratorium Optik,"Memotong, menggerinda, dan memoles lensa kacamata, lensa kontak, atau komponen optik presisi lain. Merakit dan memasang lensa pada bingkai."
51-9111.00,Packaging and Filling Machine Operators and Tenders,Operator Mesin Pengemas dan Pengisi,Mengoperasikan atau menjaga mesin untuk menyiapkan produk industri atau konsumen bagi penyimpanan atau pengiriman. Termasuk pekerja pengalengan yang mengemas produk makanan.
51-9123.00,"Painting, Coating, and Decorating Workers","Pekerja Pengecatan, Pelapisan, dan Dekorasi","Mengecat, melapisi, atau menghias barang seperti mebel, kaca, peralatan makan, tembikar, perhiasan, mainan, buku, atau kulit."
51-9124.00,"Coating, Painting, and Spraying Machine Setters, Operators, and Tenders","Operator Mesin Pelapis, Cat, dan Semprot","Menyetel, mengoperasikan, atau menjaga mesin semprot atau rol untuk melapisi atau mengecat berbagai produk, termasuk barang kaca, kain, keramik, logam, plastik, kertas, atau kayu, dengan pernis, glasir, enamel, minyak, atau bahan antikarat. Termasuk tukang cat kendaraan di bengkel bodi."
51-9141.00,Semiconductor Processing Technicians,Teknisi Pemrosesan Semikonduktor,"Mengerjakan sebagian atau seluruh tahap pembuatan semikonduktor elektronik: memasukkan bahan ke tanur, menggergaji ingot menjadi wafer, serta membersihkan, memoles, dan memasukkan wafer ke rangkaian tanur, bak kimia, dan peralatan khusus untuk membentuk sirkuit."
51-9151.00,Photographic Process Workers and Processing Machine Operators,Pekerja Proses Fotografi,Mengerjakan pencucian dan pemrosesan gambar foto dari film atau media digital. Dapat mengerjakan tugas presisi seperti menyunting negatif dan cetakan foto.
51-9161.00,Computer Numerically Controlled Tool Operators,Operator Mesin Perkakas CNC,"Mengoperasikan perkakas, mesin, atau robot yang dikendalikan komputer untuk mengerjakan komponen, perkakas, atau benda kerja dari logam, plastik, kayu, batu, atau bahan lain. Dapat juga menyetel dan merawat peralatan."
51-9162.00,Computer Numerically Controlled Tool Programmers,Pemrogram Mesin Perkakas CNC,"Menyusun program untuk mengendalikan pemesinan atau pengolahan bahan oleh mesin perkakas, peralatan, atau sistem otomatis. Dapat juga menyetel, mengoperasikan, atau merawat peralatan."
51-9191.00,Adhesive Bonding Machine Operators and Tenders,Operator Mesin Perekat,"Mengoperasikan atau menjaga mesin perekat yang menyambung barang dengan lem untuk diproses lebih lanjut atau menjadi produk jadi, seperti menyatukan lembaran venir menjadi kayu lapis, mengelem kertas, atau menyambung komponen karet, plastik, atau kulit imitasi."
51-9192.00,"Cleaning, Washing, and Metal Pickling Equipment Operators and Tenders",Operator Peralatan Pembersih dan Pencuci,"Mengoperasikan atau menjaga mesin untuk mencuci atau membersihkan produk, seperti tong, barang kaca, pelat timah, makanan, bubur kertas, batu bara, plastik, atau karet, guna membuang kotoran."
51-9193.00,Cooling and Freezing Equipment Operators and Tenders,Operator Peralatan Pendingin dan Pembeku,"Mengoperasikan atau menjaga peralatan seperti unit pendingin dan pembeku, kulkas, dan terowongan pembeku untuk mendinginkan atau membekukan produk, makanan, plasma darah, dan bahan kimia."
51-9194.00,Etchers and Engravers,Pengetsa dan Pengukir,"Mengukir atau mengetsa logam, kayu, karet, atau bahan lain."
51-9195.00,"Molders, Shapers, and Casters, Except Metal and Plastic",Pencetak dan Pembentuk Bahan Non-Logam,"Mencetak, membentuk, mengecor, atau mengukir produk seperti produk makanan, patung kecil, ubin, pipa, dan lilin dari tanah liat, kaca, gips, beton, batu, atau gabungan bahan."
51-9195.03,"Stone Cutters and Carvers, Manufacturing",Pemotong dan Pemahat Batu,Memotong atau memahat batu sesuai diagram dan pola.
51-9195.04,"Glass Blowers, Molders, Benders, and Finishers",Peniup dan Pembentuk Kaca,Membentuk kaca cair sesuai pola.
51-9195.05,"Potters, Manufacturing",Perajin Tembikar,Mengoperasikan mesin produksi seperti mesin pengaduk tanah liat atau roda putar untuk mengolah tanah liat dalam pembuatan produk keramik dan tembikar.
51-9196.00,"Paper Goods Machine Setters, Operators, and Tenders",Operator Mesin Barang Kertas,"Menyetel, mengoperasikan, atau menjaga mesin barang kertas yang mengerjakan berbagai fungsi, seperti memotong, membuat gelombang, mengikat, membungkus, membentuk kotak, menjahit, atau menyegel lembaran kertas atau karton menjadi produk."
51-9197.00,Tire Builders,Pembuat Ban,Mengoperasikan mesin untuk membuat ban.
51-9198.00,Helpers--Production Workers,Pembantu Pekerja Produksi,"Membantu pekerja produksi dengan mengerjakan tugas yang menuntut keterampilan lebih rendah, seperti menyediakan atau memegang bahan dan perkakas serta membersihkan area kerja dan peralatan."
53-1041.00,Aircraft Cargo Handling Supervisors,Penyelia Bongkar Muat Kargo Pesawat,"Mengawasi dan mengoordinasikan kegiatan petugas darat dalam memuat, membongkar, mengikat, dan menata kargo atau bagasi pesawat. Dapat menentukan jumlah dan posisi kargo serta menghitung titik berat pesawat. Dapat ikut terbang sebagai awak untuk memantau kargo dan memberi penjelasan keselamatan kepada penumpang."
53-1042.00,"First-Line Supervisors of Helpers, Laborers, and Material Movers, Hand",Penyelia Buruh dan Pemindah Barang,"Mengawasi langsung dan mengoordinasikan kegiatan pembantu, buruh, atau pemindah barang."
53-1043.00,First-Line Supervisors of Material-Moving Machine and Vehicle Operators,Penyelia Operator Kendaraan dan Mesin Pemindah Barang,Mengawasi langsung dan mengoordinasikan kegiatan operator mesin dan kendaraan pemindah barang beserta pembantunya.
53-1044.00,First-Line Supervisors of Passenger Attendants,Penyelia Petugas Layanan Penumpang,Mengawasi dan mengoordinasikan kegiatan petugas layanan penumpang.
53-2011.00,"Airline Pilots, Copilots, and Flight Engineers",Pilot dan Kopilot Maskapai Penerbangan,"Menerbangkan dan menavigasi pesawat bersayap tetap, biasanya di rute maskapai berjadwal, untuk mengangkut penumpang dan kargo. Membutuhkan sertifikat pilot angkutan udara dan kualifikasi untuk jenis pesawat yang diterbangkan."
53-2012.00,Commercial Pilots,Pilot Komersial,"Menerbangkan dan menavigasi pesawat bersayap tetap di rute tidak berjadwal, atau helikopter. Membutuhkan sertifikat pilot komersial. Termasuk pilot carter, ambulans udara, dan wisata udara."
53-2021.00,Air Traffic Controllers,Pengatur Lalu Lintas Udara,"Mengatur lalu lintas udara di bandara dan sekitarnya serta pergerakan pesawat antarsektor ketinggian dan pusat kendali, sesuai prosedur dan kebijakan. Memberi izin, mengatur, dan mengendalikan penerbangan komersial agar lancar dan selamat."
53-2022.00,Airfield Operations Specialists,Spesialis Operasi Bandar Udara,"Memastikan pesawat komersial dan militer lepas landas dan mendarat dengan selamat. Tugasnya mencakup koordinasi antara pengatur lalu lintas udara dan petugas pemeliharaan, penggunaan alat bantu pendaratan dan navigasi, penerapan prosedur keselamatan bandara, serta pemantauan catatan penerbangan."
53-2031.00,Flight Attendants,Pramugari dan Pramugara,"Memantau keselamatan kabin pesawat. Melayani penumpang, menjelaskan informasi keselamatan, menyajikan makanan dan minuman, dan menangani keadaan darurat."
53-3011.00,"Ambulance Drivers and Attendants, Except Emergency Medical Technicians",Pengemudi dan Petugas Ambulans,"Mengemudikan ambulans atau membantu pengemudinya mengangkut orang sakit, cedera, atau dalam pemulihan. Membantu mengangkat pasien."
53-3031.00,Driver/Sales Workers,Pengemudi Pengantar dan Penjual,"Mengemudikan truk atau kendaraan lain di rute atau wilayah tertentu untuk menjual atau mengantarkan barang, seperti produk makanan, atau mengambil dan mengantar barang seperti cucian komersial. Dapat juga menerima pesanan, menagih pembayaran, atau menata barang di tempat tujuan."
53-3032.00,Heavy and Tractor-Trailer Truck Drivers,Pengemudi Truk Besar dan Truk Gandeng,Mengemudikan truk gandeng atau truk berkapasitas besar. Dapat diminta membongkar muatan. Membutuhkan surat izin mengemudi komersial. Termasuk pengemudi truk derek.
53-3033.00,Light Truck Drivers,Pengemudi Truk Kecil,"Mengemudikan kendaraan ringan, seperti truk kecil atau van, terutama untuk mengambil barang atau paket dari pusat distribusi dan mengantarkannya. Dapat memuat dan membongkar kendaraan."
53-3051.00,"Bus Drivers, School",Pengemudi Bus Sekolah,Mengemudikan bus sekolah untuk mengangkut siswa. Memastikan aturan keselamatan dipatuhi. Dapat membantu siswa naik atau turun.
53-3052.00,"Bus Drivers, Transit and Intercity",Pengemudi Bus Kota dan Antarkota,"Mengemudikan bus, termasuk di rute tetap, carter, dan angkutan pribadi. Dapat membantu penumpang dengan bagasi serta menarik ongkos atau karcis."
53-3053.00,Shuttle Drivers and Chauffeurs,Pengemudi Antar-Jemput dan Sopir Pribadi,Mengemudikan kendaraan bermotor untuk mengangkut penumpang secara terencana atau terjadwal. Dapat menarik ongkos. Termasuk pengangkut pasien nondarurat dan pengemudi mobil jenazah.
53-4011.00,Locomotive Engineers,Masinis Kereta Api,"Mengemudikan lokomotif listrik, diesel-listrik, uap, atau turbin gas untuk mengangkut penumpang atau barang. Menafsirkan perintah perjalanan, sinyal, serta peraturan perkeretaapian."
53-4013.00,"Rail Yard Engineers, Dinkey Operators, and Hostlers",Masinis Langsir,"Mengemudikan lokomotif langsir atau lokomotif lain di emplasemen kereta api, pabrik, tambang, proyek konstruksi, atau lokasi sejenis."
53-4022.00,"Railroad Brake, Signal, and Switch Operators and Locomotive Firers","Operator Rem, Sinyal, dan Wesel Kereta Api","Mengoperasikan atau memantau wesel rel atau instrumen lokomotif. Dapat merangkai atau melepas gerbong untuk menyusun atau memecah rangkaian kereta. Mengawasi dan meneruskan sinyal. Dapat memeriksa sambungan, selang udara, dan rem tangan."
53-4031.00,Railroad Conductors and Yardmasters,Kondektur Kereta Api dan Kepala Emplasemen,Mengoordinasikan kegiatan awak lokomotif langsir di emplasemen atau lokasi sejenis. Kondektur mengoordinasikan awak kereta penumpang atau barang. Kepala emplasemen menelaah jadwal kereta dan perintah langsir serta mengoordinasikan pekerja operasi lalu lintas kereta.
53-4041.00,Subway and Streetcar Operators,Operator Kereta Bawah Tanah dan Trem,"Mengoperasikan kereta bawah tanah, kereta layang pinggiran kota tanpa lokomotif terpisah, atau trem listrik untuk mengangkut penumpang. Dapat menangani ongkos."
53-5011.00,Sailors and Marine Oilers,Kelasi dan Juru Minyak Kapal,"Berjaga untuk mengawasi rintangan di jalur kapal, mengukur kedalaman air, memutar kemudi di anjungan, atau memakai peralatan darurat sesuai arahan nakhoda, mualim, atau pandu. Menyiapkan, memasang, dan menyimpan peralatan bongkar muat dan tali-temali. Mengerjakan berbagai tugas pemeliharaan kapal."
53-5021.00,"Captains, Mates, and Pilots of Water Vessels","Nakhoda, Mualim, dan Pandu Kapal","Memimpin atau mengawasi operasi kapal, seperti kapal tunda dan kapal feri. Wajib memiliki lisensi dari otoritas pelayaran."
53-5022.00,Motorboat Operators,Operator Perahu Motor,Mengoperasikan perahu motor kecil. Dapat membantu kegiatan navigasi.
53-5031.00,Ship Engineers,Masinis Kapal,"Mengawasi dan mengoordinasikan kegiatan awak yang mengoperasikan dan merawat mesin, ketel, mesin geladak, serta peralatan listrik, sanitasi, dan pendingin di kapal."
53-6011.00,Bridge and Lock Tenders,Penjaga Jembatan dan Pintu Air,"Mengoperasikan dan menjaga jembatan, pintu air kanal, dan mercusuar agar kapal dapat melintas di perairan pedalaman, dekat pantai, dan di titik rawan alur pelayaran. Dapat mengawasi operasi tersebut."
53-6021.00,Parking Attendants,Petugas Parkir,Memarkir kendaraan atau memberikan karcis kepada pelanggan di tempat atau gedung parkir. Dapat menarik biaya parkir.
53-6031.00,Automotive and Watercraft Service Attendants,Petugas Layanan Kendaraan dan Perahu,"Melayani mobil, bus, truk, perahu, dan kendaraan lain dengan bahan bakar, pelumas, dan aksesori. Menerima pembayaran. Dapat melumasi kendaraan, mengganti oli, atau mengganti lampu dan aksesori lain, serta menambal atau mengganti ban."
53-6032.00,Aircraft Service Attendants,Petugas Layanan Pesawat Terbang,"Mengisi bahan bakar pesawat. Dapat menghilangkan es di pesawat, mengisi ulang air dan bahan pendingin, mengosongkan tangki limbah, menyervis sistem udara dan oksigen, atau membersihkan dan memoles bagian luar."
53-6041.00,Traffic Technicians,Teknisi Lalu Lintas,"Melakukan kajian lapangan untuk menentukan volume dan kecepatan lalu lintas, efektivitas lampu lalu lintas, kecukupan penerangan, dan faktor lain yang memengaruhi kondisi lalu lintas, di bawah arahan insinyur lalu lintas."
53-6051.00,Transportation Inspectors,Pemeriksa Transportasi,"Memeriksa peralatan atau barang terkait pengangkutan kargo atau orang yang aman. Termasuk pemeriksa angkutan kereta api, seperti pemeriksa barang dan pemeriksa rel."
53-6051.01,Aviation Inspectors,Pemeriksa Penerbangan,"Memeriksa pesawat terbang, prosedur pemeliharaan, alat bantu navigasi udara, pengaturan lalu lintas udara, dan peralatan komunikasi agar sesuai dengan peraturan keselamatan."
53-6051.07,"Transportation Vehicle, Equipment and Systems Inspectors, Except Aviation","Pemeriksa Kendaraan, Peralatan, dan Sistem Transportasi","Memeriksa dan memantau peralatan, kendaraan, atau sistem transportasi agar mematuhi peraturan dan standar keselamatan."
53-6061.00,Passenger Attendants,Petugas Layanan Penumpang,"Memberi layanan untuk menjaga keselamatan penumpang di kapal, bus, kereta, atau di stasiun dan terminal. Mengerjakan tugas seperti menjelaskan penggunaan alat keselamatan, menyajikan makanan atau minuman, atau menjawab pertanyaan tentang perjalanan."
53-7011.00,Conveyor Operators and Tenders,Operator Konveyor,"Mengendalikan atau menjaga konveyor atau sistem konveyor yang memindahkan bahan atau produk dari dan ke tempat penimbunan, stasiun pengolahan, bagian, atau kendaraan. Dapat mengatur kecepatan dan rute bahan atau produk."
53-7021.00,Crane and Tower Operators,Operator Derek dan Menara Derek,"Mengoperasikan lengan mekanis dan kabel atau menara dan kabel untuk mengangkat dan memindahkan bahan, mesin, atau produk ke berbagai arah."
53-7031.00,Dredge Operators,Operator Kapal Keruk,"Mengoperasikan kapal keruk untuk mengangkat pasir, kerikil, atau bahan lain guna menggali dan menjaga alur pelayaran."
53-7041.00,Hoist and Winch Operators,Operator Kerekan,Mengoperasikan atau menjaga kerekan atau derek tarik untuk mengangkat dan menarik beban dengan peralatan kabel bertenaga.
53-7051.00,Industrial Truck and Tractor Operators,Operator Truk dan Traktor Industri,"Mengoperasikan truk atau traktor industri yang dilengkapi alat untuk memindahkan bahan di gudang, tempat penimbunan, pabrik, lokasi konstruksi, atau lokasi sejenis."
53-7061.00,Cleaners of Vehicles and Equipment,Pencuci Kendaraan dan Peralatan,"Mencuci atau membersihkan kendaraan, mesin, dan peralatan lain dengan bahan seperti air, cairan pembersih, sikat, kain, dan selang."
53-7062.00,"Laborers and Freight, Stock, and Material Movers, Hand",Buruh Angkut dan Pemindah Barang,"Memindahkan barang muatan, stok, bagasi, atau bahan lain secara manual, atau mengerjakan pekerjaan kasar umum lainnya."
53-7063.00,Machine Feeders and Offbearers,Pengumpan dan Pengambil Bahan Mesin,Mengumpankan bahan ke dalam mesin atau mengambil bahan dari mesin atau peralatan yang otomatis atau dijaga pekerja lain.
53-7064.00,"Packers and Packagers, Hand",Pengemas Manual,Mengemas berbagai produk dan bahan dengan tangan.
53-7065.00,Stockers and Order Fillers,Petugas Penata Stok dan Penyiap Pesanan,"Menerima, menyimpan, dan mengeluarkan barang dagangan, bahan, peralatan, dan barang lain dari ruang stok atau gudang untuk mengisi rak atau memenuhi pesanan pelanggan. Dapat mengoperasikan peralatan bertenaga, menandai harga barang, dan menata pajangan."
53-7071.00,Gas Compressor and Gas Pumping Station Operators,Operator Kompresor dan Stasiun Pompa Gas,"Mengoperasikan kompresor yang digerakkan uap, gas, motor listrik, atau mesin pembakaran dalam. Mengalirkan, memampatkan, atau memulihkan gas seperti butana, nitrogen, hidrogen, dan gas alam."
53-7072.00,"Pump Operators, Except Wellhead Pumpers",Operator Pompa,"Menjaga, mengendalikan, atau mengoperasikan pompa bertenaga, tetap atau portabel, beserta sistem perpipaannya untuk memindahkan gas, minyak, cairan lain, lumpur, atau bahan serbuk dari dan ke berbagai bejana dan proses."
53-7073.00,Wellhead Pumpers,Operator Pompa Kepala Sumur,Mengoperasikan pompa bertenaga dan peralatan penunjang untuk mengalirkan minyak atau gas dari sumur di ladang minyak.
53-7081.00,Refuse and Recyclable Material Collectors,Pengumpul Sampah dan Bahan Daur Ulang,Mengumpulkan dan membuang sampah atau bahan daur ulang dari wadah ke truk. Dapat mengemudikan truk.
53-7121.00,"Tank Car, Truck, and Ship Loaders","Pemuat Gerbong Tangki, Truk, dan Kapal","Memuat dan membongkar bahan kimia dan bahan curah padat, seperti batu bara, pasir, dan biji-bijian, ke atau dari gerbong tangki, truk, atau kapal dengan alat pemindah barang. Dapat mengukur atau mengambil sampel tangki pengiriman dan mengujinya dari kebocoran."
