soc_code,category,percent
11-1011.00,1,0.0
11-1011.00,2,4.46
11-1011.00,3,0.0
11-1011.00,4,0.0
11-1011.00,5,5.15
11-1011.00,6,32.29
11-1011.00,7,0.0
11-1011.00,8,45.91
11-1011.00,9,3.94
11-1011.00,10,0.55
11-1011.00,11,4.92
11-1011.00,12,2.78
11-1011.03,1,0.0
11-1011.03,2,0.0
11-1011.03,3,0.0
11-1011.03,4,0.0
11-1011.03,5,0.0
11-1011.03,6,18.52
11-1011.03,7,0.0
11-1011.03,8,74.07
11-1011.03,9,7.41
11-1011.03,10,0.0
11-1011.03,11,0.0
11-1011.03,12,0.0
11-1021.00,1,10.35
11-1021.00,2,28.76
11-1021.00,3,5.72
11-1021.00,4,21.59
11-1021.00,5,5.99
11-1021.00,6,27.3
11-1021.00,7,0.14
11-1021.00,8,0.15
11-1021.00,9,0.0
11-1021.00,10,0.0
11-1021.00,11,0.0
11-1021.00,12,0.0
11-2011.00,1,0.0
11-2011.00,2,25.68
11-2011.00,3,0.0
11-2011.00,4,1.21
11-2011.00,5,0.0
11-2011.00,6,72.87
11-2011.00,7,0.0
11-2011.00,8,0.24
11-2011.00,9,0.0
11-2011.00,10,0.0
11-2011.00,11,0.0
11-2011.00,12,0.0
11-2021.00,1,0.0
11-2021.00,2,11.77
11-2021.00,3,0.0
11-2021.00,4,2.54
11-2021.00,5,0.09
11-2021.00,6,80.08
11-2021.00,7,0.0
11-2021.00,8,5.52
11-2021.00,9,0.0
11-2021.00,10,0.0
11-2021.00,11,0.0
11-2021.00,12,0.0
11-2022.00,1,0.0
11-2022.00,2,0.0
11-2022.00,3,0.0
11-2022.00,4,19.05
11-2022.00,5,4.76
11-2022.00,6,71.43
11-2022.00,7,0.0
11-2022.00,8,4.76
11-2022.00,9,0.0
11-2022.00,10,0.0
11-2022.00,11,0.0
11-2022.00,12,0.0
11-2032.00,1,0.0
11-2032.00,2,0.0
11-2032.00,3,0.0
11-2032.00,4,0.0
11-2032.00,5,2.78
11-2032.00,6,83.33
11-2032.00,7,0.0
11-2032.00,8,13.89
11-2032.00,9,0.0
11-2032.00,10,0.0
11-2032.00,11,0.0
11-2032.00,12,0.0
11-2033.00,1,0.0
11-2033.00,2,0.0
11-2033.00,3,0.0
11-2033.00,4,19.65
11-2033.00,5,3.93
11-2033.00,6,65.49
11-2033.00,7,0.0
11-2033.00,8,10.93
11-2033.00,9,0.0
11-2033.00,10,0.0
11-2033.00,11,0.0
11-2033.00,12,0.0
11-3012.00,1,0.0
11-3012.00,2,33.56
11-3012.00,3,13.16
11-3012.00,4,13.18
11-3012.00,5,11.84
11-3012.00,6,24.28
11-3012.00,7,0.0
11-3012.00,8,3.87
11-3012.00,9,0.06
11-3012.00,10,0.0
11-3012.00,11,0.06
11-3012.00,12,0.0
11-3013.00,1,0.0
11-3013.00,2,14.59
11-3013.00,3,9.36
11-3013.00,4,11.3
11-3013.00,5,57.34
11-3013.00,6,7.06
11-3013.00,7,0.18
11-3013.00,8,0.18
11-3013.00,9,0.0
11-3013.00,10,0.0
11-3013.00,11,0.0
11-3013.00,12,0.0
11-3013.01,1,0.0
11-3013.01,2,0.0
11-3013.01,3,5.0
11-3013.01,4,0.0
11-3013.01,5,10.0
11-3013.01,6,70.0
11-3013.01,7,0.0
11-3013.01,8,15.0
11-3013.01,9,0.0
11-3013.01,10,0.0
11-3013.01,11,0.0
11-3013.01,12,0.0
11-3021.00,1,0.0
11-3021.00,2,1.26
11-3021.00,3,5.77
11-3021.00,4,25.96
11-3021.00,5,2.16
11-3021.00,6,47.68
11-3021.00,7,2.8
11-3021.00,8,14.36
11-3021.00,9,0.0
11-3021.00,10,0.0
11-3021.00,11,0.0
11-3021.00,12,0.0
11-3031.00,1,0.0
11-3031.00,2,14.24
11-3031.00,3,0.0
11-3031.00,4,4.56
11-3031.00,5,3.9
11-3031.00,6,56.31
11-3031.00,7,21.0
11-3031.00,8,0.0
11-3031.00,9,0.0
11-3031.00,10,0.0
11-3031.00,11,0.0
11-3031.00,12,0.0
11-3031.01,1,0.0
11-3031.01,2,0.0
11-3031.01,3,0.0
11-3031.01,4,0.0
11-3031.01,5,0.0
11-3031.01,6,48.0
11-3031.01,7,0.0
11-3031.01,8,48.0
11-3031.01,9,4.0
11-3031.01,10,0.0
11-3031.01,11,0.0
11-3031.01,12,0.0
11-3031.03,1,0.0
11-3031.03,2,0.0
11-3031.03,3,0.0
11-3031.03,4,0.0
11-3031.03,5,0.0
11-3031.03,6,32.66
11-3031.03,7,0.0
11-3031.03,8,63.33
11-3031.03,9,2.01
11-3031.03,10,2.01
11-3031.03,11,0.0
11-3031.03,12,0.0
11-3051.00,1,5.26
11-3051.00,2,29.42
11-3051.00,3,16.21
11-3051.00,4,11.51
11-3051.00,5,8.1
11-3051.00,6,25.8
11-3051.00,7,2.45
11-3051.00,8,1.24
11-3051.00,9,0.0
11-3051.00,10,0.0
11-3051.00,11,0.0
11-3051.00,12,0.0
11-3051.01,1,0.0
11-3051.01,2,0.0
11-3051.01,3,0.0
11-3051.01,4,0.0
11-3051.01,5,0.0
11-3051.01,6,100.0
11-3051.01,7,0.0
11-3051.01,8,0.0
11-3051.01,9,0.0
11-3051.01,10,0.0
11-3051.01,11,0.0
11-3051.01,12,0.0
11-3051.02,1,0.0
11-3051.02,2,11.15
11-3051.02,3,18.91
11-3051.02,4,47.61
11-3051.02,5,2.72
11-3051.02,6,14.61
11-3051.02,7,4.99
11-3051.02,8,0.0
11-3051.02,9,0.0
11-3051.02,10,0.0
11-3051.02,11,0.0
11-3051.02,12,0.0
11-3051.03,1,0.0
11-3051.03,2,14.0
11-3051.03,3,0.0
11-3051.03,4,19.13
11-3051.03,5,14.83
11-3051.03,6,45.44
11-3051.03,7,6.6
11-3051.03,8,0.0
11-3051.03,9,0.0
11-3051.03,10,0.0
11-3051.03,11,0.0
11-3051.03,12,0.0
11-3051.04,1,0.0
11-3051.04,2,6.83
11-3051.04,3,13.23
11-3051.04,4,1.75
11-3051.04,5,16.7
11-3051.04,6,61.49
11-3051.04,7,0.0
11-3051.04,8,0.0
11-3051.04,9,0.0
11-3051.04,10,0.0
11-3051.04,11,0.0
11-3051.04,12,0.0
11-3051.06,1,0.0
11-3051.06,2,13.59
11-3051.06,3,28.95
11-3051.06,4,14.08
11-3051.06,5,21.28
11-3051.06,6,14.85
11-3051.06,7,7.24
11-3051.06,8,0.0
11-3051.06,9,0.0
11-3051.06,10,0.0
11-3051.06,11,0.0
11-3051.06,12,0.0
11-3061.00,1,0.0
11-3061.00,2,5.26
11-3061.00,3,15.79
11-3061.00,4,5.26
11-3061.00,5,10.53
11-3061.00,6,52.63
11-3061.00,7,0.0
11-3061.00,8,10.53
11-3061.00,9,0.0
11-3061.00,10,0.0
11-3061.00,11,0.0
11-3061.00,12,0.0
11-3071.04,1,0.0
11-3071.04,2,0.0
11-3071.04,3,0.0
11-3071.04,4,0.0
11-3071.04,5,4.76
11-3071.04,6,66.67
11-3071.04,7,9.52
11-3071.04,8,19.05
11-3071.04,9,0.0
11-3071.04,10,0.0
11-3071.04,11,0.0
11-3071.04,12,0.0
11-3111.00,1,0.0
11-3111.00,2,0.0
11-3111.00,3,0.0
11-3111.00,4,0.0
11-3111.00,5,0.0
11-3111.00,6,76.19
11-3111.00,7,9.52
11-3111.00,8,14.29
11-3111.00,9,0.0
11-3111.00,10,0.0
11-3111.00,11,0.0
11-3111.00,12,0.0
11-3121.00,1,0.0
11-3121.00,2,0.0
11-3121.00,3,4.55
11-3121.00,4,0.0
11-3121.00,5,0.0
11-3121.00,6,81.82
11-3121.00,7,9.09
11-3121.00,8,4.55
11-3121.00,9,0.0
11-3121.00,10,0.0
11-3121.00,11,0.0
11-3121.00,12,0.0
11-3131.00,1,0.0
11-3131.00,2,0.0
11-3131.00,3,0.0
11-3131.00,4,0.0
11-3131.00,5,0.0
11-3131.00,6,71.43
11-3131.00,7,7.14
11-3131.00,8,21.43
11-3131.00,9,0.0
11-3131.00,10,0.0
11-3131.00,11,0.0
11-3131.00,12,0.0
11-9021.00,1,5.0
11-9021.00,2,15.0
11-9021.00,3,15.0
11-9021.00,4,10.0
11-9021.00,5,10.0
11-9021.00,6,40.0
11-9021.00,7,0.0
11-9021.00,8,5.0
11-9021.00,9,0.0
11-9021.00,10,0.0
11-9021.00,11,0.0
11-9021.00,12,0.0
11-9031.00,1,0.0
11-9031.00,2,12.5
11-9031.00,3,4.17
11-9031.00,4,12.5
11-9031.00,5,22.92
11-9031.00,6,43.75
11-9031.00,7,0.0
11-9031.00,8,2.08
11-9031.00,9,2.08
11-9031.00,10,0.0
11-9031.00,11,0.0
11-9031.00,12,0.0
11-9032.00,1,0.0
11-9032.00,2,0.0
11-9032.00,3,0.0
11-9032.00,4,0.0
11-9032.00,5,0.0
11-9032.00,6,27.33
11-9032.00,7,0.08
11-9032.00,8,62.27
11-9032.00,9,10.3
11-9032.00,10,0.0
11-9032.00,11,0.03
11-9032.00,12,0.0
11-9033.00,1,0.0
11-9033.00,2,0.0
11-9033.00,3,0.0
11-9033.00,4,0.0
11-9033.00,5,0.0
11-9033.00,6,7.62
11-9033.00,7,0.0
11-9033.00,8,47.94
11-9033.00,9,0.0
11-9033.00,10,0.0
11-9033.00,11,37.24
11-9033.00,12,7.2
11-9041.00,1,0.0
11-9041.00,2,0.0
11-9041.00,3,0.0
11-9041.00,4,0.0
11-9041.00,5,1.15
11-9041.00,6,45.52
11-9041.00,7,1.15
11-9041.00,8,27.04
11-9041.00,9,11.85
11-9041.00,10,12.15
11-9041.00,11,1.15
11-9041.00,12,0.0
11-9041.01,1,0.0
11-9041.01,2,1.33
11-9041.01,3,4.77
11-9041.01,4,0.0
11-9041.01,5,5.82
11-9041.01,6,55.44
11-9041.01,7,1.24
11-9041.01,8,28.62
11-9041.01,9,0.0
11-9041.01,10,0.0
11-9041.01,11,1.33
11-9041.01,12,1.43
11-9051.00,1,16.14
11-9051.00,2,29.66
11-9051.00,3,21.34
11-9051.00,4,4.56
11-9051.00,5,18.56
11-9051.00,6,9.73
11-9051.00,7,0.0
11-9051.00,8,0.0
11-9051.00,9,0.0
11-9051.00,10,0.0
11-9051.00,11,0.0
11-9051.00,12,0.0
11-9071.00,1,0.0
11-9071.00,2,56.51
11-9071.00,3,6.74
11-9071.00,4,30.01
11-9071.00,5,0.0
11-9071.00,6,6.74
11-9071.00,7,0.0
11-9071.00,8,0.0
11-9071.00,9,0.0
11-9071.00,10,0.0
11-9071.00,11,0.0
11-9071.00,12,0.0
11-9072.00,1,15.55
11-9072.00,2,1.31
11-9072.00,3,0.84
11-9072.00,4,11.15
11-9072.00,5,9.22
11-9072.00,6,56.48
11-9072.00,7,0.0
11-9072.00,8,5.44
11-9072.00,9,0.0
11-9072.00,10,0.0
11-9072.00,11,0.0
11-9072.00,12,0.0
11-9081.00,1,18.32
11-9081.00,2,1.15
11-9081.00,3,0.0
11-9081.00,4,5.89
11-9081.00,5,3.05
11-9081.00,6,71.6
11-9081.00,7,0.0
11-9081.00,8,0.0
11-9081.00,9,0.0
11-9081.00,10,0.0
11-9081.00,11,0.0
11-9081.00,12,0.0
11-9111.00,1,0.0
11-9111.00,2,3.57
11-9111.00,3,7.14
11-9111.00,4,3.57
11-9111.00,5,10.71
11-9111.00,6,46.43
11-9111.00,7,0.0
11-9111.00,8,21.43
11-9111.00,9,0.0
11-9111.00,10,3.57
11-9111.00,11,0.0
11-9111.00,12,3.57
11-9121.00,1,0.0
11-9121.00,2,0.0
11-9121.00,3,0.0
11-9121.00,4,0.0
11-9121.00,5,7.29
11-9121.00,6,35.07
11-9121.00,7,2.24
11-9121.00,8,15.07
11-9121.00,9,0.0
11-9121.00,10,0.0
11-9121.00,11,13.62
11-9121.00,12,26.7
11-9121.01,1,0.0
11-9121.01,2,7.03
11-9121.01,3,11.58
11-9121.01,4,9.24
11-9121.01,5,5.92
11-9121.01,6,60.13
11-9121.01,7,0.0
11-9121.01,8,4.83
11-9121.01,9,0.0
11-9121.01,10,0.0
11-9121.01,11,1.27
11-9121.01,12,0.0
11-9121.02,1,0.0
11-9121.02,2,0.0
11-9121.02,3,0.0
11-9121.02,4,0.0
11-9121.02,5,0.0
11-9121.02,6,50.0
11-9121.02,7,0.0
11-9121.02,8,50.0
11-9121.02,9,0.0
11-9121.02,10,0.0
11-9121.02,11,0.0
11-9121.02,12,0.0
11-9131.00,1,0.0
11-9131.00,2,62.1
11-9131.00,3,6.69
11-9131.00,4,11.07
11-9131.00,5,6.69
11-9131.00,6,13.44
11-9131.00,7,0.0
11-9131.00,8,0.0
11-9131.00,9,0.0
11-9131.00,10,0.0
11-9131.00,11,0.0
11-9131.00,12,0.0
11-9141.00,1,0.0
11-9141.00,2,11.11
11-9141.00,3,0.0
11-9141.00,4,14.81
11-9141.00,5,22.22
11-9141.00,6,48.15
11-9141.00,7,3.7
11-9141.00,8,0.0
11-9141.00,9,0.0
11-9141.00,10,0.0
11-9141.00,11,0.0
11-9141.00,12,0.0
11-9151.00,1,0.0
11-9151.00,2,7.24
11-9151.00,3,0.0
11-9151.00,4,2.19
11-9151.00,5,8.15
11-9151.00,6,50.36
11-9151.00,7,0.0
11-9151.00,8,23.93
11-9151.00,9,8.12
11-9151.00,10,0.0
11-9151.00,11,0.0
11-9151.00,12,0.0
11-9161.00,1,0.0
11-9161.00,2,4.55
11-9161.00,3,0.0
11-9161.00,4,9.09
11-9161.00,5,4.55
11-9161.00,6,59.09
11-9161.00,7,9.09
11-9161.00,8,13.64
11-9161.00,9,0.0
11-9161.00,10,0.0
11-9161.00,11,0.0
11-9161.00,12,0.0
11-9171.00,1,0.0
11-9171.00,2,25.54
11-9171.00,3,14.63
11-9171.00,4,3.49
11-9171.00,5,49.85
11-9171.00,6,1.16
11-9171.00,7,5.33
11-9171.00,8,0.0
11-9171.00,9,0.0
11-9171.00,10,0.0
11-9171.00,11,0.0
11-9171.00,12,0.0
11-9179.01,1,0.0
11-9179.01,2,3.85
11-9179.01,3,0.0
11-9179.01,4,0.0
11-9179.01,5,3.85
11-9179.01,6,42.31
11-9179.01,7,0.0
11-9179.01,8,50.0
11-9179.01,9,0.0
11-9179.01,10,0.0
11-9179.01,11,0.0
11-9179.01,12,0.0
11-9179.02,1,0.0
11-9179.02,2,20.46
11-9179.02,3,11.77
11-9179.02,4,6.7
11-9179.02,5,53.01
11-9179.02,6,8.07
11-9179.02,7,0.0
11-9179.02,8,0.0
11-9179.02,9,0.0
11-9179.02,10,0.0
11-9179.02,11,0.0
11-9179.02,12,0.0
11-9199.01,1,0.0
11-9199.01,2,0.0
11-9199.01,3,0.0
11-9199.01,4,4.35
11-9199.01,5,0.0
11-9199.01,6,73.91
11-9199.01,7,4.35
11-9199.01,8,13.04
11-9199.01,9,0.0
11-9199.01,10,0.0
11-9199.01,11,4.35
11-9199.01,12,0.0
11-9199.02,1,0.0
11-9199.02,2,8.93
11-9199.02,3,6.72
11-9199.02,4,1.27
11-9199.02,5,5.33
11-9199.02,6,63.38
11-9199.02,7,0.0
11-9199.02,8,14.21
11-9199.02,9,0.0
11-9199.02,10,0.17
11-9199.02,11,0.0
11-9199.02,12,0.0
11-9199.08,1,0.0
11-9199.08,2,13.64
11-9199.08,3,9.09
11-9199.08,4,9.09
11-9199.08,5,9.09
11-9199.08,6,54.55
11-9199.08,7,4.55
11-9199.08,8,0.0
11-9199.08,9,0.0
11-9199.08,10,0.0
11-9199.08,11,0.0
11-9199.08,12,0.0
11-9199.09,1,0.0
11-9199.09,2,14.92
11-9199.09,3,7.07
11-9199.09,4,3.55
11-9199.09,5,39.7
11-9199.09,6,34.76
11-9199.09,7,0.0
11-9199.09,8,0.0
11-9199.09,9,0.0
11-9199.09,10,0.0
11-9199.09,11,0.0
11-9199.09,12,0.0
11-9199.10,1,0.0
11-9199.10,2,0.0
11-9199.10,3,0.0
11-9199.10,4,0.0
11-9199.10,5,18.27
11-9199.10,6,66.85
11-9199.10,7,2.61
11-9199.10,8,12.28
11-9199.10,9,0.0
11-9199.10,10,0.0
11-9199.10,11,0.0
11-9199.10,12,0.0
11-9199.11,1,0.0
11-9199.11,2,0.0
11-9199.11,3,0.0
11-9199.11,4,0.0
11-9199.11,5,0.0
11-9199.11,6,77.27
11-9199.11,7,9.09
11-9199.11,8,9.09
11-9199.11,9,4.55
11-9199.11,10,0.0
11-9199.11,11,0.0
11-9199.11,12,0.0
13-1011.00,1,1.34
13-1011.00,2,37.97
13-1011.00,3,0.0
13-1011.00,4,2.56
13-1011.00,5,0.0
13-1011.00,6,41.33
13-1011.00,7,0.0
13-1011.00,8,16.8
13-1011.00,9,0.0
13-1011.00,10,0.0
13-1011.00,11,0.0
13-1011.00,12,0.0
13-1021.00,1,0.0
13-1021.00,2,16.74
13-1021.00,3,1.11
13-1021.00,4,0.06
13-1021.00,5,0.0
13-1021.00,6,82.1
13-1021.00,7,0.0
13-1021.00,8,0.0
13-1021.00,9,0.0
13-1021.00,10,0.0
13-1021.00,11,0.0
13-1021.00,12,0.0
13-1022.00,1,5.05
13-1022.00,2,16.25
13-1022.00,3,0.29
13-1022.00,4,0.59
13-1022.00,5,21.62
13-1022.00,6,56.19
13-1022.00,7,0.0
13-1022.00,8,0.0
13-1022.00,9,0.0
13-1022.00,10,0.0
13-1022.00,11,0.0
13-1022.00,12,0.0
13-1023.00,1,0.0
13-1023.00,2,15.0
13-1023.00,3,0.0
13-1023.00,4,0.0
13-1023.00,5,10.0
13-1023.00,6,65.0
13-1023.00,7,10.0
13-1023.00,8,0.0
13-1023.00,9,0.0
13-1023.00,10,0.0
13-1023.00,11,0.0
13-1023.00,12,0.0
13-1031.00,1,0.0
13-1031.00,2,13.11
13-1031.00,3,2.59
13-1031.00,4,11.93
13-1031.00,5,12.01
13-1031.00,6,55.82
13-1031.00,7,0.0
13-1031.00,8,0.58
13-1031.00,9,0.0
13-1031.00,10,0.0
13-1031.00,11,3.95
13-1031.00,12,0.0
13-1032.00,1,0.0
13-1032.00,2,23.88
13-1032.00,3,28.84
13-1032.00,4,30.6
13-1032.00,5,15.21
13-1032.00,6,1.47
13-1032.00,7,0.0
13-1032.00,8,0.0
13-1032.00,9,0.0
13-1032.00,10,0.0
13-1032.00,11,0.0
13-1032.00,12,0.0
13-1041.01,1,0.0
13-1041.01,2,10.0
13-1041.01,3,0.0
13-1041.01,4,0.0
13-1041.01,5,15.0
13-1041.01,6,75.0
13-1041.01,7,0.0
13-1041.01,8,0.0
13-1041.01,9,0.0
13-1041.01,10,0.0
13-1041.01,11,0.0
13-1041.01,12,0.0
13-1041.03,1,0.0
13-1041.03,2,0.0
13-1041.03,3,0.0
13-1041.03,4,14.07
13-1041.03,5,0.0
13-1041.03,6,65.76
13-1041.03,7,4.44
13-1041.03,8,11.87
13-1041.03,9,1.09
13-1041.03,10,2.77
13-1041.03,11,0.0
13-1041.03,12,0.0
13-1041.04,1,0.0
13-1041.04,2,9.44
13-1041.04,3,16.22
13-1041.04,4,10.32
13-1041.04,5,24.68
13-1041.04,6,39.34
13-1041.04,7,0.0
13-1041.04,8,0.0
13-1041.04,9,0.0
13-1041.04,10,0.0
13-1041.04,11,0.0
13-1041.04,12,0.0
13-1041.06,1,0.0
13-1041.06,2,10.0
13-1041.06,3,5.0
13-1041.06,4,10.0
13-1041.06,5,15.0
13-1041.06,6,35.0
13-1041.06,7,15.0
13-1041.06,8,10.0
13-1041.06,9,0.0
13-1041.06,10,0.0
13-1041.06,11,0.0
13-1041.06,12,0.0
13-1041.07,1,0.0
13-1041.07,2,0.0
13-1041.07,3,0.0
13-1041.07,4,0.0
13-1041.07,5,0.0
13-1041.07,6,80.0
13-1041.07,7,5.0
13-1041.07,8,10.0
13-1041.07,9,0.0
13-1041.07,10,0.0
13-1041.07,11,0.0
13-1041.07,12,5.0
13-1041.08,1,0.0
13-1041.08,2,30.0
13-1041.08,3,15.0
13-1041.08,4,15.0
13-1041.08,5,5.0
13-1041.08,6,35.0
13-1041.08,7,0.0
13-1041.08,8,0.0
13-1041.08,9,0.0
13-1041.08,10,0.0
13-1041.08,11,0.0
13-1041.08,12,0.0
13-1051.00,1,0.0
13-1051.00,2,4.55
13-1051.00,3,0.0
13-1051.00,4,0.0
13-1051.00,5,9.09
13-1051.00,6,81.82
13-1051.00,7,0.0
13-1051.00,8,4.55
13-1051.00,9,0.0
13-1051.00,10,0.0
13-1051.00,11,0.0
13-1051.00,12,0.0
13-1071.00,1,0.0
13-1071.00,2,13.52
13-1071.00,3,1.31
13-1071.00,4,4.82
13-1071.00,5,7.16
13-1071.00,6,46.59
13-1071.00,7,1.69
13-1071.00,8,24.91
13-1071.00,9,0.0
13-1071.00,10,0.0
13-1071.00,11,0.0
13-1071.00,12,0.0
13-1074.00,1,23.43
13-1074.00,2,48.54
13-1074.00,3,10.68
13-1074.00,4,5.34
13-1074.00,5,0.0
13-1074.00,6,12.01
13-1074.00,7,0.0
13-1074.00,8,0.0
13-1074.00,9,0.0
13-1074.00,10,0.0
13-1074.00,11,0.0
13-1074.00,12,0.0
13-1075.00,1,4.76
13-1075.00,2,4.76
13-1075.00,3,4.76
13-1075.00,4,9.52
13-1075.00,5,9.52
13-1075.00,6,33.33
13-1075.00,7,9.52
13-1075.00,8,9.52
13-1075.00,9,0.0
13-1075.00,10,9.52
13-1075.00,11,4.76
13-1075.00,12,0.0
13-1081.00,1,0.0
13-1081.00,2,8.33
13-1081.00,3,8.33
13-1081.00,4,8.33
13-1081.00,5,0.0
13-1081.00,6,75.0
13-1081.00,7,0.0
13-1081.00,8,0.0
13-1081.00,9,0.0
13-1081.00,10,0.0
13-1081.00,11,0.0
13-1081.00,12,0.0
13-1081.01,1,0.0
13-1081.01,2,0.0
13-1081.01,3,0.0
13-1081.01,4,8.7
13-1081.01,5,4.35
13-1081.01,6,73.91
13-1081.01,7,0.0
13-1081.01,8,4.35
13-1081.01,9,4.35
13-1081.01,10,0.0
13-1081.01,11,0.0
13-1081.01,12,4.35
13-1081.02,1,0.0
13-1081.02,2,0.0
13-1081.02,3,0.0
13-1081.02,4,4.55
13-1081.02,5,22.73
13-1081.02,6,63.64
13-1081.02,7,0.0
13-1081.02,8,4.55
13-1081.02,9,4.55
13-1081.02,10,0.0
13-1081.02,11,0.0
13-1081.02,12,0.0
13-1082.00,1,0.0
13-1082.00,2,6.06
13-1082.00,3,3.03
13-1082.00,4,3.03
13-1082.00,5,12.12
13-1082.00,6,63.64
13-1082.00,7,6.06
13-1082.00,8,6.06
13-1082.00,9,0.0
13-1082.00,10,0.0
13-1082.00,11,0.0
13-1082.00,12,0.0
13-1111.00,1,0.0
13-1111.00,2,0.0
13-1111.00,3,0.0
13-1111.00,4,9.52
13-1111.00,5,0.0
13-1111.00,6,57.14
13-1111.00,7,9.52
13-1111.00,8,23.81
13-1111.00,9,0.0
13-1111.00,10,0.0
13-1111.00,11,0.0
13-1111.00,12,0.0
13-1121.00,1,0.0
13-1121.00,2,7.85
13-1121.00,3,6.64
13-1121.00,4,37.22
13-1121.00,5,7.49
13-1121.00,6,40.8
13-1121.00,7,0.0
13-1121.00,8,0.0
13-1121.00,9,0.0
13-1121.00,10,0.0
13-1121.00,11,0.0
13-1121.00,12,0.0
13-1131.00,1,0.0
13-1131.00,2,0.0
13-1131.00,3,0.0
13-1131.00,4,0.0
13-1131.00,5,0.0
13-1131.00,6,90.48
13-1131.00,7,4.76
13-1131.00,8,4.76
13-1131.00,9,0.0
13-1131.00,10,0.0
13-1131.00,11,0.0
13-1131.00,12,0.0
13-1141.00,1,0.0
13-1141.00,2,4.76
13-1141.00,3,0.0
13-1141.00,4,0.0
13-1141.00,5,0.0
13-1141.00,6,85.71
13-1141.00,7,9.52
13-1141.00,8,0.0
13-1141.00,9,0.0
13-1141.00,10,0.0
13-1141.00,11,0.0
13-1141.00,12,0.0
13-1151.00,1,0.0
13-1151.00,2,8.7
13-1151.00,3,0.0
13-1151.00,4,4.35
13-1151.00,5,8.7
13-1151.00,6,78.26
13-1151.00,7,0.0
13-1151.00,8,0.0
13-1151.00,9,0.0
13-1151.00,10,0.0
13-1151.00,11,0.0
13-1151.00,12,0.0
13-1161.00,1,0.0
13-1161.00,2,0.0
13-1161.00,3,0.0
13-1161.00,4,0.0
13-1161.00,5,0.0
13-1161.00,6,70.0
13-1161.00,7,0.0
13-1161.00,8,30.0
13-1161.00,9,0.0
13-1161.00,10,0.0
13-1161.00,11,0.0
13-1161.00,12,0.0
13-1161.01,1,0.0
13-1161.01,2,4.35
13-1161.01,3,8.7
13-1161.01,4,17.39
13-1161.01,5,21.74
13-1161.01,6,47.83
13-1161.01,7,0.0
13-1161.01,8,0.0
13-1161.01,9,0.0
13-1161.01,10,0.0
13-1161.01,11,0.0
13-1161.01,12,0.0
13-1199.04,1,0.0
13-1199.04,2,4.35
13-1199.04,3,4.35
13-1199.04,4,8.7
13-1199.04,5,4.35
13-1199.04,6,47.83
13-1199.04,7,17.39
13-1199.04,8,13.04
13-1199.04,9,0.0
13-1199.04,10,0.0
13-1199.04,11,0.0
13-1199.04,12,0.0
13-1199.05,1,0.0
13-1199.05,2,0.0
13-1199.05,3,0.0
13-1199.05,4,4.35
13-1199.05,5,0.0
13-1199.05,6,52.17
13-1199.05,7,4.35
13-1199.05,8,39.13
13-1199.05,9,0.0
13-1199.05,10,0.0
13-1199.05,11,0.0
13-1199.05,12,0.0
13-1199.06,1,0.0
13-1199.06,2,32.67
13-1199.06,3,12.12
13-1199.06,4,8.71
13-1199.06,5,5.22
13-1199.06,6,41.29
13-1199.06,7,0.0
13-1199.06,8,0.0
13-1199.06,9,0.0
13-1199.06,10,0.0
13-1199.06,11,0.0
13-1199.06,12,0.0
13-1199.07,1,0.0
13-1199.07,2,0.0
13-1199.07,3,10.0
13-1199.07,4,10.0
13-1199.07,5,0.0
13-1199.07,6,65.0
13-1199.07,7,5.0
13-1199.07,8,10.0
13-1199.07,9,0.0
13-1199.07,10,0.0
13-1199.07,11,0.0
13-1199.07,12,0.0
13-2011.00,1,0.0
13-2011.00,2,3.45
13-2011.00,3,3.45
13-2011.00,4,3.45
13-2011.00,5,6.9
13-2011.00,6,68.97
13-2011.00,7,6.9
13-2011.00,8,6.9
13-2011.00,9,0.0
13-2011.00,10,0.0
13-2011.00,11,0.0
13-2011.00,12,0.0
13-2022.00,1,0.0
13-2022.00,2,0.0
13-2022.00,3,0.0
13-2022.00,4,17.39
13-2022.00,5,17.39
13-2022.00,6,39.13
13-2022.00,7,8.7
13-2022.00,8,8.7
13-2022.00,9,0.0
13-2022.00,10,8.7
13-2022.00,11,0.0
13-2022.00,12,0.0
13-2023.00,1,0.0
13-2023.00,2,4.55
13-2023.00,3,4.55
13-2023.00,4,9.09
13-2023.00,5,27.27
13-2023.00,6,54.55
13-2023.00,7,0.0
13-2023.00,8,0.0
13-2023.00,9,0.0
13-2023.00,10,0.0
13-2023.00,11,0.0
13-2023.00,12,0.0
13-2031.00,1,0.0
13-2031.00,2,12.57
13-2031.00,3,0.0
13-2031.00,4,2.37
13-2031.00,5,0.0
13-2031.00,6,77.48
13-2031.00,7,0.0
13-2031.00,8,7.59
13-2031.00,9,0.0
13-2031.00,10,0.0
13-2031.00,11,0.0
13-2031.00,12,0.0
13-2041.00,1,0.0
13-2041.00,2,0.0
13-2041.00,3,0.0
13-2041.00,4,0.0
13-2041.00,5,0.0
13-2041.00,6,95.0
13-2041.00,7,0.0
13-2041.00,8,5.0
13-2041.00,9,0.0
13-2041.00,10,0.0
13-2041.00,11,0.0
13-2041.00,12,0.0
13-2052.00,1,0.0
13-2052.00,2,0.0
13-2052.00,3,7.69
13-2052.00,4,0.0
13-2052.00,5,0.0
13-2052.00,6,57.69
13-2052.00,7,23.08
13-2052.00,8,11.54
13-2052.00,9,0.0
13-2052.00,10,0.0
13-2052.00,11,0.0
13-2052.00,12,0.0
13-2053.00,1,0.0
13-2053.00,2,10.0
13-2053.00,3,0.0
13-2053.00,4,6.67
13-2053.00,5,10.0
13-2053.00,6,70.0
13-2053.00,7,3.33
13-2053.00,8,0.0
13-2053.00,9,0.0
13-2053.00,10,0.0
13-2053.00,11,0.0
13-2053.00,12,0.0
13-2061.00,1,0.0
13-2061.00,2,0.0
13-2061.00,3,0.0
13-2061.00,4,0.0
13-2061.00,5,0.0
13-2061.00,6,86.96
13-2061.00,7,8.7
13-2061.00,8,4.35
13-2061.00,9,0.0
13-2061.00,10,0.0
13-2061.00,11,0.0
13-2061.00,12,0.0
13-2071.00,1,0.0
13-2071.00,2,20.69
13-2071.00,3,6.9
13-2071.00,4,6.9
13-2071.00,5,20.69
13-2071.00,6,31.03
13-2071.00,7,10.34
13-2071.00,8,3.45
13-2071.00,9,0.0
13-2071.00,10,0.0
13-2071.00,11,0.0
13-2071.00,12,0.0
13-2072.00,1,0.0
13-2072.00,2,6.13
13-2072.00,3,0.0
13-2072.00,4,12.83
13-2072.00,5,11.18
13-2072.00,6,68.74
13-2072.00,7,1.12
13-2072.00,8,0.0
13-2072.00,9,0.0
13-2072.00,10,0.0
13-2072.00,11,0.0
13-2072.00,12,0.0
13-2081.00,1,0.0
13-2081.00,2,23.17
13-2081.00,3,0.0
13-2081.00,4,13.7
13-2081.00,5,25.59
13-2081.00,6,33.61
13-2081.00,7,0.0
13-2081.00,8,3.7
13-2081.00,9,0.0
13-2081.00,10,0.24
13-2081.00,11,0.0
13-2081.00,12,0.0
13-2082.00,1,0.0
13-2082.00,2,38.1
13-2082.00,3,23.81
13-2082.00,4,0.0
13-2082.00,5,14.29
13-2082.00,6,23.81
13-2082.00,7,0.0
13-2082.00,8,0.0
13-2082.00,9,0.0
13-2082.00,10,0.0
13-2082.00,11,0.0
13-2082.00,12,0.0
13-2099.01,1,0.0
13-2099.01,2,0.0
13-2099.01,3,0.0
13-2099.01,4,0.0
13-2099.01,5,0.0
13-2099.01,6,35.0
13-2099.01,7,0.0
13-2099.01,8,60.0
13-2099.01,9,0.0
13-2099.01,10,0.0
13-2099.01,11,5.0
13-2099.01,12,0.0
13-2099.04,1,0.0
13-2099.04,2,0.0
13-2099.04,3,0.0
13-2099.04,4,4.17
13-2099.04,5,4.17
13-2099.04,6,83.33
13-2099.04,7,4.17
13-2099.04,8,4.17
13-2099.04,9,0.0
13-2099.04,10,0.0
13-2099.04,11,0.0
13-2099.04,12,0.0
15-1211.00,1,0.0
15-1211.00,2,0.77
15-1211.00,3,0.54
15-1211.00,4,4.62
15-1211.00,5,50.71
15-1211.00,6,41.93
15-1211.00,7,0.0
15-1211.00,8,1.42
15-1211.00,9,0.0
15-1211.00,10,0.0
15-1211.00,11,0.0
15-1211.00,12,0.0
15-1211.01,1,0.0
15-1211.01,2,0.0
15-1211.01,3,4.76
15-1211.01,4,0.0
15-1211.01,5,4.76
15-1211.01,6,19.05
15-1211.01,7,9.52
15-1211.01,8,52.38
15-1211.01,9,4.76
15-1211.01,10,0.0
15-1211.01,11,4.76
15-1211.01,12,0.0
15-1212.00,1,0.0
15-1212.00,2,0.0
15-1212.00,3,7.16
15-1212.00,4,2.01
15-1212.00,5,12.87
15-1212.00,6,52.64
15-1212.00,7,22.52
15-1212.00,8,2.8
15-1212.00,9,0.0
15-1212.00,10,0.0
15-1212.00,11,0.0
15-1212.00,12,0.0
15-1221.00,1,0.0
15-1221.00,2,0.0
15-1221.00,3,0.0
15-1221.00,4,8.35
15-1221.00,5,0.0
15-1221.00,6,36.22
15-1221.00,7,0.0
15-1221.00,8,19.93
15-1221.00,9,0.0
15-1221.00,10,2.58
15-1221.00,11,28.42
15-1221.00,12,4.5
15-1231.00,1,0.0
15-1231.00,2,4.23
15-1231.00,3,10.16
15-1231.00,4,13.63
15-1231.00,5,21.68
15-1231.00,6,46.93
15-1231.00,7,1.84
15-1231.00,8,0.0
15-1231.00,9,1.53
15-1231.00,10,0.0
15-1231.00,11,0.0
15-1231.00,12,0.0
15-1232.00,1,0.0
15-1232.00,2,0.32
15-1232.00,3,32.33
15-1232.00,4,1.92
15-1232.00,5,13.74
15-1232.00,6,47.32
15-1232.00,7,0.0
15-1232.00,8,0.32
15-1232.00,9,0.0
15-1232.00,10,4.05
15-1232.00,11,0.0
15-1232.00,12,0.0
15-1241.00,1,5.0
15-1241.00,2,0.0
15-1241.00,3,15.0
15-1241.00,4,0.0
15-1241.00,5,15.0
15-1241.00,6,55.0
15-1241.00,7,5.0
15-1241.00,8,5.0
15-1241.00,9,0.0
15-1241.00,10,0.0
15-1241.00,11,0.0
15-1241.00,12,0.0
15-1241.01,1,0.0
15-1241.01,2,9.68
15-1241.01,3,12.9
15-1241.01,4,12.9
15-1241.01,5,32.26
15-1241.01,6,25.81
15-1241.01,7,0.0
15-1241.01,8,6.45
15-1241.01,9,0.0
15-1241.01,10,0.0
15-1241.01,11,0.0
15-1241.01,12,0.0
15-1242.00,1,0.0
15-1242.00,2,0.0
15-1242.00,3,0.15
15-1242.00,4,2.21
15-1242.00,5,3.46
15-1242.00,6,88.98
15-1242.00,7,3.91
15-1242.00,8,1.29
15-1242.00,9,0.0
15-1242.00,10,0.0
15-1242.00,11,0.0
15-1242.00,12,0.0
15-1243.00,1,0.0
15-1243.00,2,0.0
15-1243.00,3,4.76
15-1243.00,4,0.0
15-1243.00,5,0.0
15-1243.00,6,76.19
15-1243.00,7,4.76
15-1243.00,8,14.29
15-1243.00,9,0.0
15-1243.00,10,0.0
15-1243.00,11,0.0
15-1243.00,12,0.0
15-1243.01,1,0.0
15-1243.01,2,4.35
15-1243.01,3,4.35
15-1243.01,4,4.35
15-1243.01,5,4.35
15-1243.01,6,78.26
15-1243.01,7,0.0
15-1243.01,8,4.35
15-1243.01,9,0.0
15-1243.01,10,0.0
15-1243.01,11,0.0
15-1243.01,12,0.0
15-1244.00,1,0.0
15-1244.00,2,13.33
15-1244.00,3,20.0
15-1244.00,4,6.67
15-1244.00,5,30.0
15-1244.00,6,26.67
15-1244.00,7,3.33
15-1244.00,8,0.0
15-1244.00,9,0.0
15-1244.00,10,0.0
15-1244.00,11,0.0
15-1244.00,12,0.0
15-1251.00,1,0.0
15-1251.00,2,0.0
15-1251.00,3,0.0
15-1251.00,4,2.52
15-1251.00,5,8.99
15-1251.00,6,88.04
15-1251.00,7,0.0
15-1251.00,8,0.45
15-1251.00,9,0.0
15-1251.00,10,0.0
15-1251.00,11,0.0
15-1251.00,12,0.0
15-1252.00,1,0.0
15-1252.00,2,3.13
15-1252.00,3,1.67
15-1252.00,4,0.0
15-1252.00,5,5.07
15-1252.00,6,84.8
15-1252.00,7,0.81
15-1252.00,8,4.52
15-1252.00,9,0.0
15-1252.00,10,0.0
15-1252.00,11,0.0
15-1252.00,12,0.0
15-1253.00,1,0.0
15-1253.00,2,2.94
15-1253.00,3,8.82
15-1253.00,4,8.82
15-1253.00,5,26.47
15-1253.00,6,50.0
15-1253.00,7,0.0
15-1253.00,8,2.94
15-1253.00,9,0.0
15-1253.00,10,0.0
15-1253.00,11,0.0
15-1253.00,12,0.0
15-1254.00,1,4.17
15-1254.00,2,8.33
15-1254.00,3,16.67
15-1254.00,4,4.17
15-1254.00,5,16.67
15-1254.00,6,45.83
15-1254.00,7,4.17
15-1254.00,8,0.0
15-1254.00,9,0.0
15-1254.00,10,0.0
15-1254.00,11,0.0
15-1254.00,12,0.0
15-1255.00,1,0.0
15-1255.00,2,0.0
15-1255.00,3,0.0
15-1255.00,4,0.0
15-1255.00,5,15.86
15-1255.00,6,52.42
15-1255.00,7,29.58
15-1255.00,8,2.14
15-1255.00,9,0.0
15-1255.00,10,0.0
15-1255.00,11,0.0
15-1255.00,12,0.0
15-1255.01,1,10.0
15-1255.01,2,15.0
15-1255.01,3,0.0
15-1255.01,4,10.0
15-1255.01,5,10.0
15-1255.01,6,55.0
15-1255.01,7,0.0
15-1255.01,8,0.0
15-1255.01,9,0.0
15-1255.01,10,0.0
15-1255.01,11,0.0
15-1255.01,12,0.0
15-1299.01,1,0.0
15-1299.01,2,5.0
15-1299.01,3,5.0
15-1299.01,4,15.0
15-1299.01,5,15.0
15-1299.01,6,55.0
15-1299.01,7,0.0
15-1299.01,8,0.0
15-1299.01,9,5.0
15-1299.01,10,0.0
15-1299.01,11,0.0
15-1299.01,12,0.0
15-1299.02,1,0.0
15-1299.02,2,6.26
15-1299.02,3,0.65
15-1299.02,4,17.52
15-1299.02,5,22.95
15-1299.02,6,27.35
15-1299.02,7,0.0
15-1299.02,8,25.27
15-1299.02,9,0.0
15-1299.02,10,0.0
15-1299.02,11,0.0
15-1299.02,12,0.0
15-1299.03,1,0.0
15-1299.03,2,5.0
15-1299.03,3,0.0
15-1299.03,4,0.0
15-1299.03,5,10.0
15-1299.03,6,60.0
15-1299.03,7,10.0
15-1299.03,8,15.0
15-1299.03,9,0.0
15-1299.03,10,0.0
15-1299.03,11,0.0
15-1299.03,12,0.0
15-1299.04,1,0.0
15-1299.04,2,15.0
15-1299.04,3,20.0
15-1299.04,4,10.0
15-1299.04,5,10.0
15-1299.04,6,40.0
15-1299.04,7,0.0
15-1299.04,8,5.0
15-1299.04,9,0.0
15-1299.04,10,0.0
15-1299.04,11,0.0
15-1299.04,12,0.0
15-1299.05,1,5.26
15-1299.05,2,5.26
15-1299.05,3,15.79
15-1299.05,4,10.53
15-1299.05,5,10.53
15-1299.05,6,47.37
15-1299.05,7,0.0
15-1299.05,8,0.0
15-1299.05,9,5.26
15-1299.05,10,0.0
15-1299.05,11,0.0
15-1299.05,12,0.0
15-1299.06,1,0.0
15-1299.06,2,0.0
15-1299.06,3,7.41
15-1299.06,4,14.81
15-1299.06,5,22.22
15-1299.06,6,55.56
15-1299.06,7,0.0
15-1299.06,8,0.0
15-1299.06,9,0.0
15-1299.06,10,0.0
15-1299.06,11,0.0
15-1299.06,12,0.0
15-1299.07,1,0.0
15-1299.07,2,6.25
15-1299.07,3,6.25
15-1299.07,4,18.75
15-1299.07,5,6.25
15-1299.07,6,37.5
15-1299.07,7,0.0
15-1299.07,8,12.5
15-1299.07,9,0.0
15-1299.07,10,0.0
15-1299.07,11,6.25
15-1299.07,12,6.25
15-1299.08,1,0.0
15-1299.08,2,0.0
15-1299.08,3,40.91
15-1299.08,4,4.55
15-1299.08,5,27.27
15-1299.08,6,22.73
15-1299.08,7,0.0
15-1299.08,8,4.55
15-1299.08,9,0.0
15-1299.08,10,0.0
15-1299.08,11,0.0
15-1299.08,12,0.0
15-1299.09,1,0.0
15-1299.09,2,0.0
15-1299.09,3,9.52
15-1299.09,4,0.0
15-1299.09,5,23.81
15-1299.09,6,38.1
15-1299.09,7,19.05
15-1299.09,8,9.52
15-1299.09,9,0.0
15-1299.09,10,0.0
15-1299.09,11,0.0
15-1299.09,12,0.0
15-2011.00,1,0.0
15-2011.00,2,0.0
15-2011.00,3,0.0
15-2011.00,4,0.0
15-2011.00,5,0.0
15-2011.00,6,82.35
15-2011.00,7,11.76
15-2011.00,8,0.0
15-2011.00,9,0.0
15-2011.00,10,5.88
15-2011.00,11,0.0
15-2011.00,12,0.0
15-2021.00,1,0.0
15-2021.00,2,0.0
15-2021.00,3,0.0
15-2021.00,4,0.0
15-2021.00,5,0.0
15-2021.00,6,10.0
15-2021.00,7,0.0
15-2021.00,8,25.0
15-2021.00,9,5.0
15-2021.00,10,5.0
15-2021.00,11,45.0
15-2021.00,12,10.0
15-2031.00,1,0.0
15-2031.00,2,0.0
15-2031.00,3,0.0
15-2031.00,4,0.0
15-2031.00,5,0.0
15-2031.00,6,33.33
15-2031.00,7,9.52
15-2031.00,8,42.86
15-2031.00,9,0.0
15-2031.00,10,0.0
15-2031.00,11,14.29
15-2031.00,12,0.0
15-2041.00,1,0.0
15-2041.00,2,0.0
15-2041.00,3,0.0
15-2041.00,4,4.76
15-2041.00,5,4.76
15-2041.00,6,14.29
15-2041.00,7,0.0
15-2041.00,8,61.9
15-2041.00,9,0.0
15-2041.00,10,0.0
15-2041.00,11,9.52
15-2041.00,12,4.76
15-2041.01,1,0.0
15-2041.01,2,0.0
15-2041.01,3,0.0
15-2041.01,4,0.0
15-2041.01,5,0.0
15-2041.01,6,12.5
15-2041.01,7,0.0
15-2041.01,8,58.33
15-2041.01,9,0.0
15-2041.01,10,0.0
15-2041.01,11,29.17
15-2041.01,12,0.0
15-2051.00,1,0.0
15-2051.00,2,0.0
15-2051.00,3,0.0
15-2051.00,4,0.0
15-2051.00,5,4.0
15-2051.00,6,48.0
15-2051.00,7,0.0
15-2051.00,8,44.0
15-2051.00,9,0.0
15-2051.00,10,0.0
15-2051.00,11,4.0
15-2051.00,12,0.0
15-2051.01,1,0.0
15-2051.01,2,0.0
15-2051.01,3,0.0
15-2051.01,4,0.0
15-2051.01,5,4.55
15-2051.01,6,68.18
15-2051.01,7,4.55
15-2051.01,8,22.73
15-2051.01,9,0.0
15-2051.01,10,0.0
15-2051.01,11,0.0
15-2051.01,12,0.0
15-2051.02,1,0.0
15-2051.02,2,0.0
15-2051.02,3,0.0
15-2051.02,4,0.0
15-2051.02,5,5.0
15-2051.02,6,85.0
15-2051.02,7,5.0
15-2051.02,8,5.0
15-2051.02,9,0.0
15-2051.02,10,0.0
15-2051.02,11,0.0
15-2051.02,12,0.0
15-2099.01,1,0.0
15-2099.01,2,0.0
15-2099.01,3,0.0
15-2099.01,4,0.0
15-2099.01,5,0.0
15-2099.01,6,50.89
15-2099.01,7,2.45
15-2099.01,8,40.66
15-2099.01,9,0.0
15-2099.01,10,0.0
15-2099.01,11,4.11
15-2099.01,12,1.89
17-1011.00,1,0.0
17-1011.00,2,4.35
17-1011.00,3,0.0
17-1011.00,4,0.0
17-1011.00,5,0.0
17-1011.00,6,39.13
17-1011.00,7,13.04
17-1011.00,8,43.48
17-1011.00,9,0.0
17-1011.00,10,0.0
17-1011.00,11,0.0
17-1011.00,12,0.0
17-1012.00,1,0.0
17-1012.00,2,0.0
17-1012.00,3,0.0
17-1012.00,4,0.0
17-1012.00,5,0.0
17-1012.00,6,85.0
17-1012.00,7,10.0
17-1012.00,8,5.0
17-1012.00,9,0.0
17-1012.00,10,0.0
17-1012.00,11,0.0
17-1012.00,12,0.0
17-1021.00,1,0.0
17-1021.00,2,0.0
17-1021.00,3,35.73
17-1021.00,4,10.63
17-1021.00,5,11.15
17-1021.00,6,30.02
17-1021.00,7,1.48
17-1021.00,8,10.99
17-1021.00,9,0.0
17-1021.00,10,0.0
17-1021.00,11,0.0
17-1021.00,12,0.0
17-1022.00,1,0.0
17-1022.00,2,15.79
17-1022.00,3,5.26
17-1022.00,4,21.05
17-1022.00,5,10.53
17-1022.00,6,47.37
17-1022.00,7,0.0
17-1022.00,8,0.0
17-1022.00,9,0.0
17-1022.00,10,0.0
17-1022.00,11,0.0
17-1022.00,12,0.0
17-1022.01,1,0.0
17-1022.01,2,3.7
17-1022.01,3,0.0
17-1022.01,4,3.7
17-1022.01,5,3.7
17-1022.01,6,81.48
17-1022.01,7,3.7
17-1022.01,8,3.7
17-1022.01,9,0.0
17-1022.01,10,0.0
17-1022.01,11,0.0
17-1022.01,12,0.0
17-2011.00,1,0.0
17-2011.00,2,0.0
17-2011.00,3,0.0
17-2011.00,4,0.0
17-2011.00,5,17.68
17-2011.00,6,79.99
17-2011.00,7,0.0
17-2011.00,8,2.33
17-2011.00,9,0.0
17-2011.00,10,0.0
17-2011.00,11,0.0
17-2011.00,12,0.0
17-2021.00,1,0.0
17-2021.00,2,0.0
17-2021.00,3,0.0
17-2021.00,4,0.0
17-2021.00,5,5.0
17-2021.00,6,75.0
17-2021.00,7,0.0
17-2021.00,8,10.0
17-2021.00,9,0.0
17-2021.00,10,0.0
17-2021.00,11,10.0
17-2021.00,12,0.0
17-2031.00,1,0.0
17-2031.00,2,0.0
17-2031.00,3,0.0
17-2031.00,4,0.0
17-2031.00,5,4.35
17-2031.00,6,43.48
17-2031.00,7,0.0
17-2031.00,8,26.09
17-2031.00,9,0.0
17-2031.00,10,0.0
17-2031.00,11,13.04
17-2031.00,12,13.04
17-2041.00,1,0.0
17-2041.00,2,0.0
17-2041.00,3,0.0
17-2041.00,4,0.0
17-2041.00,5,0.0
17-2041.00,6,91.3
17-2041.00,7,4.35
17-2041.00,8,0.0
17-2041.00,9,4.35
17-2041.00,10,0.0
17-2041.00,11,0.0
17-2041.00,12,0.0
17-2051.00,1,0.0
17-2051.00,2,0.0
17-2051.00,3,0.0
17-2051.00,4,0.0
17-2051.00,5,0.0
17-2051.00,6,85.71
17-2051.00,7,4.76
17-2051.00,8,9.52
17-2051.00,9,0.0
17-2051.00,10,0.0
17-2051.00,11,0.0
17-2051.00,12,0.0
17-2051.01,1,0.0
17-2051.01,2,0.0
17-2051.01,3,0.0
17-2051.01,4,0.0
17-2051.01,5,9.09
17-2051.01,6,77.27
17-2051.01,7,9.09
17-2051.01,8,4.55
17-2051.01,9,0.0
17-2051.01,10,0.0
17-2051.01,11,0.0
17-2051.01,12,0.0
17-2051.02,1,0.0
17-2051.02,2,0.0
17-2051.02,3,0.0
17-2051.02,4,0.0
17-2051.02,5,0.0
17-2051.02,6,69.57
17-2051.02,7,0.0
17-2051.02,8,26.09
17-2051.02,9,0.0
17-2051.02,10,4.35
17-2051.02,11,0.0
17-2051.02,12,0.0
17-2061.00,1,0.0
17-2061.00,2,0.0
17-2061.00,3,0.0
17-2061.00,4,6.9
17-2061.00,5,0.0
17-2061.00,6,48.28
17-2061.00,7,0.0
17-2061.00,8,34.48
17-2061.00,9,0.0
17-2061.00,10,3.45
17-2061.00,11,6.9
17-2061.00,12,0.0
17-2071.00,1,0.0
17-2071.00,2,0.0
17-2071.00,3,0.0
17-2071.00,4,0.0
17-2071.00,5,11.04
17-2071.00,6,81.62
17-2071.00,7,0.0
17-2071.00,8,7.34
17-2071.00,9,0.0
17-2071.00,10,0.0
17-2071.00,11,0.0
17-2071.00,12,0.0
17-2072.00,1,0.0
17-2072.00,2,0.0
17-2072.00,3,0.0
17-2072.00,4,0.0
17-2072.00,5,13.81
17-2072.00,6,83.3
17-2072.00,7,0.0
17-2072.00,8,2.89
17-2072.00,9,0.0
17-2072.00,10,0.0
17-2072.00,11,0.0
17-2072.00,12,0.0
17-2072.01,1,0.0
17-2072.01,2,5.58
17-2072.01,3,0.0
17-2072.01,4,0.0
17-2072.01,5,10.14
17-2072.01,6,74.83
17-2072.01,7,1.79
17-2072.01,8,7.66
17-2072.01,9,0.0
17-2072.01,10,0.0
17-2072.01,11,0.0
17-2072.01,12,0.0
17-2081.00,1,0.0
17-2081.00,2,0.0
17-2081.00,3,0.0
17-2081.00,4,0.0
17-2081.00,5,4.76
17-2081.00,6,61.9
17-2081.00,7,4.76
17-2081.00,8,28.57
17-2081.00,9,0.0
17-2081.00,10,0.0
17-2081.00,11,0.0
17-2081.00,12,0.0
17-2111.02,1,0.0
17-2111.02,2,0.0
17-2111.02,3,0.0
17-2111.02,4,0.0
17-2111.02,5,3.85
17-2111.02,6,84.62
17-2111.02,7,3.85
17-2111.02,8,3.85
17-2111.02,9,0.0
17-2111.02,10,0.0
17-2111.02,11,3.85
17-2111.02,12,0.0
17-2112.00,1,0.0
17-2112.00,2,7.54
17-2112.00,3,0.0
17-2112.00,4,15.81
17-2112.00,5,2.58
17-2112.00,6,58.62
17-2112.00,7,4.36
17-2112.00,8,11.09
17-2112.00,9,0.0
17-2112.00,10,0.0
17-2112.00,11,0.0
17-2112.00,12,0.0
17-2112.01,1,0.0
17-2112.01,2,0.0
17-2112.01,3,0.0
17-2112.01,4,0.0
17-2112.01,5,0.0
17-2112.01,6,40.0
17-2112.01,7,10.0
17-2112.01,8,50.0
17-2112.01,9,0.0
17-2112.01,10,0.0
17-2112.01,11,0.0
17-2112.01,12,0.0
17-2112.02,1,0.0
17-2112.02,2,0.0
17-2112.02,3,0.0
17-2112.02,4,0.0
17-2112.02,5,5.0
17-2112.02,6,90.0
17-2112.02,7,0.0
17-2112.02,8,5.0
17-2112.02,9,0.0
17-2112.02,10,0.0
17-2112.02,11,0.0
17-2112.02,12,0.0
17-2112.03,1,0.0
17-2112.03,2,0.0
17-2112.03,3,0.0
17-2112.03,4,4.0
17-2112.03,5,16.0
17-2112.03,6,76.0
17-2112.03,7,0.0
17-2112.03,8,0.0
17-2112.03,9,0.0
17-2112.03,10,4.0
17-2112.03,11,0.0
17-2112.03,12,0.0
17-2121.00,1,0.0
17-2121.00,2,5.26
17-2121.00,3,15.79
17-2121.00,4,10.53
17-2121.00,5,5.26
17-2121.00,6,52.63
17-2121.00,7,0.0
17-2121.00,8,0.0
17-2121.00,9,0.0
17-2121.00,10,10.53
17-2121.00,11,0.0
17-2121.00,12,0.0
17-2131.00,1,0.0
17-2131.00,2,0.0
17-2131.00,3,0.0
17-2131.00,4,0.0
17-2131.00,5,4.0
17-2131.00,6,80.0
17-2131.00,7,0.0
17-2131.00,8,4.0
17-2131.00,9,0.0
17-2131.00,10,4.0
17-2131.00,11,8.0
17-2131.00,12,0.0
17-2141.00,1,0.0
17-2141.00,2,1.34
17-2141.00,3,8.93
17-2141.00,4,8.32
17-2141.00,5,28.63
17-2141.00,6,52.29
17-2141.00,7,0.0
17-2141.00,8,0.49
17-2141.00,9,0.0
17-2141.00,10,0.0
17-2141.00,11,0.0
17-2141.00,12,0.0
17-2141.01,1,0.0
17-2141.01,2,0.0
17-2141.01,3,0.0
17-2141.01,4,0.0
17-2141.01,5,0.0
17-2141.01,6,57.14
17-2141.01,7,0.0
17-2141.01,8,42.86
17-2141.01,9,0.0
17-2141.01,10,0.0
17-2141.01,11,0.0
17-2141.01,12,0.0
17-2141.02,1,0.0
17-2141.02,2,0.0
17-2141.02,3,4.76
17-2141.02,4,0.0
17-2141.02,5,0.0
17-2141.02,6,71.43
17-2141.02,7,0.0
17-2141.02,8,14.29
17-2141.02,9,4.76
17-2141.02,10,0.0
17-2141.02,11,4.76
17-2141.02,12,0.0
17-2151.00,1,0.0
17-2151.00,2,0.0
17-2151.00,3,0.0
17-2151.00,4,0.64
17-2151.00,5,0.64
17-2151.00,6,79.05
17-2151.00,7,16.69
17-2151.00,8,2.98
17-2151.00,9,0.0
17-2151.00,10,0.0
17-2151.00,11,0.0
17-2151.00,12,0.0
17-2161.00,1,0.0
17-2161.00,2,0.0
17-2161.00,3,0.0
17-2161.00,4,0.0
17-2161.00,5,0.0
17-2161.00,6,80.95
17-2161.00,7,0.0
17-2161.00,8,19.05
17-2161.00,9,0.0
17-2161.00,10,0.0
17-2161.00,11,0.0
17-2161.00,12,0.0
17-2171.00,1,0.0
17-2171.00,2,7.55
17-2171.00,3,0.0
17-2171.00,4,0.0
17-2171.00,5,0.0
17-2171.00,6,71.61
17-2171.00,7,0.0
17-2171.00,8,5.41
17-2171.00,9,15.43
17-2171.00,10,0.0
17-2171.00,11,0.0
17-2171.00,12,0.0
17-2199.03,1,0.0
17-2199.03,2,5.0
17-2199.03,3,5.0
17-2199.03,4,5.0
17-2199.03,5,10.0
17-2199.03,6,65.0
17-2199.03,7,5.0
17-2199.03,8,5.0
17-2199.03,9,0.0
17-2199.03,10,0.0
17-2199.03,11,0.0
17-2199.03,12,0.0
17-2199.05,1,0.0
17-2199.05,2,0.0
17-2199.05,3,1.2
17-2199.05,4,21.46
17-2199.05,5,10.01
17-2199.05,6,66.14
17-2199.05,7,0.0
17-2199.05,8,1.2
17-2199.05,9,0.0
17-2199.05,10,0.0
17-2199.05,11,0.0
17-2199.05,12,0.0
17-2199.06,1,0.0
17-2199.06,2,0.0
17-2199.06,3,0.0
17-2199.06,4,0.0
17-2199.06,5,0.3
17-2199.06,6,30.61
17-2199.06,7,13.11
17-2199.06,8,34.17
17-2199.06,9,0.0
17-2199.06,10,0.0
17-2199.06,11,21.81
17-2199.06,12,0.0
17-2199.07,1,0.0
17-2199.07,2,0.0
17-2199.07,3,0.0
17-2199.07,4,0.0
17-2199.07,5,4.76
17-2199.07,6,52.38
17-2199.07,7,0.0
17-2199.07,8,38.1
17-2199.07,9,0.0
17-2199.07,10,0.0
17-2199.07,11,4.76
17-2199.07,12,0.0
17-2199.08,1,0.0
17-2199.08,2,0.0
17-2199.08,3,0.0
17-2199.08,4,3.33
17-2199.08,5,16.67
17-2199.08,6,50.0
17-2199.08,7,6.67
17-2199.08,8,16.67
17-2199.08,9,0.0
17-2199.08,10,0.0
17-2199.08,11,6.67
17-2199.08,12,0.0
17-2199.09,1,0.0
17-2199.09,2,0.0
17-2199.09,3,0.0
17-2199.09,4,0.0
17-2199.09,5,0.0
17-2199.09,6,14.29
17-2199.09,7,9.52
17-2199.09,8,9.52
17-2199.09,9,0.0
17-2199.09,10,0.0
17-2199.09,11,57.14
17-2199.09,12,9.52
17-2199.10,1,0.0
17-2199.10,2,0.0
17-2199.10,3,1.59
17-2199.10,4,3.94
17-2199.10,5,0.0
17-2199.10,6,69.64
17-2199.10,7,5.67
17-2199.10,8,13.92
17-2199.10,9,0.0
17-2199.10,10,2.86
17-2199.10,11,2.39
17-2199.10,12,0.0
17-2199.11,1,3.7
17-2199.11,2,7.41
17-2199.11,3,11.11
17-2199.11,4,7.41
17-2199.11,5,11.11
17-2199.11,6,55.56
17-2199.11,7,0.0
17-2199.11,8,0.0
17-2199.11,9,0.0
17-2199.11,10,3.7
17-2199.11,11,0.0
17-2199.11,12,0.0
17-3011.00,1,0.0
17-3011.00,2,0.0
17-3011.00,3,12.14
17-3011.00,4,0.0
17-3011.00,5,25.56
17-3011.00,6,42.13
17-3011.00,7,10.08
17-3011.00,8,10.08
17-3011.00,9,0.0
17-3011.00,10,0.0
17-3011.00,11,0.0
17-3011.00,12,0.0
17-3012.00,1,0.0
17-3012.00,2,6.1
17-3012.00,3,21.07
17-3012.00,4,6.74
17-3012.00,5,23.56
17-3012.00,6,40.08
17-3012.00,7,0.0
17-3012.00,8,2.46
17-3012.00,9,0.0
17-3012.00,10,0.0
17-3012.00,11,0.0
17-3012.00,12,0.0
17-3013.00,1,1.07
17-3013.00,2,44.43
17-3013.00,3,12.03
17-3013.00,4,0.0
17-3013.00,5,23.03
17-3013.00,6,19.44
17-3013.00,7,0.0
17-3013.00,8,0.0
17-3013.00,9,0.0
17-3013.00,10,0.0
17-3013.00,11,0.0
17-3013.00,12,0.0
17-3021.00,1,0.0
17-3021.00,2,19.69
17-3021.00,3,39.23
17-3021.00,4,0.0
17-3021.00,5,33.16
17-3021.00,6,7.92
17-3021.00,7,0.0
17-3021.00,8,0.0
17-3021.00,9,0.0
17-3021.00,10,0.0
17-3021.00,11,0.0
17-3021.00,12,0.0
17-3022.00,1,0.0
17-3022.00,2,2.65
17-3022.00,3,29.77
17-3022.00,4,28.09
17-3022.00,5,21.15
17-3022.00,6,18.34
17-3022.00,7,0.0
17-3022.00,8,0.0
17-3022.00,9,0.0
17-3022.00,10,0.0
17-3022.00,11,0.0
17-3022.00,12,0.0
17-3023.00,1,0.0
17-3023.00,2,16.31
17-3023.00,3,13.49
17-3023.00,4,21.49
17-3023.00,5,33.95
17-3023.00,6,14.75
17-3023.00,7,0.0
17-3023.00,8,0.0
17-3023.00,9,0.0
17-3023.00,10,0.0
17-3023.00,11,0.0
17-3023.00,12,0.0
17-3024.00,1,0.97
17-3024.00,2,9.86
17-3024.00,3,31.72
17-3024.00,4,7.33
17-3024.00,5,29.83
17-3024.00,6,10.97
17-3024.00,7,0.0
17-3024.00,8,5.59
17-3024.00,9,0.0
17-3024.00,10,0.0
17-3024.00,11,3.72
17-3024.00,12,0.0
17-3024.01,1,0.0
17-3024.01,2,9.09
17-3024.01,3,22.73
17-3024.01,4,0.0
17-3024.01,5,45.45
17-3024.01,6,18.18
17-3024.01,7,4.55
17-3024.01,8,0.0
17-3024.01,9,0.0
17-3024.01,10,0.0
17-3024.01,11,0.0
17-3024.01,12,0.0
17-3025.00,1,0.0
17-3025.00,2,10.79
17-3025.00,3,8.19
17-3025.00,4,6.64
17-3025.00,5,1.46
17-3025.00,6,67.31
17-3025.00,7,4.74
17-3025.00,8,0.88
17-3025.00,9,0.0
17-3025.00,10,0.0
17-3025.00,11,0.0
17-3025.00,12,0.0
17-3026.00,1,0.0
17-3026.00,2,0.0
17-3026.00,3,0.0
17-3026.00,4,8.01
17-3026.00,5,28.97
17-3026.00,6,52.52
17-3026.00,7,0.0
17-3026.00,8,10.51
17-3026.00,9,0.0
17-3026.00,10,0.0
17-3026.00,11,0.0
17-3026.00,12,0.0
17-3026.01,1,0.0
17-3026.01,2,0.0
17-3026.01,3,5.0
17-3026.01,4,0.0
17-3026.01,5,5.0
17-3026.01,6,30.0
17-3026.01,7,0.0
17-3026.01,8,10.0
17-3026.01,9,0.0
17-3026.01,10,0.0
17-3026.01,11,40.0
17-3026.01,12,10.0
17-3027.00,1,0.0
17-3027.00,2,7.8
17-3027.00,3,32.84
17-3027.00,4,8.76
17-3027.00,5,14.09
17-3027.00,6,36.52
17-3027.00,7,0.0
17-3027.00,8,0.0
17-3027.00,9,0.0
17-3027.00,10,0.0
17-3027.00,11,0.0
17-3027.00,12,0.0
17-3027.01,1,0.0
17-3027.01,2,3.7
17-3027.01,3,14.81
17-3027.01,4,3.7
17-3027.01,5,37.04
17-3027.01,6,29.63
17-3027.01,7,0.0
17-3027.01,8,11.11
17-3027.01,9,0.0
17-3027.01,10,0.0
17-3027.01,11,0.0
17-3027.01,12,0.0
17-3029.01,1,0.0
17-3029.01,2,68.18
17-3029.01,3,4.55
17-3029.01,4,9.09
17-3029.01,5,9.09
17-3029.01,6,4.55
17-3029.01,7,4.55
17-3029.01,8,0.0
17-3029.01,9,0.0
17-3029.01,10,0.0
17-3029.01,11,0.0
17-3029.01,12,0.0
17-3029.08,1,0.0
17-3029.08,2,27.27
17-3029.08,3,9.09
17-3029.08,4,4.55
17-3029.08,5,40.91
17-3029.08,6,13.64
17-3029.08,7,0.0
17-3029.08,8,4.55
17-3029.08,9,0.0
17-3029.08,10,0.0
17-3029.08,11,0.0
17-3029.08,12,0.0
17-3031.00,1,2.9
17-3031.00,2,32.74
17-3031.00,3,4.93
17-3031.00,4,0.0
17-3031.00,5,23.55
17-3031.00,6,8.09
17-3031.00,7,4.77
17-3031.00,8,18.2
17-3031.00,9,4.82
17-3031.00,10,0.0
17-3031.00,11,0.0
17-3031.00,12,0.0
19-1011.00,1,0.0
19-1011.00,2,0.0
19-1011.00,3,4.35
19-1011.00,4,0.0
19-1011.00,5,4.35
19-1011.00,6,13.04
19-1011.00,7,0.0
19-1011.00,8,21.74
19-1011.00,9,0.0
19-1011.00,10,0.0
19-1011.00,11,43.48
19-1011.00,12,13.04
19-1012.00,1,0.0
19-1012.00,2,0.0
19-1012.00,3,9.09
19-1012.00,4,0.0
19-1012.00,5,4.55
19-1012.00,6,81.82
19-1012.00,7,0.0
19-1012.00,8,4.55
19-1012.00,9,0.0
19-1012.00,10,0.0
19-1012.00,11,0.0
19-1012.00,12,0.0
19-1013.00,1,0.0
19-1013.00,2,0.0
19-1013.00,3,4.76
19-1013.00,4,0.0
19-1013.00,5,4.76
19-1013.00,6,23.81
19-1013.00,7,4.76
19-1013.00,8,28.57
19-1013.00,9,4.76
19-1013.00,10,4.76
19-1013.00,11,19.05
19-1013.00,12,4.76
19-1021.00,1,0.0
19-1021.00,2,0.0
19-1021.00,3,0.0
19-1021.00,4,0.0
19-1021.00,5,0.0
19-1021.00,6,25.0
19-1021.00,7,0.0
19-1021.00,8,0.0
19-1021.00,9,0.0
19-1021.00,10,10.0
19-1021.00,11,25.0
19-1021.00,12,40.0
19-1022.00,1,0.0
19-1022.00,2,0.0
19-1022.00,3,0.0
19-1022.00,4,0.0
19-1022.00,5,9.09
19-1022.00,6,63.64
19-1022.00,7,9.09
19-1022.00,8,13.64
19-1022.00,9,0.0
19-1022.00,10,0.0
19-1022.00,11,0.0
19-1022.00,12,4.55
19-1023.00,1,0.0
19-1023.00,2,0.0
19-1023.00,3,0.0
19-1023.00,4,0.0
19-1023.00,5,0.0
19-1023.00,6,72.41
19-1023.00,7,0.0
19-1023.00,8,27.59
19-1023.00,9,0.0
19-1023.00,10,0.0
19-1023.00,11,0.0
19-1023.00,12,0.0
19-1029.01,1,0.0
19-1029.01,2,0.0
19-1029.01,3,0.0
19-1029.01,4,0.0
19-1029.01,5,0.0
19-1029.01,6,6.5
19-1029.01,7,0.0
19-1029.01,8,42.1
19-1029.01,9,0.0
19-1029.01,10,0.0
19-1029.01,11,28.04
19-1029.01,12,23.36
19-1029.02,1,0.0
19-1029.02,2,0.0
19-1029.02,3,0.0
19-1029.02,4,0.0
19-1029.02,5,0.0
19-1029.02,6,34.62
19-1029.02,7,0.0
19-1029.02,8,7.69
19-1029.02,9,0.0
19-1029.02,10,0.0
19-1029.02,11,23.08
19-1029.02,12,34.62
19-1029.03,1,0.0
19-1029.03,2,0.0
19-1029.03,3,0.0
19-1029.03,4,0.0
19-1029.03,5,0.0
19-1029.03,6,4.0
19-1029.03,7,4.0
19-1029.03,8,32.0
19-1029.03,9,4.0
19-1029.03,10,0.0
19-1029.03,11,20.0
19-1029.03,12,36.0
19-1029.04,1,0.0
19-1029.04,2,0.0
19-1029.04,3,0.0
19-1029.04,4,0.0
19-1029.04,5,0.0
19-1029.04,6,23.4
19-1029.04,7,0.0
19-1029.04,8,54.99
19-1029.04,9,0.0
19-1029.04,10,0.0
19-1029.04,11,0.0
19-1029.04,12,21.61
19-1031.00,1,0.0
19-1031.00,2,0.0
19-1031.00,3,4.35
19-1031.00,4,0.0
19-1031.00,5,0.0
19-1031.00,6,69.57
19-1031.00,7,8.7
19-1031.00,8,13.04
19-1031.00,9,0.0
19-1031.00,10,0.0
19-1031.00,11,4.35
19-1031.00,12,0.0
19-1031.02,1,0.0
19-1031.02,2,4.17
19-1031.02,3,0.0
19-1031.02,4,0.0
19-1031.02,5,8.33
19-1031.02,6,75.0
19-1031.02,7,0.0
19-1031.02,8,8.33
19-1031.02,9,0.0
19-1031.02,10,0.0
19-1031.02,11,4.17
19-1031.02,12,0.0
19-1031.03,1,0.0
19-1031.03,2,10.71
19-1031.03,3,0.0
19-1031.03,4,3.57
19-1031.03,5,3.57
19-1031.03,6,75.0
19-1031.03,7,0.0
19-1031.03,8,7.14
19-1031.03,9,0.0
19-1031.03,10,0.0
19-1031.03,11,0.0
19-1031.03,12,0.0
19-1032.00,1,0.0
19-1032.00,2,4.17
19-1032.00,3,2.08
19-1032.00,4,0.0
19-1032.00,5,16.67
19-1032.00,6,72.92
19-1032.00,7,0.0
19-1032.00,8,4.17
19-1032.00,9,0.0
19-1032.00,10,0.0
19-1032.00,11,0.0
19-1032.00,12,0.0
19-1041.00,1,0.0
19-1041.00,2,0.0
19-1041.00,3,0.0
19-1041.00,4,0.0
19-1041.00,5,0.0
19-1041.00,6,0.0
19-1041.00,7,0.0
19-1041.00,8,66.67
19-1041.00,9,0.0
19-1041.00,10,0.0
19-1041.00,11,11.11
19-1041.00,12,22.22
19-1042.00,1,0.0
19-1042.00,2,0.0
19-1042.00,3,0.0
19-1042.00,4,0.0
19-1042.00,5,0.0
19-1042.00,6,7.95
19-1042.00,7,0.0
19-1042.00,8,24.59
19-1042.00,9,6.85
19-1042.00,10,0.0
19-1042.00,11,35.91
19-1042.00,12,24.7
19-2011.00,1,0.0
19-2011.00,2,0.0
19-2011.00,3,0.0
19-2011.00,4,0.0
19-2011.00,5,0.0
19-2011.00,6,0.0
19-2011.00,7,0.0
19-2011.00,8,8.7
19-2011.00,9,0.0
19-2011.00,10,0.0
19-2011.00,11,65.22
19-2011.00,12,26.09
19-2012.00,1,0.0
19-2012.00,2,0.0
19-2012.00,3,0.0
19-2012.00,4,0.0
19-2012.00,5,0.0
19-2012.00,6,3.77
19-2012.00,7,0.0
19-2012.00,8,0.0
19-2012.00,9,8.14
19-2012.00,10,0.0
19-2012.00,11,49.04
19-2012.00,12,39.06
19-2021.00,1,0.0
19-2021.00,2,0.0
19-2021.00,3,0.0
19-2021.00,4,0.0
19-2021.00,5,0.0
19-2021.00,6,60.0
19-2021.00,7,0.0
19-2021.00,8,20.0
19-2021.00,9,0.0
19-2021.00,10,0.0
19-2021.00,11,15.0
19-2021.00,12,5.0
19-2031.00,1,0.0
19-2031.00,2,0.0
19-2031.00,3,0.0
19-2031.00,4,0.0
19-2031.00,5,0.0
19-2031.00,6,55.91
19-2031.00,7,4.16
19-2031.00,8,9.91
19-2031.00,9,0.0
19-2031.00,10,0.0
19-2031.00,11,30.02
19-2031.00,12,0.0
19-2032.00,1,0.0
19-2032.00,2,0.0
19-2032.00,3,0.0
19-2032.00,4,0.0
19-2032.00,5,4.76
19-2032.00,6,61.9
19-2032.00,7,4.76
19-2032.00,8,9.52
19-2032.00,9,0.0
19-2032.00,10,0.0
19-2032.00,11,14.29
19-2032.00,12,4.76
19-2041.00,1,0.0
19-2041.00,2,21.32
19-2041.00,3,0.0
19-2041.00,4,0.76
19-2041.00,5,0.0
19-2041.00,6,47.49
19-2041.00,7,12.66
19-2041.00,8,13.78
19-2041.00,9,0.0
19-2041.00,10,0.0
19-2041.00,11,3.99
19-2041.00,12,0.0
19-2041.01,1,0.0
19-2041.01,2,0.0
19-2041.01,3,0.0
19-2041.01,4,0.0
19-2041.01,5,0.0
19-2041.01,6,13.04
19-2041.01,7,4.35
19-2041.01,8,60.87
19-2041.01,9,0.0
19-2041.01,10,4.35
19-2041.01,11,13.04
19-2041.01,12,4.35
19-2041.02,1,0.0
19-2041.02,2,0.0
19-2041.02,3,0.0
19-2041.02,4,0.0
19-2041.02,5,0.0
19-2041.02,6,50.0
19-2041.02,7,9.09
19-2041.02,8,40.91
19-2041.02,9,0.0
19-2041.02,10,0.0
19-2041.02,11,0.0
19-2041.02,12,0.0
19-2041.03,1,0.0
19-2041.03,2,0.0
19-2041.03,3,0.0
19-2041.03,4,0.0
19-2041.03,5,0.0
19-2041.03,6,21.74
19-2041.03,7,4.35
19-2041.03,8,65.22
19-2041.03,9,0.0
19-2041.03,10,0.0
19-2041.03,11,8.7
19-2041.03,12,0.0
19-2042.00,1,0.0
19-2042.00,2,0.0
19-2042.00,3,0.0
19-2042.00,4,0.0
19-2042.00,5,0.0
19-2042.00,6,48.15
19-2042.00,7,3.7
19-2042.00,8,37.04
19-2042.00,9,0.0
19-2042.00,10,0.0
19-2042.00,11,7.41
19-2042.00,12,3.7
19-2043.00,1,0.0
19-2043.00,2,0.0
19-2043.00,3,0.0
19-2043.00,4,0.0
19-2043.00,5,0.0
19-2043.00,6,63.64
19-2043.00,7,0.0
19-2043.00,8,36.36
19-2043.00,9,0.0
19-2043.00,10,0.0
19-2043.00,11,0.0
19-2043.00,12,0.0
19-2099.01,1,0.0
19-2099.01,2,0.0
19-2099.01,3,0.0
19-2099.01,4,0.0
19-2099.01,5,4.0
19-2099.01,6,60.0
19-2099.01,7,16.0
19-2099.01,8,20.0
19-2099.01,9,0.0
19-2099.01,10,0.0
19-2099.01,11,0.0
19-2099.01,12,0.0
19-3011.00,1,0.0
19-3011.00,2,0.0
19-3011.00,3,0.0
19-3011.00,4,0.0
19-3011.00,5,0.0
19-3011.00,6,20.83
19-3011.00,7,0.0
19-3011.00,8,50.0
19-3011.00,9,0.0
19-3011.00,10,0.0
19-3011.00,11,25.0
19-3011.00,12,4.17
19-3011.01,1,0.0
19-3011.01,2,0.0
19-3011.01,3,0.0
19-3011.01,4,0.0
19-3011.01,5,0.0
19-3011.01,6,11.11
19-3011.01,7,0.0
19-3011.01,8,40.74
19-3011.01,9,0.0
19-3011.01,10,0.0
19-3011.01,11,44.44
19-3011.01,12,3.7
19-3022.00,1,0.0
19-3022.00,2,0.0
19-3022.00,3,0.0
19-3022.00,4,0.0
19-3022.00,5,0.0
19-3022.00,6,50.0
19-3022.00,7,0.0
19-3022.00,8,38.46
19-3022.00,9,3.85
19-3022.00,10,3.85
19-3022.00,11,3.85
19-3022.00,12,0.0
19-3032.00,1,0.0
19-3032.00,2,0.0
19-3032.00,3,0.0
19-3032.00,4,3.85
19-3032.00,5,3.85
19-3032.00,6,3.85
19-3032.00,7,0.0
19-3032.00,8,57.69
19-3032.00,9,0.0
19-3032.00,10,0.0
19-3032.00,11,30.77
19-3032.00,12,0.0
19-3033.00,1,0.0
19-3033.00,2,0.0
19-3033.00,3,0.0
19-3033.00,4,0.0
19-3033.00,5,0.0
19-3033.00,6,0.0
19-3033.00,7,0.0
19-3033.00,8,8.0
19-3033.00,9,0.0
19-3033.00,10,0.0
19-3033.00,11,44.0
19-3033.00,12,48.0
19-3034.00,1,0.0
19-3034.00,2,0.0
19-3034.00,3,0.0
19-3034.00,4,0.0
19-3034.00,5,0.0
19-3034.00,6,0.0
19-3034.00,7,0.0
19-3034.00,8,23.08
19-3034.00,9,57.69
19-3034.00,10,15.38
19-3034.00,11,3.85
19-3034.00,12,0.0
19-3039.02,1,0.0
19-3039.02,2,0.0
19-3039.02,3,0.0
19-3039.02,4,0.0
19-3039.02,5,0.0
19-3039.02,6,0.0
19-3039.02,7,0.0
19-3039.02,8,0.0
19-3039.02,9,0.0
19-3039.02,10,0.0
19-3039.02,11,16.0
19-3039.02,12,84.0
19-3039.03,1,0.0
19-3039.03,2,0.0
19-3039.03,3,0.0
19-3039.03,4,0.0
19-3039.03,5,0.0
19-3039.03,6,0.0
19-3039.03,7,0.0
19-3039.03,8,0.0
19-3039.03,9,0.0
19-3039.03,10,0.0
19-3039.03,11,8.33
19-3039.03,12,91.67
19-3041.00,1,0.0
19-3041.00,2,0.0
19-3041.00,3,0.0
19-3041.00,4,0.0
19-3041.00,5,0.0
19-3041.00,6,10.0
19-3041.00,7,0.0
19-3041.00,8,30.0
19-3041.00,9,0.0
19-3041.00,10,0.0
19-3041.00,11,50.0
19-3041.00,12,10.0
19-3051.00,1,0.0
19-3051.00,2,0.0
19-3051.00,3,0.0
19-3051.00,4,0.0
19-3051.00,5,0.0
19-3051.00,6,40.0
19-3051.00,7,0.0
19-3051.00,8,56.0
19-3051.00,9,0.0
19-3051.00,10,4.0
19-3051.00,11,0.0
19-3051.00,12,0.0
19-3091.00,1,0.0
19-3091.00,2,0.0
19-3091.00,3,0.0
19-3091.00,4,5.0
19-3091.00,5,5.0
19-3091.00,6,20.0
19-3091.00,7,0.0
19-3091.00,8,30.0
19-3091.00,9,0.0
19-3091.00,10,0.0
19-3091.00,11,40.0
19-3091.00,12,0.0
19-3092.00,1,0.0
19-3092.00,2,0.0
19-3092.00,3,0.0
19-3092.00,4,0.0
19-3092.00,5,5.0
19-3092.00,6,45.0
19-3092.00,7,0.0
19-3092.00,8,20.0
19-3092.00,9,0.0
19-3092.00,10,0.0
19-3092.00,11,25.0
19-3092.00,12,5.0
19-3093.00,1,9.39
19-3093.00,2,0.79
19-3093.00,3,0.46
19-3093.00,4,8.17
19-3093.00,5,0.0
19-3093.00,6,10.19
19-3093.00,7,0.0
19-3093.00,8,64.48
19-3093.00,9,0.0
19-3093.00,10,0.0
19-3093.00,11,6.52
19-3093.00,12,0.0
19-3094.00,1,0.0
19-3094.00,2,0.0
19-3094.00,3,0.0
19-3094.00,4,0.0
19-3094.00,5,0.0
19-3094.00,6,0.0
19-3094.00,7,0.0
19-3094.00,8,7.69
19-3094.00,9,0.0
19-3094.00,10,0.0
19-3094.00,11,88.46
19-3094.00,12,3.85
19-3099.01,1,0.0
19-3099.01,2,0.0
19-3099.01,3,0.0
19-3099.01,4,0.0
19-3099.01,5,0.0
19-3099.01,6,55.0
19-3099.01,7,0.0
19-3099.01,8,45.0
19-3099.01,9,0.0
19-3099.01,10,0.0
19-3099.01,11,0.0
19-3099.01,12,0.0
19-4012.00,1,3.19
19-4012.00,2,41.34
19-4012.00,3,0.0
19-4012.00,4,5.47
19-4012.00,5,13.19
19-4012.00,6,18.19
19-4012.00,7,5.96
19-4012.00,8,5.47
19-4012.00,9,0.0
19-4012.00,10,0.0
19-4012.00,11,7.2
19-4012.00,12,0.0
19-4012.01,1,0.0
19-4012.01,2,8.7
19-4012.01,3,17.39
19-4012.01,4,4.35
19-4012.01,5,30.43
19-4012.01,6,34.78
19-4012.01,7,0.0
19-4012.01,8,4.35
19-4012.01,9,0.0
19-4012.01,10,0.0
19-4012.01,11,0.0
19-4012.01,12,0.0
19-4013.00,1,0.61
19-4013.00,2,16.5
19-4013.00,3,0.0
19-4013.00,4,12.35
19-4013.00,5,23.04
19-4013.00,6,32.33
19-4013.00,7,0.0
19-4013.00,8,12.78
19-4013.00,9,0.0
19-4013.00,10,0.0
19-4013.00,11,1.19
19-4013.00,12,1.19
19-4021.00,1,0.0
19-4021.00,2,14.46
19-4021.00,3,2.45
19-4021.00,4,14.46
19-4021.00,5,0.0
19-4021.00,6,62.82
19-4021.00,7,0.0
19-4021.00,8,0.0
19-4021.00,9,0.0
19-4021.00,10,0.0
19-4021.00,11,0.21
19-4021.00,12,5.59
19-4031.00,1,0.0
19-4031.00,2,33.34
19-4031.00,3,0.0
19-4031.00,4,22.42
19-4031.00,5,0.5
19-4031.00,6,43.74
19-4031.00,7,0.0
19-4031.00,8,0.0
19-4031.00,9,0.0
19-4031.00,10,0.0
19-4031.00,11,0.0
19-4031.00,12,0.0
19-4042.00,1,0.0
19-4042.00,2,4.55
19-4042.00,3,4.55
19-4042.00,4,0.0
19-4042.00,5,22.73
19-4042.00,6,68.18
19-4042.00,7,0.0
19-4042.00,8,0.0
19-4042.00,9,0.0
19-4042.00,10,0.0
19-4042.00,11,0.0
19-4042.00,12,0.0
19-4051.02,1,0.0
19-4051.02,2,27.15
19-4051.02,3,16.59
19-4051.02,4,11.06
19-4051.02,5,29.35
19-4051.02,6,15.86
19-4051.02,7,0.0
19-4051.02,8,0.0
19-4051.02,9,0.0
19-4051.02,10,0.0
19-4051.02,11,0.0
19-4051.02,12,0.0
19-4061.00,1,0.0
19-4061.00,2,0.0
19-4061.00,3,0.0
19-4061.00,4,8.61
19-4061.00,5,0.0
19-4061.00,6,52.73
19-4061.00,7,1.59
19-4061.00,8,36.7
19-4061.00,9,0.0
19-4061.00,10,0.0
19-4061.00,11,0.36
19-4061.00,12,0.0
19-4071.00,1,0.0
19-4071.00,2,35.31
19-4071.00,3,4.57
19-4071.00,4,10.42
19-4071.00,5,34.89
19-4071.00,6,13.99
19-4071.00,7,0.83
19-4071.00,8,0.0
19-4071.00,9,0.0
19-4071.00,10,0.0
19-4071.00,11,0.0
19-4071.00,12,0.0
19-4092.00,1,0.0
19-4092.00,2,29.31
19-4092.00,3,36.29
19-4092.00,4,0.0
19-4092.00,5,0.0
19-4092.00,6,15.3
19-4092.00,7,17.06
19-4092.00,8,2.05
19-4092.00,9,0.0
19-4092.00,10,0.0
19-4092.00,11,0.0
19-4092.00,12,0.0
19-4099.01,1,5.65
19-4099.01,2,37.77
19-4099.01,3,9.62
19-4099.01,4,8.82
19-4099.01,5,10.24
19-4099.01,6,27.9
19-4099.01,7,0.0
19-4099.01,8,0.0
19-4099.01,9,0.0
19-4099.01,10,0.0
19-4099.01,11,0.0
19-4099.01,12,0.0
19-4099.03,1,0.0
19-4099.03,2,9.49
19-4099.03,3,4.5
19-4099.03,4,6.04
19-4099.03,5,9.2
19-4099.03,6,62.04
19-4099.03,7,8.41
19-4099.03,8,0.32
19-4099.03,9,0.0
19-4099.03,10,0.0
19-4099.03,11,0.0
19-4099.03,12,0.0
19-5011.00,1,0.0
19-5011.00,2,0.0
19-5011.00,3,4.35
19-5011.00,4,0.0
19-5011.00,5,4.35
19-5011.00,6,73.91
19-5011.00,7,8.7
19-5011.00,8,8.7
19-5011.00,9,0.0
19-5011.00,10,0.0
19-5011.00,11,0.0
19-5011.00,12,0.0
19-5012.00,1,0.0
19-5012.00,2,9.52
19-5012.00,3,4.76
19-5012.00,4,9.52
19-5012.00,5,19.05
19-5012.00,6,47.62
19-5012.00,7,4.76
19-5012.00,8,4.76
19-5012.00,9,0.0
19-5012.00,10,0.0
19-5012.00,11,0.0
19-5012.00,12,0.0
21-1011.00,1,0.0
21-1011.00,2,8.33
21-1011.00,3,0.0
21-1011.00,4,20.83
21-1011.00,5,20.83
21-1011.00,6,12.5
21-1011.00,7,4.17
21-1011.00,8,33.33
21-1011.00,9,0.0
21-1011.00,10,0.0
21-1011.00,11,0.0
21-1011.00,12,0.0
21-1012.00,1,0.0
21-1012.00,2,0.0
21-1012.00,3,0.0
21-1012.00,4,0.0
21-1012.00,5,2.51
21-1012.00,6,56.31
21-1012.00,7,0.0
21-1012.00,8,40.69
21-1012.00,9,0.5
21-1012.00,10,0.0
21-1012.00,11,0.0
21-1012.00,12,0.0
21-1013.00,1,0.0
21-1013.00,2,0.0
21-1013.00,3,0.0
21-1013.00,4,0.0
21-1013.00,5,0.0
21-1013.00,6,0.0
21-1013.00,7,0.0
21-1013.00,8,86.67
21-1013.00,9,10.0
21-1013.00,10,0.0
21-1013.00,11,3.33
21-1013.00,12,0.0
21-1014.00,1,0.0
21-1014.00,2,0.0
21-1014.00,3,0.0
21-1014.00,4,0.0
21-1014.00,5,0.0
21-1014.00,6,0.0
21-1014.00,7,0.0
21-1014.00,8,89.29
21-1014.00,9,7.14
21-1014.00,10,3.57
21-1014.00,11,0.0
21-1014.00,12,0.0
21-1015.00,1,0.0
21-1015.00,2,0.0
21-1015.00,3,0.0
21-1015.00,4,0.0
21-1015.00,5,0.0
21-1015.00,6,14.71
21-1015.00,7,0.0
21-1015.00,8,82.35
21-1015.00,9,2.94
21-1015.00,10,0.0
21-1015.00,11,0.0
21-1015.00,12,0.0
21-1021.00,1,0.0
21-1021.00,2,0.0
21-1021.00,3,0.0
21-1021.00,4,0.0
21-1021.00,5,5.51
21-1021.00,6,68.66
21-1021.00,7,0.0
21-1021.00,8,25.83
21-1021.00,9,0.0
21-1021.00,10,0.0
21-1021.00,11,0.0
21-1021.00,12,0.0
21-1022.00,1,0.0
21-1022.00,2,0.0
21-1022.00,3,0.0
21-1022.00,4,0.0
21-1022.00,5,0.0
21-1022.00,6,14.81
21-1022.00,7,0.0
21-1022.00,8,70.37
21-1022.00,9,11.11
21-1022.00,10,3.7
21-1022.00,11,0.0
21-1022.00,12,0.0
21-1023.00,1,0.0
21-1023.00,2,0.0
21-1023.00,3,0.0
21-1023.00,4,0.0
21-1023.00,5,0.0
21-1023.00,6,18.78
21-1023.00,7,0.0
21-1023.00,8,77.18
21-1023.00,9,4.04
21-1023.00,10,0.0
21-1023.00,11,0.0
21-1023.00,12,0.0
21-1091.00,1,0.0
21-1091.00,2,2.6
21-1091.00,3,0.0
21-1091.00,4,0.0
21-1091.00,5,62.17
21-1091.00,6,30.93
21-1091.00,7,0.0
21-1091.00,8,3.44
21-1091.00,9,0.0
21-1091.00,10,0.0
21-1091.00,11,0.86
21-1091.00,12,0.0
21-1092.00,1,0.0
21-1092.00,2,0.85
21-1092.00,3,1.67
21-1092.00,4,1.67
21-1092.00,5,5.34
21-1092.00,6,88.03
21-1092.00,7,0.0
21-1092.00,8,2.44
21-1092.00,9,0.0
21-1092.00,10,0.0
21-1092.00,11,0.0
21-1092.00,12,0.0
21-1093.00,1,0.0
21-1093.00,2,10.41
21-1093.00,3,0.0
21-1093.00,4,16.21
21-1093.00,5,17.99
21-1093.00,6,39.39
21-1093.00,7,1.07
21-1093.00,8,7.39
21-1093.00,9,3.77
21-1093.00,10,0.0
21-1093.00,11,3.77
21-1093.00,12,0.0
21-1094.00,1,0.31
21-1094.00,2,0.0
21-1094.00,3,0.0
21-1094.00,4,0.0
21-1094.00,5,17.78
21-1094.00,6,55.96
21-1094.00,7,12.98
21-1094.00,8,12.98
21-1094.00,9,0.0
21-1094.00,10,0.0
21-1094.00,11,0.0
21-1094.00,12,0.0
21-2011.00,1,0.0
21-2011.00,2,12.16
21-2011.00,3,0.0
21-2011.00,4,15.21
21-2011.00,5,0.0
21-2011.00,6,18.32
21-2011.00,7,0.0
21-2011.00,8,47.82
21-2011.00,9,0.0
21-2011.00,10,1.34
21-2011.00,11,5.14
21-2011.00,12,0.0
21-2021.00,1,0.0
21-2021.00,2,0.91
21-2021.00,3,21.13
21-2021.00,4,0.28
21-2021.00,5,14.36
21-2021.00,6,53.58
21-2021.00,7,0.55
21-2021.00,8,9.2
21-2021.00,9,0.0
21-2021.00,10,0.0
21-2021.00,11,0.0
21-2021.00,12,0.0
23-1011.00,1,0.0
23-1011.00,2,0.0
23-1011.00,3,0.0
23-1011.00,4,0.0
23-1011.00,5,0.0
23-1011.00,6,0.0
23-1011.00,7,0.0
23-1011.00,8,0.0
23-1011.00,9,0.0
23-1011.00,10,22.81
23-1011.00,11,77.19
23-1011.00,12,0.0
23-1012.00,1,0.0
23-1012.00,2,7.16
23-1012.00,3,2.18
23-1012.00,4,0.0
23-1012.00,5,0.0
23-1012.00,6,0.0
23-1012.00,7,0.0
23-1012.00,8,2.05
23-1012.00,9,0.0
23-1012.00,10,16.52
23-1012.00,11,51.87
23-1012.00,12,20.21
23-1021.00,1,0.0
23-1021.00,2,0.0
23-1021.00,3,0.0
23-1021.00,4,11.22
23-1021.00,5,11.22
23-1021.00,6,19.95
23-1021.00,7,0.0
23-1021.00,8,1.43
23-1021.00,9,0.0
23-1021.00,10,13.76
23-1021.00,11,37.34
23-1021.00,12,5.08
23-1022.00,1,5.26
23-1022.00,2,0.0
23-1022.00,3,0.0
23-1022.00,4,0.0
23-1022.00,5,5.26
23-1022.00,6,15.79
23-1022.00,7,10.53
23-1022.00,8,10.53
23-1022.00,9,10.53
23-1022.00,10,36.84
23-1022.00,11,5.26
23-1022.00,12,0.0
23-1023.00,1,0.0
23-1023.00,2,0.0
23-1023.00,3,0.16
23-1023.00,4,0.16
23-1023.00,5,0.16
23-1023.00,6,0.0
23-1023.00,7,0.0
23-1023.00,8,0.0
23-1023.00,9,0.0
23-1023.00,10,23.29
23-1023.00,11,66.47
23-1023.00,12,9.77
23-2011.00,1,0.0
23-2011.00,2,18.62
23-2011.00,3,2.43
23-2011.00,4,2.34
23-2011.00,5,20.08
23-2011.00,6,36.94
23-2011.00,7,9.56
23-2011.00,8,0.0
23-2011.00,9,0.0
23-2011.00,10,0.0
23-2011.00,11,10.03
23-2011.00,12,0.0
23-2093.00,1,3.53
23-2093.00,2,54.52
23-2093.00,3,10.21
23-2093.00,4,13.42
23-2093.00,5,0.75
23-2093.00,6,13.58
23-2093.00,7,0.0
23-2093.00,8,0.0
23-2093.00,9,0.0
23-2093.00,10,3.98
23-2093.00,11,0.0
23-2093.00,12,0.0
25-1011.00,1,0.0
25-1011.00,2,0.0
25-1011.00,3,0.0
25-1011.00,4,0.0
25-1011.00,5,0.0
25-1011.00,6,5.39
25-1011.00,7,0.6
25-1011.00,8,20.39
25-1011.00,9,0.34
25-1011.00,10,0.52
25-1011.00,11,72.77
25-1011.00,12,0.0
25-1021.00,1,0.0
25-1021.00,2,0.0
25-1021.00,3,0.0
25-1021.00,4,0.0
25-1021.00,5,0.0
25-1021.00,6,11.0
25-1021.00,7,0.0
25-1021.00,8,47.35
25-1021.00,9,0.0
25-1021.00,10,0.0
25-1021.00,11,41.65
25-1021.00,12,0.0
25-1022.00,1,0.0
25-1022.00,2,0.0
25-1022.00,3,0.0
25-1022.00,4,0.0
25-1022.00,5,0.0
25-1022.00,6,9.32
25-1022.00,7,0.56
25-1022.00,8,43.0
25-1022.00,9,0.0
25-1022.00,10,0.0
25-1022.00,11,36.75
25-1022.00,12,10.37
25-1031.00,1,0.0
25-1031.00,2,0.0
25-1031.00,3,0.0
25-1031.00,4,0.0
25-1031.00,5,9.32
25-1031.00,6,14.38
25-1031.00,7,1.17
25-1031.00,8,10.2
25-1031.00,9,0.0
25-1031.00,10,20.29
25-1031.00,11,44.63
25-1031.00,12,0.0
25-1032.00,1,0.0
25-1032.00,2,0.0
25-1032.00,3,0.0
25-1032.00,4,0.0
25-1032.00,5,0.0
25-1032.00,6,0.82
25-1032.00,7,0.82
25-1032.00,8,5.09
25-1032.00,9,17.34
25-1032.00,10,0.0
25-1032.00,11,58.61
25-1032.00,12,17.34
25-1041.00,1,0.0
25-1041.00,2,0.0
25-1041.00,3,0.0
25-1041.00,4,0.0
25-1041.00,5,1.4
25-1041.00,6,1.41
25-1041.00,7,0.0
25-1041.00,8,14.04
25-1041.00,9,0.84
25-1041.00,10,0.0
25-1041.00,11,55.31
25-1041.00,12,27.0
25-1042.00,1,0.0
25-1042.00,2,0.0
25-1042.00,3,0.0
25-1042.00,4,0.0
25-1042.00,5,1.27
25-1042.00,6,0.2
25-1042.00,7,0.0
25-1042.00,8,11.73
25-1042.00,9,0.0
25-1042.00,10,0.0
25-1042.00,11,48.44
25-1042.00,12,38.37
25-1043.00,1,0.0
25-1043.00,2,0.0
25-1043.00,3,0.0
25-1043.00,4,0.0
25-1043.00,5,0.0
25-1043.00,6,0.0
25-1043.00,7,0.0
25-1043.00,8,15.13
25-1043.00,9,0.0
25-1043.00,10,0.0
25-1043.00,11,62.72
25-1043.00,12,22.15
25-1051.00,1,0.0
25-1051.00,2,0.0
25-1051.00,3,0.0
25-1051.00,4,0.0
25-1051.00,5,0.0
25-1051.00,6,0.0
25-1051.00,7,5.07
25-1051.00,8,46.48
25-1051.00,9,3.3
25-1051.00,10,0.0
25-1051.00,11,28.9
25-1051.00,12,16.25
25-1052.00,1,0.0
25-1052.00,2,0.0
25-1052.00,3,0.0
25-1052.00,4,0.3
25-1052.00,5,0.0
25-1052.00,6,2.1
25-1052.00,7,5.77
25-1052.00,8,35.27
25-1052.00,9,0.0
25-1052.00,10,0.0
25-1052.00,11,25.19
25-1052.00,12,31.37
25-1053.00,1,0.0
25-1053.00,2,0.0
25-1053.00,3,0.0
25-1053.00,4,0.0
25-1053.00,5,0.0
25-1053.00,6,0.0
25-1053.00,7,0.0
25-1053.00,8,17.5
25-1053.00,9,0.34
25-1053.00,10,0.0
25-1053.00,11,52.49
25-1053.00,12,29.67
25-1054.00,1,0.0
25-1054.00,2,0.0
25-1054.00,3,0.0
25-1054.00,4,0.0
25-1054.00,5,0.0
25-1054.00,6,0.0
25-1054.00,7,0.0
25-1054.00,8,25.03
25-1054.00,9,0.41
25-1054.00,10,0.0
25-1054.00,11,53.82
25-1054.00,12,20.74
25-1061.00,1,0.0
25-1061.00,2,0.0
25-1061.00,3,0.0
25-1061.00,4,0.0
25-1061.00,5,0.0
25-1061.00,6,4.55
25-1061.00,7,0.0
25-1061.00,8,18.18
25-1061.00,9,4.55
25-1061.00,10,4.55
25-1061.00,11,68.18
25-1061.00,12,0.0
25-1062.00,1,0.0
25-1062.00,2,0.17
25-1062.00,3,0.0
25-1062.00,4,0.0
25-1062.00,5,0.0
25-1062.00,6,0.0
25-1062.00,7,0.0
25-1062.00,8,30.98
25-1062.00,9,3.24
25-1062.00,10,1.12
25-1062.00,11,60.52
25-1062.00,12,3.97
25-1063.00,1,0.0
25-1063.00,2,0.0
25-1063.00,3,0.0
25-1063.00,4,0.0
25-1063.00,5,0.0
25-1063.00,6,2.15
25-1063.00,7,0.0
25-1063.00,8,7.37
25-1063.00,9,9.68
25-1063.00,10,0.0
25-1063.00,11,80.8
25-1063.00,12,0.0
25-1064.00,1,0.0
25-1064.00,2,0.0
25-1064.00,3,0.0
25-1064.00,4,0.0
25-1064.00,5,0.0
25-1064.00,6,0.0
25-1064.00,7,0.0
25-1064.00,8,9.51
25-1064.00,9,9.75
25-1064.00,10,0.0
25-1064.00,11,80.29
25-1064.00,12,0.45
25-1065.00,1,0.0
25-1065.00,2,0.0
25-1065.00,3,0.0
25-1065.00,4,0.0
25-1065.00,5,0.0
25-1065.00,6,0.0
25-1065.00,7,0.0
25-1065.00,8,3.46
25-1065.00,9,0.0
25-1065.00,10,0.0
25-1065.00,11,96.54
25-1065.00,12,0.0
25-1066.00,1,0.0
25-1066.00,2,0.0
25-1066.00,3,0.0
25-1066.00,4,0.0
25-1066.00,5,0.0
25-1066.00,6,0.0
25-1066.00,7,0.0
25-1066.00,8,14.76
25-1066.00,9,0.0
25-1066.00,10,0.0
25-1066.00,11,54.58
25-1066.00,12,30.67
25-1067.00,1,0.0
25-1067.00,2,0.0
25-1067.00,3,0.0
25-1067.00,4,0.0
25-1067.00,5,0.0
25-1067.00,6,0.0
25-1067.00,7,0.0
25-1067.00,8,22.84
25-1067.00,9,0.48
25-1067.00,10,0.0
25-1067.00,11,76.68
25-1067.00,12,0.0
25-1071.00,1,0.0
25-1071.00,2,0.0
25-1071.00,3,2.9
25-1071.00,4,0.0
25-1071.00,5,4.63
25-1071.00,6,12.49
25-1071.00,7,0.0
25-1071.00,8,35.94
25-1071.00,9,0.0
25-1071.00,10,0.0
25-1071.00,11,24.91
25-1071.00,12,19.14
25-1072.00,1,0.0
25-1072.00,2,0.0
25-1072.00,3,0.0
25-1072.00,4,0.0
25-1072.00,5,0.0
25-1072.00,6,5.05
25-1072.00,7,0.0
25-1072.00,8,50.08
25-1072.00,9,2.03
25-1072.00,10,0.0
25-1072.00,11,36.11
25-1072.00,12,6.73
25-1081.00,1,0.0
25-1081.00,2,0.0
25-1081.00,3,0.0
25-1081.00,4,0.0
25-1081.00,5,0.0
25-1081.00,6,0.63
25-1081.00,7,0.0
25-1081.00,8,9.41
25-1081.00,9,0.1
25-1081.00,10,0.0
25-1081.00,11,89.76
25-1081.00,12,0.1
25-1082.00,1,0.0
25-1082.00,2,0.0
25-1082.00,3,0.0
25-1082.00,4,0.0
25-1082.00,5,0.93
25-1082.00,6,0.93
25-1082.00,7,0.0
25-1082.00,8,24.57
25-1082.00,9,0.0
25-1082.00,10,0.0
25-1082.00,11,65.24
25-1082.00,12,8.32
25-1111.00,1,0.0
25-1111.00,2,1.62
25-1111.00,3,10.9
25-1111.00,4,0.0
25-1111.00,5,8.41
25-1111.00,6,4.34
25-1111.00,7,0.0
25-1111.00,8,38.89
25-1111.00,9,8.61
25-1111.00,10,1.62
25-1111.00,11,25.6
25-1111.00,12,0.0
25-1112.00,1,0.0
25-1112.00,2,0.0
25-1112.00,3,0.0
25-1112.00,4,0.0
25-1112.00,5,1.07
25-1112.00,6,0.0
25-1112.00,7,0.0
25-1112.00,8,15.44
25-1112.00,9,2.06
25-1112.00,10,46.18
25-1112.00,11,35.26
25-1112.00,12,0.0
25-1113.00,1,0.0
25-1113.00,2,0.0
25-1113.00,3,0.0
25-1113.00,4,0.0
25-1113.00,5,0.0
25-1113.00,6,0.0
25-1113.00,7,0.0
25-1113.00,8,28.73
25-1113.00,9,0.0
25-1113.00,10,6.03
25-1113.00,11,60.7
25-1113.00,12,4.53
25-1121.00,1,0.0
25-1121.00,2,0.0
25-1121.00,3,0.0
25-1121.00,4,0.0
25-1121.00,5,1.44
25-1121.00,6,13.89
25-1121.00,7,0.7
25-1121.00,8,50.68
25-1121.00,9,1.61
25-1121.00,10,0.0
25-1121.00,11,31.67
25-1121.00,12,0.0
25-1122.00,1,0.0
25-1122.00,2,0.0
25-1122.00,3,0.0
25-1122.00,4,0.0
25-1122.00,5,0.0
25-1122.00,6,0.0
25-1122.00,7,0.0
25-1122.00,8,70.85
25-1122.00,9,0.97
25-1122.00,10,0.0
25-1122.00,11,17.38
25-1122.00,12,10.79
25-1123.00,1,9.61
25-1123.00,2,0.0
25-1123.00,3,0.0
25-1123.00,4,0.0
25-1123.00,5,0.0
25-1123.00,6,0.0
25-1123.00,7,0.0
25-1123.00,8,30.42
25-1123.00,9,1.26
25-1123.00,10,0.0
25-1123.00,11,58.38
25-1123.00,12,0.32
25-1124.00,1,0.0
25-1124.00,2,0.0
25-1124.00,3,0.0
25-1124.00,4,0.0
25-1124.00,5,0.0
25-1124.00,6,8.74
25-1124.00,7,0.0
25-1124.00,8,17.84
25-1124.00,9,0.0
25-1124.00,10,0.0
25-1124.00,11,73.42
25-1124.00,12,0.0
25-1125.00,1,0.0
25-1125.00,2,0.0
25-1125.00,3,0.0
25-1125.00,4,0.0
25-1125.00,5,0.0
25-1125.00,6,0.0
25-1125.00,7,0.0
25-1125.00,8,30.36
25-1125.00,9,0.0
25-1125.00,10,0.0
25-1125.00,11,69.64
25-1125.00,12,0.0
25-1126.00,1,0.0
25-1126.00,2,0.0
25-1126.00,3,0.0
25-1126.00,4,0.0
25-1126.00,5,0.0
25-1126.00,6,0.0
25-1126.00,7,0.0
25-1126.00,8,13.07
25-1126.00,9,0.6
25-1126.00,10,0.0
25-1126.00,11,73.83
25-1126.00,12,12.49
25-1192.00,1,0.0
25-1192.00,2,0.0
25-1192.00,3,1.9
25-1192.00,4,0.96
25-1192.00,5,0.0
25-1192.00,6,3.66
25-1192.00,7,7.89
25-1192.00,8,36.45
25-1192.00,9,0.0
25-1192.00,10,0.32
25-1192.00,11,48.02
25-1192.00,12,0.8
25-1193.00,1,0.0
25-1193.00,2,0.0
25-1193.00,3,0.0
25-1193.00,4,0.0
25-1193.00,5,0.0
25-1193.00,6,5.04
25-1193.00,7,0.0
25-1193.00,8,20.8
25-1193.00,9,0.0
25-1193.00,10,0.0
25-1193.00,11,74.16
25-1193.00,12,0.0
25-1194.00,1,0.0
25-1194.00,2,2.17
25-1194.00,3,16.22
25-1194.00,4,6.87
25-1194.00,5,42.29
25-1194.00,6,20.21
25-1194.00,7,0.0
25-1194.00,8,7.58
25-1194.00,9,0.0
25-1194.00,10,0.0
25-1194.00,11,4.67
25-1194.00,12,0.0
25-2011.00,1,0.0
25-2011.00,2,28.75
25-2011.00,3,10.34
25-2011.00,4,12.17
25-2011.00,5,11.55
25-2011.00,6,17.23
25-2011.00,7,7.91
25-2011.00,8,12.04
25-2011.00,9,0.0
25-2011.00,10,0.0
25-2011.00,11,0.0
25-2011.00,12,0.0
25-2012.00,1,0.0
25-2012.00,2,0.0
25-2012.00,3,0.0
25-2012.00,4,0.0
25-2012.00,5,0.0
25-2012.00,6,75.66
25-2012.00,7,10.54
25-2012.00,8,13.8
25-2012.00,9,0.0
25-2012.00,10,0.0
25-2012.00,11,0.0
25-2012.00,12,0.0
25-2021.00,1,0.0
25-2021.00,2,0.0
25-2021.00,3,0.0
25-2021.00,4,0.0
25-2021.00,5,0.0
25-2021.00,6,78.17
25-2021.00,7,0.0
25-2021.00,8,21.83
25-2021.00,9,0.0
25-2021.00,10,0.0
25-2021.00,11,0.0
25-2021.00,12,0.0
25-2022.00,1,9.58
25-2022.00,2,0.0
25-2022.00,3,0.0
25-2022.00,4,0.0
25-2022.00,5,0.0
25-2022.00,6,66.94
25-2022.00,7,21.3
25-2022.00,8,2.18
25-2022.00,9,0.0
25-2022.00,10,0.0
25-2022.00,11,0.0
25-2022.00,12,0.0
25-2023.00,1,0.0
25-2023.00,2,6.45
25-2023.00,3,0.0
25-2023.00,4,0.0
25-2023.00,5,2.23
25-2023.00,6,85.76
25-2023.00,7,2.9
25-2023.00,8,2.66
25-2023.00,9,0.0
25-2023.00,10,0.0
25-2023.00,11,0.0
25-2023.00,12,0.0
25-2031.00,1,0.0
25-2031.00,2,0.0
25-2031.00,3,0.0
25-2031.00,4,0.0
25-2031.00,5,3.99
25-2031.00,6,76.97
25-2031.00,7,7.76
25-2031.00,8,3.53
25-2031.00,9,7.76
25-2031.00,10,0.0
25-2031.00,11,0.0
25-2031.00,12,0.0
25-2032.00,1,0.0
25-2032.00,2,7.41
25-2032.00,3,8.11
25-2032.00,4,4.1
25-2032.00,5,13.09
25-2032.00,6,40.12
25-2032.00,7,4.3
25-2032.00,8,22.57
25-2032.00,9,0.0
25-2032.00,10,0.31
25-2032.00,11,0.0
25-2032.00,12,0.0
25-2051.00,1,0.0
25-2051.00,2,1.89
25-2051.00,3,0.0
25-2051.00,4,15.1
25-2051.00,5,18.3
25-2051.00,6,44.19
25-2051.00,7,5.5
25-2051.00,8,11.82
25-2051.00,9,3.2
25-2051.00,10,0.0
25-2051.00,11,0.0
25-2051.00,12,0.0
25-2055.00,1,0.0
25-2055.00,2,0.0
25-2055.00,3,0.0
25-2055.00,4,0.0
25-2055.00,5,11.46
25-2055.00,6,56.08
25-2055.00,7,23.18
25-2055.00,8,9.28
25-2055.00,9,0.0
25-2055.00,10,0.0
25-2055.00,11,0.0
25-2055.00,12,0.0
25-2056.00,1,0.0
25-2056.00,2,10.31
25-2056.00,3,0.0
25-2056.00,4,0.0
25-2056.00,5,0.31
25-2056.00,6,51.39
25-2056.00,7,0.19
25-2056.00,8,37.67
25-2056.00,9,0.14
25-2056.00,10,0.0
25-2056.00,11,0.0
25-2056.00,12,0.0
25-2057.00,1,0.0
25-2057.00,2,0.0
25-2057.00,3,0.0
25-2057.00,4,0.34
25-2057.00,5,0.0
25-2057.00,6,82.52
25-2057.00,7,1.26
25-2057.00,8,15.45
25-2057.00,9,0.0
25-2057.00,10,0.43
25-2057.00,11,0.0
25-2057.00,12,0.0
25-2058.00,1,0.0
25-2058.00,2,0.0
25-2058.00,3,0.0
25-2058.00,4,0.0
25-2058.00,5,0.24
25-2058.00,6,42.35
25-2058.00,7,15.0
25-2058.00,8,42.17
25-2058.00,9,0.24
25-2058.00,10,0.0
25-2058.00,11,0.0
25-2058.00,12,0.0
25-2059.01,1,0.0
25-2059.01,2,0.0
25-2059.01,3,0.0
25-2059.01,4,0.0
25-2059.01,5,0.0
25-2059.01,6,45.45
25-2059.01,7,22.73
25-2059.01,8,27.27
25-2059.01,9,0.0
25-2059.01,10,0.0
25-2059.01,11,4.55
25-2059.01,12,0.0
25-3011.00,1,0.0
25-3011.00,2,11.38
25-3011.00,3,0.0
25-3011.00,4,3.28
25-3011.00,5,11.38
25-3011.00,6,40.84
25-3011.00,7,11.38
25-3011.00,8,19.76
25-3011.00,9,1.99
25-3011.00,10,0.0
25-3011.00,11,0.0
25-3011.00,12,0.0
25-3021.00,1,0.0
25-3021.00,2,13.51
25-3021.00,3,18.48
25-3021.00,4,0.26
25-3021.00,5,13.51
25-3021.00,6,18.09
25-3021.00,7,0.69
25-3021.00,8,34.69
25-3021.00,9,0.0
25-3021.00,10,0.0
25-3021.00,11,0.0
25-3021.00,12,0.76
25-3031.00,1,0.0
25-3031.00,2,10.05
25-3031.00,3,0.14
25-3031.00,4,10.42
25-3031.00,5,34.6
25-3031.00,6,39.66
25-3031.00,7,0.49
25-3031.00,8,4.63
25-3031.00,9,0.0
25-3031.00,10,0.0
25-3031.00,11,0.0
25-3031.00,12,0.0
25-3041.00,1,0.0
25-3041.00,2,9.09
25-3041.00,3,0.0
25-3041.00,4,36.36
25-3041.00,5,9.09
25-3041.00,6,40.91
25-3041.00,7,0.0
25-3041.00,8,4.55
25-3041.00,9,0.0
25-3041.00,10,0.0
25-3041.00,11,0.0
25-3041.00,12,0.0
25-4011.00,1,0.0
25-4011.00,2,0.0
25-4011.00,3,0.0
25-4011.00,4,0.0
25-4011.00,5,0.0
25-4011.00,6,6.45
25-4011.00,7,3.23
25-4011.00,8,83.87
25-4011.00,9,6.45
25-4011.00,10,0.0
25-4011.00,11,0.0
25-4011.00,12,0.0
25-4012.00,1,0.0
25-4012.00,2,0.0
25-4012.00,3,0.0
25-4012.00,4,3.37
25-4012.00,5,1.48
25-4012.00,6,6.13
25-4012.00,7,8.09
25-4012.00,8,44.05
25-4012.00,9,0.0
25-4012.00,10,0.0
25-4012.00,11,34.75
25-4012.00,12,2.12
25-4013.00,1,0.0
25-4013.00,2,0.0
25-4013.00,3,0.0
25-4013.00,4,0.0
25-4013.00,5,0.0
25-4013.00,6,11.54
25-4013.00,7,7.69
25-4013.00,8,73.08
25-4013.00,9,7.69
25-4013.00,10,0.0
25-4013.00,11,0.0
25-4013.00,12,0.0
25-4022.00,1,0.0
25-4022.00,2,0.0
25-4022.00,3,0.0
25-4022.00,4,0.0
25-4022.00,5,0.0
25-4022.00,6,3.7
25-4022.00,7,0.0
25-4022.00,8,96.3
25-4022.00,9,0.0
25-4022.00,10,0.0
25-4022.00,11,0.0
25-4022.00,12,0.0
25-4031.00,1,0.0
25-4031.00,2,15.02
25-4031.00,3,17.05
25-4031.00,4,8.85
25-4031.00,5,27.66
25-4031.00,6,29.62
25-4031.00,7,0.0
25-4031.00,8,1.81
25-4031.00,9,0.0
25-4031.00,10,0.0
25-4031.00,11,0.0
25-4031.00,12,0.0
25-9021.00,1,3.7
25-9021.00,2,0.0
25-9021.00,3,3.7
25-9021.00,4,0.0
25-9021.00,5,0.0
25-9021.00,6,14.81
25-9021.00,7,3.7
25-9021.00,8,70.37
25-9021.00,9,0.0
25-9021.00,10,0.0
25-9021.00,11,3.7
25-9021.00,12,0.0
25-9031.00,1,0.0
25-9031.00,2,0.0
25-9031.00,3,0.0
25-9031.00,4,0.0
25-9031.00,5,0.0
25-9031.00,6,24.83
25-9031.00,7,0.14
25-9031.00,8,59.84
25-9031.00,9,10.85
25-9031.00,10,4.21
25-9031.00,11,0.14
25-9031.00,12,0.0
25-9042.00,1,1.24
25-9042.00,2,27.1
25-9042.00,3,19.89
25-9042.00,4,17.12
25-9042.00,5,3.24
25-9042.00,6,16.28
25-9042.00,7,0.0
25-9042.00,8,15.14
25-9042.00,9,0.0
25-9042.00,10,0.0
25-9042.00,11,0.0
25-9042.00,12,0.0
25-9043.00,1,0.0
25-9043.00,2,24.61
25-9043.00,3,0.0
25-9043.00,4,18.2
25-9043.00,5,14.48
25-9043.00,6,39.16
25-9043.00,7,0.0
25-9043.00,8,3.55
25-9043.00,9,0.0
25-9043.00,10,0.0
25-9043.00,11,0.0
25-9043.00,12,0.0
25-9044.00,1,0.0
25-9044.00,2,0.0
25-9044.00,3,0.0
25-9044.00,4,1.48
25-9044.00,5,0.0
25-9044.00,6,57.32
25-9044.00,7,0.0
25-9044.00,8,37.26
25-9044.00,9,0.2
25-9044.00,10,0.0
25-9044.00,11,3.73
25-9044.00,12,0.0
27-1011.00,1,0.0
27-1011.00,2,9.69
27-1011.00,3,0.0
27-1011.00,4,5.7
27-1011.00,5,5.37
27-1011.00,6,68.02
27-1011.00,7,3.52
27-1011.00,8,7.69
27-1011.00,9,0.0
27-1011.00,10,0.0
27-1011.00,11,0.0
27-1011.00,12,0.0
27-1012.00,1,17.39
27-1012.00,2,26.09
27-1012.00,3,26.09
27-1012.00,4,17.39
27-1012.00,5,0.0
27-1012.00,6,8.7
27-1012.00,7,4.35
27-1012.00,8,0.0
27-1012.00,9,0.0
27-1012.00,10,0.0
27-1012.00,11,0.0
27-1012.00,12,0.0
27-1013.00,1,0.0
27-1013.00,2,27.33
27-1013.00,3,0.26
27-1013.00,4,37.03
27-1013.00,5,0.0
27-1013.00,6,35.12
27-1013.00,7,0.0
27-1013.00,8,0.0
27-1013.00,9,0.0
27-1013.00,10,0.26
27-1013.00,11,0.0
27-1013.00,12,0.0
27-1014.00,1,0.13
27-1014.00,2,5.4
27-1014.00,3,0.0
27-1014.00,4,39.68
27-1014.00,5,1.7
27-1014.00,6,52.75
27-1014.00,7,0.0
27-1014.00,8,0.34
27-1014.00,9,0.0
27-1014.00,10,0.0
27-1014.00,11,0.0
27-1014.00,12,0.0
27-1021.00,1,0.0
27-1021.00,2,4.3
27-1021.00,3,0.29
27-1021.00,4,15.23
27-1021.00,5,12.26
27-1021.00,6,67.92
27-1021.00,7,0.0
27-1021.00,8,0.0
27-1021.00,9,0.0
27-1021.00,10,0.0
27-1021.00,11,0.0
27-1021.00,12,0.0
27-1022.00,1,0.63
27-1022.00,2,3.62
27-1022.00,3,0.0
27-1022.00,4,1.07
27-1022.00,5,44.02
27-1022.00,6,50.67
27-1022.00,7,0.0
27-1022.00,8,0.0
27-1022.00,9,0.0
27-1022.00,10,0.0
27-1022.00,11,0.0
27-1022.00,12,0.0
27-1023.00,1,23.81
27-1023.00,2,71.43
27-1023.00,3,4.76
27-1023.00,4,0.0
27-1023.00,5,0.0
27-1023.00,6,0.0
27-1023.00,7,0.0
27-1023.00,8,0.0
27-1023.00,9,0.0
27-1023.00,10,0.0
27-1023.00,11,0.0
27-1023.00,12,0.0
27-1024.00,1,0.0
27-1024.00,2,15.0
27-1024.00,3,0.0
27-1024.00,4,5.0
27-1024.00,5,5.0
27-1024.00,6,65.0
27-1024.00,7,0.0
27-1024.00,8,10.0
27-1024.00,9,0.0
27-1024.00,10,0.0
27-1024.00,11,0.0
27-1024.00,12,0.0
27-1025.00,1,0.0
27-1025.00,2,0.0
27-1025.00,3,0.0
27-1025.00,4,4.0
27-1025.00,5,4.0
27-1025.00,6,84.0
27-1025.00,7,0.0
27-1025.00,8,4.0
27-1025.00,9,0.0
27-1025.00,10,4.0
27-1025.00,11,0.0
27-1025.00,12,0.0
27-1026.00,1,0.0
27-1026.00,2,39.46
27-1026.00,3,8.7
27-1026.00,4,19.52
27-1026.00,5,14.68
27-1026.00,6,17.64
27-1026.00,7,0.0
27-1026.00,8,0.0
27-1026.00,9,0.0
27-1026.00,10,0.0
27-1026.00,11,0.0
27-1026.00,12,0.0
27-1027.00,1,0.0
27-1027.00,2,0.0
27-1027.00,3,0.0
27-1027.00,4,9.52
27-1027.00,5,4.76
27-1027.00,6,33.33
27-1027.00,7,0.0
27-1027.00,8,33.33
27-1027.00,9,9.52
27-1027.00,10,4.76
27-1027.00,11,4.76
27-1027.00,12,0.0
27-2011.00,1,65.71
27-2011.00,2,20.0
27-2011.00,3,2.86
27-2011.00,4,5.71
27-2011.00,5,5.71
27-2011.00,6,0.0
27-2011.00,7,0.0
27-2011.00,8,0.0
27-2011.00,9,0.0
27-2011.00,10,0.0
27-2011.00,11,0.0
27-2011.00,12,0.0
27-2012.00,1,0.0
27-2012.00,2,15.22
27-2012.00,3,10.58
27-2012.00,4,4.61
27-2012.00,5,12.89
27-2012.00,6,56.67
27-2012.00,7,0.0
27-2012.00,8,0.04
27-2012.00,9,0.0
27-2012.00,10,0.0
27-2012.00,11,0.0
27-2012.00,12,0.0
27-2012.03,1,0.0
27-2012.03,2,31.19
27-2012.03,3,0.0
27-2012.03,4,14.99
27-2012.03,5,1.82
27-2012.03,6,52.0
27-2012.03,7,0.0
27-2012.03,8,0.0
27-2012.03,9,0.0
27-2012.03,10,0.0
27-2012.03,11,0.0
27-2012.03,12,0.0
27-2012.04,1,0.0
27-2012.04,2,1.34
27-2012.04,3,0.4
27-2012.04,4,10.24
27-2012.04,5,18.77
27-2012.04,6,42.31
27-2012.04,7,8.55
27-2012.04,8,10.89
27-2012.04,9,0.0
27-2012.04,10,7.49
27-2012.04,11,0.0
27-2012.04,12,0.0
27-2012.05,1,0.0
27-2012.05,2,4.17
27-2012.05,3,1.49
27-2012.05,4,0.42
27-2012.05,5,1.43
27-2012.05,6,92.07
27-2012.05,7,0.0
27-2012.05,8,0.42
27-2012.05,9,0.0
27-2012.05,10,0.0
27-2012.05,11,0.0
27-2012.05,12,0.0
27-2021.00,1,34.8
27-2021.00,2,23.33
27-2021.00,3,5.46
27-2021.00,4,3.25
27-2021.00,5,8.7
27-2021.00,6,24.46
27-2021.00,7,0.0
27-2021.00,8,0.0
27-2021.00,9,0.0
27-2021.00,10,0.0
27-2021.00,11,0.0
27-2021.00,12,0.0
27-2022.00,1,3.65
27-2022.00,2,8.86
27-2022.00,3,0.0
27-2022.00,4,0.0
27-2022.00,5,17.41
27-2022.00,6,48.89
27-2022.00,7,0.0
27-2022.00,8,19.37
27-2022.00,9,0.0
27-2022.00,10,0.0
27-2022.00,11,1.81
27-2022.00,12,0.0
27-2023.00,1,23.81
27-2023.00,2,42.86
27-2023.00,3,9.52
27-2023.00,4,0.0
27-2023.00,5,4.76
27-2023.00,6,14.29
27-2023.00,7,0.0
27-2023.00,8,0.0
27-2023.00,9,0.0
27-2023.00,10,0.0
27-2023.00,11,4.76
27-2023.00,12,0.0
27-2031.00,1,34.17
27-2031.00,2,45.06
27-2031.00,3,13.54
27-2031.00,4,7.24
27-2031.00,5,0.0
27-2031.00,6,0.0
27-2031.00,7,0.0
27-2031.00,8,0.0
27-2031.00,9,0.0
27-2031.00,10,0.0
27-2031.00,11,0.0
27-2031.00,12,0.0
27-2032.00,1,9.52
27-2032.00,2,33.33
27-2032.00,3,19.05
27-2032.00,4,4.76
27-2032.00,5,9.52
27-2032.00,6,19.05
27-2032.00,7,0.0
27-2032.00,8,4.76
27-2032.00,9,0.0
27-2032.00,10,0.0
27-2032.00,11,0.0
27-2032.00,12,0.0
27-2041.00,1,5.11
27-2041.00,2,3.8
27-2041.00,3,0.0
27-2041.00,4,6.2
27-2041.00,5,7.89
27-2041.00,6,24.02
27-2041.00,7,2.21
27-2041.00,8,28.21
27-2041.00,9,1.93
27-2041.00,10,0.0
27-2041.00,11,20.62
27-2041.00,12,0.0
27-2042.00,1,28.18
27-2042.00,2,9.92
27-2042.00,3,0.0
27-2042.00,4,0.0
27-2042.00,5,0.0
27-2042.00,6,37.08
27-2042.00,7,14.9
27-2042.00,8,9.92
27-2042.00,9,0.0
27-2042.00,10,0.0
27-2042.00,11,0.0
27-2042.00,12,0.0
27-2091.00,1,36.0
27-2091.00,2,52.0
27-2091.00,3,0.0
27-2091.00,4,4.0
27-2091.00,5,4.0
27-2091.00,6,4.0
27-2091.00,7,0.0
27-2091.00,8,0.0
27-2091.00,9,0.0
27-2091.00,10,0.0
27-2091.00,11,0.0
27-2091.00,12,0.0
27-3011.00,1,0.0
27-3011.00,2,26.83
27-3011.00,3,0.0
27-3011.00,4,30.3
27-3011.00,5,2.5
27-3011.00,6,35.18
27-3011.00,7,0.0
27-3011.00,8,5.19
27-3011.00,9,0.0
27-3011.00,10,0.0
27-3011.00,11,0.0
27-3011.00,12,0.0
27-3023.00,1,0.0
27-3023.00,2,15.43
27-3023.00,3,0.0
27-3023.00,4,0.0
27-3023.00,5,1.0
27-3023.00,6,83.57
27-3023.00,7,0.0
27-3023.00,8,0.0
27-3023.00,9,0.0
27-3023.00,10,0.0
27-3023.00,11,0.0
27-3023.00,12,0.0
27-3031.00,1,0.0
27-3031.00,2,0.0
27-3031.00,3,0.0
27-3031.00,4,0.0
27-3031.00,5,0.0
27-3031.00,6,90.91
27-3031.00,7,0.0
27-3031.00,8,9.09
27-3031.00,9,0.0
27-3031.00,10,0.0
27-3031.00,11,0.0
27-3031.00,12,0.0
27-3041.00,1,0.0
27-3041.00,2,3.62
27-3041.00,3,0.0
27-3041.00,4,15.77
27-3041.00,5,11.85
27-3041.00,6,68.76
27-3041.00,7,0.0
27-3041.00,8,0.0
27-3041.00,9,0.0
27-3041.00,10,0.0
27-3041.00,11,0.0
27-3041.00,12,0.0
27-3042.00,1,0.0
27-3042.00,2,0.0
27-3042.00,3,6.9
27-3042.00,4,15.89
27-3042.00,5,35.25
27-3042.00,6,33.02
27-3042.00,7,2.5
27-3042.00,8,5.46
27-3042.00,9,0.0
27-3042.00,10,0.0
27-3042.00,11,0.99
27-3042.00,12,0.0
27-3043.00,1,5.26
27-3043.00,2,5.26
27-3043.00,3,0.0
27-3043.00,4,0.0
27-3043.00,5,5.26
27-3043.00,6,73.68
27-3043.00,7,0.0
27-3043.00,8,5.26
27-3043.00,9,0.0
27-3043.00,10,0.0
27-3043.00,11,5.26
27-3043.00,12,0.0
27-3043.05,1,13.64
27-3043.05,2,9.09
27-3043.05,3,0.0
27-3043.05,4,27.27
27-3043.05,5,0.0
27-3043.05,6,31.82
27-3043.05,7,0.0
27-3043.05,8,9.09
27-3043.05,9,0.0
27-3043.05,10,9.09
27-3043.05,11,0.0
27-3043.05,12,0.0
27-3091.00,1,0.0
27-3091.00,2,8.02
27-3091.00,3,1.27
27-3091.00,4,0.0
27-3091.00,5,4.42
27-3091.00,6,54.72
27-3091.00,7,0.0
27-3091.00,8,27.88
27-3091.00,9,3.69
27-3091.00,10,0.0
27-3091.00,11,0.0
27-3091.00,12,0.0
27-3092.00,1,0.0
27-3092.00,2,0.0
27-3092.00,3,43.48
27-3092.00,4,8.7
27-3092.00,5,47.83
27-3092.00,6,0.0
27-3092.00,7,0.0
27-3092.00,8,0.0
27-3092.00,9,0.0
27-3092.00,10,0.0
27-3092.00,11,0.0
27-3092.00,12,0.0
27-4011.00,1,0.0
27-4011.00,2,25.07
27-4011.00,3,19.87
27-4011.00,4,1.19
27-4011.00,5,11.19
27-4011.00,6,42.67
27-4011.00,7,0.0
27-4011.00,8,0.0
27-4011.00,9,0.0
27-4011.00,10,0.0
27-4011.00,11,0.0
27-4011.00,12,0.0
27-4012.00,1,0.0
27-4012.00,2,14.71
27-4012.00,3,0.0
27-4012.00,4,0.0
27-4012.00,5,20.54
27-4012.00,6,64.75
27-4012.00,7,0.0
27-4012.00,8,0.0
27-4012.00,9,0.0
27-4012.00,10,0.0
27-4012.00,11,0.0
27-4012.00,12,0.0
27-4014.00,1,0.0
27-4014.00,2,32.0
27-4014.00,3,20.0
27-4014.00,4,8.0
27-4014.00,5,12.0
27-4014.00,6,20.0
27-4014.00,7,0.0
27-4014.00,8,0.0
27-4014.00,9,4.0
27-4014.00,10,4.0
27-4014.00,11,0.0
27-4014.00,12,0.0
27-4021.00,1,9.09
27-4021.00,2,18.18
27-4021.00,3,13.64
27-4021.00,4,27.27
27-4021.00,5,13.64
27-4021.00,6,13.64
27-4021.00,7,4.55
27-4021.00,8,0.0
27-4021.00,9,0.0
27-4021.00,10,0.0
27-4021.00,11,0.0
27-4021.00,12,0.0
27-4031.00,1,0.0
27-4031.00,2,17.82
27-4031.00,3,0.0
27-4031.00,4,14.58
27-4031.00,5,60.7
27-4031.00,6,6.9
27-4031.00,7,0.0
27-4031.00,8,0.0
27-4031.00,9,0.0
27-4031.00,10,0.0
27-4031.00,11,0.0
27-4031.00,12,0.0
27-4032.00,1,0.0
27-4032.00,2,16.28
27-4032.00,3,0.0
27-4032.00,4,1.18
27-4032.00,5,16.85
27-4032.00,6,65.1
27-4032.00,7,0.0
27-4032.00,8,0.59
27-4032.00,9,0.0
27-4032.00,10,0.0
27-4032.00,11,0.0
27-4032.00,12,0.0
29-1011.00,1,0.0
29-1011.00,2,3.58
29-1011.00,3,6.75
29-1011.00,4,0.0
29-1011.00,5,0.0
29-1011.00,6,0.0
29-1011.00,7,0.0
29-1011.00,8,0.0
29-1011.00,9,0.0
29-1011.00,10,7.53
29-1011.00,11,82.14
29-1011.00,12,0.0
29-1021.00,1,0.0
29-1021.00,2,0.0
29-1021.00,3,0.0
29-1021.00,4,0.0
29-1021.00,5,0.0
29-1021.00,6,0.0
29-1021.00,7,0.0
29-1021.00,8,0.0
29-1021.00,9,0.0
29-1021.00,10,0.0
29-1021.00,11,61.86
29-1021.00,12,38.14
29-1022.00,1,0.0
29-1022.00,2,0.0
29-1022.00,3,0.0
29-1022.00,4,0.0
29-1022.00,5,0.0
29-1022.00,6,0.0
29-1022.00,7,0.0
29-1022.00,8,0.0
29-1022.00,9,0.0
29-1022.00,10,7.96
29-1022.00,11,19.84
29-1022.00,12,72.2
29-1023.00,1,0.0
29-1023.00,2,1.51
29-1023.00,3,7.73
29-1023.00,4,0.0
29-1023.00,5,0.0
29-1023.00,6,2.66
29-1023.00,7,0.0
29-1023.00,8,0.0
29-1023.00,9,0.0
29-1023.00,10,7.08
29-1023.00,11,12.09
29-1023.00,12,68.94
29-1024.00,1,0.0
29-1024.00,2,0.0
29-1024.00,3,2.91
29-1024.00,4,0.0
29-1024.00,5,0.0
29-1024.00,6,0.0
29-1024.00,7,0.0
29-1024.00,8,0.0
29-1024.00,9,0.0
29-1024.00,10,0.0
29-1024.00,11,36.06
29-1024.00,12,61.03
29-1031.00,1,0.0
29-1031.00,2,0.0
29-1031.00,3,0.0
29-1031.00,4,0.0
29-1031.00,5,3.33
29-1031.00,6,10.0
29-1031.00,7,53.33
29-1031.00,8,33.33
29-1031.00,9,0.0
29-1031.00,10,0.0
29-1031.00,11,0.0
29-1031.00,12,0.0
29-1041.00,1,0.0
29-1041.00,2,0.0
29-1041.00,3,0.0
29-1041.00,4,0.0
29-1041.00,5,0.0
29-1041.00,6,0.0
29-1041.00,7,0.0
29-1041.00,8,0.0
29-1041.00,9,0.0
29-1041.00,10,4.76
29-1041.00,11,95.24
29-1041.00,12,0.0
29-1051.00,1,0.0
29-1051.00,2,1.75
29-1051.00,3,0.0
29-1051.00,4,0.0
29-1051.00,5,0.0
29-1051.00,6,11.47
29-1051.00,7,0.0
29-1051.00,8,0.0
29-1051.00,9,0.0
29-1051.00,10,3.36
29-1051.00,11,78.36
29-1051.00,12,5.06
29-1071.00,1,0.0
29-1071.00,2,0.0
29-1071.00,3,0.0
29-1071.00,4,0.0
29-1071.00,5,0.0
29-1071.00,6,5.41
29-1071.00,7,0.0
29-1071.00,8,81.08
29-1071.00,9,0.0
29-1071.00,10,13.51
29-1071.00,11,0.0
29-1071.00,12,0.0
29-1071.01,1,0.0
29-1071.01,2,0.0
29-1071.01,3,0.0
29-1071.01,4,0.0
29-1071.01,5,0.0
29-1071.01,6,0.0
29-1071.01,7,0.0
29-1071.01,8,96.3
29-1071.01,9,3.7
29-1071.01,10,0.0
29-1071.01,11,0.0
29-1071.01,12,0.0
29-1081.00,1,0.0
29-1081.00,2,0.66
29-1081.00,3,0.0
29-1081.00,4,0.0
29-1081.00,5,0.0
29-1081.00,6,0.0
29-1081.00,7,0.0
29-1081.00,8,0.0
29-1081.00,9,0.0
29-1081.00,10,14.09
29-1081.00,11,52.89
29-1081.00,12,32.36
29-1122.00,1,0.0
29-1122.00,2,0.0
29-1122.00,3,0.0
29-1122.00,4,0.0
29-1122.00,5,0.0
29-1122.00,6,13.64
29-1122.00,7,0.0
29-1122.00,8,86.36
29-1122.00,9,0.0
29-1122.00,10,0.0
29-1122.00,11,0.0
29-1122.00,12,0.0
29-1122.01,1,0.0
29-1122.01,2,0.0
29-1122.01,3,0.0
29-1122.01,4,0.0
29-1122.01,5,0.0
29-1122.01,6,17.39
29-1122.01,7,21.74
29-1122.01,8,56.52
29-1122.01,9,4.35
29-1122.01,10,0.0
29-1122.01,11,0.0
29-1122.01,12,0.0
29-1123.00,1,0.0
29-1123.00,2,0.0
29-1123.00,3,0.0
29-1123.00,4,0.0
29-1123.00,5,6.26
29-1123.00,6,8.31
29-1123.00,7,0.0
29-1123.00,8,38.3
29-1123.00,9,0.0
29-1123.00,10,0.0
29-1123.00,11,47.13
29-1123.00,12,0.0
29-1124.00,1,0.0
29-1124.00,2,0.0
29-1124.00,3,8.87
29-1124.00,4,3.45
29-1124.00,5,50.14
29-1124.00,6,37.54
29-1124.00,7,0.0
29-1124.00,8,0.0
29-1124.00,9,0.0
29-1124.00,10,0.0
29-1124.00,11,0.0
29-1124.00,12,0.0
29-1125.00,1,0.0
29-1125.00,2,0.0
29-1125.00,3,0.0
29-1125.00,4,0.0
29-1125.00,5,0.0
29-1125.00,6,91.89
29-1125.00,7,5.41
29-1125.00,8,2.7
29-1125.00,9,0.0
29-1125.00,10,0.0
29-1125.00,11,0.0
29-1125.00,12,0.0
29-1126.00,1,0.0
29-1126.00,2,0.0
29-1126.00,3,0.0
29-1126.00,4,0.0
29-1126.00,5,99.18
29-1126.00,6,0.82
29-1126.00,7,0.0
29-1126.00,8,0.0
29-1126.00,9,0.0
29-1126.00,10,0.0
29-1126.00,11,0.0
29-1126.00,12,0.0
29-1127.00,1,0.0
29-1127.00,2,0.0
29-1127.00,3,0.0
29-1127.00,4,0.0
29-1127.00,5,0.0
29-1127.00,6,0.0
29-1127.00,7,0.0
29-1127.00,8,88.52
29-1127.00,9,11.48
29-1127.00,10,0.0
29-1127.00,11,0.0
29-1127.00,12,0.0
29-1128.00,1,0.0
29-1128.00,2,0.0
29-1128.00,3,4.17
29-1128.00,4,0.0
29-1128.00,5,0.0
29-1128.00,6,50.0
29-1128.00,7,0.0
29-1128.00,8,41.67
29-1128.00,9,4.17
29-1128.00,10,0.0
29-1128.00,11,0.0
29-1128.00,12,0.0
29-1129.01,1,0.0
29-1129.01,2,0.0
29-1129.01,3,0.0
29-1129.01,4,0.0
29-1129.01,5,0.0
29-1129.01,6,0.0
29-1129.01,7,0.0
29-1129.01,8,97.14
29-1129.01,9,2.86
29-1129.01,10,0.0
29-1129.01,11,0.0
29-1129.01,12,0.0
29-1129.02,1,0.0
29-1129.02,2,0.0
29-1129.02,3,0.0
29-1129.02,4,0.0
29-1129.02,5,0.0
29-1129.02,6,73.08
29-1129.02,7,11.54
29-1129.02,8,15.38
29-1129.02,9,0.0
29-1129.02,10,0.0
29-1129.02,11,0.0
29-1129.02,12,0.0
29-1131.00,1,0.0
29-1131.00,2,0.0
29-1131.00,3,0.0
29-1131.00,4,0.0
29-1131.00,5,0.0
29-1131.00,6,0.0
29-1131.00,7,0.0
29-1131.00,8,0.0
29-1131.00,9,0.0
29-1131.00,10,9.1
29-1131.00,11,79.16
29-1131.00,12,11.74
29-1141.00,1,0.0
29-1141.00,2,0.76
29-1141.00,3,22.5
29-1141.00,4,0.0
29-1141.00,5,19.39
29-1141.00,6,55.92
29-1141.00,7,0.0
29-1141.00,8,1.43
29-1141.00,9,0.0
29-1141.00,10,0.0
29-1141.00,11,0.0
29-1141.00,12,0.0
29-1141.01,1,0.0
29-1141.01,2,0.0
29-1141.01,3,0.0
29-1141.01,4,0.0
29-1141.01,5,19.05
29-1141.01,6,57.14
29-1141.01,7,9.52
29-1141.01,8,4.76
29-1141.01,9,4.76
29-1141.01,10,0.0
29-1141.01,11,4.76
29-1141.01,12,0.0
29-1141.02,1,0.0
29-1141.02,2,0.0
29-1141.02,3,0.0
29-1141.02,4,0.0
29-1141.02,5,0.0
29-1141.02,6,0.0
29-1141.02,7,0.0
29-1141.02,8,86.96
29-1141.02,9,0.0
29-1141.02,10,4.35
29-1141.02,11,8.7
29-1141.02,12,0.0
29-1141.03,1,0.0
29-1141.03,2,0.0
29-1141.03,3,0.0
29-1141.03,4,0.0
29-1141.03,5,35.71
29-1141.03,6,50.0
29-1141.03,7,0.0
29-1141.03,8,10.71
29-1141.03,9,3.57
29-1141.03,10,0.0
29-1141.03,11,0.0
29-1141.03,12,0.0
29-1141.04,1,0.0
29-1141.04,2,0.0
29-1141.04,3,0.0
29-1141.04,4,0.0
29-1141.04,5,0.0
29-1141.04,6,0.0
29-1141.04,7,0.0
29-1141.04,8,85.71
29-1141.04,9,4.76
29-1141.04,10,4.76
29-1141.04,11,4.76
29-1141.04,12,0.0
29-1151.00,1,0.0
29-1151.00,2,0.0
29-1151.00,3,0.0
29-1151.00,4,0.0
29-1151.00,5,0.0
29-1151.00,6,0.0
29-1151.00,7,0.0
29-1151.00,8,40.74
29-1151.00,9,0.0
29-1151.00,10,3.7
29-1151.00,11,55.56
29-1151.00,12,0.0
29-1161.00,1,0.0
29-1161.00,2,0.0
29-1161.00,3,0.0
29-1161.00,4,0.0
29-1161.00,5,0.0
29-1161.00,6,0.0
29-1161.00,7,3.12
29-1161.00,8,81.25
29-1161.00,9,15.62
29-1161.00,10,0.0
29-1161.00,11,0.0
29-1161.00,12,0.0
29-1171.00,1,0.0
29-1171.00,2,0.0
29-1171.00,3,0.0
29-1171.00,4,0.0
29-1171.00,5,0.0
29-1171.00,6,4.35
29-1171.00,7,0.0
29-1171.00,8,65.22
29-1171.00,9,0.0
29-1171.00,10,0.0
29-1171.00,11,26.09
29-1171.00,12,4.35
29-1181.00,1,0.0
29-1181.00,2,0.0
29-1181.00,3,0.0
29-1181.00,4,0.0
29-1181.00,5,0.0
29-1181.00,6,0.0
29-1181.00,7,0.0
29-1181.00,8,0.0
29-1181.00,9,0.0
29-1181.00,10,0.0
29-1181.00,11,95.45
29-1181.00,12,4.55
29-1211.00,1,0.0
29-1211.00,2,0.0
29-1211.00,3,0.0
29-1211.00,4,0.0
29-1211.00,5,0.0
29-1211.00,6,0.0
29-1211.00,7,0.0
29-1211.00,8,1.26
29-1211.00,9,0.0
29-1211.00,10,4.85
29-1211.00,11,24.71
29-1211.00,12,69.18
29-1213.00,1,0.0
29-1213.00,2,0.0
29-1213.00,3,0.74
29-1213.00,4,0.0
29-1213.00,5,6.11
29-1213.00,6,0.0
29-1213.00,7,0.0
29-1213.00,8,4.71
29-1213.00,9,0.0
29-1213.00,10,1.49
29-1213.00,11,56.38
29-1213.00,12,30.57
29-1214.00,1,0.0
29-1214.00,2,0.0
29-1214.00,3,0.0
29-1214.00,4,0.0
29-1214.00,5,0.0
29-1214.00,6,0.0
29-1214.00,7,0.0
29-1214.00,8,0.0
29-1214.00,9,0.0
29-1214.00,10,3.45
29-1214.00,11,34.48
29-1214.00,12,62.07
29-1215.00,1,0.0
29-1215.00,2,0.0
29-1215.00,3,0.0
29-1215.00,4,0.31
29-1215.00,5,0.0
29-1215.00,6,2.25
29-1215.00,7,0.0
29-1215.00,8,9.48
29-1215.00,9,0.0
29-1215.00,10,0.0
29-1215.00,11,59.06
29-1215.00,12,28.89
29-1216.00,1,0.0
29-1216.00,2,0.0
29-1216.00,3,0.0
29-1216.00,4,0.0
29-1216.00,5,0.0
29-1216.00,6,0.0
29-1216.00,7,0.0
29-1216.00,8,0.0
29-1216.00,9,0.0
29-1216.00,10,0.0
29-1216.00,11,46.99
29-1216.00,12,53.01
29-1217.00,1,0.0
29-1217.00,2,2.4
29-1217.00,3,0.0
29-1217.00,4,0.0
29-1217.00,5,0.0
29-1217.00,6,0.0
29-1217.00,7,0.0
29-1217.00,8,4.77
29-1217.00,9,0.0
29-1217.00,10,0.0
29-1217.00,11,29.18
29-1217.00,12,63.66
29-1218.00,1,0.0
29-1218.00,2,0.0
29-1218.00,3,0.0
29-1218.00,4,0.0
29-1218.00,5,0.0
29-1218.00,6,0.0
29-1218.00,7,0.0
29-1218.00,8,0.0
29-1218.00,9,0.0
29-1218.00,10,3.45
29-1218.00,11,22.54
29-1218.00,12,74.01
29-1221.00,1,0.0
29-1221.00,2,0.0
29-1221.00,3,0.0
29-1221.00,4,0.0
29-1221.00,5,0.0
29-1221.00,6,0.0
29-1221.00,7,0.0
29-1221.00,8,0.0
29-1221.00,9,0.0
29-1221.00,10,1.27
29-1221.00,11,20.43
29-1221.00,12,78.3
29-1222.00,1,0.0
29-1222.00,2,0.0
29-1222.00,3,0.0
29-1222.00,4,0.0
29-1222.00,5,0.0
29-1222.00,6,0.0
29-1222.00,7,0.0
29-1222.00,8,6.0
29-1222.00,9,0.0
29-1222.00,10,2.74
29-1222.00,11,29.22
29-1222.00,12,62.04
29-1223.00,1,0.0
29-1223.00,2,0.47
29-1223.00,3,0.0
29-1223.00,4,0.0
29-1223.00,5,0.0
29-1223.00,6,0.0
29-1223.00,7,0.0
29-1223.00,8,5.03
29-1223.00,9,0.0
29-1223.00,10,1.8
29-1223.00,11,34.18
29-1223.00,12,58.53
29-1224.00,1,0.0
29-1224.00,2,0.0
29-1224.00,3,3.04
29-1224.00,4,0.0
29-1224.00,5,11.08
29-1224.00,6,0.0
29-1224.00,7,0.0
29-1224.00,8,0.0
29-1224.00,9,0.0
29-1224.00,10,0.0
29-1224.00,11,28.02
29-1224.00,12,57.86
29-1229.01,1,0.0
29-1229.01,2,6.92
29-1229.01,3,0.0
29-1229.01,4,3.53
29-1229.01,5,2.36
29-1229.01,6,0.0
29-1229.01,7,0.0
29-1229.01,8,12.76
29-1229.01,9,0.0
29-1229.01,10,0.0
29-1229.01,11,21.48
29-1229.01,12,52.95
29-1229.02,1,0.0
29-1229.02,2,0.0
29-1229.02,3,0.0
29-1229.02,4,0.0
29-1229.02,5,0.0
29-1229.02,6,4.0
29-1229.02,7,0.0
29-1229.02,8,0.0
29-1229.02,9,0.0
29-1229.02,10,8.0
29-1229.02,11,40.0
29-1229.02,12,48.0
29-1229.03,1,0.0
29-1229.03,2,0.0
29-1229.03,3,0.0
29-1229.03,4,0.0
29-1229.03,5,0.0
29-1229.03,6,0.0
29-1229.03,7,0.0
29-1229.03,8,0.0
29-1229.03,9,0.0
29-1229.03,10,2.21
29-1229.03,11,33.37
29-1229.03,12,64.43
29-1229.04,1,0.0
29-1229.04,2,0.0
29-1229.04,3,0.0
29-1229.04,4,0.0
29-1229.04,5,0.0
29-1229.04,6,0.81
29-1229.04,7,0.0
29-1229.04,8,0.0
29-1229.04,9,0.0
29-1229.04,10,1.25
29-1229.04,11,54.89
29-1229.04,12,43.05
29-1229.05,1,0.0
29-1229.05,2,0.0
29-1229.05,3,0.0
29-1229.05,4,0.0
29-1229.05,5,0.0
29-1229.05,6,0.0
29-1229.05,7,0.0
29-1229.05,8,0.0
29-1229.05,9,0.0
29-1229.05,10,0.0
29-1229.05,11,26.32
29-1229.05,12,73.68
29-1229.06,1,0.0
29-1229.06,2,0.0
29-1229.06,3,0.0
29-1229.06,4,0.0
29-1229.06,5,0.0
29-1229.06,6,0.0
29-1229.06,7,0.0
29-1229.06,8,0.0
29-1229.06,9,0.0
29-1229.06,10,0.0
29-1229.06,11,50.95
29-1229.06,12,49.05
29-1241.00,1,0.0
29-1241.00,2,0.0
29-1241.00,3,9.91
29-1241.00,4,0.0
29-1241.00,5,0.0
29-1241.00,6,0.0
29-1241.00,7,13.96
29-1241.00,8,0.0
29-1241.00,9,0.0
29-1241.00,10,13.96
29-1241.00,11,20.03
29-1241.00,12,42.13
29-1291.00,1,0.0
29-1291.00,2,0.0
29-1291.00,3,7.14
29-1291.00,4,0.0
29-1291.00,5,0.0
29-1291.00,6,3.57
29-1291.00,7,0.0
29-1291.00,8,67.86
29-1291.00,9,0.0
29-1291.00,10,7.14
29-1291.00,11,14.29
29-1291.00,12,0.0
29-1292.00,1,0.0
29-1292.00,2,0.0
29-1292.00,3,0.0
29-1292.00,4,0.0
29-1292.00,5,75.18
29-1292.00,6,3.08
29-1292.00,7,9.0
29-1292.00,8,0.0
29-1292.00,9,0.0
29-1292.00,10,12.74
29-1292.00,11,0.0
29-1292.00,12,0.0
29-1299.01,1,0.0
29-1299.01,2,0.0
29-1299.01,3,0.0
29-1299.01,4,0.0
29-1299.01,5,0.0
29-1299.01,6,0.0
29-1299.01,7,0.0
29-1299.01,8,0.0
29-1299.01,9,0.0
29-1299.01,10,0.0
29-1299.01,11,96.0
29-1299.01,12,4.0
29-1299.02,1,0.0
29-1299.02,2,0.0
29-1299.02,3,0.0
29-1299.02,4,0.0
29-1299.02,5,0.0
29-1299.02,6,15.15
29-1299.02,7,66.67
29-1299.02,8,15.15
29-1299.02,9,3.03
29-1299.02,10,0.0
29-1299.02,11,0.0
29-1299.02,12,0.0
29-2011.00,1,0.0
29-2011.00,2,0.0
29-2011.00,3,0.0
29-2011.00,4,1.54
29-2011.00,5,32.4
29-2011.00,6,52.12
29-2011.00,7,13.95
29-2011.00,8,0.0
29-2011.00,9,0.0
29-2011.00,10,0.0
29-2011.00,11,0.0
29-2011.00,12,0.0
29-2011.01,1,0.0
29-2011.01,2,0.0
29-2011.01,3,0.0
29-2011.01,4,0.0
29-2011.01,5,0.0
29-2011.01,6,100.0
29-2011.01,7,0.0
29-2011.01,8,0.0
29-2011.01,9,0.0
29-2011.01,10,0.0
29-2011.01,11,0.0
29-2011.01,12,0.0
29-2011.02,1,0.0
29-2011.02,2,0.0
29-2011.02,3,0.0
29-2011.02,4,0.0
29-2011.02,5,0.0
29-2011.02,6,50.0
29-2011.02,7,36.36
29-2011.02,8,13.64
29-2011.02,9,0.0
29-2011.02,10,0.0
29-2011.02,11,0.0
29-2011.02,12,0.0
29-2011.04,1,0.0
29-2011.04,2,4.76
29-2011.04,3,14.29
29-2011.04,4,4.76
29-2011.04,5,19.05
29-2011.04,6,42.86
29-2011.04,7,4.76
29-2011.04,8,9.52
29-2011.04,9,0.0
29-2011.04,10,0.0
29-2011.04,11,0.0
29-2011.04,12,0.0
29-2012.00,1,0.0
29-2012.00,2,3.49
29-2012.00,3,3.09
29-2012.00,4,0.0
29-2012.00,5,62.69
29-2012.00,6,30.73
29-2012.00,7,0.0
29-2012.00,8,0.0
29-2012.00,9,0.0
29-2012.00,10,0.0
29-2012.00,11,0.0
29-2012.00,12,0.0
29-2012.01,1,0.0
29-2012.01,2,12.0
29-2012.01,3,16.0
29-2012.01,4,12.0
29-2012.01,5,48.0
29-2012.01,6,4.0
29-2012.01,7,0.0
29-2012.01,8,0.0
29-2012.01,9,0.0
29-2012.01,10,4.0
29-2012.01,11,4.0
29-2012.01,12,0.0
29-2031.00,1,0.0
29-2031.00,2,9.85
29-2031.00,3,12.85
29-2031.00,4,7.82
29-2031.00,5,62.9
29-2031.00,6,2.77
29-2031.00,7,0.0
29-2031.00,8,0.0
29-2031.00,9,0.0
29-2031.00,10,3.81
29-2031.00,11,0.0
29-2031.00,12,0.0
29-2032.00,1,0.0
29-2032.00,2,0.0
29-2032.00,3,1.54
29-2032.00,4,6.08
29-2032.00,5,67.07
29-2032.00,6,24.97
29-2032.00,7,0.34
29-2032.00,8,0.0
29-2032.00,9,0.0
29-2032.00,10,0.0
29-2032.00,11,0.0
29-2032.00,12,0.0
29-2033.00,1,0.0
29-2033.00,2,0.0
29-2033.00,3,4.24
29-2033.00,4,1.81
29-2033.00,5,62.63
29-2033.00,6,21.5
29-2033.00,7,5.76
29-2033.00,8,0.0
29-2033.00,9,0.0
29-2033.00,10,4.07
29-2033.00,11,0.0
29-2033.00,12,0.0
29-2034.00,1,0.0
29-2034.00,2,3.57
29-2034.00,3,0.0
29-2034.00,4,0.0
29-2034.00,5,60.71
29-2034.00,6,32.14
29-2034.00,7,3.57
29-2034.00,8,0.0
29-2034.00,9,0.0
29-2034.00,10,0.0
29-2034.00,11,0.0
29-2034.00,12,0.0
29-2035.00,1,0.0
29-2035.00,2,4.35
29-2035.00,3,13.04
29-2035.00,4,4.35
29-2035.00,5,65.22
29-2035.00,6,8.7
29-2035.00,7,4.35
29-2035.00,8,0.0
29-2035.00,9,0.0
29-2035.00,10,0.0
29-2035.00,11,0.0
29-2035.00,12,0.0
29-2036.00,1,0.0
29-2036.00,2,0.0
29-2036.00,3,5.0
29-2036.00,4,0.0
29-2036.00,5,0.0
29-2036.00,6,40.0
29-2036.00,7,35.0
29-2036.00,8,15.0
29-2036.00,9,0.0
29-2036.00,10,5.0
29-2036.00,11,0.0
29-2036.00,12,0.0
29-2043.00,1,0.0
29-2043.00,2,16.13
29-2043.00,3,41.94
29-2043.00,4,16.13
29-2043.00,5,25.81
29-2043.00,6,0.0
29-2043.00,7,0.0
29-2043.00,8,0.0
29-2043.00,9,0.0
29-2043.00,10,0.0
29-2043.00,11,0.0
29-2043.00,12,0.0
29-2051.00,1,9.69
29-2051.00,2,7.54
29-2051.00,3,26.85
29-2051.00,4,14.64
29-2051.00,5,34.57
29-2051.00,6,6.71
29-2051.00,7,0.0
29-2051.00,8,0.0
29-2051.00,9,0.0
29-2051.00,10,0.0
29-2051.00,11,0.0
29-2051.00,12,0.0
29-2052.00,1,0.0
29-2052.00,2,35.73
29-2052.00,3,41.97
29-2052.00,4,14.63
29-2052.00,5,3.83
29-2052.00,6,3.84
29-2052.00,7,0.0
29-2052.00,8,0.0
29-2052.00,9,0.0
29-2052.00,10,0.0
29-2052.00,11,0.0
29-2052.00,12,0.0
29-2053.00,1,0.0
29-2053.00,2,19.77
29-2053.00,3,5.02
29-2053.00,4,40.12
29-2053.00,5,3.18
29-2053.00,6,29.78
29-2053.00,7,0.0
29-2053.00,8,2.13
29-2053.00,9,0.0
29-2053.00,10,0.0
29-2053.00,11,0.0
29-2053.00,12,0.0
29-2055.00,1,0.0
29-2055.00,2,14.19
29-2055.00,3,41.2
29-2055.00,4,9.86
29-2055.00,5,34.74
29-2055.00,6,0.0
29-2055.00,7,0.0
29-2055.00,8,0.0
29-2055.00,9,0.0
29-2055.00,10,0.0
29-2055.00,11,0.0
29-2055.00,12,0.0
29-2056.00,1,0.0
29-2056.00,2,41.25
29-2056.00,3,14.63
29-2056.00,4,7.37
29-2056.00,5,26.35
29-2056.00,6,4.86
29-2056.00,7,0.0
29-2056.00,8,0.0
29-2056.00,9,0.0
29-2056.00,10,0.0
29-2056.00,11,5.54
29-2056.00,12,0.0
29-2057.00,1,0.0
29-2057.00,2,59.09
29-2057.00,3,27.27
29-2057.00,4,4.55
29-2057.00,5,9.09
29-2057.00,6,0.0
29-2057.00,7,0.0
29-2057.00,8,0.0
29-2057.00,9,0.0
29-2057.00,10,0.0
29-2057.00,11,0.0
29-2057.00,12,0.0
29-2061.00,1,0.0
29-2061.00,2,0.0
29-2061.00,3,34.77
29-2061.00,4,38.24
29-2061.00,5,15.9
29-2061.00,6,11.09
29-2061.00,7,0.0
29-2061.00,8,0.0
29-2061.00,9,0.0
29-2061.00,10,0.0
29-2061.00,11,0.0
29-2061.00,12,0.0
29-2072.00,1,0.0
29-2072.00,2,52.37
29-2072.00,3,21.83
29-2072.00,4,13.26
29-2072.00,5,1.17
29-2072.00,6,11.37
29-2072.00,7,0.0
29-2072.00,8,0.0
29-2072.00,9,0.0
29-2072.00,10,0.0
29-2072.00,11,0.0
29-2072.00,12,0.0
29-2081.00,1,0.0
29-2081.00,2,45.83
29-2081.00,3,25.0
29-2081.00,4,4.17
29-2081.00,5,25.0
29-2081.00,6,0.0
29-2081.00,7,0.0
29-2081.00,8,0.0
29-2081.00,9,0.0
29-2081.00,10,0.0
29-2081.00,11,0.0
29-2081.00,12,0.0
29-2091.00,1,0.0
29-2091.00,2,0.0
29-2091.00,3,0.0
29-2091.00,4,0.0
29-2091.00,5,0.0
29-2091.00,6,5.0
29-2091.00,7,5.0
29-2091.00,8,90.0
29-2091.00,9,0.0
29-2091.00,10,0.0
29-2091.00,11,0.0
29-2091.00,12,0.0
29-2092.00,1,0.0
29-2092.00,2,22.13
29-2092.00,3,11.96
29-2092.00,4,0.0
29-2092.00,5,9.17
29-2092.00,6,0.44
29-2092.00,7,11.92
29-2092.00,8,0.4
29-2092.00,9,0.0
29-2092.00,10,0.0
29-2092.00,11,43.99
29-2092.00,12,0.0
29-2099.01,1,0.0
29-2099.01,2,0.0
29-2099.01,3,35.48
29-2099.01,4,0.0
29-2099.01,5,48.39
29-2099.01,6,16.13
29-2099.01,7,0.0
29-2099.01,8,0.0
29-2099.01,9,0.0
29-2099.01,10,0.0
29-2099.01,11,0.0
29-2099.01,12,0.0
29-2099.05,1,0.0
29-2099.05,2,30.0
29-2099.05,3,25.0
29-2099.05,4,10.0
29-2099.05,5,10.0
29-2099.05,6,15.0
29-2099.05,7,10.0
29-2099.05,8,0.0
29-2099.05,9,0.0
29-2099.05,10,0.0
29-2099.05,11,0.0
29-2099.05,12,0.0
29-2099.08,1,0.0
29-2099.08,2,0.0
29-2099.08,3,0.0
29-2099.08,4,0.0
29-2099.08,5,23.08
29-2099.08,6,57.69
29-2099.08,7,3.85
29-2099.08,8,15.38
29-2099.08,9,0.0
29-2099.08,10,0.0
29-2099.08,11,0.0
29-2099.08,12,0.0
29-9091.00,1,0.0
29-9091.00,2,8.28
29-9091.00,3,0.0
29-9091.00,4,0.0
29-9091.00,5,0.0
29-9091.00,6,37.39
29-9091.00,7,0.0
29-9091.00,8,54.33
29-9091.00,9,0.0
29-9091.00,10,0.0
29-9091.00,11,0.0
29-9091.00,12,0.0
29-9092.00,1,0.0
29-9092.00,2,0.0
29-9092.00,3,0.0
29-9092.00,4,0.0
29-9092.00,5,0.0
29-9092.00,6,0.0
29-9092.00,7,0.0
29-9092.00,8,90.48
29-9092.00,9,4.76
29-9092.00,10,4.76
29-9092.00,11,0.0
29-9092.00,12,0.0
29-9093.00,1,0.0
29-9093.00,2,0.0
29-9093.00,3,55.16
29-9093.00,4,10.42
29-9093.00,5,31.54
29-9093.00,6,0.0
29-9093.00,7,2.88
29-9093.00,8,0.0
29-9093.00,9,0.0
29-9093.00,10,0.0
29-9093.00,11,0.0
29-9093.00,12,0.0
29-9099.01,1,0.0
29-9099.01,2,0.0
29-9099.01,3,32.75
29-9099.01,4,8.83
29-9099.01,5,0.0
29-9099.01,6,12.19
29-9099.01,7,15.93
29-9099.01,8,28.79
29-9099.01,9,1.51
29-9099.01,10,0.0
29-9099.01,11,0.0
29-9099.01,12,0.0
31-1121.00,1,0.0
31-1121.00,2,19.49
31-1121.00,3,31.8
31-1121.00,4,28.64
31-1121.00,5,0.0
31-1121.00,6,0.0
31-1121.00,7,0.0
31-1121.00,8,0.0
31-1121.00,9,0.0
31-1121.00,10,0.0
31-1121.00,11,0.0
31-1121.00,12,20.07
31-1122.00,1,17.53
31-1122.00,2,47.76
31-1122.00,3,6.24
31-1122.00,4,5.99
31-1122.00,5,22.48
31-1122.00,6,0.0
31-1122.00,7,0.0
31-1122.00,8,0.0
31-1122.00,9,0.0
31-1122.00,10,0.0
31-1122.00,11,0.0
31-1122.00,12,0.0
31-1131.00,1,2.67
31-1131.00,2,38.69
31-1131.00,3,23.98
31-1131.00,4,12.2
31-1131.00,5,9.82
31-1131.00,6,6.1
31-1131.00,7,0.0
31-1131.00,8,2.76
31-1131.00,9,0.0
31-1131.00,10,3.79
31-1131.00,11,0.0
31-1131.00,12,0.0
31-1132.00,1,6.55
31-1132.00,2,89.32
31-1132.00,3,4.13
31-1132.00,4,0.0
31-1132.00,5,0.0
31-1132.00,6,0.0
31-1132.00,7,0.0
31-1132.00,8,0.0
31-1132.00,9,0.0
31-1132.00,10,0.0
31-1132.00,11,0.0
31-1132.00,12,0.0
31-1133.00,1,0.0
31-1133.00,2,24.17
31-1133.00,3,16.49
31-1133.00,4,45.7
31-1133.00,5,9.56
31-1133.00,6,4.08
31-1133.00,7,0.0
31-1133.00,8,0.0
31-1133.00,9,0.0
31-1133.00,10,0.0
31-1133.00,11,0.0
31-1133.00,12,0.0
31-2011.00,1,0.0
31-2011.00,2,0.0
31-2011.00,3,0.0
31-2011.00,4,5.07
31-2011.00,5,91.74
31-2011.00,6,2.74
31-2011.00,7,0.45
31-2011.00,8,0.0
31-2011.00,9,0.0
31-2011.00,10,0.0
31-2011.00,11,0.0
31-2011.00,12,0.0
31-2012.00,1,0.0
31-2012.00,2,36.76
31-2012.00,3,8.72
31-2012.00,4,24.32
31-2012.00,5,28.4
31-2012.00,6,0.0
31-2012.00,7,0.0
31-2012.00,8,0.0
31-2012.00,9,0.0
31-2012.00,10,1.8
31-2012.00,11,0.0
31-2012.00,12,0.0
31-2021.00,1,0.0
31-2021.00,2,0.0
31-2021.00,3,0.0
31-2021.00,4,0.0
31-2021.00,5,84.16
31-2021.00,6,14.88
31-2021.00,7,0.0
31-2021.00,8,0.0
31-2021.00,9,0.0
31-2021.00,10,0.97
31-2021.00,11,0.0
31-2021.00,12,0.0
31-2022.00,1,10.09
31-2022.00,2,34.41
31-2022.00,3,2.09
31-2022.00,4,9.61
31-2022.00,5,25.1
31-2022.00,6,8.62
31-2022.00,7,0.0
31-2022.00,8,0.0
31-2022.00,9,0.0
31-2022.00,10,0.0
31-2022.00,11,10.09
31-2022.00,12,0.0
31-9011.00,1,11.11
31-9011.00,2,18.52
31-9011.00,3,48.15
31-9011.00,4,7.41
31-9011.00,5,14.81
31-9011.00,6,0.0
31-9011.00,7,0.0
31-9011.00,8,0.0
31-9011.00,9,0.0
31-9011.00,10,0.0
31-9011.00,11,0.0
31-9011.00,12,0.0
31-9091.00,1,0.0
31-9091.00,2,28.61
31-9091.00,3,46.04
31-9091.00,4,17.06
31-9091.00,5,8.29
31-9091.00,6,0.0
31-9091.00,7,0.0
31-9091.00,8,0.0
31-9091.00,9,0.0
31-9091.00,10,0.0
31-9091.00,11,0.0
31-9091.00,12,0.0
31-9092.00,1,0.0
31-9092.00,2,20.54
31-9092.00,3,44.74
31-9092.00,4,17.2
31-9092.00,5,0.05
31-9092.00,6,17.47
31-9092.00,7,0.0
31-9092.00,8,0.0
31-9092.00,9,0.0
31-9092.00,10,0.0
31-9092.00,11,0.0
31-9092.00,12,0.0
31-9093.00,1,0.0
31-9093.00,2,43.76
31-9093.00,3,31.22
31-9093.00,4,4.42
31-9093.00,5,3.52
31-9093.00,6,15.3
31-9093.00,7,0.0
31-9093.00,8,1.78
31-9093.00,9,0.0
31-9093.00,10,0.0
31-9093.00,11,0.0
31-9093.00,12,0.0
31-9094.00,1,0.0
31-9094.00,2,16.73
31-9094.00,3,38.89
31-9094.00,4,33.65
31-9094.00,5,10.73
31-9094.00,6,0.0
31-9094.00,7,0.0
31-9094.00,8,0.0
31-9094.00,9,0.0
31-9094.00,10,0.0
31-9094.00,11,0.0
31-9094.00,12,0.0
31-9095.00,1,15.04
31-9095.00,2,61.19
31-9095.00,3,18.21
31-9095.00,4,5.56
31-9095.00,5,0.0
31-9095.00,6,0.0
31-9095.00,7,0.0
31-9095.00,8,0.0
31-9095.00,9,0.0
31-9095.00,10,0.0
31-9095.00,11,0.0
31-9095.00,12,0.0
31-9096.00,1,6.44
31-9096.00,2,78.23
31-9096.00,3,10.89
31-9096.00,4,3.67
31-9096.00,5,0.31
31-9096.00,6,0.0
31-9096.00,7,0.45
31-9096.00,8,0.0
31-9096.00,9,0.0
31-9096.00,10,0.0
31-9096.00,11,0.0
31-9096.00,12,0.0
31-9097.00,1,0.0
31-9097.00,2,40.0
31-9097.00,3,40.0
31-9097.00,4,16.0
31-9097.00,5,0.0
31-9097.00,6,0.0
31-9097.00,7,0.0
31-9097.00,8,4.0
31-9097.00,9,0.0
31-9097.00,10,0.0
31-9097.00,11,0.0
31-9097.00,12,0.0
31-9099.01,1,0.0
31-9099.01,2,0.0
31-9099.01,3,0.0
31-9099.01,4,0.0
31-9099.01,5,57.73
31-9099.01,6,23.34
31-9099.01,7,14.12
31-9099.01,8,4.81
31-9099.01,9,0.0
31-9099.01,10,0.0
31-9099.01,11,0.0
31-9099.01,12,0.0
31-9099.02,1,0.0
31-9099.02,2,53.85
31-9099.02,3,30.77
31-9099.02,4,3.85
31-9099.02,5,11.54
31-9099.02,6,0.0
31-9099.02,7,0.0
31-9099.02,8,0.0
31-9099.02,9,0.0
31-9099.02,10,0.0
31-9099.02,11,0.0
31-9099.02,12,0.0
33-1011.00,1,0.0
33-1011.00,2,58.99
33-1011.00,3,5.15
33-1011.00,4,2.28
33-1011.00,5,22.88
33-1011.00,6,10.69
33-1011.00,7,0.0
33-1011.00,8,0.0
33-1011.00,9,0.0
33-1011.00,10,0.0
33-1011.00,11,0.0
33-1011.00,12,0.0
33-1012.00,1,0.0
33-1012.00,2,56.42
33-1012.00,3,0.92
33-1012.00,4,19.62
33-1012.00,5,3.62
33-1012.00,6,19.42
33-1012.00,7,0.0
33-1012.00,8,0.0
33-1012.00,9,0.0
33-1012.00,10,0.0
33-1012.00,11,0.0
33-1012.00,12,0.0
33-1021.00,1,3.05
33-1021.00,2,38.19
33-1021.00,3,34.51
33-1021.00,4,0.39
33-1021.00,5,21.51
33-1021.00,6,2.35
33-1021.00,7,0.0
33-1021.00,8,0.0
33-1021.00,9,0.0
33-1021.00,10,0.0
33-1021.00,11,0.0
33-1021.00,12,0.0
33-1091.00,1,0.0
33-1091.00,2,27.72
33-1091.00,3,4.99
33-1091.00,4,26.12
33-1091.00,5,29.75
33-1091.00,6,11.43
33-1091.00,7,0.0
33-1091.00,8,0.0
33-1091.00,9,0.0
33-1091.00,10,0.0
33-1091.00,11,0.0
33-1091.00,12,0.0
33-2011.00,1,11.12
33-2011.00,2,69.53
33-2011.00,3,11.57
33-2011.00,4,0.41
33-2011.00,5,7.18
33-2011.00,6,0.19
33-2011.00,7,0.0
33-2011.00,8,0.0
33-2011.00,9,0.0
33-2011.00,10,0.0
33-2011.00,11,0.0
33-2011.00,12,0.0
33-2021.00,1,6.8
33-2021.00,2,22.64
33-2021.00,3,27.49
33-2021.00,4,26.01
33-2021.00,5,12.82
33-2021.00,6,1.63
33-2021.00,7,0.56
33-2021.00,8,2.04
33-2021.00,9,0.0
33-2021.00,10,0.0
33-2021.00,11,0.0
33-2021.00,12,0.0
33-2022.00,1,0.0
33-2022.00,2,31.63
33-2022.00,3,8.92
33-2022.00,4,17.52
33-2022.00,5,17.9
33-2022.00,6,24.03
33-2022.00,7,0.0
33-2022.00,8,0.0
33-2022.00,9,0.0
33-2022.00,10,0.0
33-2022.00,11,0.0
33-2022.00,12,0.0
33-3011.00,1,5.94
33-3011.00,2,39.86
33-3011.00,3,20.84
33-3011.00,4,0.0
33-3011.00,5,33.35
33-3011.00,6,0.0
33-3011.00,7,0.0
33-3011.00,8,0.0
33-3011.00,9,0.0
33-3011.00,10,0.0
33-3011.00,11,0.0
33-3011.00,12,0.0
33-3012.00,1,0.0
33-3012.00,2,92.43
33-3012.00,3,0.0
33-3012.00,4,0.0
33-3012.00,5,7.57
33-3012.00,6,0.0
33-3012.00,7,0.0
33-3012.00,8,0.0
33-3012.00,9,0.0
33-3012.00,10,0.0
33-3012.00,11,0.0
33-3012.00,12,0.0
33-3021.00,1,0.0
33-3021.00,2,22.98
33-3021.00,3,25.75
33-3021.00,4,20.01
33-3021.00,5,11.99
33-3021.00,6,19.27
33-3021.00,7,0.0
33-3021.00,8,0.0
33-3021.00,9,0.0
33-3021.00,10,0.0
33-3021.00,11,0.0
33-3021.00,12,0.0
33-3021.02,1,0.0
33-3021.02,2,34.62
33-3021.02,3,1.22
33-3021.02,4,28.5
33-3021.02,5,10.8
33-3021.02,6,24.86
33-3021.02,7,0.0
33-3021.02,8,0.0
33-3021.02,9,0.0
33-3021.02,10,0.0
33-3021.02,11,0.0
33-3021.02,12,0.0
33-3021.06,1,0.0
33-3021.06,2,0.0
33-3021.06,3,0.0
33-3021.06,4,4.35
33-3021.06,5,8.7
33-3021.06,6,65.22
33-3021.06,7,8.7
33-3021.06,8,13.04
33-3021.06,9,0.0
33-3021.06,10,0.0
33-3021.06,11,0.0
33-3021.06,12,0.0
33-3031.00,1,0.0
33-3031.00,2,34.6
33-3031.00,3,26.07
33-3031.00,4,0.0
33-3031.00,5,0.5
33-3031.00,6,38.84
33-3031.00,7,0.0
33-3031.00,8,0.0
33-3031.00,9,0.0
33-3031.00,10,0.0
33-3031.00,11,0.0
33-3031.00,12,0.0
33-3041.00,1,0.0
33-3041.00,2,80.12
33-3041.00,3,0.0
33-3041.00,4,0.21
33-3041.00,5,11.4
33-3041.00,6,8.27
33-3041.00,7,0.0
33-3041.00,8,0.0
33-3041.00,9,0.0
33-3041.00,10,0.0
33-3041.00,11,0.0
33-3041.00,12,0.0
33-3051.00,1,1.55
33-3051.00,2,42.17
33-3051.00,3,17.7
33-3051.00,4,1.02
33-3051.00,5,32.67
33-3051.00,6,4.89
33-3051.00,7,0.0
33-3051.00,8,0.0
33-3051.00,9,0.0
33-3051.00,10,0.0
33-3051.00,11,0.0
33-3051.00,12,0.0
33-3051.04,1,0.0
33-3051.04,2,39.01
33-3051.04,3,10.12
33-3051.04,4,14.2
33-3051.04,5,7.33
33-3051.04,6,27.15
33-3051.04,7,2.18
33-3051.04,8,0.0
33-3051.04,9,0.0
33-3051.04,10,0.0
33-3051.04,11,0.0
33-3051.04,12,0.0
33-3052.00,1,0.0
33-3052.00,2,20.57
33-3052.00,3,13.78
33-3052.00,4,25.93
33-3052.00,5,5.39
33-3052.00,6,28.41
33-3052.00,7,0.0
33-3052.00,8,4.55
33-3052.00,9,0.0
33-3052.00,10,1.38
33-3052.00,11,0.0
33-3052.00,12,0.0
33-9011.00,1,0.0
33-9011.00,2,65.38
33-9011.00,3,19.23
33-9011.00,4,0.0
33-9011.00,5,11.54
33-9011.00,6,3.85
33-9011.00,7,0.0
33-9011.00,8,0.0
33-9011.00,9,0.0
33-9011.00,10,0.0
33-9011.00,11,0.0
33-9011.00,12,0.0
33-9021.00,1,0.0
33-9021.00,2,25.11
33-9021.00,3,4.25
33-9021.00,4,12.07
33-9021.00,5,16.41
33-9021.00,6,37.69
33-9021.00,7,4.46
33-9021.00,8,0.0
33-9021.00,9,0.0
33-9021.00,10,0.0
33-9021.00,11,0.0
33-9021.00,12,0.0
33-9031.00,1,2.24
33-9031.00,2,84.07
33-9031.00,3,5.87
33-9031.00,4,2.72
33-9031.00,5,5.1
33-9031.00,6,0.0
33-9031.00,7,0.0
33-9031.00,8,0.0
33-9031.00,9,0.0
33-9031.00,10,0.0
33-9031.00,11,0.0
33-9031.00,12,0.0
33-9032.00,1,0.0
33-9032.00,2,79.26
33-9032.00,3,4.16
33-9032.00,4,9.56
33-9032.00,5,5.06
33-9032.00,6,1.96
33-9032.00,7,0.0
33-9032.00,8,0.0
33-9032.00,9,0.0
33-9032.00,10,0.0
33-9032.00,11,0.0
33-9032.00,12,0.0
33-9091.00,1,17.95
33-9091.00,2,72.8
33-9091.00,3,3.21
33-9091.00,4,6.04
33-9091.00,5,0.0
33-9091.00,6,0.0
33-9091.00,7,0.0
33-9091.00,8,0.0
33-9091.00,9,0.0
33-9091.00,10,0.0
33-9091.00,11,0.0
33-9091.00,12,0.0
33-9092.00,1,39.22
33-9092.00,2,21.13
33-9092.00,3,17.28
33-9092.00,4,5.05
33-9092.00,5,16.1
33-9092.00,6,1.22
33-9092.00,7,0.0
33-9092.00,8,0.0
33-9092.00,9,0.0
33-9092.00,10,0.0
33-9092.00,11,0.0
33-9092.00,12,0.0
33-9093.00,1,3.7
33-9093.00,2,85.19
33-9093.00,3,0.0
33-9093.00,4,11.11
33-9093.00,5,0.0
33-9093.00,6,0.0
33-9093.00,7,0.0
33-9093.00,8,0.0
33-9093.00,9,0.0
33-9093.00,10,0.0
33-9093.00,11,0.0
33-9093.00,12,0.0
33-9094.00,1,3.62
33-9094.00,2,56.46
33-9094.00,3,14.76
33-9094.00,4,22.15
33-9094.00,5,0.0
33-9094.00,6,3.01
33-9094.00,7,0.0
33-9094.00,8,0.0
33-9094.00,9,0.0
33-9094.00,10,0.0
33-9094.00,11,0.0
33-9094.00,12,0.0
33-9099.02,1,5.15
33-9099.02,2,68.63
33-9099.02,3,4.29
33-9099.02,4,0.0
33-9099.02,5,11.43
33-9099.02,6,10.5
33-9099.02,7,0.0
33-9099.02,8,0.0
33-9099.02,9,0.0
33-9099.02,10,0.0
33-9099.02,11,0.0
33-9099.02,12,0.0
35-1011.00,1,0.0
35-1011.00,2,12.5
35-1011.00,3,16.67
35-1011.00,4,8.33
35-1011.00,5,54.17
35-1011.00,6,8.33
35-1011.00,7,0.0
35-1011.00,8,0.0
35-1011.00,9,0.0
35-1011.00,10,0.0
35-1011.00,11,0.0
35-1011.00,12,0.0
35-1012.00,1,27.15
35-1012.00,2,69.59
35-1012.00,3,1.86
35-1012.00,4,1.35
35-1012.00,5,0.05
35-1012.00,6,0.0
35-1012.00,7,0.0
35-1012.00,8,0.0
35-1012.00,9,0.0
35-1012.00,10,0.0
35-1012.00,11,0.0
35-1012.00,12,0.0
35-2011.00,1,62.89
35-2011.00,2,21.12
35-2011.00,3,0.0
35-2011.00,4,12.4
35-2011.00,5,3.59
35-2011.00,6,0.0
35-2011.00,7,0.0
35-2011.00,8,0.0
35-2011.00,9,0.0
35-2011.00,10,0.0
35-2011.00,11,0.0
35-2011.00,12,0.0
35-2012.00,1,1.94
35-2012.00,2,71.14
35-2012.00,3,14.21
35-2012.00,4,5.85
35-2012.00,5,0.08
35-2012.00,6,6.78
35-2012.00,7,0.0
35-2012.00,8,0.0
35-2012.00,9,0.0
35-2012.00,10,0.0
35-2012.00,11,0.0
35-2012.00,12,0.0
35-2013.00,1,15.38
35-2013.00,2,30.77
35-2013.00,3,38.46
35-2013.00,4,3.85
35-2013.00,5,11.54
35-2013.00,6,0.0
35-2013.00,7,0.0
35-2013.00,8,0.0
35-2013.00,9,0.0
35-2013.00,10,0.0
35-2013.00,11,0.0
35-2013.00,12,0.0
35-2014.00,1,34.43
35-2014.00,2,47.33
35-2014.00,3,0.07
35-2014.00,4,6.37
35-2014.00,5,11.79
35-2014.00,6,0.0
35-2014.00,7,0.0
35-2014.00,8,0.0
35-2014.00,9,0.0
35-2014.00,10,0.0
35-2014.00,11,0.0
35-2014.00,12,0.0
35-2015.00,1,14.43
35-2015.00,2,66.35
35-2015.00,3,7.38
35-2015.00,4,9.47
35-2015.00,5,2.38
35-2015.00,6,0.0
35-2015.00,7,0.0
35-2015.00,8,0.0
35-2015.00,9,0.0
35-2015.00,10,0.0
35-2015.00,11,0.0
35-2015.00,12,0.0
35-2021.00,1,2.73
35-2021.00,2,69.48
35-2021.00,3,1.2
35-2021.00,4,22.44
35-2021.00,5,0.0
35-2021.00,6,0.0
35-2021.00,7,0.0
35-2021.00,8,0.0
35-2021.00,9,0.0
35-2021.00,10,0.0
35-2021.00,11,4.15
35-2021.00,12,0.0
35-3011.00,1,36.98
35-3011.00,2,42.96
35-3011.00,3,2.57
35-3011.00,4,16.37
35-3011.00,5,0.0
35-3011.00,6,1.12
35-3011.00,7,0.0
35-3011.00,8,0.0
35-3011.00,9,0.0
35-3011.00,10,0.0
35-3011.00,11,0.0
35-3011.00,12,0.0
35-3023.00,1,56.28
35-3023.00,2,23.96
35-3023.00,3,2.55
35-3023.00,4,17.17
35-3023.00,5,0.0
35-3023.00,6,0.05
35-3023.00,7,0.0
35-3023.00,8,0.0
35-3023.00,9,0.0
35-3023.00,10,0.0
35-3023.00,11,0.0
35-3023.00,12,0.0
35-3023.01,1,63.86
35-3023.01,2,28.98
35-3023.01,3,2.39
35-3023.01,4,2.39
35-3023.01,5,0.0
35-3023.01,6,2.39
35-3023.01,7,0.0
35-3023.01,8,0.0
35-3023.01,9,0.0
35-3023.01,10,0.0
35-3023.01,11,0.0
35-3023.01,12,0.0
35-3031.00,1,32.33
35-3031.00,2,57.57
35-3031.00,3,8.29
35-3031.00,4,1.14
35-3031.00,5,0.67
35-3031.00,6,0.0
35-3031.00,7,0.0
35-3031.00,8,0.0
35-3031.00,9,0.0
35-3031.00,10,0.0
35-3031.00,11,0.0
35-3031.00,12,0.0
35-3041.00,1,27.09
35-3041.00,2,48.08
35-3041.00,3,1.37
35-3041.00,4,8.64
35-3041.00,5,2.0
35-3041.00,6,6.18
35-3041.00,7,0.0
35-3041.00,8,0.0
35-3041.00,9,0.0
35-3041.00,10,0.0
35-3041.00,11,0.0
35-3041.00,12,6.64
35-9011.00,1,22.43
35-9011.00,2,74.01
35-9011.00,3,2.49
35-9011.00,4,0.0
35-9011.00,5,1.07
35-9011.00,6,0.0
35-9011.00,7,0.0
35-9011.00,8,0.0
35-9011.00,9,0.0
35-9011.00,10,0.0
35-9011.00,11,0.0
35-9011.00,12,0.0
35-9021.00,1,43.39
35-9021.00,2,55.87
35-9021.00,3,0.0
35-9021.00,4,0.74
35-9021.00,5,0.0
35-9021.00,6,0.0
35-9021.00,7,0.0
35-9021.00,8,0.0
35-9021.00,9,0.0
35-9021.00,10,0.0
35-9021.00,11,0.0
35-9021.00,12,0.0
35-9031.00,1,41.98
35-9031.00,2,29.2
35-9031.00,3,0.0
35-9031.00,4,15.7
35-9031.00,5,0.0
35-9031.00,6,13.12
35-9031.00,7,0.0
35-9031.00,8,0.0
35-9031.00,9,0.0
35-9031.00,10,0.0
35-9031.00,11,0.0
35-9031.00,12,0.0
37-1011.00,1,3.07
37-1011.00,2,43.26
37-1011.00,3,7.78
37-1011.00,4,19.19
37-1011.00,5,14.45
37-1011.00,6,12.25
37-1011.00,7,0.0
37-1011.00,8,0.0
37-1011.00,9,0.0
37-1011.00,10,0.0
37-1011.00,11,0.0
37-1011.00,12,0.0
37-1012.00,1,4.22
37-1012.00,2,19.95
37-1012.00,3,13.23
37-1012.00,4,10.38
37-1012.00,5,13.55
37-1012.00,6,32.32
37-1012.00,7,0.0
37-1012.00,8,0.0
37-1012.00,9,6.34
37-1012.00,10,0.0
37-1012.00,11,0.0
37-1012.00,12,0.0
37-2011.00,1,13.51
37-2011.00,2,62.41
37-2011.00,3,0.0
37-2011.00,4,0.0
37-2011.00,5,0.0
37-2011.00,6,23.48
37-2011.00,7,0.0
37-2011.00,8,0.0
37-2011.00,9,0.0
37-2011.00,10,0.0
37-2011.00,11,0.0
37-2011.00,12,0.6
37-2012.00,1,44.6
37-2012.00,2,35.51
37-2012.00,3,6.67
37-2012.00,4,2.37
37-2012.00,5,0.0
37-2012.00,6,5.88
37-2012.00,7,0.0
37-2012.00,8,0.0
37-2012.00,9,0.0
37-2012.00,10,0.0
37-2012.00,11,0.0
37-2012.00,12,4.97
37-2021.00,1,0.0
37-2021.00,2,85.3
37-2021.00,3,14.25
37-2021.00,4,0.0
37-2021.00,5,0.44
37-2021.00,6,0.0
37-2021.00,7,0.0
37-2021.00,8,0.0
37-2021.00,9,0.0
37-2021.00,10,0.0
37-2021.00,11,0.0
37-2021.00,12,0.0
37-3011.00,1,58.5
37-3011.00,2,35.4
37-3011.00,3,5.01
37-3011.00,4,1.05
37-3011.00,5,0.0
37-3011.00,6,0.04
37-3011.00,7,0.0
37-3011.00,8,0.0
37-3011.00,9,0.0
37-3011.00,10,0.0
37-3011.00,11,0.0
37-3011.00,12,0.0
37-3012.00,1,1.45
37-3012.00,2,82.55
37-3012.00,3,13.19
37-3012.00,4,1.83
37-3012.00,5,0.99
37-3012.00,6,0.0
37-3012.00,7,0.0
37-3012.00,8,0.0
37-3012.00,9,0.0
37-3012.00,10,0.0
37-3012.00,11,0.0
37-3012.00,12,0.0
37-3013.00,1,56.81
37-3013.00,2,37.13
37-3013.00,3,2.23
37-3013.00,4,3.83
37-3013.00,5,0.0
37-3013.00,6,0.0
37-3013.00,7,0.0
37-3013.00,8,0.0
37-3013.00,9,0.0
37-3013.00,10,0.0
37-3013.00,11,0.0
37-3013.00,12,0.0
39-1013.00,1,6.09
39-1013.00,2,47.7
39-1013.00,3,11.93
39-1013.00,4,17.22
39-1013.00,5,10.6
39-1013.00,6,6.45
39-1013.00,7,0.0
39-1013.00,8,0.0
39-1013.00,9,0.0
39-1013.00,10,0.0
39-1013.00,11,0.0
39-1013.00,12,0.0
39-1014.00,1,0.0
39-1014.00,2,38.74
39-1014.00,3,1.62
39-1014.00,4,11.04
39-1014.00,5,19.48
39-1014.00,6,29.13
39-1014.00,7,0.0
39-1014.00,8,0.0
39-1014.00,9,0.0
39-1014.00,10,0.0
39-1014.00,11,0.0
39-1014.00,12,0.0
39-1022.00,1,3.02
39-1022.00,2,14.93
39-1022.00,3,0.0
39-1022.00,4,23.89
39-1022.00,5,47.77
39-1022.00,6,7.54
39-1022.00,7,0.0
39-1022.00,8,2.85
39-1022.00,9,0.0
39-1022.00,10,0.0
39-1022.00,11,0.0
39-1022.00,12,0.0
39-2011.00,1,22.64
39-2011.00,2,44.38
39-2011.00,3,7.85
39-2011.00,4,16.56
39-2011.00,5,6.82
39-2011.00,6,1.75
39-2011.00,7,0.0
39-2011.00,8,0.0
39-2011.00,9,0.0
39-2011.00,10,0.0
39-2011.00,11,0.0
39-2011.00,12,0.0
39-2021.00,1,9.5
39-2021.00,2,63.55
39-2021.00,3,0.0
39-2021.00,4,0.0
39-2021.00,5,13.58
39-2021.00,6,13.37
39-2021.00,7,0.0
39-2021.00,8,0.0
39-2021.00,9,0.0
39-2021.00,10,0.0
39-2021.00,11,0.0
39-2021.00,12,0.0
39-3011.00,1,15.26
39-3011.00,2,69.02
39-3011.00,3,4.82
39-3011.00,4,6.14
39-3011.00,5,4.76
39-3011.00,6,0.0
39-3011.00,7,0.0
39-3011.00,8,0.0
39-3011.00,9,0.0
39-3011.00,10,0.0
39-3011.00,11,0.0
39-3011.00,12,0.0
39-3012.00,1,1.63
39-3012.00,2,87.07
39-3012.00,3,1.98
39-3012.00,4,6.58
39-3012.00,5,2.75
39-3012.00,6,0.0
39-3012.00,7,0.0
39-3012.00,8,0.0
39-3012.00,9,0.0
39-3012.00,10,0.0
39-3012.00,11,0.0
39-3012.00,12,0.0
39-3021.00,1,19.85
39-3021.00,2,61.11
39-3021.00,3,0.0
39-3021.00,4,8.94
39-3021.00,5,0.0
39-3021.00,6,10.09
39-3021.00,7,0.0
39-3021.00,8,0.0
39-3021.00,9,0.0
39-3021.00,10,0.0
39-3021.00,11,0.0
39-3021.00,12,0.0
39-3031.00,1,53.0
39-3031.00,2,37.08
39-3031.00,3,7.2
39-3031.00,4,0.0
39-3031.00,5,0.0
39-3031.00,6,2.72
39-3031.00,7,0.0
39-3031.00,8,0.0
39-3031.00,9,0.0
39-3031.00,10,0.0
39-3031.00,11,0.0
39-3031.00,12,0.0
39-3091.00,1,64.17
39-3091.00,2,31.89
39-3091.00,3,0.0
39-3091.00,4,0.0
39-3091.00,5,2.51
39-3091.00,6,1.43
39-3091.00,7,0.0
39-3091.00,8,0.0
39-3091.00,9,0.0
39-3091.00,10,0.0
39-3091.00,11,0.0
39-3091.00,12,0.0
39-3092.00,1,10.39
39-3092.00,2,32.24
39-3092.00,3,7.52
39-3092.00,4,14.85
39-3092.00,5,3.86
39-3092.00,6,29.6
39-3092.00,7,0.0
39-3092.00,8,1.54
39-3092.00,9,0.0
39-3092.00,10,0.0
39-3092.00,11,0.0
39-3092.00,12,0.0
39-3093.00,1,20.02
39-3093.00,2,64.15
39-3093.00,3,0.0
39-3093.00,4,1.43
39-3093.00,5,3.63
39-3093.00,6,0.0
39-3093.00,7,0.0
39-3093.00,8,0.0
39-3093.00,9,0.0
39-3093.00,10,0.0
39-3093.00,11,10.78
39-3093.00,12,0.0
39-4011.00,1,0.0
39-4011.00,2,0.0
39-4011.00,3,0.0
39-4011.00,4,0.0
39-4011.00,5,86.37
39-4011.00,6,13.63
39-4011.00,7,0.0
39-4011.00,8,0.0
39-4011.00,9,0.0
39-4011.00,10,0.0
39-4011.00,11,0.0
39-4011.00,12,0.0
39-4021.00,1,6.82
39-4021.00,2,47.04
39-4021.00,3,0.0
39-4021.00,4,12.63
39-4021.00,5,22.48
39-4021.00,6,9.29
39-4021.00,7,0.0
39-4021.00,8,0.0
39-4021.00,9,0.0
39-4021.00,10,1.73
39-4021.00,11,0.0
39-4021.00,12,0.0
39-4031.00,1,0.0
39-4031.00,2,15.28
39-4031.00,3,0.0
39-4031.00,4,0.25
39-4031.00,5,73.23
39-4031.00,6,11.24
39-4031.00,7,0.0
39-4031.00,8,0.0
39-4031.00,9,0.0
39-4031.00,10,0.0
39-4031.00,11,0.0
39-4031.00,12,0.0
39-5011.00,1,12.12
39-5011.00,2,45.45
39-5011.00,3,39.39
39-5011.00,4,3.03
39-5011.00,5,0.0
39-5011.00,6,0.0
39-5011.00,7,0.0
39-5011.00,8,0.0
39-5011.00,9,0.0
39-5011.00,10,0.0
39-5011.00,11,0.0
39-5011.00,12,0.0
39-5012.00,1,2.71
39-5012.00,2,16.57
39-5012.00,3,67.95
39-5012.00,4,12.77
39-5012.00,5,0.0
39-5012.00,6,0.0
39-5012.00,7,0.0
39-5012.00,8,0.0
39-5012.00,9,0.0
39-5012.00,10,0.0
39-5012.00,11,0.0
39-5012.00,12,0.0
39-5091.00,1,9.52
39-5091.00,2,33.33
39-5091.00,3,28.57
39-5091.00,4,9.52
39-5091.00,5,4.76
39-5091.00,6,9.52
39-5091.00,7,0.0
39-5091.00,8,0.0
39-5091.00,9,0.0
39-5091.00,10,4.76
39-5091.00,11,0.0
39-5091.00,12,0.0
39-5092.00,1,35.8
39-5092.00,2,49.16
39-5092.00,3,14.77
39-5092.00,4,0.27
39-5092.00,5,0.0
39-5092.00,6,0.0
39-5092.00,7,0.0
39-5092.00,8,0.0
39-5092.00,9,0.0
39-5092.00,10,0.0
39-5092.00,11,0.0
39-5092.00,12,0.0
39-5093.00,1,13.05
39-5093.00,2,18.35
39-5093.00,3,67.55
39-5093.00,4,1.05
39-5093.00,5,0.0
39-5093.00,6,0.0
39-5093.00,7,0.0
39-5093.00,8,0.0
39-5093.00,9,0.0
39-5093.00,10,0.0
39-5093.00,11,0.0
39-5093.00,12,0.0
39-5094.00,1,0.0
39-5094.00,2,39.15
39-5094.00,3,30.24
39-5094.00,4,8.76
39-5094.00,5,0.0
39-5094.00,6,0.0
39-5094.00,7,0.0
39-5094.00,8,19.21
39-5094.00,9,0.0
39-5094.00,10,0.0
39-5094.00,11,0.0
39-5094.00,12,2.65
39-6011.00,1,41.75
39-6011.00,2,41.28
39-6011.00,3,7.51
39-6011.00,4,9.47
39-6011.00,5,0.0
39-6011.00,6,0.0
39-6011.00,7,0.0
39-6011.00,8,0.0
39-6011.00,9,0.0
39-6011.00,10,0.0
39-6011.00,11,0.0
39-6011.00,12,0.0
39-6012.00,1,4.55
39-6012.00,2,45.45
39-6012.00,3,9.09
39-6012.00,4,27.27
39-6012.00,5,4.55
39-6012.00,6,9.09
39-6012.00,7,0.0
39-6012.00,8,0.0
39-6012.00,9,0.0
39-6012.00,10,0.0
39-6012.00,11,0.0
39-6012.00,12,0.0
39-7011.00,1,4.08
39-7011.00,2,21.82
39-7011.00,3,7.74
39-7011.00,4,1.52
39-7011.00,5,30.96
39-7011.00,6,30.03
39-7011.00,7,1.71
39-7011.00,8,2.14
39-7011.00,9,0.0
39-7011.00,10,0.0
39-7011.00,11,0.0
39-7011.00,12,0.0
39-7012.00,1,17.65
39-7012.00,2,45.84
39-7012.00,3,8.77
39-7012.00,4,21.25
39-7012.00,5,0.78
39-7012.00,6,5.7
39-7012.00,7,0.0
39-7012.00,8,0.0
39-7012.00,9,0.0
39-7012.00,10,0.0
39-7012.00,11,0.0
39-7012.00,12,0.0
39-9011.00,1,14.28
39-9011.00,2,38.54
39-9011.00,3,5.59
39-9011.00,4,10.17
39-9011.00,5,22.71
39-9011.00,6,8.71
39-9011.00,7,0.0
39-9011.00,8,0.0
39-9011.00,9,0.0
39-9011.00,10,0.0
39-9011.00,11,0.0
39-9011.00,12,0.0
39-9011.01,1,4.0
39-9011.01,2,60.0
39-9011.01,3,8.0
39-9011.01,4,16.0
39-9011.01,5,8.0
39-9011.01,6,4.0
39-9011.01,7,0.0
39-9011.01,8,0.0
39-9011.01,9,0.0
39-9011.01,10,0.0
39-9011.01,11,0.0
39-9011.01,12,0.0
39-9031.00,1,14.29
39-9031.00,2,9.52
39-9031.00,3,38.1
39-9031.00,4,0.0
39-9031.00,5,0.0
39-9031.00,6,9.52
39-9031.00,7,19.05
39-9031.00,8,9.52
39-9031.00,9,0.0
39-9031.00,10,0.0
39-9031.00,11,0.0
39-9031.00,12,0.0
39-9032.00,1,0.65
39-9032.00,2,25.48
39-9032.00,3,3.22
39-9032.00,4,0.45
39-9032.00,5,8.1
39-9032.00,6,61.96
39-9032.00,7,0.0
39-9032.00,8,0.14
39-9032.00,9,0.0
39-9032.00,10,0.0
39-9032.00,11,0.0
39-9032.00,12,0.0
39-9041.00,1,7.32
39-9041.00,2,1.45
39-9041.00,3,0.0
39-9041.00,4,50.25
39-9041.00,5,0.0
39-9041.00,6,31.29
39-9041.00,7,0.0
39-9041.00,8,3.35
39-9041.00,9,0.0
39-9041.00,10,0.0
39-9041.00,11,6.34
39-9041.00,12,0.0
41-1011.00,1,14.08
41-1011.00,2,51.67
41-1011.00,3,8.92
41-1011.00,4,6.05
41-1011.00,5,18.86
41-1011.00,6,0.42
41-1011.00,7,0.0
41-1011.00,8,0.0
41-1011.00,9,0.0
41-1011.00,10,0.0
41-1011.00,11,0.0
41-1011.00,12,0.0
41-1012.00,1,0.0
41-1012.00,2,16.0
41-1012.00,3,0.0
41-1012.00,4,16.49
41-1012.00,5,9.58
41-1012.00,6,44.97
41-1012.00,7,0.0
41-1012.00,8,12.96
41-1012.00,9,0.0
41-1012.00,10,0.0
41-1012.00,11,0.0
41-1012.00,12,0.0
41-2011.00,1,37.34
41-2011.00,2,44.32
41-2011.00,3,9.17
41-2011.00,4,9.17
41-2011.00,5,0.0
41-2011.00,6,0.0
41-2011.00,7,0.0
41-2011.00,8,0.0
41-2011.00,9,0.0
41-2011.00,10,0.0
41-2011.00,11,0.0
41-2011.00,12,0.0
41-2012.00,1,0.0
41-2012.00,2,96.45
41-2012.00,3,1.19
41-2012.00,4,2.36
41-2012.00,5,0.0
41-2012.00,6,0.0
41-2012.00,7,0.0
41-2012.00,8,0.0
41-2012.00,9,0.0
41-2012.00,10,0.0
41-2012.00,11,0.0
41-2012.00,12,0.0
41-2021.00,1,0.78
41-2021.00,2,55.86
41-2021.00,3,0.43
41-2021.00,4,13.21
41-2021.00,5,9.47
41-2021.00,6,20.25
41-2021.00,7,0.0
41-2021.00,8,0.0
41-2021.00,9,0.0
41-2021.00,10,0.0
41-2021.00,11,0.0
41-2021.00,12,0.0
41-2022.00,1,0.0
41-2022.00,2,46.85
41-2022.00,3,4.98
41-2022.00,4,25.22
41-2022.00,5,9.33
41-2022.00,6,13.61
41-2022.00,7,0.0
41-2022.00,8,0.0
41-2022.00,9,0.0
41-2022.00,10,0.0
41-2022.00,11,0.0
41-2022.00,12,0.0
41-2031.00,1,19.32
41-2031.00,2,63.45
41-2031.00,3,2.02
41-2031.00,4,1.42
41-2031.00,5,9.79
41-2031.00,6,4.01
41-2031.00,7,0.0
41-2031.00,8,0.0
41-2031.00,9,0.0
41-2031.00,10,0.0
41-2031.00,11,0.0
41-2031.00,12,0.0
41-3011.00,1,0.0
41-3011.00,2,39.49
41-3011.00,3,6.98
41-3011.00,4,18.48
41-3011.00,5,13.12
41-3011.00,6,21.27
41-3011.00,7,0.0
41-3011.00,8,0.0
41-3011.00,9,0.0
41-3011.00,10,0.0
41-3011.00,11,0.0
41-3011.00,12,0.67
41-3021.00,1,0.0
41-3021.00,2,14.79
41-3021.00,3,14.5
41-3021.00,4,8.05
41-3021.00,5,15.76
41-3021.00,6,39.47
41-3021.00,7,7.43
41-3021.00,8,0.0
41-3021.00,9,0.0
41-3021.00,10,0.0
41-3021.00,11,0.0
41-3021.00,12,0.0
41-3031.00,1,0.0
41-3031.00,2,26.83
41-3031.00,3,1.09
41-3031.00,4,5.83
41-3031.00,5,1.1
41-3031.00,6,55.3
41-3031.00,7,6.03
41-3031.00,8,3.8
41-3031.00,9,0.0
41-3031.00,10,0.0
41-3031.00,11,0.0
41-3031.00,12,0.0
41-3041.00,1,0.0
41-3041.00,2,30.8
41-3041.00,3,11.49
41-3041.00,4,6.11
41-3041.00,5,37.25
41-3041.00,6,14.36
41-3041.00,7,0.0
41-3041.00,8,0.0
41-3041.00,9,0.0
41-3041.00,10,0.0
41-3041.00,11,0.0
41-3041.00,12,0.0
41-3091.00,1,0.0
41-3091.00,2,2.11
41-3091.00,3,0.0
41-3091.00,4,20.01
41-3091.00,5,4.17
41-3091.00,6,71.63
41-3091.00,7,0.0
41-3091.00,8,2.08
41-3091.00,9,0.0
41-3091.00,10,0.0
41-3091.00,11,0.0
41-3091.00,12,0.0
41-4011.00,1,0.0
41-4011.00,2,14.41
41-4011.00,3,13.75
41-4011.00,4,30.47
41-4011.00,5,0.0
41-4011.00,6,39.48
41-4011.00,7,1.59
41-4011.00,8,0.0
41-4011.00,9,0.0
41-4011.00,10,0.0
41-4011.00,11,0.31
41-4011.00,12,0.0
41-4011.07,1,0.0
41-4011.07,2,9.44
41-4011.07,3,10.22
41-4011.07,4,2.42
41-4011.07,5,44.93
41-4011.07,6,21.63
41-4011.07,7,7.0
41-4011.07,8,4.38
41-4011.07,9,0.0
41-4011.07,10,0.0
41-4011.07,11,0.0
41-4011.07,12,0.0
41-4012.00,1,0.0
41-4012.00,2,47.98
41-4012.00,3,0.0
41-4012.00,4,14.18
41-4012.00,5,3.96
41-4012.00,6,33.89
41-4012.00,7,0.0
41-4012.00,8,0.0
41-4012.00,9,0.0
41-4012.00,10,0.0
41-4012.00,11,0.0
41-4012.00,12,0.0
41-9011.00,1,34.99
41-9011.00,2,64.35
41-9011.00,3,0.0
41-9011.00,4,0.0
41-9011.00,5,0.0
41-9011.00,6,0.0
41-9011.00,7,0.0
41-9011.00,8,0.65
41-9011.00,9,0.0
41-9011.00,10,0.0
41-9011.00,11,0.0
41-9011.00,12,0.0
41-9012.00,1,17.41
41-9012.00,2,76.3
41-9012.00,3,0.0
41-9012.00,4,2.35
41-9012.00,5,0.0
41-9012.00,6,3.94
41-9012.00,7,0.0
41-9012.00,8,0.0
41-9012.00,9,0.0
41-9012.00,10,0.0
41-9012.00,11,0.0
41-9012.00,12,0.0
41-9021.00,1,21.41
41-9021.00,2,6.05
41-9021.00,3,21.18
41-9021.00,4,6.05
41-9021.00,5,0.0
41-9021.00,6,25.6
41-9021.00,7,19.72
41-9021.00,8,0.0
41-9021.00,9,0.0
41-9021.00,10,0.0
41-9021.00,11,0.0
41-9021.00,12,0.0
41-9022.00,1,21.74
41-9022.00,2,52.17
41-9022.00,3,13.04
41-9022.00,4,13.04
41-9022.00,5,0.0
41-9022.00,6,0.0
41-9022.00,7,0.0
41-9022.00,8,0.0
41-9022.00,9,0.0
41-9022.00,10,0.0
41-9022.00,11,0.0
41-9022.00,12,0.0
41-9031.00,1,0.0
41-9031.00,2,0.0
41-9031.00,3,0.0
41-9031.00,4,6.0
41-9031.00,5,11.51
41-9031.00,6,57.33
41-9031.00,7,0.0
41-9031.00,8,25.17
41-9031.00,9,0.0
41-9031.00,10,0.0
41-9031.00,11,0.0
41-9031.00,12,0.0
41-9041.00,1,19.76
41-9041.00,2,39.46
41-9041.00,3,0.0
41-9041.00,4,37.31
41-9041.00,5,3.47
41-9041.00,6,0.0
41-9041.00,7,0.0
41-9041.00,8,0.0
41-9041.00,9,0.0
41-9041.00,10,0.0
41-9041.00,11,0.0
41-9041.00,12,0.0
41-9091.00,1,56.52
41-9091.00,2,43.48
41-9091.00,3,0.0
41-9091.00,4,0.0
41-9091.00,5,0.0
41-9091.00,6,0.0
41-9091.00,7,0.0
41-9091.00,8,0.0
41-9091.00,9,0.0
41-9091.00,10,0.0
41-9091.00,11,0.0
41-9091.00,12,0.0
43-1011.00,1,0.0
43-1011.00,2,23.18
43-1011.00,3,0.62
43-1011.00,4,20.03
43-1011.00,5,9.62
43-1011.00,6,45.22
43-1011.00,7,0.0
43-1011.00,8,1.33
43-1011.00,9,0.0
43-1011.00,10,0.0
43-1011.00,11,0.0
43-1011.00,12,0.0
43-2011.00,1,0.64
43-2011.00,2,88.55
43-2011.00,3,5.14
43-2011.00,4,2.05
43-2011.00,5,0.58
43-2011.00,6,0.0
43-2011.00,7,3.04
43-2011.00,8,0.0
43-2011.00,9,0.0
43-2011.00,10,0.0
43-2011.00,11,0.0
43-2011.00,12,0.0
43-2021.00,1,0.0
43-2021.00,2,97.83
43-2021.00,3,0.0
43-2021.00,4,0.24
43-2021.00,5,1.93
43-2021.00,6,0.0
43-2021.00,7,0.0
43-2021.00,8,0.0
43-2021.00,9,0.0
43-2021.00,10,0.0
43-2021.00,11,0.0
43-2021.00,12,0.0
43-3011.00,1,2.3
43-3011.00,2,48.15
43-3011.00,3,1.06
43-3011.00,4,27.37
43-3011.00,5,0.0
43-3011.00,6,21.12
43-3011.00,7,0.0
43-3011.00,8,0.0
43-3011.00,9,0.0
43-3011.00,10,0.0
43-3011.00,11,0.0
43-3011.00,12,0.0
43-3021.00,1,0.0
43-3021.00,2,24.69
43-3021.00,3,0.0
43-3021.00,4,19.93
43-3021.00,5,22.29
43-3021.00,6,33.1
43-3021.00,7,0.0
43-3021.00,8,0.0
43-3021.00,9,0.0
43-3021.00,10,0.0
43-3021.00,11,0.0
43-3021.00,12,0.0
43-3031.00,1,6.35
43-3031.00,2,40.89
43-3031.00,3,20.79
43-3031.00,4,4.72
43-3031.00,5,8.54
43-3031.00,6,12.19
43-3031.00,7,0.0
43-3031.00,8,6.52
43-3031.00,9,0.0
43-3031.00,10,0.0
43-3031.00,11,0.0
43-3031.00,12,0.0
43-3041.00,1,0.0
43-3041.00,2,84.85
43-3041.00,3,0.0
43-3041.00,4,13.71
43-3041.00,5,1.44
43-3041.00,6,0.0
43-3041.00,7,0.0
43-3041.00,8,0.0
43-3041.00,9,0.0
43-3041.00,10,0.0
43-3041.00,11,0.0
43-3041.00,12,0.0
43-3051.00,1,0.0
43-3051.00,2,20.55
43-3051.00,3,0.0
43-3051.00,4,30.35
43-3051.00,5,17.26
43-3051.00,6,31.84
43-3051.00,7,0.0
43-3051.00,8,0.0
43-3051.00,9,0.0
43-3051.00,10,0.0
43-3051.00,11,0.0
43-3051.00,12,0.0
43-3061.00,1,0.0
43-3061.00,2,48.23
43-3061.00,3,0.0
43-3061.00,4,16.79
43-3061.00,5,2.25
43-3061.00,6,32.73
43-3061.00,7,0.0
43-3061.00,8,0.0
43-3061.00,9,0.0
43-3061.00,10,0.0
43-3061.00,11,0.0
43-3061.00,12,0.0
43-3071.00,1,1.67
43-3071.00,2,72.95
43-3071.00,3,2.69
43-3071.00,4,8.97
43-3071.00,5,5.4
43-3071.00,6,8.32
43-3071.00,7,0.0
43-3071.00,8,0.0
43-3071.00,9,0.0
43-3071.00,10,0.0
43-3071.00,11,0.0
43-3071.00,12,0.0
43-4011.00,1,0.0
43-4011.00,2,29.13
43-4011.00,3,0.0
43-4011.00,4,19.95
43-4011.00,5,12.69
43-4011.00,6,38.23
43-4011.00,7,0.0
43-4011.00,8,0.0
43-4011.00,9,0.0
43-4011.00,10,0.0
43-4011.00,11,0.0
43-4011.00,12,0.0
43-4021.00,1,0.0
43-4021.00,2,42.91
43-4021.00,3,0.0
43-4021.00,4,17.41
43-4021.00,5,28.07
43-4021.00,6,11.61
43-4021.00,7,0.0
43-4021.00,8,0.0
43-4021.00,9,0.0
43-4021.00,10,0.0
43-4021.00,11,0.0
43-4021.00,12,0.0
43-4031.00,1,0.0
43-4031.00,2,50.42
43-4031.00,3,0.18
43-4031.00,4,10.13
43-4031.00,5,19.55
43-4031.00,6,9.95
43-4031.00,7,0.0
43-4031.00,8,9.77
43-4031.00,9,0.0
43-4031.00,10,0.0
43-4031.00,11,0.0
43-4031.00,12,0.0
43-4051.00,1,0.0
43-4051.00,2,54.76
43-4051.00,3,0.0
43-4051.00,4,17.36
43-4051.00,5,13.67
43-4051.00,6,14.22
43-4051.00,7,0.0
43-4051.00,8,0.0
43-4051.00,9,0.0
43-4051.00,10,0.0
43-4051.00,11,0.0
43-4051.00,12,0.0
43-4061.00,1,0.0
43-4061.00,2,25.6
43-4061.00,3,0.0
43-4061.00,4,19.44
43-4061.00,5,23.58
43-4061.00,6,24.22
43-4061.00,7,0.0
43-4061.00,8,7.15
43-4061.00,9,0.0
43-4061.00,10,0.0
43-4061.00,11,0.0
43-4061.00,12,0.0
43-4071.00,1,0.0
43-4071.00,2,30.14
43-4071.00,3,0.0
43-4071.00,4,23.17
43-4071.00,5,38.41
43-4071.00,6,8.28
43-4071.00,7,0.0
43-4071.00,8,0.0
43-4071.00,9,0.0
43-4071.00,10,0.0
43-4071.00,11,0.0
43-4071.00,12,0.0
43-4081.00,1,1.0
43-4081.00,2,75.03
43-4081.00,3,2.42
43-4081.00,4,10.79
43-4081.00,5,6.17
43-4081.00,6,4.6
43-4081.00,7,0.0
43-4081.00,8,0.0
43-4081.00,9,0.0
43-4081.00,10,0.0
43-4081.00,11,0.0
43-4081.00,12,0.0
43-4111.00,1,0.0
43-4111.00,2,42.42
43-4111.00,3,17.08
43-4111.00,4,5.87
43-4111.00,5,33.47
43-4111.00,6,0.94
43-4111.00,7,0.0
43-4111.00,8,0.23
43-4111.00,9,0.0
43-4111.00,10,0.0
43-4111.00,11,0.0
43-4111.00,12,0.0
43-4121.00,1,8.6
43-4121.00,2,49.83
43-4121.00,3,10.74
43-4121.00,4,14.14
43-4121.00,5,12.12
43-4121.00,6,4.56
43-4121.00,7,0.0
43-4121.00,8,0.0
43-4121.00,9,0.0
43-4121.00,10,0.0
43-4121.00,11,0.0
43-4121.00,12,0.0
43-4131.00,1,0.0
43-4131.00,2,42.85
43-4131.00,3,12.12
43-4131.00,4,0.09
43-4131.00,5,6.69
43-4131.00,6,38.26
43-4131.00,7,0.0
43-4131.00,8,0.0
43-4131.00,9,0.0
43-4131.00,10,0.0
43-4131.00,11,0.0
43-4131.00,12,0.0
43-4141.00,1,0.0
43-4141.00,2,45.6
43-4141.00,3,15.45
43-4141.00,4,28.22
43-4141.00,5,10.73
43-4141.00,6,0.0
43-4141.00,7,0.0
43-4141.00,8,0.0
43-4141.00,9,0.0
43-4141.00,10,0.0
43-4141.00,11,0.0
43-4141.00,12,0.0
43-4151.00,1,0.0
43-4151.00,2,63.04
43-4151.00,3,24.17
43-4151.00,4,0.72
43-4151.00,5,0.0
43-4151.00,6,12.07
43-4151.00,7,0.0
43-4151.00,8,0.0
43-4151.00,9,0.0
43-4151.00,10,0.0
43-4151.00,11,0.0
43-4151.00,12,0.0
43-4161.00,1,0.0
43-4161.00,2,21.12
43-4161.00,3,5.71
43-4161.00,4,11.22
43-4161.00,5,27.35
43-4161.00,6,33.81
43-4161.00,7,0.0
43-4161.00,8,0.8
43-4161.00,9,0.0
43-4161.00,10,0.0
43-4161.00,11,0.0
43-4161.00,12,0.0
43-4171.00,1,0.32
43-4171.00,2,49.48
43-4171.00,3,20.86
43-4171.00,4,25.66
43-4171.00,5,3.68
43-4171.00,6,0.0
43-4171.00,7,0.0
43-4171.00,8,0.0
43-4171.00,9,0.0
43-4171.00,10,0.0
43-4171.00,11,0.0
43-4171.00,12,0.0
43-4181.00,1,9.29
43-4181.00,2,75.21
43-4181.00,3,0.59
43-4181.00,4,12.15
43-4181.00,5,2.18
43-4181.00,6,0.59
43-4181.00,7,0.0
43-4181.00,8,0.0
43-4181.00,9,0.0
43-4181.00,10,0.0
43-4181.00,11,0.0
43-4181.00,12,0.0
43-5011.00,1,1.74
43-5011.00,2,12.2
43-5011.00,3,18.08
43-5011.00,4,19.15
43-5011.00,5,18.08
43-5011.00,6,30.75
43-5011.00,7,0.0
43-5011.00,8,0.0
43-5011.00,9,0.0
43-5011.00,10,0.0
43-5011.00,11,0.0
43-5011.00,12,0.0
43-5011.01,1,0.0
43-5011.01,2,25.38
43-5011.01,3,0.0
43-5011.01,4,0.39
43-5011.01,5,16.15
43-5011.01,6,43.66
43-5011.01,7,0.0
43-5011.01,8,14.42
43-5011.01,9,0.0
43-5011.01,10,0.0
43-5011.01,11,0.0
43-5011.01,12,0.0
43-5021.00,1,6.7
43-5021.00,2,80.28
43-5021.00,3,0.0
43-5021.00,4,13.02
43-5021.00,5,0.0
43-5021.00,6,0.0
43-5021.00,7,0.0
43-5021.00,8,0.0
43-5021.00,9,0.0
43-5021.00,10,0.0
43-5021.00,11,0.0
43-5021.00,12,0.0
43-5031.00,1,0.0
43-5031.00,2,63.35
43-5031.00,3,10.64
43-5031.00,4,11.0
43-5031.00,5,10.27
43-5031.00,6,4.74
43-5031.00,7,0.0
43-5031.00,8,0.0
43-5031.00,9,0.0
43-5031.00,10,0.0
43-5031.00,11,0.0
43-5031.00,12,0.0
43-5032.00,1,5.04
43-5032.00,2,47.36
43-5032.00,3,7.05
43-5032.00,4,25.63
43-5032.00,5,7.9
43-5032.00,6,7.01
43-5032.00,7,0.0
43-5032.00,8,0.0
43-5032.00,9,0.0
43-5032.00,10,0.0
43-5032.00,11,0.0
43-5032.00,12,0.0
43-5041.00,1,0.0
43-5041.00,2,94.23
43-5041.00,3,2.17
43-5041.00,4,1.7
43-5041.00,5,1.58
43-5041.00,6,0.0
43-5041.00,7,0.0
43-5041.00,8,0.32
43-5041.00,9,0.0
43-5041.00,10,0.0
43-5041.00,11,0.0
43-5041.00,12,0.0
43-5051.00,1,7.76
43-5051.00,2,67.56
43-5051.00,3,6.8
43-5051.00,4,17.88
43-5051.00,5,0.0
43-5051.00,6,0.0
43-5051.00,7,0.0
43-5051.00,8,0.0
43-5051.00,9,0.0
43-5051.00,10,0.0
43-5051.00,11,0.0
43-5051.00,12,0.0
43-5052.00,1,14.57
43-5052.00,2,78.21
43-5052.00,3,0.0
43-5052.00,4,7.22
43-5052.00,5,0.0
43-5052.00,6,0.0
43-5052.00,7,0.0
43-5052.00,8,0.0
43-5052.00,9,0.0
43-5052.00,10,0.0
43-5052.00,11,0.0
43-5052.00,12,0.0
43-5053.00,1,12.48
43-5053.00,2,81.39
43-5053.00,3,0.0
43-5053.00,4,6.14
43-5053.00,5,0.0
43-5053.00,6,0.0
43-5053.00,7,0.0
43-5053.00,8,0.0
43-5053.00,9,0.0
43-5053.00,10,0.0
43-5053.00,11,0.0
43-5053.00,12,0.0
43-5061.00,1,19.48
43-5061.00,2,36.75
43-5061.00,3,9.4
43-5061.00,4,21.17
43-5061.00,5,13.21
43-5061.00,6,0.0
43-5061.00,7,0.0
43-5061.00,8,0.0
43-5061.00,9,0.0
43-5061.00,10,0.0
43-5061.00,11,0.0
43-5061.00,12,0.0
43-5071.00,1,0.0
43-5071.00,2,74.91
43-5071.00,3,0.52
43-5071.00,4,1.88
43-5071.00,5,11.94
43-5071.00,6,10.76
43-5071.00,7,0.0
43-5071.00,8,0.0
43-5071.00,9,0.0
43-5071.00,10,0.0
43-5071.00,11,0.0
43-5071.00,12,0.0
43-5111.00,1,21.5
43-5111.00,2,49.95
43-5111.00,3,3.56
43-5111.00,4,19.49
43-5111.00,5,4.99
43-5111.00,6,0.51
43-5111.00,7,0.0
43-5111.00,8,0.0
43-5111.00,9,0.0
43-5111.00,10,0.0
43-5111.00,11,0.0
43-5111.00,12,0.0
43-6011.00,1,0.0
43-6011.00,2,24.2
43-6011.00,3,1.27
43-6011.00,4,20.91
43-6011.00,5,33.77
43-6011.00,6,11.87
43-6011.00,7,0.0
43-6011.00,8,1.72
43-6011.00,9,3.38
43-6011.00,10,2.88
43-6011.00,11,0.0
43-6011.00,12,0.0
43-6012.00,1,0.0
43-6012.00,2,17.31
43-6012.00,3,14.32
43-6012.00,4,13.23
43-6012.00,5,48.14
43-6012.00,6,7.0
43-6012.00,7,0.0
43-6012.00,8,0.0
43-6012.00,9,0.0
43-6012.00,10,0.0
43-6012.00,11,0.0
43-6012.00,12,0.0
43-6013.00,1,5.33
43-6013.00,2,47.63
43-6013.00,3,19.88
43-6013.00,4,1.18
43-6013.00,5,25.97
43-6013.00,6,0.0
43-6013.00,7,0.0
43-6013.00,8,0.0
43-6013.00,9,0.0
43-6013.00,10,0.0
43-6013.00,11,0.0
43-6013.00,12,0.0
43-6014.00,1,0.0
43-6014.00,2,49.9
43-6014.00,3,6.51
43-6014.00,4,10.23
43-6014.00,5,22.37
43-6014.00,6,10.98
43-6014.00,7,0.0
43-6014.00,8,0.0
43-6014.00,9,0.0
43-6014.00,10,0.0
43-6014.00,11,0.0
43-6014.00,12,0.0
43-9021.00,1,0.0
43-9021.00,2,58.68
43-9021.00,3,0.0
43-9021.00,4,30.18
43-9021.00,5,11.14
43-9021.00,6,0.0
43-9021.00,7,0.0
43-9021.00,8,0.0
43-9021.00,9,0.0
43-9021.00,10,0.0
43-9021.00,11,0.0
43-9021.00,12,0.0
43-9022.00,1,0.0
43-9022.00,2,65.88
43-9022.00,3,6.53
43-9022.00,4,1.89
43-9022.00,5,4.66
43-9022.00,6,18.04
43-9022.00,7,3.0
43-9022.00,8,0.0
43-9022.00,9,0.0
43-9022.00,10,0.0
43-9022.00,11,0.0
43-9022.00,12,0.0
43-9031.00,1,0.0
43-9031.00,2,44.3
43-9031.00,3,4.86
43-9031.00,4,1.0
43-9031.00,5,11.14
43-9031.00,6,38.7
43-9031.00,7,0.0
43-9031.00,8,0.0
43-9031.00,9,0.0
43-9031.00,10,0.0
43-9031.00,11,0.0
43-9031.00,12,0.0
43-9041.00,1,0.46
43-9041.00,2,54.85
43-9041.00,3,7.64
43-9041.00,4,9.33
43-9041.00,5,21.13
43-9041.00,6,6.58
43-9041.00,7,0.0
43-9041.00,8,0.0
43-9041.00,9,0.0
43-9041.00,10,0.0
43-9041.00,11,0.0
43-9041.00,12,0.0
43-9051.00,1,45.39
43-9051.00,2,48.44
43-9051.00,3,0.0
43-9051.00,4,0.0
43-9051.00,5,6.17
43-9051.00,6,0.0
43-9051.00,7,0.0
43-9051.00,8,0.0
43-9051.00,9,0.0
43-9051.00,10,0.0
43-9051.00,11,0.0
43-9051.00,12,0.0
43-9061.00,1,1.5
43-9061.00,2,40.59
43-9061.00,3,6.52
43-9061.00,4,14.74
43-9061.00,5,36.41
43-9061.00,6,0.24
43-9061.00,7,0.0
43-9061.00,8,0.0
43-9061.00,9,0.0
43-9061.00,10,0.0
43-9061.00,11,0.0
43-9061.00,12,0.0
43-9071.00,1,0.0
43-9071.00,2,67.73
43-9071.00,3,9.03
43-9071.00,4,0.0
43-9071.00,5,5.81
43-9071.00,6,17.43
43-9071.00,7,0.0
43-9071.00,8,0.0
43-9071.00,9,0.0
43-9071.00,10,0.0
43-9071.00,11,0.0
43-9071.00,12,0.0
43-9081.00,1,0.0
43-9081.00,2,11.21
43-9081.00,3,6.24
43-9081.00,4,12.04
43-9081.00,5,23.2
43-9081.00,6,47.3
43-9081.00,7,0.0
43-9081.00,8,0.0
43-9081.00,9,0.0
43-9081.00,10,0.0
43-9081.00,11,0.0
43-9081.00,12,0.0
43-9111.00,1,0.0
43-9111.00,2,1.88
43-9111.00,3,0.0
43-9111.00,4,0.0
43-9111.00,5,0.0
43-9111.00,6,88.02
43-9111.00,7,0.0
43-9111.00,8,10.1
43-9111.00,9,0.0
43-9111.00,10,0.0
43-9111.00,11,0.0
43-9111.00,12,0.0
45-1011.00,1,9.72
45-1011.00,2,31.52
45-1011.00,3,13.7
45-1011.00,4,6.1
45-1011.00,5,4.06
45-1011.00,6,32.89
45-1011.00,7,0.0
45-1011.00,8,2.01
45-1011.00,9,0.0
45-1011.00,10,0.0
45-1011.00,11,0.0
45-1011.00,12,0.0
45-2011.00,1,7.0
45-2011.00,2,56.17
45-2011.00,3,0.0
45-2011.00,4,12.48
45-2011.00,5,12.23
45-2011.00,6,10.33
45-2011.00,7,0.0
45-2011.00,8,0.0
45-2011.00,9,0.0
45-2011.00,10,1.79
45-2011.00,11,0.0
45-2011.00,12,0.0
45-2021.00,1,0.0
45-2021.00,2,85.74
45-2021.00,3,5.74
45-2021.00,4,4.46
45-2021.00,5,0.0
45-2021.00,6,3.43
45-2021.00,7,0.63
45-2021.00,8,0.0
45-2021.00,9,0.0
45-2021.00,10,0.0
45-2021.00,11,0.0
45-2021.00,12,0.0
45-2041.00,1,63.8
45-2041.00,2,26.69
45-2041.00,3,4.65
45-2041.00,4,0.0
45-2041.00,5,4.86
45-2041.00,6,0.0
45-2041.00,7,0.0
45-2041.00,8,0.0
45-2041.00,9,0.0
45-2041.00,10,0.0
45-2041.00,11,0.0
45-2041.00,12,0.0
45-2091.00,1,56.78
45-2091.00,2,19.13
45-2091.00,3,14.41
45-2091.00,4,9.53
45-2091.00,5,0.14
45-2091.00,6,0.0
45-2091.00,7,0.0
45-2091.00,8,0.0
45-2091.00,9,0.0
45-2091.00,10,0.0
45-2091.00,11,0.0
45-2091.00,12,0.0
45-2092.00,1,38.96
45-2092.00,2,28.54
45-2092.00,3,0.32
45-2092.00,4,5.32
45-2092.00,5,2.0
45-2092.00,6,15.33
45-2092.00,7,1.47
45-2092.00,8,5.12
45-2092.00,9,0.0
45-2092.00,10,2.95
45-2092.00,11,0.0
45-2092.00,12,0.0
45-2093.00,1,18.0
45-2093.00,2,24.97
45-2093.00,3,8.47
45-2093.00,4,39.39
45-2093.00,5,8.94
45-2093.00,6,0.23
45-2093.00,7,0.0
45-2093.00,8,0.0
45-2093.00,9,0.0
45-2093.00,10,0.0
45-2093.00,11,0.0
45-2093.00,12,0.0
45-3031.00,1,45.0
45-3031.00,2,30.0
45-3031.00,3,5.0
45-3031.00,4,15.0
45-3031.00,5,0.0
45-3031.00,6,5.0
45-3031.00,7,0.0
45-3031.00,8,0.0
45-3031.00,9,0.0
45-3031.00,10,0.0
45-3031.00,11,0.0
45-3031.00,12,0.0
45-4011.00,1,3.43
45-4011.00,2,43.63
45-4011.00,3,1.87
45-4011.00,4,6.5
45-4011.00,5,1.77
45-4011.00,6,22.55
45-4011.00,7,0.0
45-4011.00,8,20.25
45-4011.00,9,0.0
45-4011.00,10,0.0
45-4011.00,11,0.0
45-4011.00,12,0.0
45-4021.00,1,40.31
45-4021.00,2,56.88
45-4021.00,3,2.81
45-4021.00,4,0.0
45-4021.00,5,0.0
45-4021.00,6,0.0
45-4021.00,7,0.0
45-4021.00,8,0.0
45-4021.00,9,0.0
45-4021.00,10,0.0
45-4021.00,11,0.0
45-4021.00,12,0.0
45-4022.00,1,55.42
45-4022.00,2,43.69
45-4022.00,3,0.89
45-4022.00,4,0.0
45-4022.00,5,0.0
45-4022.00,6,0.0
45-4022.00,7,0.0
45-4022.00,8,0.0
45-4022.00,9,0.0
45-4022.00,10,0.0
45-4022.00,11,0.0
45-4022.00,12,0.0
45-4023.00,1,11.18
45-4023.00,2,64.23
45-4023.00,3,10.99
45-4023.00,4,11.64
45-4023.00,5,1.96
45-4023.00,6,0.0
45-4023.00,7,0.0
45-4023.00,8,0.0
45-4023.00,9,0.0
45-4023.00,10,0.0
45-4023.00,11,0.0
45-4023.00,12,0.0
47-1011.00,1,21.95
47-1011.00,2,20.79
47-1011.00,3,27.04
47-1011.00,4,7.84
47-1011.00,5,11.88
47-1011.00,6,10.49
47-1011.00,7,0.0
47-1011.00,8,0.0
47-1011.00,9,0.0
47-1011.00,10,0.0
47-1011.00,11,0.0
47-1011.00,12,0.0
47-1011.03,1,18.71
47-1011.03,2,52.86
47-1011.03,3,2.74
47-1011.03,4,10.03
47-1011.03,5,9.36
47-1011.03,6,6.29
47-1011.03,7,0.0
47-1011.03,8,0.0
47-1011.03,9,0.0
47-1011.03,10,0.0
47-1011.03,11,0.0
47-1011.03,12,0.0
47-2011.00,1,0.0
47-2011.00,2,52.0
47-2011.00,3,32.08
47-2011.00,4,15.93
47-2011.00,5,0.0
47-2011.00,6,0.0
47-2011.00,7,0.0
47-2011.00,8,0.0
47-2011.00,9,0.0
47-2011.00,10,0.0
47-2011.00,11,0.0
47-2011.00,12,0.0
47-2021.00,1,13.48
47-2021.00,2,70.42
47-2021.00,3,0.0
47-2021.00,4,13.38
47-2021.00,5,2.71
47-2021.00,6,0.0
47-2021.00,7,0.0
47-2021.00,8,0.0
47-2021.00,9,0.0
47-2021.00,10,0.0
47-2021.00,11,0.0
47-2021.00,12,0.0
47-2022.00,1,42.08
47-2022.00,2,57.92
47-2022.00,3,0.0
47-2022.00,4,0.0
47-2022.00,5,0.0
47-2022.00,6,0.0
47-2022.00,7,0.0
47-2022.00,8,0.0
47-2022.00,9,0.0
47-2022.00,10,0.0
47-2022.00,11,0.0
47-2022.00,12,0.0
47-2031.00,1,17.73
47-2031.00,2,52.4
47-2031.00,3,21.46
47-2031.00,4,8.41
47-2031.00,5,0.0
47-2031.00,6,0.0
47-2031.00,7,0.0
47-2031.00,8,0.0
47-2031.00,9,0.0
47-2031.00,10,0.0
47-2031.00,11,0.0
47-2031.00,12,0.0
47-2041.00,1,22.34
47-2041.00,2,69.22
47-2041.00,3,1.26
47-2041.00,4,7.18
47-2041.00,5,0.0
47-2041.00,6,0.0
47-2041.00,7,0.0
47-2041.00,8,0.0
47-2041.00,9,0.0
47-2041.00,10,0.0
47-2041.00,11,0.0
47-2041.00,12,0.0
47-2042.00,1,5.71
47-2042.00,2,89.53
47-2042.00,3,4.4
47-2042.00,4,0.35
47-2042.00,5,0.0
47-2042.00,6,0.0
47-2042.00,7,0.0
47-2042.00,8,0.0
47-2042.00,9,0.0
47-2042.00,10,0.0
47-2042.00,11,0.0
47-2042.00,12,0.0
47-2043.00,1,46.62
47-2043.00,2,34.6
47-2043.00,3,16.44
47-2043.00,4,2.34
47-2043.00,5,0.0
47-2043.00,6,0.0
47-2043.00,7,0.0
47-2043.00,8,0.0
47-2043.00,9,0.0
47-2043.00,10,0.0
47-2043.00,11,0.0
47-2043.00,12,0.0
47-2044.00,1,36.88
47-2044.00,2,47.98
47-2044.00,3,4.41
47-2044.00,4,10.73
47-2044.00,5,0.0
47-2044.00,6,0.0
47-2044.00,7,0.0
47-2044.00,8,0.0
47-2044.00,9,0.0
47-2044.00,10,0.0
47-2044.00,11,0.0
47-2044.00,12,0.0
47-2051.00,1,51.7
47-2051.00,2,35.02
47-2051.00,3,12.65
47-2051.00,4,0.0
47-2051.00,5,0.62
47-2051.00,6,0.0
47-2051.00,7,0.0
47-2051.00,8,0.0
47-2051.00,9,0.0
47-2051.00,10,0.0
47-2051.00,11,0.0
47-2051.00,12,0.0
47-2053.00,1,14.2
47-2053.00,2,69.89
47-2053.00,3,9.56
47-2053.00,4,6.36
47-2053.00,5,0.0
47-2053.00,6,0.0
47-2053.00,7,0.0
47-2053.00,8,0.0
47-2053.00,9,0.0
47-2053.00,10,0.0
47-2053.00,11,0.0
47-2053.00,12,0.0
47-2061.00,1,32.53
47-2061.00,2,34.9
47-2061.00,3,27.98
47-2061.00,4,0.0
47-2061.00,5,4.59
47-2061.00,6,0.0
47-2061.00,7,0.0
47-2061.00,8,0.0
47-2061.00,9,0.0
47-2061.00,10,0.0
47-2061.00,11,0.0
47-2061.00,12,0.0
47-2071.00,1,40.99
47-2071.00,2,38.42
47-2071.00,3,20.59
47-2071.00,4,0.0
47-2071.00,5,0.0
47-2071.00,6,0.0
47-2071.00,7,0.0
47-2071.00,8,0.0
47-2071.00,9,0.0
47-2071.00,10,0.0
47-2071.00,11,0.0
47-2071.00,12,0.0
47-2072.00,1,18.59
47-2072.00,2,52.59
47-2072.00,3,20.95
47-2072.00,4,7.88
47-2072.00,5,0.0
47-2072.00,6,0.0
47-2072.00,7,0.0
47-2072.00,8,0.0
47-2072.00,9,0.0
47-2072.00,10,0.0
47-2072.00,11,0.0
47-2072.00,12,0.0
47-2073.00,1,1.39
47-2073.00,2,81.72
47-2073.00,3,0.55
47-2073.00,4,16.34
47-2073.00,5,0.0
47-2073.00,6,0.0
47-2073.00,7,0.0
47-2073.00,8,0.0
47-2073.00,9,0.0
47-2073.00,10,0.0
47-2073.00,11,0.0
47-2073.00,12,0.0
47-2081.00,1,41.87
47-2081.00,2,24.36
47-2081.00,3,19.3
47-2081.00,4,9.65
47-2081.00,5,0.0
47-2081.00,6,4.82
47-2081.00,7,0.0
47-2081.00,8,0.0
47-2081.00,9,0.0
47-2081.00,10,0.0
47-2081.00,11,0.0
47-2081.00,12,0.0
47-2082.00,1,25.27
47-2082.00,2,58.79
47-2082.00,3,15.94
47-2082.00,4,0.0
47-2082.00,5,0.0
47-2082.00,6,0.0
47-2082.00,7,0.0
47-2082.00,8,0.0
47-2082.00,9,0.0
47-2082.00,10,0.0
47-2082.00,11,0.0
47-2082.00,12,0.0
47-2111.00,1,2.31
47-2111.00,2,30.58
47-2111.00,3,61.71
47-2111.00,4,2.31
47-2111.00,5,1.79
47-2111.00,6,0.0
47-2111.00,7,0.0
47-2111.00,8,0.0
47-2111.00,9,0.0
47-2111.00,10,1.31
47-2111.00,11,0.0
47-2111.00,12,0.0
47-2121.00,1,35.77
47-2121.00,2,44.16
47-2121.00,3,12.0
47-2121.00,4,8.08
47-2121.00,5,0.0
47-2121.00,6,0.0
47-2121.00,7,0.0
47-2121.00,8,0.0
47-2121.00,9,0.0
47-2121.00,10,0.0
47-2121.00,11,0.0
47-2121.00,12,0.0
47-2131.00,1,29.37
47-2131.00,2,68.21
47-2131.00,3,2.42
47-2131.00,4,0.0
47-2131.00,5,0.0
47-2131.00,6,0.0
47-2131.00,7,0.0
47-2131.00,8,0.0
47-2131.00,9,0.0
47-2131.00,10,0.0
47-2131.00,11,0.0
47-2131.00,12,0.0
47-2132.00,1,7.52
47-2132.00,2,71.69
47-2132.00,3,20.8
47-2132.00,4,0.0
47-2132.00,5,0.0
47-2132.00,6,0.0
47-2132.00,7,0.0
47-2132.00,8,0.0
47-2132.00,9,0.0
47-2132.00,10,0.0
47-2132.00,11,0.0
47-2132.00,12,0.0
47-2141.00,1,16.28
47-2141.00,2,48.73
47-2141.00,3,33.14
47-2141.00,4,0.0
47-2141.00,5,0.0
47-2141.00,6,0.0
47-2141.00,7,0.0
47-2141.00,8,0.0
47-2141.00,9,0.0
47-2141.00,10,0.0
47-2141.00,11,0.0
47-2141.00,12,1.85
47-2142.00,1,24.07
47-2142.00,2,54.08
47-2142.00,3,3.36
47-2142.00,4,18.49
47-2142.00,5,0.0
47-2142.00,6,0.0
47-2142.00,7,0.0
47-2142.00,8,0.0
47-2142.00,9,0.0
47-2142.00,10,0.0
47-2142.00,11,0.0
47-2142.00,12,0.0
47-2151.00,1,65.4
47-2151.00,2,32.88
47-2151.00,3,1.72
47-2151.00,4,0.0
47-2151.00,5,0.0
47-2151.00,6,0.0
47-2151.00,7,0.0
47-2151.00,8,0.0
47-2151.00,9,0.0
47-2151.00,10,0.0
47-2151.00,11,0.0
47-2151.00,12,0.0
47-2152.00,1,7.94
47-2152.00,2,34.84
47-2152.00,3,43.26
47-2152.00,4,4.63
47-2152.00,5,9.34
47-2152.00,6,0.0
47-2152.00,7,0.0
47-2152.00,8,0.0
47-2152.00,9,0.0
47-2152.00,10,0.0
47-2152.00,11,0.0
47-2152.00,12,0.0
47-2152.04,1,0.0
47-2152.04,2,43.24
47-2152.04,3,7.52
47-2152.04,4,24.9
47-2152.04,5,1.88
47-2152.04,6,11.23
47-2152.04,7,11.23
47-2152.04,8,0.0
47-2152.04,9,0.0
47-2152.04,10,0.0
47-2152.04,11,0.0
47-2152.04,12,0.0
47-2161.00,1,67.95
47-2161.00,2,27.89
47-2161.00,3,2.8
47-2161.00,4,0.0
47-2161.00,5,1.36
47-2161.00,6,0.0
47-2161.00,7,0.0
47-2161.00,8,0.0
47-2161.00,9,0.0
47-2161.00,10,0.0
47-2161.00,11,0.0
47-2161.00,12,0.0
47-2171.00,1,25.28
47-2171.00,2,45.05
47-2171.00,3,2.39
47-2171.00,4,15.68
47-2171.00,5,0.0
47-2171.00,6,0.0
47-2171.00,7,0.0
47-2171.00,8,11.6
47-2171.00,9,0.0
47-2171.00,10,0.0
47-2171.00,11,0.0
47-2171.00,12,0.0
47-2181.00,1,36.03
47-2181.00,2,58.38
47-2181.00,3,0.0
47-2181.00,4,5.59
47-2181.00,5,0.0
47-2181.00,6,0.0
47-2181.00,7,0.0
47-2181.00,8,0.0
47-2181.00,9,0.0
47-2181.00,10,0.0
47-2181.00,11,0.0
47-2181.00,12,0.0
47-2211.00,1,7.2
47-2211.00,2,49.0
47-2211.00,3,43.81
47-2211.00,4,0.0
47-2211.00,5,0.0
47-2211.00,6,0.0
47-2211.00,7,0.0
47-2211.00,8,0.0
47-2211.00,9,0.0
47-2211.00,10,0.0
47-2211.00,11,0.0
47-2211.00,12,0.0
47-2221.00,1,37.92
47-2221.00,2,48.45
47-2221.00,3,3.23
47-2221.00,4,3.23
47-2221.00,5,0.0
47-2221.00,6,7.17
47-2221.00,7,0.0
47-2221.00,8,0.0
47-2221.00,9,0.0
47-2221.00,10,0.0
47-2221.00,11,0.0
47-2221.00,12,0.0
47-2231.00,1,10.97
47-2231.00,2,33.71
47-2231.00,3,36.91
47-2231.00,4,0.0
47-2231.00,5,3.38
47-2231.00,6,13.94
47-2231.00,7,0.0
47-2231.00,8,1.1
47-2231.00,9,0.0
47-2231.00,10,0.0
47-2231.00,11,0.0
47-2231.00,12,0.0
47-3011.00,1,24.19
47-3011.00,2,58.01
47-3011.00,3,11.57
47-3011.00,4,0.0
47-3011.00,5,0.0
47-3011.00,6,0.0
47-3011.00,7,0.0
47-3011.00,8,0.0
47-3011.00,9,0.0
47-3011.00,10,6.23
47-3011.00,11,0.0
47-3011.00,12,0.0
47-3012.00,1,30.92
47-3012.00,2,60.75
47-3012.00,3,6.74
47-3012.00,4,0.0
47-3012.00,5,1.59
47-3012.00,6,0.0
47-3012.00,7,0.0
47-3012.00,8,0.0
47-3012.00,9,0.0
47-3012.00,10,0.0
47-3012.00,11,0.0
47-3012.00,12,0.0
47-3013.00,1,10.71
47-3013.00,2,70.79
47-3013.00,3,13.03
47-3013.00,4,2.84
47-3013.00,5,1.33
47-3013.00,6,1.3
47-3013.00,7,0.0
47-3013.00,8,0.0
47-3013.00,9,0.0
47-3013.00,10,0.0
47-3013.00,11,0.0
47-3013.00,12,0.0
47-3014.00,1,68.24
47-3014.00,2,26.19
47-3014.00,3,3.68
47-3014.00,4,0.49
47-3014.00,5,1.4
47-3014.00,6,0.0
47-3014.00,7,0.0
47-3014.00,8,0.0
47-3014.00,9,0.0
47-3014.00,10,0.0
47-3014.00,11,0.0
47-3014.00,12,0.0
47-3015.00,1,5.6
47-3015.00,2,48.69
47-3015.00,3,26.83
47-3015.00,4,9.18
47-3015.00,5,0.0
47-3015.00,6,0.0
47-3015.00,7,0.0
47-3015.00,8,9.69
47-3015.00,9,0.0
47-3015.00,10,0.0
47-3015.00,11,0.0
47-3015.00,12,0.0
47-3016.00,1,29.96
47-3016.00,2,46.14
47-3016.00,3,11.82
47-3016.00,4,12.08
47-3016.00,5,0.0
47-3016.00,6,0.0
47-3016.00,7,0.0
47-3016.00,8,0.0
47-3016.00,9,0.0
47-3016.00,10,0.0
47-3016.00,11,0.0
47-3016.00,12,0.0
47-4011.00,1,0.0
47-4011.00,2,36.0
47-4011.00,3,36.0
47-4011.00,4,4.0
47-4011.00,5,4.0
47-4011.00,6,16.0
47-4011.00,7,0.0
47-4011.00,8,4.0
47-4011.00,9,0.0
47-4011.00,10,0.0
47-4011.00,11,0.0
47-4011.00,12,0.0
47-4011.01,1,6.9
47-4011.01,2,34.48
47-4011.01,3,31.03
47-4011.01,4,0.0
47-4011.01,5,3.45
47-4011.01,6,20.69
47-4011.01,7,0.0
47-4011.01,8,3.45
47-4011.01,9,0.0
47-4011.01,10,0.0
47-4011.01,11,0.0
47-4011.01,12,0.0
47-4021.00,1,0.0
47-4021.00,2,47.49
47-4021.00,3,47.14
47-4021.00,4,0.49
47-4021.00,5,4.54
47-4021.00,6,0.34
47-4021.00,7,0.0
47-4021.00,8,0.0
47-4021.00,9,0.0
47-4021.00,10,0.0
47-4021.00,11,0.0
47-4021.00,12,0.0
47-4031.00,1,29.4
47-4031.00,2,47.51
47-4031.00,3,1.01
47-4031.00,4,22.07
47-4031.00,5,0.0
47-4031.00,6,0.0
47-4031.00,7,0.0
47-4031.00,8,0.0
47-4031.00,9,0.0
47-4031.00,10,0.0
47-4031.00,11,0.0
47-4031.00,12,0.0
47-4041.00,1,45.82
47-4041.00,2,33.26
47-4041.00,3,3.55
47-4041.00,4,12.71
47-4041.00,5,0.0
47-4041.00,6,4.65
47-4041.00,7,0.0
47-4041.00,8,0.0
47-4041.00,9,0.0
47-4041.00,10,0.0
47-4041.00,11,0.0
47-4041.00,12,0.0
47-4051.00,1,5.21
47-4051.00,2,88.29
47-4051.00,3,1.43
47-4051.00,4,0.0
47-4051.00,5,5.07
47-4051.00,6,0.0
47-4051.00,7,0.0
47-4051.00,8,0.0
47-4051.00,9,0.0
47-4051.00,10,0.0
47-4051.00,11,0.0
47-4051.00,12,0.0
47-4061.00,1,26.16
47-4061.00,2,67.84
47-4061.00,3,0.85
47-4061.00,4,0.0
47-4061.00,5,2.58
47-4061.00,6,2.57
47-4061.00,7,0.0
47-4061.00,8,0.0
47-4061.00,9,0.0
47-4061.00,10,0.0
47-4061.00,11,0.0
47-4061.00,12,0.0
47-4071.00,1,37.08
47-4071.00,2,40.44
47-4071.00,3,22.13
47-4071.00,4,0.34
47-4071.00,5,0.0
47-4071.00,6,0.0
47-4071.00,7,0.0
47-4071.00,8,0.0
47-4071.00,9,0.0
47-4071.00,10,0.0
47-4071.00,11,0.0
47-4071.00,12,0.0
47-4091.00,1,6.57
47-4091.00,2,58.91
47-4091.00,3,30.89
47-4091.00,4,2.83
47-4091.00,5,0.8
47-4091.00,6,0.0
47-4091.00,7,0.0
47-4091.00,8,0.0
47-4091.00,9,0.0
47-4091.00,10,0.0
47-4091.00,11,0.0
47-4091.00,12,0.0
47-4099.03,1,0.0
47-4099.03,2,60.87
47-4099.03,3,30.43
47-4099.03,4,8.7
47-4099.03,5,0.0
47-4099.03,6,0.0
47-4099.03,7,0.0
47-4099.03,8,0.0
47-4099.03,9,0.0
47-4099.03,10,0.0
47-4099.03,11,0.0
47-4099.03,12,0.0
47-5011.00,1,68.54
47-5011.00,2,22.91
47-5011.00,3,4.94
47-5011.00,4,0.0
47-5011.00,5,3.6
47-5011.00,6,0.0
47-5011.00,7,0.0
47-5011.00,8,0.0
47-5011.00,9,0.0
47-5011.00,10,0.0
47-5011.00,11,0.0
47-5011.00,12,0.0
47-5012.00,1,31.11
47-5012.00,2,28.74
47-5012.00,3,9.08
47-5012.00,4,22.15
47-5012.00,5,0.0
47-5012.00,6,8.91
47-5012.00,7,0.0
47-5012.00,8,0.0
47-5012.00,9,0.0
47-5012.00,10,0.0
47-5012.00,11,0.0
47-5012.00,12,0.0
47-5013.00,1,37.0
47-5013.00,2,63.0
47-5013.00,3,0.0
47-5013.00,4,0.0
47-5013.00,5,0.0
47-5013.00,6,0.0
47-5013.00,7,0.0
47-5013.00,8,0.0
47-5013.00,9,0.0
47-5013.00,10,0.0
47-5013.00,11,0.0
47-5013.00,12,0.0
47-5022.00,1,23.17
47-5022.00,2,71.12
47-5022.00,3,5.71
47-5022.00,4,0.0
47-5022.00,5,0.0
47-5022.00,6,0.0
47-5022.00,7,0.0
47-5022.00,8,0.0
47-5022.00,9,0.0
47-5022.00,10,0.0
47-5022.00,11,0.0
47-5022.00,12,0.0
47-5023.00,1,15.07
47-5023.00,2,72.77
47-5023.00,3,12.15
47-5023.00,4,0.0
47-5023.00,5,0.0
47-5023.00,6,0.0
47-5023.00,7,0.0
47-5023.00,8,0.0
47-5023.00,9,0.0
47-5023.00,10,0.0
47-5023.00,11,0.0
47-5023.00,12,0.0
47-5032.00,1,4.17
47-5032.00,2,62.5
47-5032.00,3,20.83
47-5032.00,4,8.33
47-5032.00,5,4.17
47-5032.00,6,0.0
47-5032.00,7,0.0
47-5032.00,8,0.0
47-5032.00,9,0.0
47-5032.00,10,0.0
47-5032.00,11,0.0
47-5032.00,12,0.0
47-5041.00,1,3.96
47-5041.00,2,81.27
47-5041.00,3,9.64
47-5041.00,4,5.13
47-5041.00,5,0.0
47-5041.00,6,0.0
47-5041.00,7,0.0
47-5041.00,8,0.0
47-5041.00,9,0.0
47-5041.00,10,0.0
47-5041.00,11,0.0
47-5041.00,12,0.0
47-5043.00,1,13.29
47-5043.00,2,86.71
47-5043.00,3,0.0
47-5043.00,4,0.0
47-5043.00,5,0.0
47-5043.00,6,0.0
47-5043.00,7,0.0
47-5043.00,8,0.0
47-5043.00,9,0.0
47-5043.00,10,0.0
47-5043.00,11,0.0
47-5043.00,12,0.0
47-5044.00,1,39.96
47-5044.00,2,52.59
47-5044.00,3,6.15
47-5044.00,4,0.0
47-5044.00,5,1.3
47-5044.00,6,0.0
47-5044.00,7,0.0
47-5044.00,8,0.0
47-5044.00,9,0.0
47-5044.00,10,0.0
47-5044.00,11,0.0
47-5044.00,12,0.0
47-5051.00,1,49.54
47-5051.00,2,31.48
47-5051.00,3,0.0
47-5051.00,4,0.0
47-5051.00,5,0.0
47-5051.00,6,0.0
47-5051.00,7,0.0
47-5051.00,8,0.0
47-5051.00,9,0.0
47-5051.00,10,18.98
47-5051.00,11,0.0
47-5051.00,12,0.0
47-5071.00,1,64.13
47-5071.00,2,35.49
47-5071.00,3,0.0
47-5071.00,4,0.0
47-5071.00,5,0.38
47-5071.00,6,0.0
47-5071.00,7,0.0
47-5071.00,8,0.0
47-5071.00,9,0.0
47-5071.00,10,0.0
47-5071.00,11,0.0
47-5071.00,12,0.0
47-5081.00,1,0.0
47-5081.00,2,96.59
47-5081.00,3,1.71
47-5081.00,4,0.0
47-5081.00,5,1.71
47-5081.00,6,0.0
47-5081.00,7,0.0
47-5081.00,8,0.0
47-5081.00,9,0.0
47-5081.00,10,0.0
47-5081.00,11,0.0
47-5081.00,12,0.0
49-1011.00,1,3.05
49-1011.00,2,54.15
49-1011.00,3,13.08
49-1011.00,4,16.91
49-1011.00,5,3.2
49-1011.00,6,7.57
49-1011.00,7,0.0
49-1011.00,8,0.0
49-1011.00,9,0.0
49-1011.00,10,0.0
49-1011.00,11,2.05
49-1011.00,12,0.0
49-2011.00,1,0.0
49-2011.00,2,46.46
49-2011.00,3,25.58
49-2011.00,4,0.0
49-2011.00,5,10.61
49-2011.00,6,0.0
49-2011.00,7,0.0
49-2011.00,8,17.35
49-2011.00,9,0.0
49-2011.00,10,0.0
49-2011.00,11,0.0
49-2011.00,12,0.0
49-2021.00,1,4.17
49-2021.00,2,30.71
49-2021.00,3,21.68
49-2021.00,4,18.01
49-2021.00,5,15.67
49-2021.00,6,9.75
49-2021.00,7,0.0
49-2021.00,8,0.0
49-2021.00,9,0.0
49-2021.00,10,0.0
49-2021.00,11,0.0
49-2021.00,12,0.0
49-2022.00,1,0.0
49-2022.00,2,39.42
49-2022.00,3,41.27
49-2022.00,4,0.9
49-2022.00,5,9.47
49-2022.00,6,8.93
49-2022.00,7,0.0
49-2022.00,8,0.0
49-2022.00,9,0.0
49-2022.00,10,0.0
49-2022.00,11,0.0
49-2022.00,12,0.0
49-2091.00,1,0.0
49-2091.00,2,18.2
49-2091.00,3,49.95
49-2091.00,4,12.21
49-2091.00,5,16.31
49-2091.00,6,3.33
49-2091.00,7,0.0
49-2091.00,8,0.0
49-2091.00,9,0.0
49-2091.00,10,0.0
49-2091.00,11,0.0
49-2091.00,12,0.0
49-2092.00,1,1.86
49-2092.00,2,30.93
49-2092.00,3,39.17
49-2092.00,4,8.28
49-2092.00,5,19.77
49-2092.00,6,0.0
49-2092.00,7,0.0
49-2092.00,8,0.0
49-2092.00,9,0.0
49-2092.00,10,0.0
49-2092.00,11,0.0
49-2092.00,12,0.0
49-2093.00,1,0.0
49-2093.00,2,28.33
49-2093.00,3,47.69
49-2093.00,4,0.0
49-2093.00,5,9.63
49-2093.00,6,0.0
49-2093.00,7,14.35
49-2093.00,8,0.0
49-2093.00,9,0.0
49-2093.00,10,0.0
49-2093.00,11,0.0
49-2093.00,12,0.0
49-2094.00,1,0.0
49-2094.00,2,22.02
49-2094.00,3,32.27
49-2094.00,4,0.0
49-2094.00,5,45.71
49-2094.00,6,0.0
49-2094.00,7,0.0
49-2094.00,8,0.0
49-2094.00,9,0.0
49-2094.00,10,0.0
49-2094.00,11,0.0
49-2094.00,12,0.0
49-2095.00,1,0.0
49-2095.00,2,8.18
49-2095.00,3,50.33
49-2095.00,4,11.19
49-2095.00,5,27.91
49-2095.00,6,2.39
49-2095.00,7,0.0
49-2095.00,8,0.0
49-2095.00,9,0.0
49-2095.00,10,0.0
49-2095.00,11,0.0
49-2095.00,12,0.0
49-2096.00,1,2.39
49-2096.00,2,44.78
49-2096.00,3,47.4
49-2096.00,4,1.12
49-2096.00,5,4.31
49-2096.00,6,0.0
49-2096.00,7,0.0
49-2096.00,8,0.0
49-2096.00,9,0.0
49-2096.00,10,0.0
49-2096.00,11,0.0
49-2096.00,12,0.0
49-2097.00,1,12.18
49-2097.00,2,38.35
49-2097.00,3,2.27
49-2097.00,4,27.55
49-2097.00,5,14.43
49-2097.00,6,5.23
49-2097.00,7,0.0
49-2097.00,8,0.0
49-2097.00,9,0.0
49-2097.00,10,0.0
49-2097.00,11,0.0
49-2097.00,12,0.0
49-2098.00,1,0.0
49-2098.00,2,41.41
49-2098.00,3,48.58
49-2098.00,4,8.41
49-2098.00,5,1.6
49-2098.00,6,0.0
49-2098.00,7,0.0
49-2098.00,8,0.0
49-2098.00,9,0.0
49-2098.00,10,0.0
49-2098.00,11,0.0
49-2098.00,12,0.0
49-3011.00,1,0.0
49-3011.00,2,10.02
49-3011.00,3,66.17
49-3011.00,4,8.12
49-3011.00,5,15.06
49-3011.00,6,0.63
49-3011.00,7,0.0
49-3011.00,8,0.0
49-3011.00,9,0.0
49-3011.00,10,0.0
49-3011.00,11,0.0
49-3011.00,12,0.0
49-3021.00,1,23.35
49-3021.00,2,41.99
49-3021.00,3,34.65
49-3021.00,4,0.0
49-3021.00,5,0.0
49-3021.00,6,0.0
49-3021.00,7,0.0
49-3021.00,8,0.0
49-3021.00,9,0.0
49-3021.00,10,0.0
49-3021.00,11,0.0
49-3021.00,12,0.0
49-3022.00,1,9.12
49-3022.00,2,89.5
49-3022.00,3,1.37
49-3022.00,4,0.0
49-3022.00,5,0.0
49-3022.00,6,0.0
49-3022.00,7,0.0
49-3022.00,8,0.0
49-3022.00,9,0.0
49-3022.00,10,0.0
49-3022.00,11,0.0
49-3022.00,12,0.0
49-3023.00,1,30.48
49-3023.00,2,26.36
49-3023.00,3,32.38
49-3023.00,4,10.78
49-3023.00,5,0.0
49-3023.00,6,0.0
49-3023.00,7,0.0
49-3023.00,8,0.0
49-3023.00,9,0.0
49-3023.00,10,0.0
49-3023.00,11,0.0
49-3023.00,12,0.0
49-3031.00,1,1.0
49-3031.00,2,36.89
49-3031.00,3,39.49
49-3031.00,4,21.94
49-3031.00,5,0.67
49-3031.00,6,0.0
49-3031.00,7,0.0
49-3031.00,8,0.0
49-3031.00,9,0.0
49-3031.00,10,0.0
49-3031.00,11,0.0
49-3031.00,12,0.0
49-3041.00,1,0.52
49-3041.00,2,43.29
49-3041.00,3,51.53
49-3041.00,4,1.65
49-3041.00,5,3.01
49-3041.00,6,0.0
49-3041.00,7,0.0
49-3041.00,8,0.0
49-3041.00,9,0.0
49-3041.00,10,0.0
49-3041.00,11,0.0
49-3041.00,12,0.0
49-3042.00,1,2.65
49-3042.00,2,29.63
49-3042.00,3,54.58
49-3042.00,4,7.87
49-3042.00,5,5.28
49-3042.00,6,0.0
49-3042.00,7,0.0
49-3042.00,8,0.0
49-3042.00,9,0.0
49-3042.00,10,0.0
49-3042.00,11,0.0
49-3042.00,12,0.0
49-3043.00,1,0.0
49-3043.00,2,61.41
49-3043.00,3,37.62
49-3043.00,4,0.0
49-3043.00,5,0.96
49-3043.00,6,0.0
49-3043.00,7,0.0
49-3043.00,8,0.0
49-3043.00,9,0.0
49-3043.00,10,0.0
49-3043.00,11,0.0
49-3043.00,12,0.0
49-3051.00,1,6.61
49-3051.00,2,23.62
49-3051.00,3,53.7
49-3051.00,4,11.53
49-3051.00,5,4.54
49-3051.00,6,0.0
49-3051.00,7,0.0
49-3051.00,8,0.0
49-3051.00,9,0.0
49-3051.00,10,0.0
49-3051.00,11,0.0
49-3051.00,12,0.0
49-3052.00,1,0.0
49-3052.00,2,25.73
49-3052.00,3,59.58
49-3052.00,4,0.0
49-3052.00,5,3.95
49-3052.00,6,9.47
49-3052.00,7,0.0
49-3052.00,8,0.0
49-3052.00,9,0.0
49-3052.00,10,1.27
49-3052.00,11,0.0
49-3052.00,12,0.0
49-3053.00,1,12.22
49-3053.00,2,48.05
49-3053.00,3,12.46
49-3053.00,4,27.27
49-3053.00,5,0.0
49-3053.00,6,0.0
49-3053.00,7,0.0
49-3053.00,8,0.0
49-3053.00,9,0.0
49-3053.00,10,0.0
49-3053.00,11,0.0
49-3053.00,12,0.0
49-3091.00,1,11.38
49-3091.00,2,67.93
49-3091.00,3,0.0
49-3091.00,4,18.55
49-3091.00,5,2.14
49-3091.00,6,0.0
49-3091.00,7,0.0
49-3091.00,8,0.0
49-3091.00,9,0.0
49-3091.00,10,0.0
49-3091.00,11,0.0
49-3091.00,12,0.0
49-3092.00,1,46.26
49-3092.00,2,31.61
49-3092.00,3,20.58
49-3092.00,4,1.55
49-3092.00,5,0.0
49-3092.00,6,0.0
49-3092.00,7,0.0
49-3092.00,8,0.0
49-3092.00,9,0.0
49-3092.00,10,0.0
49-3092.00,11,0.0
49-3092.00,12,0.0
49-3093.00,1,26.25
49-3093.00,2,47.91
49-3093.00,3,20.29
49-3093.00,4,5.56
49-3093.00,5,0.0
49-3093.00,6,0.0
49-3093.00,7,0.0
49-3093.00,8,0.0
49-3093.00,9,0.0
49-3093.00,10,0.0
49-3093.00,11,0.0
49-3093.00,12,0.0
49-9011.00,1,19.24
49-9011.00,2,80.11
49-9011.00,3,0.0
49-9011.00,4,0.0
49-9011.00,5,0.65
49-9011.00,6,0.0
49-9011.00,7,0.0
49-9011.00,8,0.0
49-9011.00,9,0.0
49-9011.00,10,0.0
49-9011.00,11,0.0
49-9011.00,12,0.0
49-9012.00,1,0.0
49-9012.00,2,46.98
49-9012.00,3,41.84
49-9012.00,4,2.99
49-9012.00,5,6.75
49-9012.00,6,1.44
49-9012.00,7,0.0
49-9012.00,8,0.0
49-9012.00,9,0.0
49-9012.00,10,0.0
49-9012.00,11,0.0
49-9012.00,12,0.0
49-9021.00,1,0.0
49-9021.00,2,54.26
49-9021.00,3,45.74
49-9021.00,4,0.0
49-9021.00,5,0.0
49-9021.00,6,0.0
49-9021.00,7,0.0
49-9021.00,8,0.0
49-9021.00,9,0.0
49-9021.00,10,0.0
49-9021.00,11,0.0
49-9021.00,12,0.0
49-9031.00,1,7.62
49-9031.00,2,68.97
49-9031.00,3,20.34
49-9031.00,4,0.0
49-9031.00,5,3.08
49-9031.00,6,0.0
49-9031.00,7,0.0
49-9031.00,8,0.0
49-9031.00,9,0.0
49-9031.00,10,0.0
49-9031.00,11,0.0
49-9031.00,12,0.0
49-9041.00,1,0.0
49-9041.00,2,39.09
49-9041.00,3,47.22
49-9041.00,4,0.0
49-9041.00,5,13.7
49-9041.00,6,0.0
49-9041.00,7,0.0
49-9041.00,8,0.0
49-9041.00,9,0.0
49-9041.00,10,0.0
49-9041.00,11,0.0
49-9041.00,12,0.0
49-9043.00,1,0.0
49-9043.00,2,40.73
49-9043.00,3,54.1
49-9043.00,4,0.0
49-9043.00,5,2.59
49-9043.00,6,0.0
49-9043.00,7,2.59
49-9043.00,8,0.0
49-9043.00,9,0.0
49-9043.00,10,0.0
49-9043.00,11,0.0
49-9043.00,12,0.0
49-9044.00,1,4.55
49-9044.00,2,45.45
49-9044.00,3,36.36
49-9044.00,4,9.09
49-9044.00,5,4.55
49-9044.00,6,0.0
49-9044.00,7,0.0
49-9044.00,8,0.0
49-9044.00,9,0.0
49-9044.00,10,0.0
49-9044.00,11,0.0
49-9044.00,12,0.0
49-9045.00,1,0.8
49-9045.00,2,74.85
49-9045.00,3,17.27
49-9045.00,4,7.08
49-9045.00,5,0.0
49-9045.00,6,0.0
49-9045.00,7,0.0
49-9045.00,8,0.0
49-9045.00,9,0.0
49-9045.00,10,0.0
49-9045.00,11,0.0
49-9045.00,12,0.0
49-9051.00,1,18.08
49-9051.00,2,50.29
49-9051.00,3,18.88
49-9051.00,4,9.94
49-9051.00,5,0.0
49-9051.00,6,0.0
49-9051.00,7,0.0
49-9051.00,8,0.0
49-9051.00,9,0.0
49-9051.00,10,2.81
49-9051.00,11,0.0
49-9051.00,12,0.0
49-9052.00,1,2.69
49-9052.00,2,78.28
49-9052.00,3,13.45
49-9052.00,4,0.0
49-9052.00,5,3.72
49-9052.00,6,1.86
49-9052.00,7,0.0
49-9052.00,8,0.0
49-9052.00,9,0.0
49-9052.00,10,0.0
49-9052.00,11,0.0
49-9052.00,12,0.0
49-9061.00,1,13.33
49-9061.00,2,32.31
49-9061.00,3,28.48
49-9061.00,4,10.8
49-9061.00,5,7.99
49-9061.00,6,7.08
49-9061.00,7,0.0
49-9061.00,8,0.0
49-9061.00,9,0.0
49-9061.00,10,0.0
49-9061.00,11,0.0
49-9061.00,12,0.0
49-9062.00,1,0.0
49-9062.00,2,34.72
49-9062.00,3,13.28
49-9062.00,4,12.67
49-9062.00,5,39.32
49-9062.00,6,0.0
49-9062.00,7,0.0
49-9062.00,8,0.0
49-9062.00,9,0.0
49-9062.00,10,0.0
49-9062.00,11,0.0
49-9062.00,12,0.0
49-9063.00,1,18.18
49-9063.00,2,9.09
49-9063.00,3,54.55
49-9063.00,4,4.55
49-9063.00,5,4.55
49-9063.00,6,9.09
49-9063.00,7,0.0
49-9063.00,8,0.0
49-9063.00,9,0.0
49-9063.00,10,0.0
49-9063.00,11,0.0
49-9063.00,12,0.0
49-9064.00,1,1.22
49-9064.00,2,22.37
49-9064.00,3,45.76
49-9064.00,4,7.51
49-9064.00,5,21.45
49-9064.00,6,0.0
49-9064.00,7,1.68
49-9064.00,8,0.0
49-9064.00,9,0.0
49-9064.00,10,0.0
49-9064.00,11,0.0
49-9064.00,12,0.0
49-9071.00,1,1.08
49-9071.00,2,24.94
49-9071.00,3,62.97
49-9071.00,4,6.62
49-9071.00,5,2.85
49-9071.00,6,0.35
49-9071.00,7,0.0
49-9071.00,8,1.17
49-9071.00,9,0.0
49-9071.00,10,0.0
49-9071.00,11,0.0
49-9071.00,12,0.0
49-9081.00,1,0.0
49-9081.00,2,28.74
49-9081.00,3,34.42
49-9081.00,4,21.78
49-9081.00,5,15.07
49-9081.00,6,0.0
49-9081.00,7,0.0
49-9081.00,8,0.0
49-9081.00,9,0.0
49-9081.00,10,0.0
49-9081.00,11,0.0
49-9081.00,12,0.0
49-9091.00,1,0.0
49-9091.00,2,91.61
49-9091.00,3,7.58
49-9091.00,4,0.0
49-9091.00,5,0.81
49-9091.00,6,0.0
49-9091.00,7,0.0
49-9091.00,8,0.0
49-9091.00,9,0.0
49-9091.00,10,0.0
49-9091.00,11,0.0
49-9091.00,12,0.0
49-9092.00,1,0.0
49-9092.00,2,3.79
49-9092.00,3,67.81
49-9092.00,4,5.53
49-9092.00,5,22.87
49-9092.00,6,0.0
49-9092.00,7,0.0
49-9092.00,8,0.0
49-9092.00,9,0.0
49-9092.00,10,0.0
49-9092.00,11,0.0
49-9092.00,12,0.0
49-9094.00,1,7.69
49-9094.00,2,61.54
49-9094.00,3,15.38
49-9094.00,4,7.69
49-9094.00,5,0.0
49-9094.00,6,3.85
49-9094.00,7,0.0
49-9094.00,8,0.0
49-9094.00,9,0.0
49-9094.00,10,3.85
49-9094.00,11,0.0
49-9094.00,12,0.0
49-9095.00,1,59.23
49-9095.00,2,39.53
49-9095.00,3,1.24
49-9095.00,4,0.0
49-9095.00,5,0.0
49-9095.00,6,0.0
49-9095.00,7,0.0
49-9095.00,8,0.0
49-9095.00,9,0.0
49-9095.00,10,0.0
49-9095.00,11,0.0
49-9095.00,12,0.0
49-9096.00,1,21.17
49-9096.00,2,62.85
49-9096.00,3,15.98
49-9096.00,4,0.0
49-9096.00,5,0.0
49-9096.00,6,0.0
49-9096.00,7,0.0
49-9096.00,8,0.0
49-9096.00,9,0.0
49-9096.00,10,0.0
49-9096.00,11,0.0
49-9096.00,12,0.0
49-9097.00,1,33.98
49-9097.00,2,28.74
49-9097.00,3,23.78
49-9097.00,4,9.63
49-9097.00,5,3.87
49-9097.00,6,0.0
49-9097.00,7,0.0
49-9097.00,8,0.0
49-9097.00,9,0.0
49-9097.00,10,0.0
49-9097.00,11,0.0
49-9097.00,12,0.0
49-9098.00,1,2.29
49-9098.00,2,31.74
49-9098.00,3,23.48
49-9098.00,4,17.34
49-9098.00,5,25.12
49-9098.00,6,0.01
49-9098.00,7,0.0
49-9098.00,8,0.0
49-9098.00,9,0.0
49-9098.00,10,0.0
49-9098.00,11,0.0
49-9098.00,12,0.0
49-9099.01,1,0.0
49-9099.01,2,65.75
49-9099.01,3,20.48
49-9099.01,4,12.25
49-9099.01,5,1.52
49-9099.01,6,0.0
49-9099.01,7,0.0
49-9099.01,8,0.0
49-9099.01,9,0.0
49-9099.01,10,0.0
49-9099.01,11,0.0
49-9099.01,12,0.0
51-1011.00,1,14.17
51-1011.00,2,32.83
51-1011.00,3,11.6
51-1011.00,4,14.96
51-1011.00,5,13.62
51-1011.00,6,11.96
51-1011.00,7,0.0
51-1011.00,8,0.86
51-1011.00,9,0.0
51-1011.00,10,0.0
51-1011.00,11,0.0
51-1011.00,12,0.0
51-2011.00,1,3.23
51-2011.00,2,54.84
51-2011.00,3,15.66
51-2011.00,4,0.64
51-2011.00,5,9.98
51-2011.00,6,15.65
51-2011.00,7,0.0
51-2011.00,8,0.0
51-2011.00,9,0.0
51-2011.00,10,0.0
51-2011.00,11,0.0
51-2011.00,12,0.0
51-2021.00,1,1.64
51-2021.00,2,57.18
51-2021.00,3,40.87
51-2021.00,4,0.0
51-2021.00,5,0.3
51-2021.00,6,0.0
51-2021.00,7,0.0
51-2021.00,8,0.0
51-2021.00,9,0.0
51-2021.00,10,0.0
51-2021.00,11,0.0
51-2021.00,12,0.0
51-2022.00,1,34.76
51-2022.00,2,45.95
51-2022.00,3,2.14
51-2022.00,4,0.49
51-2022.00,5,0.11
51-2022.00,6,16.55
51-2022.00,7,0.0
51-2022.00,8,0.0
51-2022.00,9,0.0
51-2022.00,10,0.0
51-2022.00,11,0.0
51-2022.00,12,0.0
51-2023.00,1,0.0
51-2023.00,2,52.73
51-2023.00,3,10.77
51-2023.00,4,16.88
51-2023.00,5,19.04
51-2023.00,6,0.0
51-2023.00,7,0.0
51-2023.00,8,0.0
51-2023.00,9,0.0
51-2023.00,10,0.0
51-2023.00,11,0.58
51-2023.00,12,0.0
51-2031.00,1,11.15
51-2031.00,2,64.05
51-2031.00,3,12.88
51-2031.00,4,4.72
51-2031.00,5,0.0
51-2031.00,6,0.0
51-2031.00,7,0.0
51-2031.00,8,7.2
51-2031.00,9,0.0
51-2031.00,10,0.0
51-2031.00,11,0.0
51-2031.00,12,0.0
51-2041.00,1,18.04
51-2041.00,2,76.67
51-2041.00,3,2.97
51-2041.00,4,0.0
51-2041.00,5,2.32
51-2041.00,6,0.0
51-2041.00,7,0.0
51-2041.00,8,0.0
51-2041.00,9,0.0
51-2041.00,10,0.0
51-2041.00,11,0.0
51-2041.00,12,0.0
51-2051.00,1,42.54
51-2051.00,2,45.8
51-2051.00,3,0.0
51-2051.00,4,11.02
51-2051.00,5,0.0
51-2051.00,6,0.63
51-2051.00,7,0.0
51-2051.00,8,0.0
51-2051.00,9,0.0
51-2051.00,10,0.0
51-2051.00,11,0.0
51-2051.00,12,0.0
51-2061.00,1,2.29
51-2061.00,2,91.37
51-2061.00,3,1.16
51-2061.00,4,1.02
51-2061.00,5,0.0
51-2061.00,6,0.0
51-2061.00,7,0.0
51-2061.00,8,0.0
51-2061.00,9,0.0
51-2061.00,10,4.16
51-2061.00,11,0.0
51-2061.00,12,0.0
51-2092.00,1,3.78
51-2092.00,2,81.47
51-2092.00,3,0.47
51-2092.00,4,6.61
51-2092.00,5,0.94
51-2092.00,6,6.74
51-2092.00,7,0.0
51-2092.00,8,0.0
51-2092.00,9,0.0
51-2092.00,10,0.0
51-2092.00,11,0.0
51-2092.00,12,0.0
51-3011.00,1,11.2
51-3011.00,2,56.94
51-3011.00,3,14.73
51-3011.00,4,17.13
51-3011.00,5,0.0
51-3011.00,6,0.0
51-3011.00,7,0.0
51-3011.00,8,0.0
51-3011.00,9,0.0
51-3011.00,10,0.0
51-3011.00,11,0.0
51-3011.00,12,0.0
51-3021.00,1,20.36
51-3021.00,2,69.93
51-3021.00,3,2.44
51-3021.00,4,7.27
51-3021.00,5,0.0
51-3021.00,6,0.0
51-3021.00,7,0.0
51-3021.00,8,0.0
51-3021.00,9,0.0
51-3021.00,10,0.0
51-3021.00,11,0.0
51-3021.00,12,0.0
51-3022.00,1,62.44
51-3022.00,2,36.26
51-3022.00,3,0.0
51-3022.00,4,0.0
51-3022.00,5,0.0
51-3022.00,6,0.0
51-3022.00,7,0.0
51-3022.00,8,0.0
51-3022.00,9,0.0
51-3022.00,10,0.0
51-3022.00,11,1.3
51-3022.00,12,0.0
51-3023.00,1,28.63
51-3023.00,2,60.8
51-3023.00,3,0.0
51-3023.00,4,10.57
51-3023.00,5,0.0
51-3023.00,6,0.0
51-3023.00,7,0.0
51-3023.00,8,0.0
51-3023.00,9,0.0
51-3023.00,10,0.0
51-3023.00,11,0.0
51-3023.00,12,0.0
51-3091.00,1,22.77
51-3091.00,2,60.77
51-3091.00,3,5.65
51-3091.00,4,10.81
51-3091.00,5,0.0
51-3091.00,6,0.0
51-3091.00,7,0.0
51-3091.00,8,0.0
51-3091.00,9,0.0
51-3091.00,10,0.0
51-3091.00,11,0.0
51-3091.00,12,0.0
51-3092.00,1,13.91
51-3092.00,2,37.83
51-3092.00,3,21.51
51-3092.00,4,26.74
51-3092.00,5,0.0
51-3092.00,6,0.0
51-3092.00,7,0.0
51-3092.00,8,0.0
51-3092.00,9,0.0
51-3092.00,10,0.0
51-3092.00,11,0.0
51-3092.00,12,0.0
51-3093.00,1,0.07
51-3093.00,2,85.92
51-3093.00,3,13.96
51-3093.00,4,0.05
51-3093.00,5,0.0
51-3093.00,6,0.0
51-3093.00,7,0.0
51-3093.00,8,0.0
51-3093.00,9,0.0
51-3093.00,10,0.0
51-3093.00,11,0.0
51-3093.00,12,0.0
51-4021.00,1,25.04
51-4021.00,2,61.18
51-4021.00,3,0.0
51-4021.00,4,13.79
51-4021.00,5,0.0
51-4021.00,6,0.0
51-4021.00,7,0.0
51-4021.00,8,0.0
51-4021.00,9,0.0
51-4021.00,10,0.0
51-4021.00,11,0.0
51-4021.00,12,0.0
51-4022.00,1,3.84
51-4022.00,2,82.44
51-4022.00,3,0.0
51-4022.00,4,12.22
51-4022.00,5,1.51
51-4022.00,6,0.0
51-4022.00,7,0.0
51-4022.00,8,0.0
51-4022.00,9,0.0
51-4022.00,10,0.0
51-4022.00,11,0.0
51-4022.00,12,0.0
51-4023.00,1,12.57
51-4023.00,2,74.21
51-4023.00,3,3.36
51-4023.00,4,9.86
51-4023.00,5,0.0
51-4023.00,6,0.0
51-4023.00,7,0.0
51-4023.00,8,0.0
51-4023.00,9,0.0
51-4023.00,10,0.0
51-4023.00,11,0.0
51-4023.00,12,0.0
51-4031.00,1,0.86
51-4031.00,2,63.43
51-4031.00,3,34.85
51-4031.00,4,0.86
51-4031.00,5,0.0
51-4031.00,6,0.0
51-4031.00,7,0.0
51-4031.00,8,0.0
51-4031.00,9,0.0
51-4031.00,10,0.0
51-4031.00,11,0.0
51-4031.00,12,0.0
51-4032.00,1,9.76
51-4032.00,2,56.88
51-4032.00,3,1.94
51-4032.00,4,12.19
51-4032.00,5,12.11
51-4032.00,6,7.12
51-4032.00,7,0.0
51-4032.00,8,0.0
51-4032.00,9,0.0
51-4032.00,10,0.0
51-4032.00,11,0.0
51-4032.00,12,0.0
51-4033.00,1,0.0
51-4033.00,2,87.2
51-4033.00,3,3.18
51-4033.00,4,1.03
51-4033.00,5,8.59
51-4033.00,6,0.0
51-4033.00,7,0.0
51-4033.00,8,0.0
51-4033.00,9,0.0
51-4033.00,10,0.0
51-4033.00,11,0.0
51-4033.00,12,0.0
51-4034.00,1,18.19
51-4034.00,2,31.64
51-4034.00,3,11.58
51-4034.00,4,28.86
51-4034.00,5,0.0
51-4034.00,6,0.0
51-4034.00,7,0.0
51-4034.00,8,0.0
51-4034.00,9,0.0
51-4034.00,10,9.62
51-4034.00,11,0.0
51-4034.00,12,0.1
51-4035.00,1,9.7
51-4035.00,2,47.3
51-4035.00,3,15.03
51-4035.00,4,9.13
51-4035.00,5,0.0
51-4035.00,6,18.83
51-4035.00,7,0.0
51-4035.00,8,0.0
51-4035.00,9,0.0
51-4035.00,10,0.0
51-4035.00,11,0.0
51-4035.00,12,0.0
51-4041.00,1,13.63
51-4041.00,2,35.91
51-4041.00,3,33.12
51-4041.00,4,17.34
51-4041.00,5,0.0
51-4041.00,6,0.0
51-4041.00,7,0.0
51-4041.00,8,0.0
51-4041.00,9,0.0
51-4041.00,10,0.0
51-4041.00,11,0.0
51-4041.00,12,0.0
51-4051.00,1,35.86
51-4051.00,2,64.14
51-4051.00,3,0.0
51-4051.00,4,0.0
51-4051.00,5,0.0
51-4051.00,6,0.0
51-4051.00,7,0.0
51-4051.00,8,0.0
51-4051.00,9,0.0
51-4051.00,10,0.0
51-4051.00,11,0.0
51-4051.00,12,0.0
51-4052.00,1,20.04
51-4052.00,2,79.96
51-4052.00,3,0.0
51-4052.00,4,0.0
51-4052.00,5,0.0
51-4052.00,6,0.0
51-4052.00,7,0.0
51-4052.00,8,0.0
51-4052.00,9,0.0
51-4052.00,10,0.0
51-4052.00,11,0.0
51-4052.00,12,0.0
51-4061.00,1,0.0
51-4061.00,2,41.0
51-4061.00,3,37.73
51-4061.00,4,15.48
51-4061.00,5,4.96
51-4061.00,6,0.0
51-4061.00,7,0.0
51-4061.00,8,0.0
51-4061.00,9,0.83
51-4061.00,10,0.0
51-4061.00,11,0.0
51-4061.00,12,0.0
51-4062.00,1,3.89
51-4062.00,2,33.31
51-4062.00,3,27.17
51-4062.00,4,3.5
51-4062.00,5,32.12
51-4062.00,6,0.0
51-4062.00,7,0.0
51-4062.00,8,0.0
51-4062.00,9,0.0
51-4062.00,10,0.0
51-4062.00,11,0.0
51-4062.00,12,0.0
51-4071.00,1,35.63
51-4071.00,2,64.37
51-4071.00,3,0.0
51-4071.00,4,0.0
51-4071.00,5,0.0
51-4071.00,6,0.0
51-4071.00,7,0.0
51-4071.00,8,0.0
51-4071.00,9,0.0
51-4071.00,10,0.0
51-4071.00,11,0.0
51-4071.00,12,0.0
51-4072.00,1,30.31
51-4072.00,2,56.98
51-4072.00,3,11.15
51-4072.00,4,1.56
51-4072.00,5,0.0
51-4072.00,6,0.0
51-4072.00,7,0.0
51-4072.00,8,0.0
51-4072.00,9,0.0
51-4072.00,10,0.0
51-4072.00,11,0.0
51-4072.00,12,0.0
51-4081.00,1,1.13
51-4081.00,2,81.65
51-4081.00,3,7.64
51-4081.00,4,5.64
51-4081.00,5,3.94
51-4081.00,6,0.0
51-4081.00,7,0.0
51-4081.00,8,0.0
51-4081.00,9,0.0
51-4081.00,10,0.0
51-4081.00,11,0.0
51-4081.00,12,0.0
51-4111.00,1,9.67
51-4111.00,2,39.61
51-4111.00,3,40.85
51-4111.00,4,0.0
51-4111.00,5,9.87
51-4111.00,6,0.0
51-4111.00,7,0.0
51-4111.00,8,0.0
51-4111.00,9,0.0
51-4111.00,10,0.0
51-4111.00,11,0.0
51-4111.00,12,0.0
51-4121.00,1,20.83
51-4121.00,2,53.55
51-4121.00,3,11.64
51-4121.00,4,11.28
51-4121.00,5,1.75
51-4121.00,6,0.94
51-4121.00,7,0.0
51-4121.00,8,0.0
51-4121.00,9,0.0
51-4121.00,10,0.0
51-4121.00,11,0.0
51-4121.00,12,0.0
51-4122.00,1,21.79
51-4122.00,2,32.0
51-4122.00,3,35.82
51-4122.00,4,10.39
51-4122.00,5,0.0
51-4122.00,6,0.0
51-4122.00,7,0.0
51-4122.00,8,0.0
51-4122.00,9,0.0
51-4122.00,10,0.0
51-4122.00,11,0.0
51-4122.00,12,0.0
51-4191.00,1,20.06
51-4191.00,2,69.85
51-4191.00,3,9.81
51-4191.00,4,0.0
51-4191.00,5,0.28
51-4191.00,6,0.0
51-4191.00,7,0.0
51-4191.00,8,0.0
51-4191.00,9,0.0
51-4191.00,10,0.0
51-4191.00,11,0.0
51-4191.00,12,0.0
51-4192.00,1,4.88
51-4192.00,2,60.01
51-4192.00,3,11.59
51-4192.00,4,14.54
51-4192.00,5,8.99
51-4192.00,6,0.0
51-4192.00,7,0.0
51-4192.00,8,0.0
51-4192.00,9,0.0
51-4192.00,10,0.0
51-4192.00,11,0.0
51-4192.00,12,0.0
51-4193.00,1,49.2
51-4193.00,2,46.75
51-4193.00,3,0.0
51-4193.00,4,0.62
51-4193.00,5,0.0
51-4193.00,6,3.43
51-4193.00,7,0.0
51-4193.00,8,0.0
51-4193.00,9,0.0
51-4193.00,10,0.0
51-4193.00,11,0.0
51-4193.00,12,0.0
51-4194.00,1,18.46
51-4194.00,2,64.12
51-4194.00,3,9.18
51-4194.00,4,1.52
51-4194.00,5,6.72
51-4194.00,6,0.0
51-4194.00,7,0.0
51-4194.00,8,0.0
51-4194.00,9,0.0
51-4194.00,10,0.0
51-4194.00,11,0.0
51-4194.00,12,0.0
51-5111.00,1,2.14
51-5111.00,2,39.34
51-5111.00,3,9.47
51-5111.00,4,20.65
51-5111.00,5,23.19
51-5111.00,6,5.2
51-5111.00,7,0.0
51-5111.00,8,0.0
51-5111.00,9,0.0
51-5111.00,10,0.0
51-5111.00,11,0.0
51-5111.00,12,0.0
51-5112.00,1,1.22
51-5112.00,2,73.17
51-5112.00,3,19.46
51-5112.00,4,6.15
51-5112.00,5,0.0
51-5112.00,6,0.0
51-5112.00,7,0.0
51-5112.00,8,0.0
51-5112.00,9,0.0
51-5112.00,10,0.0
51-5112.00,11,0.0
51-5112.00,12,0.0
51-5113.00,1,4.35
51-5113.00,2,87.93
51-5113.00,3,3.79
51-5113.00,4,1.16
51-5113.00,5,2.78
51-5113.00,6,0.0
51-5113.00,7,0.0
51-5113.00,8,0.0
51-5113.00,9,0.0
51-5113.00,10,0.0
51-5113.00,11,0.0
51-5113.00,12,0.0
51-6011.00,1,21.28
51-6011.00,2,73.52
51-6011.00,3,0.0
51-6011.00,4,3.81
51-6011.00,5,0.0
51-6011.00,6,0.0
51-6011.00,7,1.39
51-6011.00,8,0.0
51-6011.00,9,0.0
51-6011.00,10,0.0
51-6011.00,11,0.0
51-6011.00,12,0.0
51-6021.00,1,59.18
51-6021.00,2,25.62
51-6021.00,3,0.0
51-6021.00,4,0.0
51-6021.00,5,1.05
51-6021.00,6,0.0
51-6021.00,7,0.0
51-6021.00,8,0.0
51-6021.00,9,0.0
51-6021.00,10,0.0
51-6021.00,11,14.15
51-6021.00,12,0.0
51-6031.00,1,52.93
51-6031.00,2,41.37
51-6031.00,3,0.72
51-6031.00,4,0.0
51-6031.00,5,4.97
51-6031.00,6,0.0
51-6031.00,7,0.0
51-6031.00,8,0.0
51-6031.00,9,0.0
51-6031.00,10,0.0
51-6031.00,11,0.0
51-6031.00,12,0.0
51-6041.00,1,43.61
51-6041.00,2,56.39
51-6041.00,3,0.0
51-6041.00,4,0.0
51-6041.00,5,0.0
51-6041.00,6,0.0
51-6041.00,7,0.0
51-6041.00,8,0.0
51-6041.00,9,0.0
51-6041.00,10,0.0
51-6041.00,11,0.0
51-6041.00,12,0.0
51-6042.00,1,46.4
51-6042.00,2,38.0
51-6042.00,3,0.0
51-6042.00,4,15.31
51-6042.00,5,0.29
51-6042.00,6,0.0
51-6042.00,7,0.0
51-6042.00,8,0.0
51-6042.00,9,0.0
51-6042.00,10,0.0
51-6042.00,11,0.0
51-6042.00,12,0.0
51-6051.00,1,82.18
51-6051.00,2,10.83
51-6051.00,3,0.38
51-6051.00,4,4.06
51-6051.00,5,2.03
51-6051.00,6,0.0
51-6051.00,7,0.0
51-6051.00,8,0.0
51-6051.00,9,0.0
51-6051.00,10,0.52
51-6051.00,11,0.0
51-6051.00,12,0.0
51-6052.00,1,16.87
51-6052.00,2,57.66
51-6052.00,3,16.01
51-6052.00,4,0.0
51-6052.00,5,0.0
51-6052.00,6,9.46
51-6052.00,7,0.0
51-6052.00,8,0.0
51-6052.00,9,0.0
51-6052.00,10,0.0
51-6052.00,11,0.0
51-6052.00,12,0.0
51-6061.00,1,35.33
51-6061.00,2,55.98
51-6061.00,3,0.0
51-6061.00,4,2.26
51-6061.00,5,6.44
51-6061.00,6,0.0
51-6061.00,7,0.0
51-6061.00,8,0.0
51-6061.00,9,0.0
51-6061.00,10,0.0
51-6061.00,11,0.0
51-6061.00,12,0.0
51-6062.00,1,32.31
51-6062.00,2,67.69
51-6062.00,3,0.0
51-6062.00,4,0.0
51-6062.00,5,0.0
51-6062.00,6,0.0
51-6062.00,7,0.0
51-6062.00,8,0.0
51-6062.00,9,0.0
51-6062.00,10,0.0
51-6062.00,11,0.0
51-6062.00,12,0.0
51-6063.00,1,5.32
51-6063.00,2,94.68
51-6063.00,3,0.0
51-6063.00,4,0.0
51-6063.00,5,0.0
51-6063.00,6,0.0
51-6063.00,7,0.0
51-6063.00,8,0.0
51-6063.00,9,0.0
51-6063.00,10,0.0
51-6063.00,11,0.0
51-6063.00,12,0.0
51-6064.00,1,53.84
51-6064.00,2,46.16
51-6064.00,3,0.0
51-6064.00,4,0.0
51-6064.00,5,0.0
51-6064.00,6,0.0
51-6064.00,7,0.0
51-6064.00,8,0.0
51-6064.00,9,0.0
51-6064.00,10,0.0
51-6064.00,11,0.0
51-6064.00,12,0.0
51-6091.00,1,19.43
51-6091.00,2,74.09
51-6091.00,3,6.48
51-6091.00,4,0.0
51-6091.00,5,0.0
51-6091.00,6,0.0
51-6091.00,7,0.0
51-6091.00,8,0.0
51-6091.00,9,0.0
51-6091.00,10,0.0
51-6091.00,11,0.0
51-6091.00,12,0.0
51-6092.00,1,2.86
51-6092.00,2,40.66
51-6092.00,3,11.53
51-6092.00,4,18.58
51-6092.00,5,0.0
51-6092.00,6,26.36
51-6092.00,7,0.0
51-6092.00,8,0.0
51-6092.00,9,0.0
51-6092.00,10,0.0
51-6092.00,11,0.0
51-6092.00,12,0.0
51-6093.00,1,43.82
51-6093.00,2,56.18
51-6093.00,3,0.0
51-6093.00,4,0.0
51-6093.00,5,0.0
51-6093.00,6,0.0
51-6093.00,7,0.0
51-6093.00,8,0.0
51-6093.00,9,0.0
51-6093.00,10,0.0
51-6093.00,11,0.0
51-6093.00,12,0.0
51-7011.00,1,20.94
51-7011.00,2,76.39
51-7011.00,3,0.0
51-7011.00,4,2.68
51-7011.00,5,0.0
51-7011.00,6,0.0
51-7011.00,7,0.0
51-7011.00,8,0.0
51-7011.00,9,0.0
51-7011.00,10,0.0
51-7011.00,11,0.0
51-7011.00,12,0.0
51-7021.00,1,35.54
51-7021.00,2,61.21
51-7021.00,3,3.25
51-7021.00,4,0.0
51-7021.00,5,0.0
51-7021.00,6,0.0
51-7021.00,7,0.0
51-7021.00,8,0.0
51-7021.00,9,0.0
51-7021.00,10,0.0
51-7021.00,11,0.0
51-7021.00,12,0.0
51-7031.00,1,30.21
51-7031.00,2,20.3
51-7031.00,3,30.84
51-7031.00,4,4.32
51-7031.00,5,0.0
51-7031.00,6,14.33
51-7031.00,7,0.0
51-7031.00,8,0.0
51-7031.00,9,0.0
51-7031.00,10,0.0
51-7031.00,11,0.0
51-7031.00,12,0.0
51-7032.00,1,0.7
51-7032.00,2,57.25
51-7032.00,3,26.45
51-7032.00,4,15.6
51-7032.00,5,0.0
51-7032.00,6,0.0
51-7032.00,7,0.0
51-7032.00,8,0.0
51-7032.00,9,0.0
51-7032.00,10,0.0
51-7032.00,11,0.0
51-7032.00,12,0.0
51-7041.00,1,21.75
51-7041.00,2,59.25
51-7041.00,3,9.5
51-7041.00,4,9.5
51-7041.00,5,0.0
51-7041.00,6,0.0
51-7041.00,7,0.0
51-7041.00,8,0.0
51-7041.00,9,0.0
51-7041.00,10,0.0
51-7041.00,11,0.0
51-7041.00,12,0.0
51-7042.00,1,20.67
51-7042.00,2,73.06
51-7042.00,3,4.55
51-7042.00,4,0.0
51-7042.00,5,0.0
51-7042.00,6,1.72
51-7042.00,7,0.0
51-7042.00,8,0.0
51-7042.00,9,0.0
51-7042.00,10,0.0
51-7042.00,11,0.0
51-7042.00,12,0.0
51-8011.00,1,0.0
51-8011.00,2,50.09
51-8011.00,3,15.73
51-8011.00,4,6.22
51-8011.00,5,12.63
51-8011.00,6,15.32
51-8011.00,7,0.0
51-8011.00,8,0.0
51-8011.00,9,0.0
51-8011.00,10,0.0
51-8011.00,11,0.0
51-8011.00,12,0.0
51-8012.00,1,0.0
51-8012.00,2,21.55
51-8012.00,3,40.32
51-8012.00,4,8.44
51-8012.00,5,24.05
51-8012.00,6,5.64
51-8012.00,7,0.0
51-8012.00,8,0.0
51-8012.00,9,0.0
51-8012.00,10,0.0
51-8012.00,11,0.0
51-8012.00,12,0.0
51-8013.00,1,3.46
51-8013.00,2,59.81
51-8013.00,3,8.16
51-8013.00,4,1.74
51-8013.00,5,14.29
51-8013.00,6,12.54
51-8013.00,7,0.0
51-8013.00,8,0.0
51-8013.00,9,0.0
51-8013.00,10,0.0
51-8013.00,11,0.0
51-8013.00,12,0.0
51-8013.03,1,6.56
51-8013.03,2,46.51
51-8013.03,3,21.85
51-8013.03,4,9.54
51-8013.03,5,5.82
51-8013.03,6,9.72
51-8013.03,7,0.0
51-8013.03,8,0.0
51-8013.03,9,0.0
51-8013.03,10,0.0
51-8013.03,11,0.0
51-8013.03,12,0.0
51-8013.04,1,0.0
51-8013.04,2,2.75
51-8013.04,3,33.97
51-8013.04,4,22.39
51-8013.04,5,34.02
51-8013.04,6,6.88
51-8013.04,7,0.0
51-8013.04,8,0.0
51-8013.04,9,0.0
51-8013.04,10,0.0
51-8013.04,11,0.0
51-8013.04,12,0.0
51-8021.00,1,0.0
51-8021.00,2,37.8
51-8021.00,3,47.15
51-8021.00,4,4.53
51-8021.00,5,10.52
51-8021.00,6,0.0
51-8021.00,7,0.0
51-8021.00,8,0.0
51-8021.00,9,0.0
51-8021.00,10,0.0
51-8021.00,11,0.0
51-8021.00,12,0.0
51-8031.00,1,0.0
51-8031.00,2,50.0
51-8031.00,3,37.5
51-8031.00,4,8.33
51-8031.00,5,4.17
51-8031.00,6,0.0
51-8031.00,7,0.0
51-8031.00,8,0.0
51-8031.00,9,0.0
51-8031.00,10,0.0
51-8031.00,11,0.0
51-8031.00,12,0.0
51-8091.00,1,0.0
51-8091.00,2,68.13
51-8091.00,3,30.42
51-8091.00,4,0.0
51-8091.00,5,0.93
51-8091.00,6,0.51
51-8091.00,7,0.0
51-8091.00,8,0.0
51-8091.00,9,0.0
51-8091.00,10,0.0
51-8091.00,11,0.0
51-8091.00,12,0.0
51-8092.00,1,0.0
51-8092.00,2,58.44
51-8092.00,3,31.05
51-8092.00,4,0.0
51-8092.00,5,10.51
51-8092.00,6,0.0
51-8092.00,7,0.0
51-8092.00,8,0.0
51-8092.00,9,0.0
51-8092.00,10,0.0
51-8092.00,11,0.0
51-8092.00,12,0.0
51-8093.00,1,0.0
51-8093.00,2,97.02
51-8093.00,3,1.69
51-8093.00,4,1.29
51-8093.00,5,0.0
51-8093.00,6,0.0
51-8093.00,7,0.0
51-8093.00,8,0.0
51-8093.00,9,0.0
51-8093.00,10,0.0
51-8093.00,11,0.0
51-8093.00,12,0.0
51-8099.01,1,1.85
51-8099.01,2,71.18
51-8099.01,3,18.07
51-8099.01,4,3.21
51-8099.01,5,5.69
51-8099.01,6,0.0
51-8099.01,7,0.0
51-8099.01,8,0.0
51-8099.01,9,0.0
51-8099.01,10,0.0
51-8099.01,11,0.0
51-8099.01,12,0.0
51-9011.00,1,0.0
51-9011.00,2,88.9
51-9011.00,3,0.0
51-9011.00,4,0.0
51-9011.00,5,11.1
51-9011.00,6,0.0
51-9011.00,7,0.0
51-9011.00,8,0.0
51-9011.00,9,0.0
51-9011.00,10,0.0
51-9011.00,11,0.0
51-9011.00,12,0.0
51-9012.00,1,8.28
51-9012.00,2,83.44
51-9012.00,3,8.28
51-9012.00,4,0.0
51-9012.00,5,0.0
51-9012.00,6,0.0
51-9012.00,7,0.0
51-9012.00,8,0.0
51-9012.00,9,0.0
51-9012.00,10,0.0
51-9012.00,11,0.0
51-9012.00,12,0.0
51-9021.00,1,19.39
51-9021.00,2,61.72
51-9021.00,3,1.23
51-9021.00,4,17.66
51-9021.00,5,0.0
51-9021.00,6,0.0
51-9021.00,7,0.0
51-9021.00,8,0.0
51-9021.00,9,0.0
51-9021.00,10,0.0
51-9021.00,11,0.0
51-9021.00,12,0.0
51-9022.00,1,26.74
51-9022.00,2,37.33
51-9022.00,3,24.03
51-9022.00,4,11.9
51-9022.00,5,0.0
51-9022.00,6,0.0
51-9022.00,7,0.0
51-9022.00,8,0.0
51-9022.00,9,0.0
51-9022.00,10,0.0
51-9022.00,11,0.0
51-9022.00,12,0.0
51-9023.00,1,1.51
51-9023.00,2,80.32
51-9023.00,3,11.87
51-9023.00,4,6.3
51-9023.00,5,0.0
51-9023.00,6,0.0
51-9023.00,7,0.0
51-9023.00,8,0.0
51-9023.00,9,0.0
51-9023.00,10,0.0
51-9023.00,11,0.0
51-9023.00,12,0.0
51-9031.00,1,72.8
51-9031.00,2,16.38
51-9031.00,3,0.0
51-9031.00,4,5.67
51-9031.00,5,5.15
51-9031.00,6,0.0
51-9031.00,7,0.0
51-9031.00,8,0.0
51-9031.00,9,0.0
51-9031.00,10,0.0
51-9031.00,11,0.0
51-9031.00,12,0.0
51-9032.00,1,1.91
51-9032.00,2,91.95
51-9032.00,3,0.0
51-9032.00,4,5.18
51-9032.00,5,0.96
51-9032.00,6,0.0
51-9032.00,7,0.0
51-9032.00,8,0.0
51-9032.00,9,0.0
51-9032.00,10,0.0
51-9032.00,11,0.0
51-9032.00,12,0.0
51-9041.00,1,0.72
51-9041.00,2,78.21
51-9041.00,3,9.07
51-9041.00,4,7.77
51-9041.00,5,0.33
51-9041.00,6,0.0
51-9041.00,7,0.0
51-9041.00,8,0.0
51-9041.00,9,0.0
51-9041.00,10,3.9
51-9041.00,11,0.0
51-9041.00,12,0.0
51-9051.00,1,21.43
51-9051.00,2,55.94
51-9051.00,3,15.92
51-9051.00,4,3.9
51-9051.00,5,0.97
51-9051.00,6,1.84
51-9051.00,7,0.0
51-9051.00,8,0.0
51-9051.00,9,0.0
51-9051.00,10,0.0
51-9051.00,11,0.0
51-9051.00,12,0.0
51-9061.00,1,0.0
51-9061.00,2,69.81
51-9061.00,3,26.89
51-9061.00,4,2.64
51-9061.00,5,0.66
51-9061.00,6,0.0
51-9061.00,7,0.0
51-9061.00,8,0.0
51-9061.00,9,0.0
51-9061.00,10,0.0
51-9061.00,11,0.0
51-9061.00,12,0.0
51-9071.00,1,1.62
51-9071.00,2,25.34
51-9071.00,3,21.43
51-9071.00,4,19.45
51-9071.00,5,16.5
51-9071.00,6,8.79
51-9071.00,7,6.88
51-9071.00,8,0.0
51-9071.00,9,0.0
51-9071.00,10,0.0
51-9071.00,11,0.0
51-9071.00,12,0.0
51-9071.06,1,14.36
51-9071.06,2,4.39
51-9071.06,3,20.74
51-9071.06,4,18.17
51-9071.06,5,17.17
51-9071.06,6,20.15
51-9071.06,7,0.0
51-9071.06,8,0.0
51-9071.06,9,0.0
51-9071.06,10,0.0
51-9071.06,11,0.0
51-9071.06,12,5.03
51-9081.00,1,13.23
51-9081.00,2,51.74
51-9081.00,3,18.16
51-9081.00,4,7.43
51-9081.00,5,1.89
51-9081.00,6,1.87
51-9081.00,7,0.0
51-9081.00,8,5.68
51-9081.00,9,0.0
51-9081.00,10,0.0
51-9081.00,11,0.0
51-9081.00,12,0.0
51-9082.00,1,0.0
51-9082.00,2,70.5
51-9082.00,3,18.52
51-9082.00,4,0.0
51-9082.00,5,0.0
51-9082.00,6,4.5
51-9082.00,7,0.0
51-9082.00,8,6.48
51-9082.00,9,0.0
51-9082.00,10,0.0
51-9082.00,11,0.0
51-9082.00,12,0.0
51-9083.00,1,4.83
51-9083.00,2,56.4
51-9083.00,3,8.82
51-9083.00,4,14.58
51-9083.00,5,6.54
51-9083.00,6,3.73
51-9083.00,7,0.0
51-9083.00,8,3.66
51-9083.00,9,0.0
51-9083.00,10,1.43
51-9083.00,11,0.0
51-9083.00,12,0.0
51-9111.00,1,17.27
51-9111.00,2,79.69
51-9111.00,3,0.82
51-9111.00,4,0.0
51-9111.00,5,2.22
51-9111.00,6,0.0
51-9111.00,7,0.0
51-9111.00,8,0.0
51-9111.00,9,0.0
51-9111.00,10,0.0
51-9111.00,11,0.0
51-9111.00,12,0.0
51-9123.00,1,59.01
51-9123.00,2,21.21
51-9123.00,3,2.77
51-9123.00,4,17.01
51-9123.00,5,0.0
51-9123.00,6,0.0
51-9123.00,7,0.0
51-9123.00,8,0.0
51-9123.00,9,0.0
51-9123.00,10,0.0
51-9123.00,11,0.0
51-9123.00,12,0.0
51-9124.00,1,26.66
51-9124.00,2,62.67
51-9124.00,3,7.07
51-9124.00,4,3.6
51-9124.00,5,0.0
51-9124.00,6,0.0
51-9124.00,7,0.0
51-9124.00,8,0.0
51-9124.00,9,0.0
51-9124.00,10,0.0
51-9124.00,11,0.0
51-9124.00,12,0.0
51-9141.00,1,11.72
51-9141.00,2,83.85
51-9141.00,3,1.32
51-9141.00,4,0.45
51-9141.00,5,2.34
51-9141.00,6,0.09
51-9141.00,7,0.0
51-9141.00,8,0.08
51-9141.00,9,0.0
51-9141.00,10,0.0
51-9141.00,11,0.0
51-9141.00,12,0.15
51-9151.00,1,0.28
51-9151.00,2,84.07
51-9151.00,3,2.06
51-9151.00,4,7.66
51-9151.00,5,0.74
51-9151.00,6,5.2
51-9151.00,7,0.0
51-9151.00,8,0.0
51-9151.00,9,0.0
51-9151.00,10,0.0
51-9151.00,11,0.0
51-9151.00,12,0.0
51-9161.00,1,3.5
51-9161.00,2,48.24
51-9161.00,3,21.16
51-9161.00,4,16.8
51-9161.00,5,7.08
51-9161.00,6,3.22
51-9161.00,7,0.0
51-9161.00,8,0.0
51-9161.00,9,0.0
51-9161.00,10,0.0
51-9161.00,11,0.0
51-9161.00,12,0.0
51-9162.00,1,0.0
51-9162.00,2,32.77
51-9162.00,3,31.39
51-9162.00,4,19.68
51-9162.00,5,14.3
51-9162.00,6,1.86
51-9162.00,7,0.0
51-9162.00,8,0.0
51-9162.00,9,0.0
51-9162.00,10,0.0
51-9162.00,11,0.0
51-9162.00,12,0.0
51-9191.00,1,10.21
51-9191.00,2,72.61
51-9191.00,3,16.74
51-9191.00,4,0.43
51-9191.00,5,0.0
51-9191.00,6,0.0
51-9191.00,7,0.0
51-9191.00,8,0.0
51-9191.00,9,0.0
51-9191.00,10,0.0
51-9191.00,11,0.0
51-9191.00,12,0.0
51-9192.00,1,31.68
51-9192.00,2,59.82
51-9192.00,3,0.73
51-9192.00,4,3.89
51-9192.00,5,3.89
51-9192.00,6,0.0
51-9192.00,7,0.0
51-9192.00,8,0.0
51-9192.00,9,0.0
51-9192.00,10,0.0
51-9192.00,11,0.0
51-9192.00,12,0.0
51-9193.00,1,51.44
51-9193.00,2,7.31
51-9193.00,3,40.77
51-9193.00,4,0.48
51-9193.00,5,0.0
51-9193.00,6,0.0
51-9193.00,7,0.0
51-9193.00,8,0.0
51-9193.00,9,0.0
51-9193.00,10,0.0
51-9193.00,11,0.0
51-9193.00,12,0.0
51-9194.00,1,32.66
51-9194.00,2,53.86
51-9194.00,3,0.75
51-9194.00,4,0.0
51-9194.00,5,12.72
51-9194.00,6,0.0
51-9194.00,7,0.0
51-9194.00,8,0.0
51-9194.00,9,0.0
51-9194.00,10,0.0
51-9194.00,11,0.0
51-9194.00,12,0.0
51-9195.03,1,21.77
51-9195.03,2,65.55
51-9195.03,3,5.58
51-9195.03,4,0.73
51-9195.03,5,5.4
51-9195.03,6,0.0
51-9195.03,7,0.0
51-9195.03,8,0.0
51-9195.03,9,0.0
51-9195.03,10,0.0
51-9195.03,11,0.97
51-9195.03,12,0.0
51-9195.04,1,22.73
51-9195.04,2,27.27
51-9195.04,3,9.09
51-9195.04,4,9.09
51-9195.04,5,22.73
51-9195.04,6,9.09
51-9195.04,7,0.0
51-9195.04,8,0.0
51-9195.04,9,0.0
51-9195.04,10,0.0
51-9195.04,11,0.0
51-9195.04,12,0.0
51-9195.05,1,16.01
51-9195.05,2,30.48
51-9195.05,3,0.0
51-9195.05,4,30.9
51-9195.05,5,0.0
51-9195.05,6,17.67
51-9195.05,7,4.94
51-9195.05,8,0.0
51-9195.05,9,0.0
51-9195.05,10,0.0
51-9195.05,11,0.0
51-9195.05,12,0.0
51-9196.00,1,20.15
51-9196.00,2,69.35
51-9196.00,3,0.51
51-9196.00,4,9.39
51-9196.00,5,0.61
51-9196.00,6,0.0
51-9196.00,7,0.0
51-9196.00,8,0.0
51-9196.00,9,0.0
51-9196.00,10,0.0
51-9196.00,11,0.0
51-9196.00,12,0.0
51-9197.00,1,26.13
51-9197.00,2,66.45
51-9197.00,3,6.89
51-9197.00,4,0.0
51-9197.00,5,0.0
51-9197.00,6,0.0
51-9197.00,7,0.0
51-9197.00,8,0.0
51-9197.00,9,0.0
51-9197.00,10,0.0
51-9197.00,11,0.0
51-9197.00,12,0.53
51-9198.00,1,34.56
51-9198.00,2,31.86
51-9198.00,3,19.94
51-9198.00,4,6.02
51-9198.00,5,0.0
51-9198.00,6,0.0
51-9198.00,7,0.0
51-9198.00,8,0.0
51-9198.00,9,0.0
51-9198.00,10,7.62
51-9198.00,11,0.0
51-9198.00,12,0.0
53-1041.00,1,10.19
53-1041.00,2,64.06
53-1041.00,3,2.55
53-1041.00,4,4.74
53-1041.00,5,0.0
53-1041.00,6,18.46
53-1041.00,7,0.0
53-1041.00,8,0.0
53-1041.00,9,0.0
53-1041.00,10,0.0
53-1041.00,11,0.0
53-1041.00,12,0.0
53-1042.00,1,0.0
53-1042.00,2,35.2
53-1042.00,3,21.34
53-1042.00,4,30.77
53-1042.00,5,4.16
53-1042.00,6,8.52
53-1042.00,7,0.0
53-1042.00,8,0.0
53-1042.00,9,0.0
53-1042.00,10,0.0
53-1042.00,11,0.0
53-1042.00,12,0.0
53-1042.01,1,0.0
53-1042.01,2,47.06
53-1042.01,3,0.0
53-1042.01,4,0.0
53-1042.01,5,22.84
53-1042.01,6,30.11
53-1042.01,7,0.0
53-1042.01,8,0.0
53-1042.01,9,0.0
53-1042.01,10,0.0
53-1042.01,11,0.0
53-1042.01,12,0.0
53-1043.00,1,0.0
53-1043.00,2,29.86
53-1043.00,3,2.56
53-1043.00,4,28.79
53-1043.00,5,13.57
53-1043.00,6,25.22
53-1043.00,7,0.0
53-1043.00,8,0.0
53-1043.00,9,0.0
53-1043.00,10,0.0
53-1043.00,11,0.0
53-1043.00,12,0.0
53-1044.00,1,11.19
53-1044.00,2,32.89
53-1044.00,3,13.83
53-1044.00,4,27.72
53-1044.00,5,12.61
53-1044.00,6,1.75
53-1044.00,7,0.0
53-1044.00,8,0.0
53-1044.00,9,0.0
53-1044.00,10,0.0
53-1044.00,11,0.0
53-1044.00,12,0.0
53-2011.00,1,8.0
53-2011.00,2,18.17
53-2011.00,3,5.08
53-2011.00,4,1.45
53-2011.00,5,6.29
53-2011.00,6,61.02
53-2011.00,7,0.0
53-2011.00,8,0.0
53-2011.00,9,0.0
53-2011.00,10,0.0
53-2011.00,11,0.0
53-2011.00,12,0.0
53-2012.00,1,15.11
53-2012.00,2,28.63
53-2012.00,3,36.44
53-2012.00,4,16.92
53-2012.00,5,1.09
53-2012.00,6,0.59
53-2012.00,7,1.22
53-2012.00,8,0.0
53-2012.00,9,0.0
53-2012.00,10,0.0
53-2012.00,11,0.0
53-2012.00,12,0.0
53-2021.00,1,1.36
53-2021.00,2,36.14
53-2021.00,3,20.79
53-2021.00,4,5.63
53-2021.00,5,14.13
53-2021.00,6,20.12
53-2021.00,7,1.82
53-2021.00,8,0.0
53-2021.00,9,0.0
53-2021.00,10,0.0
53-2021.00,11,0.0
53-2021.00,12,0.0
53-2022.00,1,0.0
53-2022.00,2,33.83
53-2022.00,3,0.0
53-2022.00,4,14.7
53-2022.00,5,0.61
53-2022.00,6,50.86
53-2022.00,7,0.0
53-2022.00,8,0.0
53-2022.00,9,0.0
53-2022.00,10,0.0
53-2022.00,11,0.0
53-2022.00,12,0.0
53-2031.00,1,3.48
53-2031.00,2,70.27
53-2031.00,3,0.84
53-2031.00,4,10.41
53-2031.00,5,2.65
53-2031.00,6,12.35
53-2031.00,7,0.0
53-2031.00,8,0.0
53-2031.00,9,0.0
53-2031.00,10,0.0
53-2031.00,11,0.0
53-2031.00,12,0.0
53-3011.00,1,14.9
53-3011.00,2,23.89
53-3011.00,3,36.47
53-3011.00,4,8.9
53-3011.00,5,12.73
53-3011.00,6,0.0
53-3011.00,7,0.0
53-3011.00,8,3.11
53-3011.00,9,0.0
53-3011.00,10,0.0
53-3011.00,11,0.0
53-3011.00,12,0.0
53-3031.00,1,35.54
53-3031.00,2,64.02
53-3031.00,3,0.44
53-3031.00,4,0.0
53-3031.00,5,0.0
53-3031.00,6,0.0
53-3031.00,7,0.0
53-3031.00,8,0.0
53-3031.00,9,0.0
53-3031.00,10,0.0
53-3031.00,11,0.0
53-3031.00,12,0.0
53-3032.00,1,25.9
53-3032.00,2,54.34
53-3032.00,3,18.51
53-3032.00,4,1.24
53-3032.00,5,0.0
53-3032.00,6,0.0
53-3032.00,7,0.0
53-3032.00,8,0.0
53-3032.00,9,0.0
53-3032.00,10,0.0
53-3032.00,11,0.0
53-3032.00,12,0.0
53-3033.00,1,24.59
53-3033.00,2,73.97
53-3033.00,3,0.0
53-3033.00,4,0.27
53-3033.00,5,1.17
53-3033.00,6,0.0
53-3033.00,7,0.0
53-3033.00,8,0.0
53-3033.00,9,0.0
53-3033.00,10,0.0
53-3033.00,11,0.0
53-3033.00,12,0.0
53-3051.00,1,37.28
53-3051.00,2,59.27
53-3051.00,3,3.45
53-3051.00,4,0.0
53-3051.00,5,0.0
53-3051.00,6,0.0
53-3051.00,7,0.0
53-3051.00,8,0.0
53-3051.00,9,0.0
53-3051.00,10,0.0
53-3051.00,11,0.0
53-3051.00,12,0.0
53-3052.00,1,13.01
53-3052.00,2,83.83
53-3052.00,3,1.66
53-3052.00,4,1.49
53-3052.00,5,0.0
53-3052.00,6,0.0
53-3052.00,7,0.0
53-3052.00,8,0.0
53-3052.00,9,0.0
53-3052.00,10,0.0
53-3052.00,11,0.0
53-3052.00,12,0.0
53-3053.00,1,17.33
53-3053.00,2,56.23
53-3053.00,3,0.17
53-3053.00,4,26.1
53-3053.00,5,0.0
53-3053.00,6,0.0
53-3053.00,7,0.0
53-3053.00,8,0.17
53-3053.00,9,0.0
53-3053.00,10,0.0
53-3053.00,11,0.0
53-3053.00,12,0.0
53-4011.00,1,8.58
53-4011.00,2,64.24
53-4011.00,3,27.18
53-4011.00,4,0.0
53-4011.00,5,0.0
53-4011.00,6,0.0
53-4011.00,7,0.0
53-4011.00,8,0.0
53-4011.00,9,0.0
53-4011.00,10,0.0
53-4011.00,11,0.0
53-4011.00,12,0.0
53-4013.00,1,4.11
53-4013.00,2,82.54
53-4013.00,3,13.35
53-4013.00,4,0.0
53-4013.00,5,0.0
53-4013.00,6,0.0
53-4013.00,7,0.0
53-4013.00,8,0.0
53-4013.00,9,0.0
53-4013.00,10,0.0
53-4013.00,11,0.0
53-4013.00,12,0.0
53-4022.00,1,0.0
53-4022.00,2,86.98
53-4022.00,3,2.76
53-4022.00,4,5.13
53-4022.00,5,5.13
53-4022.00,6,0.0
53-4022.00,7,0.0
53-4022.00,8,0.0
53-4022.00,9,0.0
53-4022.00,10,0.0
53-4022.00,11,0.0
53-4022.00,12,0.0
53-4031.00,1,0.0
53-4031.00,2,85.64
53-4031.00,3,8.35
53-4031.00,4,0.0
53-4031.00,5,6.01
53-4031.00,6,0.0
53-4031.00,7,0.0
53-4031.00,8,0.0
53-4031.00,9,0.0
53-4031.00,10,0.0
53-4031.00,11,0.0
53-4031.00,12,0.0
53-4041.00,1,0.0
53-4041.00,2,86.52
53-4041.00,3,8.9
53-4041.00,4,4.58
53-4041.00,5,0.0
53-4041.00,6,0.0
53-4041.00,7,0.0
53-4041.00,8,0.0
53-4041.00,9,0.0
53-4041.00,10,0.0
53-4041.00,11,0.0
53-4041.00,12,0.0
53-5011.00,1,24.63
53-5011.00,2,37.17
53-5011.00,3,13.26
53-5011.00,4,11.18
53-5011.00,5,0.0
53-5011.00,6,13.76
53-5011.00,7,0.0
53-5011.00,8,0.0
53-5011.00,9,0.0
53-5011.00,10,0.0
53-5011.00,11,0.0
53-5011.00,12,0.0
53-5021.00,1,4.46
53-5021.00,2,41.98
53-5021.00,3,36.61
53-5021.00,4,5.47
53-5021.00,5,2.16
53-5021.00,6,8.43
53-5021.00,7,0.0
53-5021.00,8,0.48
53-5021.00,9,0.0
53-5021.00,10,0.41
53-5021.00,11,0.0
53-5021.00,12,0.0
53-5022.00,1,34.64
53-5022.00,2,39.74
53-5022.00,3,2.15
53-5022.00,4,8.61
53-5022.00,5,0.0
53-5022.00,6,13.95
53-5022.00,7,0.0
53-5022.00,8,0.0
53-5022.00,9,0.0
53-5022.00,10,0.0
53-5022.00,11,0.0
53-5022.00,12,0.91
53-5031.00,1,3.08
53-5031.00,2,47.95
53-5031.00,3,23.85
53-5031.00,4,6.15
53-5031.00,5,0.0
53-5031.00,6,8.18
53-5031.00,7,10.79
53-5031.00,8,0.0
53-5031.00,9,0.0
53-5031.00,10,0.0
53-5031.00,11,0.0
53-5031.00,12,0.0
53-6011.00,1,15.0
53-6011.00,2,65.0
53-6011.00,3,20.0
53-6011.00,4,0.0
53-6011.00,5,0.0
53-6011.00,6,0.0
53-6011.00,7,0.0
53-6011.00,8,0.0
53-6011.00,9,0.0
53-6011.00,10,0.0
53-6011.00,11,0.0
53-6011.00,12,0.0
53-6021.00,1,38.29
53-6021.00,2,60.75
53-6021.00,3,0.0
53-6021.00,4,0.0
53-6021.00,5,0.0
53-6021.00,6,0.96
53-6021.00,7,0.0
53-6021.00,8,0.0
53-6021.00,9,0.0
53-6021.00,10,0.0
53-6021.00,11,0.0
53-6021.00,12,0.0
53-6031.00,1,16.3
53-6031.00,2,58.62
53-6031.00,3,22.65
53-6031.00,4,2.43
53-6031.00,5,0.0
53-6031.00,6,0.0
53-6031.00,7,0.0
53-6031.00,8,0.0
53-6031.00,9,0.0
53-6031.00,10,0.0
53-6031.00,11,0.0
53-6031.00,12,0.0
53-6032.00,1,1.55
53-6032.00,2,76.55
53-6032.00,3,10.95
53-6032.00,4,10.95
53-6032.00,5,0.0
53-6032.00,6,0.0
53-6032.00,7,0.0
53-6032.00,8,0.0
53-6032.00,9,0.0
53-6032.00,10,0.0
53-6032.00,11,0.0
53-6032.00,12,0.0
53-6041.00,1,0.0
53-6041.00,2,42.94
53-6041.00,3,9.76
53-6041.00,4,23.16
53-6041.00,5,12.47
53-6041.00,6,11.66
53-6041.00,7,0.0
53-6041.00,8,0.0
53-6041.00,9,0.0
53-6041.00,10,0.0
53-6041.00,11,0.0
53-6041.00,12,0.0
53-6051.01,1,0.0
53-6051.01,2,29.17
53-6051.01,3,19.72
53-6051.01,4,13.53
53-6051.01,5,33.65
53-6051.01,6,3.93
53-6051.01,7,0.0
53-6051.01,8,0.0
53-6051.01,9,0.0
53-6051.01,10,0.0
53-6051.01,11,0.0
53-6051.01,12,0.0
53-6051.07,1,13.11
53-6051.07,2,57.78
53-6051.07,3,12.61
53-6051.07,4,10.13
53-6051.07,5,6.37
53-6051.07,6,0.0
53-6051.07,7,0.0
53-6051.07,8,0.0
53-6051.07,9,0.0
53-6051.07,10,0.0
53-6051.07,11,0.0
53-6051.07,12,0.0
53-6061.00,1,42.25
53-6061.00,2,50.14
53-6061.00,3,7.61
53-6061.00,4,0.0
53-6061.00,5,0.0
53-6061.00,6,0.0
53-6061.00,7,0.0
53-6061.00,8,0.0
53-6061.00,9,0.0
53-6061.00,10,0.0
53-6061.00,11,0.0
53-6061.00,12,0.0
53-7011.00,1,70.04
53-7011.00,2,24.32
53-7011.00,3,0.54
53-7011.00,4,5.1
53-7011.00,5,0.0
53-7011.00,6,0.0
53-7011.00,7,0.0
53-7011.00,8,0.0
53-7011.00,9,0.0
53-7011.00,10,0.0
53-7011.00,11,0.0
53-7011.00,12,0.0
53-7021.00,1,7.84
53-7021.00,2,31.53
53-7021.00,3,60.63
53-7021.00,4,0.0
53-7021.00,5,0.0
53-7021.00,6,0.0
53-7021.00,7,0.0
53-7021.00,8,0.0
53-7021.00,9,0.0
53-7021.00,10,0.0
53-7021.00,11,0.0
53-7021.00,12,0.0
53-7031.00,1,7.18
53-7031.00,2,79.97
53-7031.00,3,8.58
53-7031.00,4,4.27
53-7031.00,5,0.0
53-7031.00,6,0.0
53-7031.00,7,0.0
53-7031.00,8,0.0
53-7031.00,9,0.0
53-7031.00,10,0.0
53-7031.00,11,0.0
53-7031.00,12,0.0
53-7041.00,1,7.63
53-7041.00,2,65.41
53-7041.00,3,26.96
53-7041.00,4,0.0
53-7041.00,5,0.0
53-7041.00,6,0.0
53-7041.00,7,0.0
53-7041.00,8,0.0
53-7041.00,9,0.0
53-7041.00,10,0.0
53-7041.00,11,0.0
53-7041.00,12,0.0
53-7051.00,1,22.54
53-7051.00,2,73.41
53-7051.00,3,0.0
53-7051.00,4,4.05
53-7051.00,5,0.0
53-7051.00,6,0.0
53-7051.00,7,0.0
53-7051.00,8,0.0
53-7051.00,9,0.0
53-7051.00,10,0.0
53-7051.00,11,0.0
53-7051.00,12,0.0
53-7061.00,1,23.76
53-7061.00,2,54.02
53-7061.00,3,2.27
53-7061.00,4,19.94
53-7061.00,5,0.0
53-7061.00,6,0.0
53-7061.00,7,0.0
53-7061.00,8,0.0
53-7061.00,9,0.0
53-7061.00,10,0.0
53-7061.00,11,0.0
53-7061.00,12,0.0
53-7062.00,1,10.56
53-7062.00,2,88.86
53-7062.00,3,0.0
53-7062.00,4,0.58
53-7062.00,5,0.0
53-7062.00,6,0.0
53-7062.00,7,0.0
53-7062.00,8,0.0
53-7062.00,9,0.0
53-7062.00,10,0.0
53-7062.00,11,0.0
53-7062.00,12,0.0
53-7062.04,1,1.87
53-7062.04,2,74.12
53-7062.04,3,1.45
53-7062.04,4,0.0
53-7062.04,5,14.55
53-7062.04,6,0.0
53-7062.04,7,0.0
53-7062.04,8,0.0
53-7062.04,9,0.0
53-7062.04,10,0.0
53-7062.04,11,8.01
53-7062.04,12,0.0
53-7063.00,1,20.73
53-7063.00,2,72.98
53-7063.00,3,3.99
53-7063.00,4,0.0
53-7063.00,5,2.3
53-7063.00,6,0.0
53-7063.00,7,0.0
53-7063.00,8,0.0
53-7063.00,9,0.0
53-7063.00,10,0.0
53-7063.00,11,0.0
53-7063.00,12,0.0
53-7064.00,1,32.52
53-7064.00,2,53.78
53-7064.00,3,0.0
53-7064.00,4,13.7
53-7064.00,5,0.0
53-7064.00,6,0.0
53-7064.00,7,0.0
53-7064.00,8,0.0
53-7064.00,9,0.0
53-7064.00,10,0.0
53-7064.00,11,0.0
53-7064.00,12,0.0
53-7065.00,1,17.16
53-7065.00,2,78.01
53-7065.00,3,4.83
53-7065.00,4,0.0
53-7065.00,5,0.0
53-7065.00,6,0.0
53-7065.00,7,0.0
53-7065.00,8,0.0
53-7065.00,9,0.0
53-7065.00,10,0.0
53-7065.00,11,0.0
53-7065.00,12,0.0
53-7071.00,1,0.0
53-7071.00,2,64.6
53-7071.00,3,10.45
53-7071.00,4,11.06
53-7071.00,5,13.89
53-7071.00,6,0.0
53-7071.00,7,0.0
53-7071.00,8,0.0
53-7071.00,9,0.0
53-7071.00,10,0.0
53-7071.00,11,0.0
53-7071.00,12,0.0
53-7072.00,1,0.0
53-7072.00,2,60.86
53-7072.00,3,8.4
53-7072.00,4,8.48
53-7072.00,5,4.61
53-7072.00,6,17.64
53-7072.00,7,0.0
53-7072.00,8,0.0
53-7072.00,9,0.0
53-7072.00,10,0.0
53-7072.00,11,0.0
53-7072.00,12,0.0
53-7073.00,1,1.26
53-7073.00,2,80.46
53-7073.00,3,10.9
53-7073.00,4,0.0
53-7073.00,5,7.38
53-7073.00,6,0.0
53-7073.00,7,0.0
53-7073.00,8,0.0
53-7073.00,9,0.0
53-7073.00,10,0.0
53-7073.00,11,0.0
53-7073.00,12,0.0
53-7081.00,1,1.6
53-7081.00,2,81.47
53-7081.00,3,5.74
53-7081.00,4,0.0
53-7081.00,5,11.19
53-7081.00,6,0.0
53-7081.00,7,0.0
53-7081.00,8,0.0
53-7081.00,9,0.0
53-7081.00,10,0.0
53-7081.00,11,0.0
53-7081.00,12,0.0
53-7121.00,1,12.01
53-7121.00,2,81.42
53-7121.00,3,3.89
53-7121.00,4,0.91
53-7121.00,5,0.0
53-7121.00,6,1.76
53-7121.00,7,0.0
53-7121.00,8,0.0
53-7121.00,9,0.0
53-7121.00,10,0.0
53-7121.00,11,0.0
53-7121.00,12,0.0
