soc_code,style,impact
11-1011.00,Achievement Orientation,2.91
11-1011.00,Adaptability,2.69
11-1011.00,Attention to Detail,1.44
11-1011.00,Cautiousness,1.03
11-1011.00,Cooperation,1.53
11-1011.00,Dependability,2.93
11-1011.00,Empathy,1.07
11-1011.00,Humility,-0.27
11-1011.00,Initiative,2.5
11-1011.00,Innovation,2.3
11-1011.00,Integrity,2.93
11-1011.00,Intellectual Curiosity,2.16
11-1011.00,Leadership Orientation,3.0
11-1011.00,Optimism,1.6
11-1011.00,Perseverance,2.46
11-1011.00,Self-Confidence,2.69
11-1011.00,Self-Control,2.42
11-1011.00,Sincerity,0.96
11-1011.00,Social Orientation,2.26
11-1011.00,Stress Tolerance,2.55
11-1011.00,Tolerance for Ambiguity,2.05
11-1021.00,Achievement Orientation,2.38
11-1021.00,Adaptability,2.05
11-1021.00,Attention to Detail,1.74
11-1021.00,Cautiousness,1.32
11-1021.00,Cooperation,1.84
11-1021.00,Dependability,2.65
11-1021.00,Empathy,1.22
11-1021.00,Humility,0.12
11-1021.00,Initiative,2.22
11-1021.00,Innovation,1.6
11-1021.00,Integrity,2.51
11-1021.00,Intellectual Curiosity,1.44
11-1021.00,Leadership Orientation,2.93
11-1021.00,Optimism,1.39
11-1021.00,Perseverance,2.19
11-1021.00,Self-Confidence,2.28
11-1021.00,Self-Control,2.14
11-1021.00,Sincerity,0.94
11-1021.00,Social Orientation,1.97
11-1021.00,Stress Tolerance,1.99
11-1021.00,Tolerance for Ambiguity,1.64
11-1031.00,Achievement Orientation,2.28
11-1031.00,Adaptability,2.38
11-1031.00,Attention to Detail,1.47
11-1031.00,Cautiousness,1.0
11-1031.00,Cooperation,2.18
11-1031.00,Dependability,2.65
11-1031.00,Empathy,1.77
11-1031.00,Humility,-0.1
11-1031.00,Initiative,2.22
11-1031.00,Innovation,1.72
11-1031.00,Integrity,2.93
11-1031.00,Intellectual Curiosity,2.41
11-1031.00,Leadership Orientation,3.0
11-1031.00,Optimism,1.42
11-1031.00,Perseverance,2.34
11-1031.00,Self-Confidence,2.44
11-1031.00,Self-Control,2.3
11-1031.00,Sincerity,1.07
11-1031.00,Social Orientation,2.54
11-1031.00,Stress Tolerance,2.43
11-1031.00,Tolerance for Ambiguity,2.03
11-2011.00,Achievement Orientation,2.31
11-2011.00,Adaptability,2.13
11-2011.00,Attention to Detail,1.86
11-2011.00,Cautiousness,-0.44
11-2011.00,Cooperation,1.84
11-2011.00,Dependability,2.22
11-2011.00,Empathy,0.95
11-2011.00,Humility,-0.73
11-2011.00,Initiative,1.96
11-2011.00,Innovation,2.48
11-2011.00,Integrity,1.45
11-2011.00,Intellectual Curiosity,1.44
11-2011.00,Leadership Orientation,2.52
11-2011.00,Optimism,1.63
11-2011.00,Perseverance,1.77
11-2011.00,Self-Confidence,2.24
11-2011.00,Self-Control,1.37
11-2011.00,Sincerity,0.57
11-2011.00,Social Orientation,2.45
11-2011.00,Stress Tolerance,1.8
11-2011.00,Tolerance for Ambiguity,1.72
11-2021.00,Achievement Orientation,2.38
11-2021.00,Adaptability,2.3
11-2021.00,Attention to Detail,1.62
11-2021.00,Cautiousness,0.32
11-2021.00,Cooperation,1.5
11-2021.00,Dependability,2.14
11-2021.00,Empathy,1.05
11-2021.00,Humility,-0.5
11-2021.00,Initiative,2.03
11-2021.00,Innovation,2.48
11-2021.00,Integrity,1.73
11-2021.00,Intellectual Curiosity,1.97
11-2021.00,Leadership Orientation,2.4
11-2021.00,Optimism,1.46
11-2021.00,Perseverance,1.87
11-2021.00,Self-Confidence,2.2
11-2021.00,Self-Control,1.43
11-2021.00,Sincerity,0.62
11-2021.00,Social Orientation,2.2
11-2021.00,Stress Tolerance,1.8
11-2021.00,Tolerance for Ambiguity,1.72
11-2022.00,Achievement Orientation,2.45
11-2022.00,Adaptability,2.02
11-2022.00,Attention to Detail,1.67
11-2022.00,Cautiousness,0.24
11-2022.00,Cooperation,1.77
11-2022.00,Dependability,2.47
11-2022.00,Empathy,1.35
11-2022.00,Humility,-0.54
11-2022.00,Initiative,2.07
11-2022.00,Innovation,1.47
11-2022.00,Integrity,2.06
11-2022.00,Intellectual Curiosity,1.17
11-2022.00,Leadership Orientation,2.71
11-2022.00,Optimism,1.71
11-2022.00,Perseverance,2.46
11-2022.00,Self-Confidence,2.4
11-2022.00,Self-Control,1.91
11-2022.00,Sincerity,0.94
11-2022.00,Social Orientation,2.54
11-2022.00,Stress Tolerance,1.93
11-2022.00,Tolerance for Ambiguity,1.51
11-2032.00,Achievement Orientation,2.21
11-2032.00,Adaptability,2.3
11-2032.00,Attention to Detail,1.89
11-2032.00,Cautiousness,0.9
11-2032.00,Cooperation,2.69
11-2032.00,Dependability,2.56
11-2032.00,Empathy,1.77
11-2032.00,Humility,-0.43
11-2032.00,Initiative,2.11
11-2032.00,Innovation,2.15
11-2032.00,Integrity,2.32
11-2032.00,Intellectual Curiosity,1.57
11-2032.00,Leadership Orientation,2.46
11-2032.00,Optimism,2.22
11-2032.00,Perseverance,1.97
11-2032.00,Self-Confidence,2.4
11-2032.00,Self-Control,2.18
11-2032.00,Sincerity,1.55
11-2032.00,Social Orientation,2.6
11-2032.00,Stress Tolerance,2.21
11-2032.00,Tolerance for Ambiguity,1.74
11-2033.00,Achievement Orientation,2.91
11-2033.00,Adaptability,1.79
11-2033.00,Attention to Detail,1.76
11-2033.00,Cautiousness,0.06
11-2033.00,Cooperation,2.3
11-2033.00,Dependability,2.47
11-2033.00,Empathy,1.86
11-2033.00,Humility,-0.67
11-2033.00,Initiative,2.07
11-2033.00,Innovation,1.47
11-2033.00,Integrity,2.51
11-2033.00,Intellectual Curiosity,1.44
11-2033.00,Leadership Orientation,2.37
11-2033.00,Optimism,2.1
11-2033.00,Perseverance,2.12
11-2033.00,Self-Confidence,1.57
11-2033.00,Self-Control,1.91
11-2033.00,Sincerity,1.9
11-2033.00,Social Orientation,2.81
11-2033.00,Stress Tolerance,0.72
11-2033.00,Tolerance for Ambiguity,1.51
11-3012.00,Achievement Orientation,1.77
11-3012.00,Adaptability,1.44
11-3012.00,Attention to Detail,1.94
11-3012.00,Cautiousness,1.69
11-3012.00,Cooperation,1.84
11-3012.00,Dependability,2.65
11-3012.00,Empathy,1.02
11-3012.00,Humility,0.58
11-3012.00,Initiative,1.66
11-3012.00,Innovation,1.17
11-3012.00,Integrity,1.18
11-3012.00,Intellectual Curiosity,0.89
11-3012.00,Leadership Orientation,1.95
11-3012.00,Optimism,0.52
11-3012.00,Perseverance,1.07
11-3012.00,Self-Confidence,1.47
11-3012.00,Self-Control,1.7
11-3012.00,Sincerity,0.94
11-3012.00,Social Orientation,1.47
11-3012.00,Stress Tolerance,1.29
11-3012.00,Tolerance for Ambiguity,0.56
11-3013.00,Achievement Orientation,1.77
11-3013.00,Adaptability,1.79
11-3013.00,Attention to Detail,2.14
11-3013.00,Cautiousness,2.14
11-3013.00,Cooperation,1.63
11-3013.00,Dependability,2.65
11-3013.00,Empathy,0.64
11-3013.00,Humility,0.56
11-3013.00,Initiative,1.86
11-3013.00,Innovation,1.07
11-3013.00,Integrity,1.82
11-3013.00,Intellectual Curiosity,1.02
11-3013.00,Leadership Orientation,2.43
11-3013.00,Optimism,0.66
11-3013.00,Perseverance,1.7
11-3013.00,Self-Confidence,1.73
11-3013.00,Self-Control,1.7
11-3013.00,Sincerity,0.84
11-3013.00,Social Orientation,1.18
11-3013.00,Stress Tolerance,1.76
11-3013.00,Tolerance for Ambiguity,1.22
11-3013.01,Achievement Orientation,2.01
11-3013.01,Adaptability,1.86
11-3013.01,Attention to Detail,2.57
11-3013.01,Cautiousness,3.0
11-3013.01,Cooperation,1.63
11-3013.01,Dependability,2.93
11-3013.01,Empathy,0.54
11-3013.01,Humility,0.15
11-3013.01,Initiative,1.96
11-3013.01,Innovation,0.77
11-3013.01,Integrity,2.93
11-3013.01,Intellectual Curiosity,1.61
11-3013.01,Leadership Orientation,2.49
11-3013.01,Optimism,0.59
11-3013.01,Perseverance,2.01
11-3013.01,Self-Confidence,1.9
11-3013.01,Self-Control,2.42
11-3013.01,Sincerity,1.09
11-3013.01,Social Orientation,0.97
11-3013.01,Stress Tolerance,2.21
11-3013.01,Tolerance for Ambiguity,1.49
11-3021.00,Achievement Orientation,2.24
11-3021.00,Adaptability,2.21
11-3021.00,Attention to Detail,2.37
11-3021.00,Cautiousness,1.82
11-3021.00,Cooperation,1.92
11-3021.00,Dependability,2.65
11-3021.00,Empathy,0.82
11-3021.00,Humility,0.5
11-3021.00,Initiative,2.03
11-3021.00,Innovation,2.33
11-3021.00,Integrity,2.36
11-3021.00,Intellectual Curiosity,2.28
11-3021.00,Leadership Orientation,2.43
11-3021.00,Optimism,0.66
11-3021.00,Perseverance,1.77
11-3021.00,Self-Confidence,1.73
11-3021.00,Self-Control,1.7
11-3021.00,Sincerity,0.96
11-3021.00,Social Orientation,1.65
11-3021.00,Stress Tolerance,1.8
11-3021.00,Tolerance for Ambiguity,1.72
11-3031.00,Achievement Orientation,2.17
11-3031.00,Adaptability,1.22
11-3031.00,Attention to Detail,2.74
11-3031.00,Cautiousness,2.28
11-3031.00,Cooperation,1.53
11-3031.00,Dependability,2.65
11-3031.00,Empathy,0.86
11-3031.00,Humility,0.19
11-3031.00,Initiative,1.62
11-3031.00,Innovation,0.97
11-3031.00,Integrity,2.89
11-3031.00,Intellectual Curiosity,1.75
11-3031.00,Leadership Orientation,2.46
11-3031.00,Optimism,0.95
11-3031.00,Perseverance,1.8
11-3031.00,Self-Confidence,1.9
11-3031.00,Self-Control,1.84
11-3031.00,Sincerity,1.09
11-3031.00,Social Orientation,1.95
11-3031.00,Stress Tolerance,1.8
11-3031.00,Tolerance for Ambiguity,1.39
11-3031.01,Achievement Orientation,2.28
11-3031.01,Adaptability,1.26
11-3031.01,Attention to Detail,3.0
11-3031.01,Cautiousness,2.62
11-3031.01,Cooperation,1.28
11-3031.01,Dependability,2.93
11-3031.01,Empathy,0.34
11-3031.01,Humility,0.0
11-3031.01,Initiative,1.82
11-3031.01,Innovation,0.97
11-3031.01,Integrity,2.93
11-3031.01,Intellectual Curiosity,2.08
11-3031.01,Leadership Orientation,2.58
11-3031.01,Optimism,0.28
11-3031.01,Perseverance,1.77
11-3031.01,Self-Confidence,1.87
11-3031.01,Self-Control,1.7
11-3031.01,Sincerity,0.98
11-3031.01,Social Orientation,1.18
11-3031.01,Stress Tolerance,1.61
11-3031.01,Tolerance for Ambiguity,1.24
11-3031.03,Achievement Orientation,2.6
11-3031.03,Adaptability,1.86
11-3031.03,Attention to Detail,3.0
11-3031.03,Cautiousness,1.96
11-3031.03,Cooperation,0.85
11-3031.03,Dependability,2.62
11-3031.03,Empathy,0.35
11-3031.03,Humility,-0.7
11-3031.03,Initiative,1.93
11-3031.03,Innovation,1.28
11-3031.03,Integrity,2.89
11-3031.03,Intellectual Curiosity,2.58
11-3031.03,Leadership Orientation,2.22
11-3031.03,Optimism,0.66
11-3031.03,Perseverance,2.23
11-3031.03,Self-Confidence,2.24
11-3031.03,Self-Control,2.06
11-3031.03,Sincerity,0.5
11-3031.03,Social Orientation,1.31
11-3031.03,Stress Tolerance,2.24
11-3031.03,Tolerance for Ambiguity,2.08
11-3051.00,Achievement Orientation,2.17
11-3051.00,Adaptability,1.83
11-3051.00,Attention to Detail,2.57
11-3051.00,Cautiousness,1.99
11-3051.00,Cooperation,1.63
11-3051.00,Dependability,2.62
11-3051.00,Empathy,0.75
11-3051.00,Humility,0.47
11-3051.00,Initiative,2.0
11-3051.00,Innovation,1.36
11-3051.00,Integrity,1.96
11-3051.00,Intellectual Curiosity,1.26
11-3051.00,Leadership Orientation,2.74
11-3051.00,Optimism,0.9
11-3051.00,Perseverance,1.94
11-3051.00,Self-Confidence,1.87
11-3051.00,Self-Control,1.7
11-3051.00,Sincerity,0.94
11-3051.00,Social Orientation,1.29
11-3051.00,Stress Tolerance,1.99
11-3051.00,Tolerance for Ambiguity,1.14
11-3051.01,Achievement Orientation,2.14
11-3051.01,Adaptability,1.65
11-3051.01,Attention to Detail,3.0
11-3051.01,Cautiousness,2.74
11-3051.01,Cooperation,1.84
11-3051.01,Dependability,2.93
11-3051.01,Empathy,0.56
11-3051.01,Humility,0.5
11-3051.01,Initiative,1.86
11-3051.01,Innovation,1.23
11-3051.01,Integrity,2.55
11-3051.01,Intellectual Curiosity,2.08
11-3051.01,Leadership Orientation,2.43
11-3051.01,Optimism,0.28
11-3051.01,Perseverance,2.04
11-3051.01,Self-Confidence,1.76
11-3051.01,Self-Control,1.7
11-3051.01,Sincerity,1.28
11-3051.01,Social Orientation,1.13
11-3051.01,Stress Tolerance,1.8
11-3051.01,Tolerance for Ambiguity,0.22
11-3061.00,Achievement Orientation,1.98
11-3061.00,Adaptability,1.48
11-3061.00,Attention to Detail,2.44
11-3061.00,Cautiousness,2.06
11-3061.00,Cooperation,1.84
11-3061.00,Dependability,2.65
11-3061.00,Empathy,0.62
11-3061.00,Humility,0.24
11-3061.00,Initiative,1.66
11-3061.00,Innovation,1.02
11-3061.00,Integrity,2.4
11-3061.00,Intellectual Curiosity,1.2
11-3061.00,Leadership Orientation,2.37
11-3061.00,Optimism,0.66
11-3061.00,Perseverance,1.74
11-3061.00,Self-Confidence,2.12
11-3061.00,Self-Control,1.7
11-3061.00,Sincerity,0.92
11-3061.00,Social Orientation,1.65
11-3061.00,Stress Tolerance,1.35
11-3061.00,Tolerance for Ambiguity,1.2
11-3071.00,Achievement Orientation,2.11
11-3071.00,Adaptability,2.02
11-3071.00,Attention to Detail,2.37
11-3071.00,Cautiousness,1.99
11-3071.00,Cooperation,1.77
11-3071.00,Dependability,2.65
11-3071.00,Empathy,0.79
11-3071.00,Humility,0.47
11-3071.00,Initiative,2.03
11-3071.00,Innovation,1.25
11-3071.00,Integrity,2.43
11-3071.00,Intellectual Curiosity,1.17
11-3071.00,Leadership Orientation,2.58
11-3071.00,Optimism,0.69
11-3071.00,Perseverance,1.97
11-3071.00,Self-Confidence,1.83
11-3071.00,Self-Control,1.7
11-3071.00,Sincerity,0.78
11-3071.00,Social Orientation,1.24
11-3071.00,Stress Tolerance,1.86
11-3071.00,Tolerance for Ambiguity,1.33
11-3071.04,Achievement Orientation,2.14
11-3071.04,Adaptability,2.3
11-3071.04,Attention to Detail,2.44
11-3071.04,Cautiousness,1.82
11-3071.04,Cooperation,1.63
11-3071.04,Dependability,2.65
11-3071.04,Empathy,0.54
11-3071.04,Humility,0.56
11-3071.04,Initiative,2.03
11-3071.04,Innovation,1.72
11-3071.04,Integrity,2.17
11-3071.04,Intellectual Curiosity,1.48
11-3071.04,Leadership Orientation,2.25
11-3071.04,Optimism,0.64
11-3071.04,Perseverance,1.9
11-3071.04,Self-Confidence,1.76
11-3071.04,Self-Control,1.56
11-3071.04,Sincerity,0.72
11-3071.04,Social Orientation,1.27
11-3071.04,Stress Tolerance,1.8
11-3071.04,Tolerance for Ambiguity,1.49
11-3111.00,Achievement Orientation,1.8
11-3111.00,Adaptability,1.22
11-3111.00,Attention to Detail,2.63
11-3111.00,Cautiousness,2.06
11-3111.00,Cooperation,1.84
11-3111.00,Dependability,2.65
11-3111.00,Empathy,1.07
11-3111.00,Humility,0.58
11-3111.00,Initiative,1.69
11-3111.00,Innovation,1.02
11-3111.00,Integrity,2.43
11-3111.00,Intellectual Curiosity,1.68
11-3111.00,Leadership Orientation,2.07
11-3111.00,Optimism,0.66
11-3111.00,Perseverance,1.58
11-3111.00,Self-Confidence,1.76
11-3111.00,Self-Control,1.77
11-3111.00,Sincerity,1.19
11-3111.00,Social Orientation,1.49
11-3111.00,Stress Tolerance,1.49
11-3111.00,Tolerance for Ambiguity,1.2
11-3121.00,Achievement Orientation,1.86
11-3121.00,Adaptability,1.94
11-3121.00,Attention to Detail,2.14
11-3121.00,Cautiousness,1.63
11-3121.00,Cooperation,2.3
11-3121.00,Dependability,2.65
11-3121.00,Empathy,2.17
11-3121.00,Humility,1.22
11-3121.00,Initiative,1.93
11-3121.00,Innovation,0.99
11-3121.00,Integrity,2.93
11-3121.00,Intellectual Curiosity,1.2
11-3121.00,Leadership Orientation,2.46
11-3121.00,Optimism,1.29
11-3121.00,Perseverance,1.97
11-3121.00,Self-Confidence,1.83
11-3121.00,Self-Control,2.14
11-3121.00,Sincerity,1.9
11-3121.00,Social Orientation,2.31
11-3121.00,Stress Tolerance,2.1
11-3121.00,Tolerance for Ambiguity,1.47
11-3131.00,Achievement Orientation,2.14
11-3131.00,Adaptability,2.34
11-3131.00,Attention to Detail,2.02
11-3131.00,Cautiousness,0.9
11-3131.00,Cooperation,2.3
11-3131.00,Dependability,2.65
11-3131.00,Empathy,1.89
11-3131.00,Humility,1.03
11-3131.00,Initiative,2.03
11-3131.00,Innovation,2.42
11-3131.00,Integrity,1.89
11-3131.00,Intellectual Curiosity,2.2
11-3131.00,Leadership Orientation,2.4
11-3131.00,Optimism,1.78
11-3131.00,Perseverance,1.77
11-3131.00,Self-Confidence,1.73
11-3131.00,Self-Control,1.7
11-3131.00,Sincerity,1.6
11-3131.00,Social Orientation,2.24
11-3131.00,Stress Tolerance,1.38
11-3131.00,Tolerance for Ambiguity,1.43
11-9013.00,Achievement Orientation,2.01
11-9013.00,Adaptability,1.83
11-9013.00,Attention to Detail,2.05
11-9013.00,Cautiousness,1.47
11-9013.00,Cooperation,0.51
11-9013.00,Dependability,2.5
11-9013.00,Empathy,0.37
11-9013.00,Humility,0.53
11-9013.00,Initiative,1.89
11-9013.00,Innovation,1.36
11-9013.00,Integrity,1.63
11-9013.00,Intellectual Curiosity,1.02
11-9013.00,Leadership Orientation,2.68
11-9013.00,Optimism,1.01
11-9013.00,Perseverance,2.3
11-9013.00,Self-Confidence,1.76
11-9013.00,Self-Control,1.34
11-9013.00,Sincerity,0.72
11-9013.00,Social Orientation,0.65
11-9013.00,Stress Tolerance,1.73
11-9013.00,Tolerance for Ambiguity,1.49
11-9021.00,Achievement Orientation,2.14
11-9021.00,Adaptability,2.09
11-9021.00,Attention to Detail,2.28
11-9021.00,Cautiousness,2.14
11-9021.00,Cooperation,1.84
11-9021.00,Dependability,2.65
11-9021.00,Empathy,0.86
11-9021.00,Humility,0.47
11-9021.00,Initiative,2.03
11-9021.00,Innovation,1.28
11-9021.00,Integrity,2.32
11-9021.00,Intellectual Curiosity,1.11
11-9021.00,Leadership Orientation,2.68
11-9021.00,Optimism,0.98
11-9021.00,Perseverance,2.23
11-9021.00,Self-Confidence,2.05
11-9021.00,Self-Control,1.91
11-9021.00,Sincerity,0.96
11-9021.00,Social Orientation,1.61
11-9021.00,Stress Tolerance,2.21
11-9021.00,Tolerance for Ambiguity,1.37
11-9031.00,Achievement Orientation,1.92
11-9031.00,Adaptability,1.75
11-9031.00,Attention to Detail,1.92
11-9031.00,Cautiousness,1.86
11-9031.00,Cooperation,2.69
11-9031.00,Dependability,2.83
11-9031.00,Empathy,2.4
11-9031.00,Humility,1.09
11-9031.00,Initiative,1.79
11-9031.00,Innovation,1.3
11-9031.00,Integrity,2.43
11-9031.00,Intellectual Curiosity,1.2
11-9031.00,Leadership Orientation,2.43
11-9031.00,Optimism,2.35
11-9031.00,Perseverance,1.74
11-9031.00,Self-Confidence,1.7
11-9031.00,Self-Control,2.14
11-9031.00,Sincerity,2.14
11-9031.00,Social Orientation,2.33
11-9031.00,Stress Tolerance,1.99
11-9031.00,Tolerance for Ambiguity,1.33
11-9032.00,Achievement Orientation,2.14
11-9032.00,Adaptability,1.61
11-9032.00,Attention to Detail,1.89
11-9032.00,Cautiousness,1.59
11-9032.00,Cooperation,2.38
11-9032.00,Dependability,2.93
11-9032.00,Empathy,2.2
11-9032.00,Humility,0.58
11-9032.00,Initiative,2.03
11-9032.00,Innovation,1.6
11-9032.00,Integrity,2.51
11-9032.00,Intellectual Curiosity,2.08
11-9032.00,Leadership Orientation,3.0
11-9032.00,Optimism,1.86
11-9032.00,Perseverance,2.12
11-9032.00,Self-Confidence,2.24
11-9032.00,Self-Control,2.06
11-9032.00,Sincerity,1.9
11-9032.00,Social Orientation,2.33
11-9032.00,Stress Tolerance,2.21
11-9032.00,Tolerance for Ambiguity,1.56
11-9033.00,Achievement Orientation,2.28
11-9033.00,Adaptability,1.79
11-9033.00,Attention to Detail,1.92
11-9033.00,Cautiousness,1.38
11-9033.00,Cooperation,2.3
11-9033.00,Dependability,2.65
11-9033.00,Empathy,2.01
11-9033.00,Humility,0.5
11-9033.00,Initiative,2.03
11-9033.00,Innovation,1.58
11-9033.00,Integrity,2.43
11-9033.00,Intellectual Curiosity,2.2
11-9033.00,Leadership Orientation,2.87
11-9033.00,Optimism,1.56
11-9033.00,Perseverance,1.77
11-9033.00,Self-Confidence,2.05
11-9033.00,Self-Control,1.98
11-9033.00,Sincerity,1.52
11-9033.00,Social Orientation,2.33
11-9033.00,Stress Tolerance,1.8
11-9033.00,Tolerance for Ambiguity,1.6
11-9041.00,Achievement Orientation,2.17
11-9041.00,Adaptability,1.75
11-9041.00,Attention to Detail,2.25
11-9041.00,Cautiousness,2.06
11-9041.00,Cooperation,1.84
11-9041.00,Dependability,2.56
11-9041.00,Empathy,0.86
11-9041.00,Humility,0.32
11-9041.00,Initiative,2.03
11-9041.00,Innovation,2.33
11-9041.00,Integrity,2.21
11-9041.00,Intellectual Curiosity,2.24
11-9041.00,Leadership Orientation,2.61
11-9041.00,Optimism,0.9
11-9041.00,Perseverance,1.97
11-9041.00,Self-Confidence,2.16
11-9041.00,Self-Control,1.7
11-9041.00,Sincerity,1.0
11-9041.00,Social Orientation,1.74
11-9041.00,Stress Tolerance,1.8
11-9041.00,Tolerance for Ambiguity,1.51
11-9051.00,Achievement Orientation,1.77
11-9051.00,Adaptability,1.79
11-9051.00,Attention to Detail,2.19
11-9051.00,Cautiousness,1.59
11-9051.00,Cooperation,2.3
11-9051.00,Dependability,2.65
11-9051.00,Empathy,1.3
11-9051.00,Humility,0.7
11-9051.00,Initiative,1.75
11-9051.00,Innovation,0.97
11-9051.00,Integrity,1.76
11-9051.00,Intellectual Curiosity,0.67
11-9051.00,Leadership Orientation,2.49
11-9051.00,Optimism,1.36
11-9051.00,Perseverance,1.74
11-9051.00,Self-Confidence,1.7
11-9051.00,Self-Control,1.95
11-9051.00,Sincerity,1.11
11-9051.00,Social Orientation,2.11
11-9051.00,Stress Tolerance,2.03
11-9051.00,Tolerance for Ambiguity,0.97
11-9071.00,Achievement Orientation,1.77
11-9071.00,Adaptability,1.79
11-9071.00,Attention to Detail,2.41
11-9071.00,Cautiousness,1.63
11-9071.00,Cooperation,1.5
11-9071.00,Dependability,2.47
11-9071.00,Empathy,0.88
11-9071.00,Humility,-0.47
11-9071.00,Initiative,1.59
11-9071.00,Innovation,0.37
11-9071.00,Integrity,2.93
11-9071.00,Intellectual Curiosity,0.87
11-9071.00,Leadership Orientation,2.43
11-9071.00,Optimism,1.04
11-9071.00,Perseverance,1.46
11-9071.00,Self-Confidence,1.73
11-9071.00,Self-Control,2.26
11-9071.00,Sincerity,0.33
11-9071.00,Social Orientation,2.31
11-9071.00,Stress Tolerance,2.21
11-9071.00,Tolerance for Ambiguity,1.24
11-9072.00,Achievement Orientation,1.69
11-9072.00,Adaptability,1.94
11-9072.00,Attention to Detail,1.67
11-9072.00,Cautiousness,1.32
11-9072.00,Cooperation,2.3
11-9072.00,Dependability,2.56
11-9072.00,Empathy,1.43
11-9072.00,Humility,0.47
11-9072.00,Initiative,1.79
11-9072.00,Innovation,1.47
11-9072.00,Integrity,1.66
11-9072.00,Intellectual Curiosity,0.56
11-9072.00,Leadership Orientation,2.31
11-9072.00,Optimism,2.06
11-9072.00,Perseverance,1.74
11-9072.00,Self-Confidence,1.73
11-9072.00,Self-Control,1.84
11-9072.00,Sincerity,1.23
11-9072.00,Social Orientation,2.38
11-9072.00,Stress Tolerance,2.03
11-9072.00,Tolerance for Ambiguity,1.41
11-9081.00,Achievement Orientation,1.98
11-9081.00,Adaptability,1.83
11-9081.00,Attention to Detail,2.0
11-9081.00,Cautiousness,1.2
11-9081.00,Cooperation,2.43
11-9081.00,Dependability,2.62
11-9081.00,Empathy,1.62
11-9081.00,Humility,0.96
11-9081.00,Initiative,1.79
11-9081.00,Innovation,0.99
11-9081.00,Integrity,2.1
11-9081.00,Intellectual Curiosity,0.56
11-9081.00,Leadership Orientation,2.34
11-9081.00,Optimism,1.9
11-9081.00,Perseverance,1.8
11-9081.00,Self-Confidence,1.73
11-9081.00,Self-Control,2.06
11-9081.00,Sincerity,1.33
11-9081.00,Social Orientation,2.4
11-9081.00,Stress Tolerance,1.99
11-9081.00,Tolerance for Ambiguity,1.14
11-9111.00,Achievement Orientation,2.14
11-9111.00,Adaptability,2.3
11-9111.00,Attention to Detail,2.6
11-9111.00,Cautiousness,2.28
11-9111.00,Cooperation,2.43
11-9111.00,Dependability,2.93
11-9111.00,Empathy,1.83
11-9111.00,Humility,0.99
11-9111.00,Initiative,2.14
11-9111.00,Innovation,1.52
11-9111.00,Integrity,2.55
11-9111.00,Intellectual Curiosity,2.04
11-9111.00,Leadership Orientation,2.74
11-9111.00,Optimism,1.16
11-9111.00,Perseverance,1.97
11-9111.00,Self-Confidence,2.01
11-9111.00,Self-Control,2.18
11-9111.00,Sincerity,1.49
11-9111.00,Social Orientation,2.22
11-9111.00,Stress Tolerance,2.24
11-9111.00,Tolerance for Ambiguity,1.64
11-9121.00,Achievement Orientation,2.35
11-9121.00,Adaptability,2.09
11-9121.00,Attention to Detail,2.22
11-9121.00,Cautiousness,1.63
11-9121.00,Cooperation,2.07
11-9121.00,Dependability,2.62
11-9121.00,Empathy,0.86
11-9121.00,Humility,0.34
11-9121.00,Initiative,2.03
11-9121.00,Innovation,2.51
11-9121.00,Integrity,2.17
11-9121.00,Intellectual Curiosity,2.72
11-9121.00,Leadership Orientation,2.71
11-9121.00,Optimism,0.84
11-9121.00,Perseverance,2.15
11-9121.00,Self-Confidence,1.98
11-9121.00,Self-Control,1.7
11-9121.00,Sincerity,0.96
11-9121.00,Social Orientation,1.65
11-9121.00,Stress Tolerance,1.8
11-9121.00,Tolerance for Ambiguity,1.87
11-9121.01,Achievement Orientation,2.11
11-9121.01,Adaptability,2.09
11-9121.01,Attention to Detail,2.77
11-9121.01,Cautiousness,2.35
11-9121.01,Cooperation,2.34
11-9121.01,Dependability,2.65
11-9121.01,Empathy,1.77
11-9121.01,Humility,1.12
11-9121.01,Initiative,1.53
11-9121.01,Innovation,1.23
11-9121.01,Integrity,2.4
11-9121.01,Intellectual Curiosity,2.12
11-9121.01,Leadership Orientation,1.78
11-9121.01,Optimism,1.04
11-9121.01,Perseverance,2.01
11-9121.01,Self-Confidence,1.57
11-9121.01,Self-Control,1.7
11-9121.01,Sincerity,1.75
11-9121.01,Social Orientation,1.79
11-9121.01,Stress Tolerance,1.99
11-9121.01,Tolerance for Ambiguity,1.58
11-9131.00,Achievement Orientation,1.77
11-9131.00,Adaptability,1.0
11-9131.00,Attention to Detail,2.14
11-9131.00,Cautiousness,1.79
11-9131.00,Cooperation,1.84
11-9131.00,Dependability,2.65
11-9131.00,Empathy,1.07
11-9131.00,Humility,0.7
11-9131.00,Initiative,1.41
11-9131.00,Innovation,0.26
11-9131.00,Integrity,2.28
11-9131.00,Intellectual Curiosity,0.33
11-9131.00,Leadership Orientation,2.87
11-9131.00,Optimism,1.1
11-9131.00,Perseverance,1.64
11-9131.00,Self-Confidence,1.63
11-9131.00,Self-Control,1.98
11-9131.00,Sincerity,1.07
11-9131.00,Social Orientation,1.52
11-9131.00,Stress Tolerance,1.27
11-9131.00,Tolerance for Ambiguity,0.6
11-9141.00,Achievement Orientation,1.77
11-9141.00,Adaptability,1.48
11-9141.00,Attention to Detail,2.31
11-9141.00,Cautiousness,1.63
11-9141.00,Cooperation,1.84
11-9141.00,Dependability,2.65
11-9141.00,Empathy,1.0
11-9141.00,Humility,0.47
11-9141.00,Initiative,1.82
11-9141.00,Innovation,0.87
11-9141.00,Integrity,2.1
11-9141.00,Intellectual Curiosity,0.87
11-9141.00,Leadership Orientation,2.34
11-9141.00,Optimism,1.01
11-9141.00,Perseverance,1.74
11-9141.00,Self-Confidence,1.94
11-9141.00,Self-Control,1.77
11-9141.00,Sincerity,1.0
11-9141.00,Social Orientation,2.01
11-9141.00,Stress Tolerance,1.8
11-9141.00,Tolerance for Ambiguity,1.2
11-9151.00,Achievement Orientation,2.11
11-9151.00,Adaptability,2.09
11-9151.00,Attention to Detail,1.71
11-9151.00,Cautiousness,1.41
11-9151.00,Cooperation,2.43
11-9151.00,Dependability,2.65
11-9151.00,Empathy,2.33
11-9151.00,Humility,1.19
11-9151.00,Initiative,1.93
11-9151.00,Innovation,1.33
11-9151.00,Integrity,2.32
11-9151.00,Intellectual Curiosity,1.32
11-9151.00,Leadership Orientation,2.61
11-9151.00,Optimism,2.18
11-9151.00,Perseverance,1.97
11-9151.00,Self-Confidence,1.76
11-9151.00,Self-Control,2.06
11-9151.00,Sincerity,2.2
11-9151.00,Social Orientation,2.38
11-9151.00,Stress Tolerance,1.99
11-9151.00,Tolerance for Ambiguity,1.51
11-9161.00,Achievement Orientation,2.17
11-9161.00,Adaptability,2.74
11-9161.00,Attention to Detail,2.5
11-9161.00,Cautiousness,2.47
11-9161.00,Cooperation,2.43
11-9161.00,Dependability,2.93
11-9161.00,Empathy,1.54
11-9161.00,Humility,0.55
11-9161.00,Initiative,2.34
11-9161.00,Innovation,1.72
11-9161.00,Integrity,2.93
11-9161.00,Intellectual Curiosity,2.16
11-9161.00,Leadership Orientation,2.68
11-9161.00,Optimism,1.01
11-9161.00,Perseverance,2.34
11-9161.00,Self-Confidence,2.32
11-9161.00,Self-Control,2.63
11-9161.00,Sincerity,1.81
11-9161.00,Social Orientation,2.13
11-9161.00,Stress Tolerance,3.0
11-9161.00,Tolerance for Ambiguity,2.08
11-9171.00,Achievement Orientation,1.66
11-9171.00,Adaptability,1.6
11-9171.00,Attention to Detail,2.37
11-9171.00,Cautiousness,2.06
11-9171.00,Cooperation,2.55
11-9171.00,Dependability,2.65
11-9171.00,Empathy,2.64
11-9171.00,Humility,2.05
11-9171.00,Initiative,1.72
11-9171.00,Innovation,0.77
11-9171.00,Integrity,2.51
11-9171.00,Intellectual Curiosity,0.53
11-9171.00,Leadership Orientation,2.31
11-9171.00,Optimism,0.87
11-9171.00,Perseverance,2.01
11-9171.00,Self-Confidence,1.66
11-9171.00,Self-Control,2.42
11-9171.00,Sincerity,2.53
11-9171.00,Social Orientation,2.24
11-9171.00,Stress Tolerance,2.21
11-9171.00,Tolerance for Ambiguity,1.14
11-9179.01,Achievement Orientation,1.83
11-9179.01,Adaptability,1.79
11-9179.01,Attention to Detail,1.76
11-9179.01,Cautiousness,0.79
11-9179.01,Cooperation,2.3
11-9179.01,Dependability,2.5
11-9179.01,Empathy,1.59
11-9179.01,Humility,0.87
11-9179.01,Initiative,1.93
11-9179.01,Innovation,1.47
11-9179.01,Integrity,1.73
11-9179.01,Intellectual Curiosity,0.94
11-9179.01,Leadership Orientation,2.25
11-9179.01,Optimism,2.02
11-9179.01,Perseverance,1.77
11-9179.01,Self-Confidence,1.8
11-9179.01,Self-Control,1.7
11-9179.01,Sincerity,1.39
11-9179.01,Social Orientation,2.33
11-9179.01,Stress Tolerance,1.46
11-9179.01,Tolerance for Ambiguity,0.89
11-9179.02,Achievement Orientation,1.98
11-9179.02,Adaptability,1.68
11-9179.02,Attention to Detail,1.97
11-9179.02,Cautiousness,1.09
11-9179.02,Cooperation,2.22
11-9179.02,Dependability,2.53
11-9179.02,Empathy,1.59
11-9179.02,Humility,0.99
11-9179.02,Initiative,1.79
11-9179.02,Innovation,1.23
11-9179.02,Integrity,1.79
11-9179.02,Intellectual Curiosity,0.76
11-9179.02,Leadership Orientation,2.34
11-9179.02,Optimism,1.9
11-9179.02,Perseverance,1.67
11-9179.02,Self-Confidence,1.7
11-9179.02,Self-Control,1.95
11-9179.02,Sincerity,1.44
11-9179.02,Social Orientation,2.38
11-9179.02,Stress Tolerance,1.58
11-9179.02,Tolerance for Ambiguity,1.1
11-9199.01,Achievement Orientation,2.17
11-9199.01,Adaptability,1.75
11-9199.01,Attention to Detail,3.0
11-9199.01,Cautiousness,2.74
11-9199.01,Cooperation,1.63
11-9199.01,Dependability,2.93
11-9199.01,Empathy,0.45
11-9199.01,Humility,0.67
11-9199.01,Initiative,1.82
11-9199.01,Innovation,0.87
11-9199.01,Integrity,2.93
11-9199.01,Intellectual Curiosity,2.24
11-9199.01,Leadership Orientation,2.31
11-9199.01,Optimism,0.69
11-9199.01,Perseverance,1.97
11-9199.01,Self-Confidence,1.73
11-9199.01,Self-Control,1.84
11-9199.01,Sincerity,1.26
11-9199.01,Social Orientation,1.18
11-9199.01,Stress Tolerance,1.8
11-9199.01,Tolerance for Ambiguity,1.31
11-9199.08,Achievement Orientation,2.04
11-9199.08,Adaptability,1.54
11-9199.08,Attention to Detail,2.74
11-9199.08,Cautiousness,2.74
11-9199.08,Cooperation,0.75
11-9199.08,Dependability,2.93
11-9199.08,Empathy,0.35
11-9199.08,Humility,-0.32
11-9199.08,Initiative,1.82
11-9199.08,Innovation,0.75
11-9199.08,Integrity,2.93
11-9199.08,Intellectual Curiosity,1.17
11-9199.08,Leadership Orientation,2.49
11-9199.08,Optimism,0.32
11-9199.08,Perseverance,2.15
11-9199.08,Self-Confidence,1.76
11-9199.08,Self-Control,2.42
11-9199.08,Sincerity,0.44
11-9199.08,Social Orientation,1.09
11-9199.08,Stress Tolerance,2.24
11-9199.08,Tolerance for Ambiguity,1.16
13-1011.00,Achievement Orientation,2.21
13-1011.00,Adaptability,2.09
13-1011.00,Attention to Detail,2.02
13-1011.00,Cautiousness,-0.06
13-1011.00,Cooperation,1.7
13-1011.00,Dependability,2.25
13-1011.00,Empathy,1.48
13-1011.00,Humility,-0.8
13-1011.00,Initiative,2.07
13-1011.00,Innovation,1.39
13-1011.00,Integrity,2.06
13-1011.00,Intellectual Curiosity,1.17
13-1011.00,Leadership Orientation,2.25
13-1011.00,Optimism,1.74
13-1011.00,Perseverance,2.3
13-1011.00,Self-Confidence,2.32
13-1011.00,Self-Control,1.8
13-1011.00,Sincerity,0.57
13-1011.00,Social Orientation,2.54
13-1011.00,Stress Tolerance,1.83
13-1011.00,Tolerance for Ambiguity,1.76
13-1021.00,Achievement Orientation,1.69
13-1021.00,Adaptability,1.26
13-1021.00,Attention to Detail,2.22
13-1021.00,Cautiousness,1.56
13-1021.00,Cooperation,1.08
13-1021.00,Dependability,2.41
13-1021.00,Empathy,0.47
13-1021.00,Humility,0.7
13-1021.00,Initiative,1.44
13-1021.00,Innovation,0.67
13-1021.00,Integrity,2.03
13-1021.00,Intellectual Curiosity,0.84
13-1021.00,Leadership Orientation,1.29
13-1021.00,Optimism,0.66
13-1021.00,Perseverance,1.64
13-1021.00,Self-Confidence,1.94
13-1021.00,Self-Control,1.34
13-1021.00,Sincerity,1.02
13-1021.00,Social Orientation,1.58
13-1021.00,Stress Tolerance,1.16
13-1021.00,Tolerance for Ambiguity,1.35
13-1022.00,Achievement Orientation,1.86
13-1022.00,Adaptability,1.72
13-1022.00,Attention to Detail,2.28
13-1022.00,Cautiousness,1.5
13-1022.00,Cooperation,1.31
13-1022.00,Dependability,2.14
13-1022.00,Empathy,0.64
13-1022.00,Humility,-0.25
13-1022.00,Initiative,1.53
13-1022.00,Innovation,1.28
13-1022.00,Integrity,1.79
13-1022.00,Intellectual Curiosity,1.23
13-1022.00,Leadership Orientation,1.37
13-1022.00,Optimism,0.76
13-1022.00,Perseverance,1.77
13-1022.00,Self-Confidence,1.98
13-1022.00,Self-Control,1.31
13-1022.00,Sincerity,0.86
13-1022.00,Social Orientation,1.83
13-1022.00,Stress Tolerance,1.38
13-1022.00,Tolerance for Ambiguity,1.24
13-1023.00,Achievement Orientation,1.77
13-1023.00,Adaptability,1.35
13-1023.00,Attention to Detail,2.37
13-1023.00,Cautiousness,1.56
13-1023.00,Cooperation,1.63
13-1023.00,Dependability,2.59
13-1023.00,Empathy,0.62
13-1023.00,Humility,0.5
13-1023.00,Initiative,1.59
13-1023.00,Innovation,0.82
13-1023.00,Integrity,2.28
13-1023.00,Intellectual Curiosity,1.41
13-1023.00,Leadership Orientation,1.26
13-1023.00,Optimism,0.52
13-1023.00,Perseverance,1.74
13-1023.00,Self-Confidence,2.01
13-1023.00,Self-Control,1.31
13-1023.00,Sincerity,0.86
13-1023.00,Social Orientation,1.4
13-1023.00,Stress Tolerance,1.32
13-1023.00,Tolerance for Ambiguity,1.1
13-1031.00,Achievement Orientation,1.71
13-1031.00,Adaptability,1.26
13-1031.00,Attention to Detail,2.67
13-1031.00,Cautiousness,2.35
13-1031.00,Cooperation,1.38
13-1031.00,Dependability,2.53
13-1031.00,Empathy,1.17
13-1031.00,Humility,0.53
13-1031.00,Initiative,1.38
13-1031.00,Innovation,0.02
13-1031.00,Integrity,2.51
13-1031.00,Intellectual Curiosity,1.35
13-1031.00,Leadership Orientation,0.66
13-1031.00,Optimism,0.38
13-1031.00,Perseverance,1.8
13-1031.00,Self-Confidence,1.66
13-1031.00,Self-Control,1.8
13-1031.00,Sincerity,0.96
13-1031.00,Social Orientation,1.33
13-1031.00,Stress Tolerance,1.8
13-1031.00,Tolerance for Ambiguity,1.31
13-1032.00,Achievement Orientation,1.3
13-1032.00,Adaptability,0.86
13-1032.00,Attention to Detail,2.53
13-1032.00,Cautiousness,2.03
13-1032.00,Cooperation,1.2
13-1032.00,Dependability,2.06
13-1032.00,Empathy,0.3
13-1032.00,Humility,0.67
13-1032.00,Initiative,0.49
13-1032.00,Innovation,-0.12
13-1032.00,Integrity,2.13
13-1032.00,Intellectual Curiosity,0.76
13-1032.00,Leadership Orientation,0.43
13-1032.00,Optimism,0.01
13-1032.00,Perseverance,1.4
13-1032.00,Self-Confidence,1.54
13-1032.00,Self-Control,1.5
13-1032.00,Sincerity,0.76
13-1032.00,Social Orientation,1.24
13-1032.00,Stress Tolerance,1.38
13-1032.00,Tolerance for Ambiguity,0.74
13-1041.00,Achievement Orientation,1.09
13-1041.00,Adaptability,0.5
13-1041.00,Attention to Detail,2.57
13-1041.00,Cautiousness,2.24
13-1041.00,Cooperation,1.41
13-1041.00,Dependability,2.59
13-1041.00,Empathy,0.62
13-1041.00,Humility,0.64
13-1041.00,Initiative,0.65
13-1041.00,Innovation,-0.59
13-1041.00,Integrity,2.93
13-1041.00,Intellectual Curiosity,0.87
13-1041.00,Leadership Orientation,0.98
13-1041.00,Optimism,0.38
13-1041.00,Perseverance,1.46
13-1041.00,Self-Confidence,1.21
13-1041.00,Self-Control,1.84
13-1041.00,Sincerity,1.28
13-1041.00,Social Orientation,1.09
13-1041.00,Stress Tolerance,1.43
13-1041.00,Tolerance for Ambiguity,0.44
13-1041.04,Achievement Orientation,1.47
13-1041.04,Adaptability,0.97
13-1041.04,Attention to Detail,2.74
13-1041.04,Cautiousness,2.1
13-1041.04,Cooperation,0.75
13-1041.04,Dependability,2.59
13-1041.04,Empathy,0.16
13-1041.04,Humility,0.42
13-1041.04,Initiative,1.15
13-1041.04,Innovation,-0.16
13-1041.04,Integrity,2.93
13-1041.04,Intellectual Curiosity,1.14
13-1041.04,Leadership Orientation,0.98
13-1041.04,Optimism,0.24
13-1041.04,Perseverance,1.55
13-1041.04,Self-Confidence,1.35
13-1041.04,Self-Control,1.31
13-1041.04,Sincerity,0.25
13-1041.04,Social Orientation,0.77
13-1041.04,Stress Tolerance,1.22
13-1041.04,Tolerance for Ambiguity,-0.27
13-1041.06,Achievement Orientation,1.74
13-1041.06,Adaptability,1.08
13-1041.06,Attention to Detail,3.0
13-1041.06,Cautiousness,2.54
13-1041.06,Cooperation,1.14
13-1041.06,Dependability,2.74
13-1041.06,Empathy,0.93
13-1041.06,Humility,0.93
13-1041.06,Initiative,1.21
13-1041.06,Innovation,-0.22
13-1041.06,Integrity,2.93
13-1041.06,Intellectual Curiosity,2.04
13-1041.06,Leadership Orientation,1.89
13-1041.06,Optimism,0.18
13-1041.06,Perseverance,1.97
13-1041.06,Self-Confidence,1.73
13-1041.06,Self-Control,2.38
13-1041.06,Sincerity,1.39
13-1041.06,Social Orientation,0.29
13-1041.06,Stress Tolerance,2.59
13-1041.06,Tolerance for Ambiguity,1.51
13-1041.07,Achievement Orientation,1.8
13-1041.07,Adaptability,1.22
13-1041.07,Attention to Detail,3.0
13-1041.07,Cautiousness,2.62
13-1041.07,Cooperation,1.67
13-1041.07,Dependability,2.65
13-1041.07,Empathy,0.34
13-1041.07,Humility,0.61
13-1041.07,Initiative,1.44
13-1041.07,Innovation,0.24
13-1041.07,Integrity,2.55
13-1041.07,Intellectual Curiosity,2.2
13-1041.07,Leadership Orientation,0.88
13-1041.07,Optimism,0.28
13-1041.07,Perseverance,1.61
13-1041.07,Self-Confidence,1.44
13-1041.07,Self-Control,1.37
13-1041.07,Sincerity,0.98
13-1041.07,Social Orientation,0.88
13-1041.07,Stress Tolerance,1.43
13-1041.07,Tolerance for Ambiguity,0.4
13-1041.08,Achievement Orientation,1.66
13-1041.08,Adaptability,1.38
13-1041.08,Attention to Detail,2.67
13-1041.08,Cautiousness,2.39
13-1041.08,Cooperation,1.63
13-1041.08,Dependability,2.65
13-1041.08,Empathy,0.28
13-1041.08,Humility,0.47
13-1041.08,Initiative,1.47
13-1041.08,Innovation,-0.1
13-1041.08,Integrity,2.72
13-1041.08,Intellectual Curiosity,1.41
13-1041.08,Leadership Orientation,0.71
13-1041.08,Optimism,0.45
13-1041.08,Perseverance,1.77
13-1041.08,Self-Confidence,1.6
13-1041.08,Self-Control,1.22
13-1041.08,Sincerity,1.07
13-1041.08,Social Orientation,1.2
13-1041.08,Stress Tolerance,1.55
13-1041.08,Tolerance for Ambiguity,1.1
13-1051.00,Achievement Orientation,1.6
13-1051.00,Adaptability,1.26
13-1051.00,Attention to Detail,2.77
13-1051.00,Cautiousness,2.06
13-1051.00,Cooperation,1.26
13-1051.00,Dependability,2.59
13-1051.00,Empathy,-0.08
13-1051.00,Humility,0.34
13-1051.00,Initiative,1.38
13-1051.00,Innovation,0.94
13-1051.00,Integrity,2.17
13-1051.00,Intellectual Curiosity,1.44
13-1051.00,Leadership Orientation,0.98
13-1051.00,Optimism,0.06
13-1051.00,Perseverance,1.83
13-1051.00,Self-Confidence,1.73
13-1051.00,Self-Control,1.22
13-1051.00,Sincerity,0.53
13-1051.00,Social Orientation,1.2
13-1051.00,Stress Tolerance,1.49
13-1051.00,Tolerance for Ambiguity,0.41
13-1071.00,Achievement Orientation,1.4
13-1071.00,Adaptability,1.41
13-1071.00,Attention to Detail,2.28
13-1071.00,Cautiousness,1.56
13-1071.00,Cooperation,2.3
13-1071.00,Dependability,2.59
13-1071.00,Empathy,1.92
13-1071.00,Humility,1.15
13-1071.00,Initiative,1.62
13-1071.00,Innovation,0.89
13-1071.00,Integrity,2.43
13-1071.00,Intellectual Curiosity,1.23
13-1071.00,Leadership Orientation,1.11
13-1071.00,Optimism,1.42
13-1071.00,Perseverance,1.34
13-1071.00,Self-Confidence,1.44
13-1071.00,Self-Control,1.8
13-1071.00,Sincerity,1.66
13-1071.00,Social Orientation,2.26
13-1071.00,Stress Tolerance,1.43
13-1071.00,Tolerance for Ambiguity,0.99
13-1074.00,Achievement Orientation,0.99
13-1074.00,Adaptability,1.08
13-1074.00,Attention to Detail,1.55
13-1074.00,Cautiousness,0.57
13-1074.00,Cooperation,1.44
13-1074.00,Dependability,2.3
13-1074.00,Empathy,1.19
13-1074.00,Humility,1.15
13-1074.00,Initiative,1.26
13-1074.00,Innovation,0.04
13-1074.00,Integrity,1.51
13-1074.00,Intellectual Curiosity,0.15
13-1074.00,Leadership Orientation,2.46
13-1074.00,Optimism,1.01
13-1074.00,Perseverance,1.4
13-1074.00,Self-Confidence,1.29
13-1074.00,Self-Control,1.5
13-1074.00,Sincerity,1.02
13-1074.00,Social Orientation,1.38
13-1074.00,Stress Tolerance,1.58
13-1074.00,Tolerance for Ambiguity,0.14
13-1075.00,Achievement Orientation,1.66
13-1075.00,Adaptability,1.61
13-1075.00,Attention to Detail,2.14
13-1075.00,Cautiousness,1.44
13-1075.00,Cooperation,1.84
13-1075.00,Dependability,2.41
13-1075.00,Empathy,1.83
13-1075.00,Humility,0.47
13-1075.00,Initiative,1.5
13-1075.00,Innovation,0.65
13-1075.00,Integrity,2.43
13-1075.00,Intellectual Curiosity,1.17
13-1075.00,Leadership Orientation,1.72
13-1075.00,Optimism,0.71
13-1075.00,Perseverance,2.08
13-1075.00,Self-Confidence,2.05
13-1075.00,Self-Control,2.42
13-1075.00,Sincerity,1.09
13-1075.00,Social Orientation,2.22
13-1075.00,Stress Tolerance,2.21
13-1075.00,Tolerance for Ambiguity,1.53
13-1081.00,Achievement Orientation,2.01
13-1081.00,Adaptability,1.75
13-1081.00,Attention to Detail,2.57
13-1081.00,Cautiousness,1.86
13-1081.00,Cooperation,2.1
13-1081.00,Dependability,2.65
13-1081.00,Empathy,1.0
13-1081.00,Humility,0.75
13-1081.00,Initiative,1.75
13-1081.00,Innovation,1.3
13-1081.00,Integrity,2.1
13-1081.00,Intellectual Curiosity,1.35
13-1081.00,Leadership Orientation,1.95
13-1081.00,Optimism,0.93
13-1081.00,Perseverance,1.8
13-1081.00,Self-Confidence,1.63
13-1081.00,Self-Control,1.7
13-1081.00,Sincerity,1.02
13-1081.00,Social Orientation,1.52
13-1081.00,Stress Tolerance,1.8
13-1081.00,Tolerance for Ambiguity,1.29
13-1081.01,Achievement Orientation,2.01
13-1081.01,Adaptability,1.98
13-1081.01,Attention to Detail,2.57
13-1081.01,Cautiousness,1.82
13-1081.01,Cooperation,1.06
13-1081.01,Dependability,2.47
13-1081.01,Empathy,0.12
13-1081.01,Humility,0.24
13-1081.01,Initiative,1.66
13-1081.01,Innovation,2.3
13-1081.01,Integrity,1.76
13-1081.01,Intellectual Curiosity,2.16
13-1081.01,Leadership Orientation,1.16
13-1081.01,Optimism,0.36
13-1081.01,Perseverance,1.74
13-1081.01,Self-Confidence,1.57
13-1081.01,Self-Control,0.85
13-1081.01,Sincerity,0.53
13-1081.01,Social Orientation,0.59
13-1081.01,Stress Tolerance,1.14
13-1081.01,Tolerance for Ambiguity,1.6
13-1081.02,Achievement Orientation,1.74
13-1081.02,Adaptability,1.61
13-1081.02,Attention to Detail,2.57
13-1081.02,Cautiousness,1.82
13-1081.02,Cooperation,0.9
13-1081.02,Dependability,2.47
13-1081.02,Empathy,0.1
13-1081.02,Humility,0.34
13-1081.02,Initiative,1.18
13-1081.02,Innovation,1.2
13-1081.02,Integrity,1.73
13-1081.02,Intellectual Curiosity,1.64
13-1081.02,Leadership Orientation,0.69
13-1081.02,Optimism,0.24
13-1081.02,Perseverance,1.46
13-1081.02,Self-Confidence,1.07
13-1081.02,Self-Control,1.14
13-1081.02,Sincerity,0.5
13-1081.02,Social Orientation,0.54
13-1081.02,Stress Tolerance,1.24
13-1081.02,Tolerance for Ambiguity,1.14
13-1082.00,Achievement Orientation,2.21
13-1082.00,Adaptability,2.09
13-1082.00,Attention to Detail,2.53
13-1082.00,Cautiousness,1.82
13-1082.00,Cooperation,2.3
13-1082.00,Dependability,2.74
13-1082.00,Empathy,1.22
13-1082.00,Humility,0.53
13-1082.00,Initiative,2.0
13-1082.00,Innovation,1.47
13-1082.00,Integrity,2.17
13-1082.00,Intellectual Curiosity,1.44
13-1082.00,Leadership Orientation,2.55
13-1082.00,Optimism,1.23
13-1082.00,Perseverance,2.3
13-1082.00,Self-Confidence,2.09
13-1082.00,Self-Control,2.06
13-1082.00,Sincerity,1.07
13-1082.00,Social Orientation,2.11
13-1082.00,Stress Tolerance,2.21
13-1082.00,Tolerance for Ambiguity,1.78
13-1111.00,Achievement Orientation,2.28
13-1111.00,Adaptability,2.05
13-1111.00,Attention to Detail,2.6
13-1111.00,Cautiousness,1.53
13-1111.00,Cooperation,1.63
13-1111.00,Dependability,2.2
13-1111.00,Empathy,1.0
13-1111.00,Humility,0.61
13-1111.00,Initiative,2.03
13-1111.00,Innovation,2.24
13-1111.00,Integrity,2.32
13-1111.00,Intellectual Curiosity,2.2
13-1111.00,Leadership Orientation,1.78
13-1111.00,Optimism,0.66
13-1111.00,Perseverance,1.8
13-1111.00,Self-Confidence,1.8
13-1111.00,Self-Control,1.5
13-1111.00,Sincerity,1.05
13-1111.00,Social Orientation,1.83
13-1111.00,Stress Tolerance,1.64
13-1111.00,Tolerance for Ambiguity,1.81
13-1121.00,Achievement Orientation,2.04
13-1121.00,Adaptability,2.3
13-1121.00,Attention to Detail,2.74
13-1121.00,Cautiousness,1.56
13-1121.00,Cooperation,2.3
13-1121.00,Dependability,2.93
13-1121.00,Empathy,1.38
13-1121.00,Humility,0.5
13-1121.00,Initiative,2.0
13-1121.00,Innovation,1.2
13-1121.00,Integrity,1.76
13-1121.00,Intellectual Curiosity,1.11
13-1121.00,Leadership Orientation,1.95
13-1121.00,Optimism,1.78
13-1121.00,Perseverance,1.8
13-1121.00,Self-Confidence,1.8
13-1121.00,Self-Control,2.06
13-1121.00,Sincerity,1.07
13-1121.00,Social Orientation,2.33
13-1121.00,Stress Tolerance,2.1
13-1121.00,Tolerance for Ambiguity,1.26
13-1131.00,Achievement Orientation,2.79
13-1131.00,Adaptability,1.68
13-1131.00,Attention to Detail,1.71
13-1131.00,Cautiousness,0.13
13-1131.00,Cooperation,2.34
13-1131.00,Dependability,2.41
13-1131.00,Empathy,2.01
13-1131.00,Humility,0.34
13-1131.00,Initiative,2.18
13-1131.00,Innovation,1.25
13-1131.00,Integrity,2.36
13-1131.00,Intellectual Curiosity,1.17
13-1131.00,Leadership Orientation,2.16
13-1131.00,Optimism,2.49
13-1131.00,Perseverance,2.19
13-1131.00,Self-Confidence,1.7
13-1131.00,Self-Control,1.7
13-1131.00,Sincerity,2.03
13-1131.00,Social Orientation,2.81
13-1131.00,Stress Tolerance,1.52
13-1131.00,Tolerance for Ambiguity,1.47
13-1141.00,Achievement Orientation,1.77
13-1141.00,Adaptability,1.26
13-1141.00,Attention to Detail,2.77
13-1141.00,Cautiousness,1.93
13-1141.00,Cooperation,1.63
13-1141.00,Dependability,2.47
13-1141.00,Empathy,0.86
13-1141.00,Humility,0.5
13-1141.00,Initiative,1.15
13-1141.00,Innovation,0.75
13-1141.00,Integrity,2.1
13-1141.00,Intellectual Curiosity,1.64
13-1141.00,Leadership Orientation,0.9
13-1141.00,Optimism,0.43
13-1141.00,Perseverance,1.0
13-1141.00,Self-Confidence,1.26
13-1141.00,Self-Control,1.37
13-1141.00,Sincerity,1.02
13-1141.00,Social Orientation,1.27
13-1141.00,Stress Tolerance,0.95
13-1141.00,Tolerance for Ambiguity,0.85
13-1151.00,Achievement Orientation,2.04
13-1151.00,Adaptability,2.26
13-1151.00,Attention to Detail,1.92
13-1151.00,Cautiousness,0.69
13-1151.00,Cooperation,2.3
13-1151.00,Dependability,2.39
13-1151.00,Empathy,1.89
13-1151.00,Humility,1.06
13-1151.00,Initiative,1.93
13-1151.00,Innovation,2.3
13-1151.00,Integrity,1.7
13-1151.00,Intellectual Curiosity,2.16
13-1151.00,Leadership Orientation,1.81
13-1151.00,Optimism,1.9
13-1151.00,Perseverance,1.67
13-1151.00,Self-Confidence,1.76
13-1151.00,Self-Control,1.7
13-1151.00,Sincerity,1.55
13-1151.00,Social Orientation,2.36
13-1151.00,Stress Tolerance,1.24
13-1151.00,Tolerance for Ambiguity,1.33
13-1161.00,Achievement Orientation,2.01
13-1161.00,Adaptability,1.83
13-1161.00,Attention to Detail,2.31
13-1161.00,Cautiousness,0.92
13-1161.00,Cooperation,1.38
13-1161.00,Dependability,1.98
13-1161.00,Empathy,0.84
13-1161.00,Humility,0.22
13-1161.00,Initiative,1.53
13-1161.00,Innovation,1.94
13-1161.00,Integrity,1.48
13-1161.00,Intellectual Curiosity,2.16
13-1161.00,Leadership Orientation,0.93
13-1161.00,Optimism,0.56
13-1161.00,Perseverance,1.64
13-1161.00,Self-Confidence,1.32
13-1161.00,Self-Control,1.03
13-1161.00,Sincerity,0.72
13-1161.00,Social Orientation,1.56
13-1161.00,Stress Tolerance,1.09
13-1161.00,Tolerance for Ambiguity,1.64
13-1161.01,Achievement Orientation,2.14
13-1161.01,Adaptability,2.26
13-1161.01,Attention to Detail,2.37
13-1161.01,Cautiousness,0.67
13-1161.01,Cooperation,1.57
13-1161.01,Dependability,2.01
13-1161.01,Empathy,0.28
13-1161.01,Humility,-0.32
13-1161.01,Initiative,1.96
13-1161.01,Innovation,2.27
13-1161.01,Integrity,1.45
13-1161.01,Intellectual Curiosity,2.12
13-1161.01,Leadership Orientation,1.06
13-1161.01,Optimism,0.64
13-1161.01,Perseverance,1.74
13-1161.01,Self-Confidence,1.7
13-1161.01,Self-Control,0.75
13-1161.01,Sincerity,0.58
13-1161.01,Social Orientation,1.21
13-1161.01,Stress Tolerance,1.24
13-1161.01,Tolerance for Ambiguity,1.78
13-1199.04,Achievement Orientation,2.14
13-1199.04,Adaptability,2.42
13-1199.04,Attention to Detail,2.77
13-1199.04,Cautiousness,2.74
13-1199.04,Cooperation,1.63
13-1199.04,Dependability,2.93
13-1199.04,Empathy,0.47
13-1199.04,Humility,0.5
13-1199.04,Initiative,2.03
13-1199.04,Innovation,1.6
13-1199.04,Integrity,2.32
13-1199.04,Intellectual Curiosity,2.2
13-1199.04,Leadership Orientation,2.01
13-1199.04,Optimism,0.54
13-1199.04,Perseverance,2.12
13-1199.04,Self-Confidence,1.7
13-1199.04,Self-Control,1.8
13-1199.04,Sincerity,0.82
13-1199.04,Social Orientation,1.13
13-1199.04,Stress Tolerance,2.21
13-1199.04,Tolerance for Ambiguity,1.91
13-1199.06,Achievement Orientation,1.98
13-1199.06,Adaptability,1.79
13-1199.06,Attention to Detail,2.22
13-1199.06,Cautiousness,0.79
13-1199.06,Cooperation,0.95
13-1199.06,Dependability,2.41
13-1199.06,Empathy,0.82
13-1199.06,Humility,-0.2
13-1199.06,Initiative,1.79
13-1199.06,Innovation,1.39
13-1199.06,Integrity,1.96
13-1199.06,Intellectual Curiosity,1.02
13-1199.06,Leadership Orientation,0.88
13-1199.06,Optimism,1.04
13-1199.06,Perseverance,1.77
13-1199.06,Self-Confidence,1.57
13-1199.06,Self-Control,1.19
13-1199.06,Sincerity,0.9
13-1199.06,Social Orientation,0.88
13-1199.06,Stress Tolerance,1.14
13-1199.06,Tolerance for Ambiguity,1.16
13-1199.07,Achievement Orientation,2.04
13-1199.07,Adaptability,1.58
13-1199.07,Attention to Detail,2.57
13-1199.07,Cautiousness,3.0
13-1199.07,Cooperation,1.14
13-1199.07,Dependability,2.93
13-1199.07,Empathy,0.37
13-1199.07,Humility,-0.12
13-1199.07,Initiative,1.93
13-1199.07,Innovation,1.36
13-1199.07,Integrity,2.93
13-1199.07,Intellectual Curiosity,1.97
13-1199.07,Leadership Orientation,1.89
13-1199.07,Optimism,0.38
13-1199.07,Perseverance,1.97
13-1199.07,Self-Confidence,1.76
13-1199.07,Self-Control,1.77
13-1199.07,Sincerity,0.76
13-1199.07,Social Orientation,1.02
13-1199.07,Stress Tolerance,2.17
13-1199.07,Tolerance for Ambiguity,1.53
13-2011.00,Achievement Orientation,1.83
13-2011.00,Adaptability,0.62
13-2011.00,Attention to Detail,3.0
13-2011.00,Cautiousness,2.54
13-2011.00,Cooperation,0.73
13-2011.00,Dependability,2.65
13-2011.00,Empathy,0.25
13-2011.00,Humility,0.47
13-2011.00,Initiative,1.0
13-2011.00,Innovation,0.51
13-2011.00,Integrity,2.93
13-2011.00,Intellectual Curiosity,2.01
13-2011.00,Leadership Orientation,0.83
13-2011.00,Optimism,-0.06
13-2011.00,Perseverance,1.77
13-2011.00,Self-Confidence,1.44
13-2011.00,Self-Control,1.37
13-2011.00,Sincerity,1.28
13-2011.00,Social Orientation,0.5
13-2011.00,Stress Tolerance,1.38
13-2011.00,Tolerance for Ambiguity,-0.15
13-2022.00,Achievement Orientation,1.66
13-2022.00,Adaptability,0.71
13-2022.00,Attention to Detail,2.77
13-2022.00,Cautiousness,2.06
13-2022.00,Cooperation,-0.11
13-2022.00,Dependability,1.9
13-2022.00,Empathy,-0.29
13-2022.00,Humility,0.15
13-2022.00,Initiative,0.16
13-2022.00,Innovation,0.53
13-2022.00,Integrity,2.4
13-2022.00,Intellectual Curiosity,1.02
13-2022.00,Leadership Orientation,0.27
13-2022.00,Optimism,-0.04
13-2022.00,Perseverance,1.46
13-2022.00,Self-Confidence,1.76
13-2022.00,Self-Control,1.22
13-2022.00,Sincerity,1.39
13-2022.00,Social Orientation,0.47
13-2022.00,Stress Tolerance,0.2
13-2022.00,Tolerance for Ambiguity,1.35
13-2023.00,Achievement Orientation,1.69
13-2023.00,Adaptability,0.71
13-2023.00,Attention to Detail,2.7
13-2023.00,Cautiousness,2.06
13-2023.00,Cooperation,0.47
13-2023.00,Dependability,2.19
13-2023.00,Empathy,0.08
13-2023.00,Humility,0.47
13-2023.00,Initiative,0.83
13-2023.00,Innovation,0.37
13-2023.00,Integrity,2.55
13-2023.00,Intellectual Curiosity,1.35
13-2023.00,Leadership Orientation,0.41
13-2023.00,Optimism,0.13
13-2023.00,Perseverance,1.64
13-2023.00,Self-Confidence,1.8
13-2023.00,Self-Control,1.31
13-2023.00,Sincerity,1.02
13-2023.00,Social Orientation,1.02
13-2023.00,Stress Tolerance,0.97
13-2023.00,Tolerance for Ambiguity,1.18
13-2031.00,Achievement Orientation,1.77
13-2031.00,Adaptability,0.91
13-2031.00,Attention to Detail,3.0
13-2031.00,Cautiousness,2.17
13-2031.00,Cooperation,1.08
13-2031.00,Dependability,2.65
13-2031.00,Empathy,-0.02
13-2031.00,Humility,0.4
13-2031.00,Initiative,1.26
13-2031.00,Innovation,0.79
13-2031.00,Integrity,2.36
13-2031.00,Intellectual Curiosity,2.01
13-2031.00,Leadership Orientation,0.88
13-2031.00,Optimism,0.09
13-2031.00,Perseverance,1.43
13-2031.00,Self-Confidence,1.44
13-2031.00,Self-Control,1.43
13-2031.00,Sincerity,0.63
13-2031.00,Social Orientation,0.52
13-2031.00,Stress Tolerance,1.38
13-2031.00,Tolerance for Ambiguity,0.56
13-2041.00,Achievement Orientation,1.77
13-2041.00,Adaptability,0.62
13-2041.00,Attention to Detail,3.0
13-2041.00,Cautiousness,2.47
13-2041.00,Cooperation,0.87
13-2041.00,Dependability,2.62
13-2041.00,Empathy,0.3
13-2041.00,Humility,0.12
13-2041.00,Initiative,0.97
13-2041.00,Innovation,0.67
13-2041.00,Integrity,2.47
13-2041.00,Intellectual Curiosity,2.08
13-2041.00,Leadership Orientation,0.21
13-2041.00,Optimism,-0.3
13-2041.00,Perseverance,1.74
13-2041.00,Self-Confidence,1.44
13-2041.00,Self-Control,1.4
13-2041.00,Sincerity,0.6
13-2041.00,Social Orientation,0.65
13-2041.00,Stress Tolerance,1.27
13-2041.00,Tolerance for Ambiguity,0.29
13-2051.00,Achievement Orientation,2.24
13-2051.00,Adaptability,1.48
13-2051.00,Attention to Detail,3.0
13-2051.00,Cautiousness,2.03
13-2051.00,Cooperation,1.0
13-2051.00,Dependability,2.59
13-2051.00,Empathy,0.58
13-2051.00,Humility,-0.35
13-2051.00,Initiative,1.5
13-2051.00,Innovation,1.39
13-2051.00,Integrity,2.8
13-2051.00,Intellectual Curiosity,2.5
13-2051.00,Leadership Orientation,1.0
13-2051.00,Optimism,0.32
13-2051.00,Perseverance,1.8
13-2051.00,Self-Confidence,1.7
13-2051.00,Self-Control,1.53
13-2051.00,Sincerity,0.63
13-2051.00,Social Orientation,1.43
13-2051.00,Stress Tolerance,1.8
13-2051.00,Tolerance for Ambiguity,1.83
13-2052.00,Achievement Orientation,2.28
13-2052.00,Adaptability,1.51
13-2052.00,Attention to Detail,3.0
13-2052.00,Cautiousness,2.35
13-2052.00,Cooperation,1.84
13-2052.00,Dependability,2.65
13-2052.00,Empathy,1.65
13-2052.00,Humility,0.45
13-2052.00,Initiative,2.11
13-2052.00,Innovation,1.3
13-2052.00,Integrity,2.93
13-2052.00,Intellectual Curiosity,2.33
13-2052.00,Leadership Orientation,1.67
13-2052.00,Optimism,1.29
13-2052.00,Perseverance,2.23
13-2052.00,Self-Confidence,1.98
13-2052.00,Self-Control,1.84
13-2052.00,Sincerity,1.78
13-2052.00,Social Orientation,2.31
13-2052.00,Stress Tolerance,1.7
13-2052.00,Tolerance for Ambiguity,1.51
13-2053.00,Achievement Orientation,1.77
13-2053.00,Adaptability,0.64
13-2053.00,Attention to Detail,2.67
13-2053.00,Cautiousness,2.74
13-2053.00,Cooperation,0.62
13-2053.00,Dependability,2.47
13-2053.00,Empathy,0.2
13-2053.00,Humility,-0.16
13-2053.00,Initiative,0.61
13-2053.00,Innovation,0.02
13-2053.00,Integrity,2.21
13-2053.00,Intellectual Curiosity,1.38
13-2053.00,Leadership Orientation,0.02
13-2053.00,Optimism,-0.32
13-2053.00,Perseverance,1.37
13-2053.00,Self-Confidence,1.47
13-2053.00,Self-Control,1.25
13-2053.00,Sincerity,0.62
13-2053.00,Social Orientation,0.18
13-2053.00,Stress Tolerance,1.24
13-2053.00,Tolerance for Ambiguity,0.91
13-2054.00,Achievement Orientation,2.14
13-2054.00,Adaptability,1.58
13-2054.00,Attention to Detail,3.0
13-2054.00,Cautiousness,2.62
13-2054.00,Cooperation,0.95
13-2054.00,Dependability,2.47
13-2054.00,Empathy,-0.05
13-2054.00,Humility,-0.65
13-2054.00,Initiative,1.35
13-2054.00,Innovation,1.28
13-2054.00,Integrity,2.84
13-2054.00,Intellectual Curiosity,3.0
13-2054.00,Leadership Orientation,0.81
13-2054.00,Optimism,-0.3
13-2054.00,Perseverance,1.7
13-2054.00,Self-Confidence,1.38
13-2054.00,Self-Control,1.73
13-2054.00,Sincerity,0.57
13-2054.00,Social Orientation,0.52
13-2054.00,Stress Tolerance,1.76
13-2054.00,Tolerance for Ambiguity,1.95
13-2061.00,Achievement Orientation,2.04
13-2061.00,Adaptability,1.05
13-2061.00,Attention to Detail,3.0
13-2061.00,Cautiousness,2.74
13-2061.00,Cooperation,1.06
13-2061.00,Dependability,2.65
13-2061.00,Empathy,0.28
13-2061.00,Humility,0.22
13-2061.00,Initiative,1.5
13-2061.00,Innovation,0.56
13-2061.00,Integrity,2.93
13-2061.00,Intellectual Curiosity,2.28
13-2061.00,Leadership Orientation,1.7
13-2061.00,Optimism,-0.13
13-2061.00,Perseverance,2.01
13-2061.00,Self-Confidence,1.7
13-2061.00,Self-Control,1.73
13-2061.00,Sincerity,1.36
13-2061.00,Social Orientation,1.2
13-2061.00,Stress Tolerance,1.8
13-2061.00,Tolerance for Ambiguity,0.97
13-2071.00,Achievement Orientation,1.71
13-2071.00,Adaptability,1.22
13-2071.00,Attention to Detail,2.63
13-2071.00,Cautiousness,2.06
13-2071.00,Cooperation,2.18
13-2071.00,Dependability,2.65
13-2071.00,Empathy,2.43
13-2071.00,Humility,1.52
13-2071.00,Initiative,1.53
13-2071.00,Innovation,0.7
13-2071.00,Integrity,2.55
13-2071.00,Intellectual Curiosity,1.35
13-2071.00,Leadership Orientation,1.03
13-2071.00,Optimism,1.63
13-2071.00,Perseverance,1.97
13-2071.00,Self-Confidence,1.66
13-2071.00,Self-Control,2.06
13-2071.00,Sincerity,2.24
13-2071.00,Social Orientation,2.22
13-2071.00,Stress Tolerance,1.8
13-2071.00,Tolerance for Ambiguity,1.18
13-2072.00,Achievement Orientation,1.98
13-2072.00,Adaptability,1.11
13-2072.00,Attention to Detail,2.44
13-2072.00,Cautiousness,2.28
13-2072.00,Cooperation,1.77
13-2072.00,Dependability,2.65
13-2072.00,Empathy,1.48
13-2072.00,Humility,0.17
13-2072.00,Initiative,1.82
13-2072.00,Innovation,0.7
13-2072.00,Integrity,2.89
13-2072.00,Intellectual Curiosity,1.23
13-2072.00,Leadership Orientation,1.21
13-2072.00,Optimism,1.07
13-2072.00,Perseverance,1.8
13-2072.00,Self-Confidence,1.76
13-2072.00,Self-Control,1.7
13-2072.00,Sincerity,1.31
13-2072.00,Social Orientation,2.24
13-2072.00,Stress Tolerance,1.55
13-2072.00,Tolerance for Ambiguity,1.14
13-2081.00,Achievement Orientation,1.37
13-2081.00,Adaptability,0.59
13-2081.00,Attention to Detail,2.77
13-2081.00,Cautiousness,2.32
13-2081.00,Cooperation,1.06
13-2081.00,Dependability,2.65
13-2081.00,Empathy,0.75
13-2081.00,Humility,0.67
13-2081.00,Initiative,0.72
13-2081.00,Innovation,-0.43
13-2081.00,Integrity,2.55
13-2081.00,Intellectual Curiosity,0.94
13-2081.00,Leadership Orientation,0.16
13-2081.00,Optimism,0.26
13-2081.00,Perseverance,1.8
13-2081.00,Self-Confidence,1.29
13-2081.00,Self-Control,1.87
13-2081.00,Sincerity,0.78
13-2081.00,Social Orientation,1.33
13-2081.00,Stress Tolerance,1.38
13-2081.00,Tolerance for Ambiguity,0.08
13-2082.00,Achievement Orientation,1.6
13-2082.00,Adaptability,0.89
13-2082.00,Attention to Detail,3.0
13-2082.00,Cautiousness,2.24
13-2082.00,Cooperation,1.41
13-2082.00,Dependability,2.65
13-2082.00,Empathy,0.77
13-2082.00,Humility,0.72
13-2082.00,Initiative,0.85
13-2082.00,Innovation,0.02
13-2082.00,Integrity,2.21
13-2082.00,Intellectual Curiosity,1.11
13-2082.00,Leadership Orientation,0.12
13-2082.00,Optimism,0.4
13-2082.00,Perseverance,1.2
13-2082.00,Self-Confidence,1.26
13-2082.00,Self-Control,1.4
13-2082.00,Sincerity,1.05
13-2082.00,Social Orientation,1.33
13-2082.00,Stress Tolerance,1.27
13-2082.00,Tolerance for Ambiguity,0.64
13-2099.01,Achievement Orientation,2.24
13-2099.01,Adaptability,1.38
13-2099.01,Attention to Detail,3.0
13-2099.01,Cautiousness,2.32
13-2099.01,Cooperation,0.9
13-2099.01,Dependability,2.41
13-2099.01,Empathy,0.05
13-2099.01,Humility,-0.47
13-2099.01,Initiative,1.02
13-2099.01,Innovation,1.92
13-2099.01,Integrity,2.24
13-2099.01,Intellectual Curiosity,2.33
13-2099.01,Leadership Orientation,0.23
13-2099.01,Optimism,-0.11
13-2099.01,Perseverance,1.77
13-2099.01,Self-Confidence,1.13
13-2099.01,Self-Control,1.34
13-2099.01,Sincerity,0.24
13-2099.01,Social Orientation,0.22
13-2099.01,Stress Tolerance,1.8
13-2099.01,Tolerance for Ambiguity,1.95
13-2099.04,Achievement Orientation,2.14
13-2099.04,Adaptability,1.54
13-2099.04,Attention to Detail,3.0
13-2099.04,Cautiousness,2.58
13-2099.04,Cooperation,0.9
13-2099.04,Dependability,2.65
13-2099.04,Empathy,0.47
13-2099.04,Humility,0.27
13-2099.04,Initiative,1.93
13-2099.04,Innovation,1.25
13-2099.04,Integrity,2.93
13-2099.04,Intellectual Curiosity,2.2
13-2099.04,Leadership Orientation,1.39
13-2099.04,Optimism,-0.04
13-2099.04,Perseverance,2.19
13-2099.04,Self-Confidence,1.94
13-2099.04,Self-Control,2.14
13-2099.04,Sincerity,0.24
13-2099.04,Social Orientation,1.09
13-2099.04,Stress Tolerance,2.06
13-2099.04,Tolerance for Ambiguity,1.7
15-1211.00,Achievement Orientation,1.6
15-1211.00,Adaptability,1.86
15-1211.00,Attention to Detail,2.57
15-1211.00,Cautiousness,1.72
15-1211.00,Cooperation,1.6
15-1211.00,Dependability,2.16
15-1211.00,Empathy,0.64
15-1211.00,Humility,0.53
15-1211.00,Initiative,1.62
15-1211.00,Innovation,2.3
15-1211.00,Integrity,1.76
15-1211.00,Intellectual Curiosity,2.33
15-1211.00,Leadership Orientation,0.64
15-1211.00,Optimism,0.18
15-1211.00,Perseverance,1.74
15-1211.00,Self-Confidence,1.44
15-1211.00,Self-Control,1.14
15-1211.00,Sincerity,0.76
15-1211.00,Social Orientation,0.9
15-1211.00,Stress Tolerance,1.58
15-1211.00,Tolerance for Ambiguity,1.72
15-1211.01,Achievement Orientation,1.95
15-1211.01,Adaptability,2.26
15-1211.01,Attention to Detail,2.77
15-1211.01,Cautiousness,2.35
15-1211.01,Cooperation,2.26
15-1211.01,Dependability,2.59
15-1211.01,Empathy,1.38
15-1211.01,Humility,0.75
15-1211.01,Initiative,1.72
15-1211.01,Innovation,2.27
15-1211.01,Integrity,2.51
15-1211.01,Intellectual Curiosity,2.41
15-1211.01,Leadership Orientation,1.29
15-1211.01,Optimism,0.82
15-1211.01,Perseverance,1.61
15-1211.01,Self-Confidence,1.57
15-1211.01,Self-Control,1.56
15-1211.01,Sincerity,1.41
15-1211.01,Social Orientation,1.65
15-1211.01,Stress Tolerance,1.64
15-1211.01,Tolerance for Ambiguity,1.6
15-1212.00,Achievement Orientation,2.04
15-1212.00,Adaptability,2.09
15-1212.00,Attention to Detail,3.0
15-1212.00,Cautiousness,2.78
15-1212.00,Cooperation,1.08
15-1212.00,Dependability,2.65
15-1212.00,Empathy,0.32
15-1212.00,Humility,0.15
15-1212.00,Initiative,2.03
15-1212.00,Innovation,2.36
15-1212.00,Integrity,2.93
15-1212.00,Intellectual Curiosity,2.37
15-1212.00,Leadership Orientation,1.16
15-1212.00,Optimism,-0.01
15-1212.00,Perseverance,2.15
15-1212.00,Self-Confidence,1.38
15-1212.00,Self-Control,1.7
15-1212.00,Sincerity,0.82
15-1212.00,Social Orientation,0.56
15-1212.00,Stress Tolerance,1.96
15-1212.00,Tolerance for Ambiguity,1.66
15-1221.00,Achievement Orientation,2.24
15-1221.00,Adaptability,2.3
15-1221.00,Attention to Detail,2.5
15-1221.00,Cautiousness,1.44
15-1221.00,Cooperation,0.92
15-1221.00,Dependability,2.14
15-1221.00,Empathy,0.3
15-1221.00,Humility,0.5
15-1221.00,Initiative,2.0
15-1221.00,Innovation,2.83
15-1221.00,Integrity,1.89
15-1221.00,Intellectual Curiosity,3.0
15-1221.00,Leadership Orientation,1.03
15-1221.00,Optimism,0.38
15-1221.00,Perseverance,2.01
15-1221.00,Self-Confidence,1.63
15-1221.00,Self-Control,1.03
15-1221.00,Sincerity,0.63
15-1221.00,Social Orientation,0.61
15-1221.00,Stress Tolerance,0.97
15-1221.00,Tolerance for Ambiguity,1.95
15-1231.00,Achievement Orientation,1.58
15-1231.00,Adaptability,1.94
15-1231.00,Attention to Detail,2.7
15-1231.00,Cautiousness,2.06
15-1231.00,Cooperation,1.44
15-1231.00,Dependability,2.62
15-1231.00,Empathy,0.25
15-1231.00,Humility,0.24
15-1231.00,Initiative,1.44
15-1231.00,Innovation,1.25
15-1231.00,Integrity,2.28
15-1231.00,Intellectual Curiosity,2.01
15-1231.00,Leadership Orientation,-0.05
15-1231.00,Optimism,0.49
15-1231.00,Perseverance,1.74
15-1231.00,Self-Confidence,1.24
15-1231.00,Self-Control,1.11
15-1231.00,Sincerity,0.4
15-1231.00,Social Orientation,0.54
15-1231.00,Stress Tolerance,1.61
15-1231.00,Tolerance for Ambiguity,1.33
15-1232.00,Achievement Orientation,1.37
15-1232.00,Adaptability,1.65
15-1232.00,Attention to Detail,2.34
15-1232.00,Cautiousness,1.5
15-1232.00,Cooperation,1.99
15-1232.00,Dependability,2.41
15-1232.00,Empathy,1.12
15-1232.00,Humility,0.99
15-1232.00,Initiative,1.26
15-1232.00,Innovation,0.97
15-1232.00,Integrity,1.54
15-1232.00,Intellectual Curiosity,1.75
15-1232.00,Leadership Orientation,0.25
15-1232.00,Optimism,1.23
15-1232.00,Perseverance,1.77
15-1232.00,Self-Confidence,1.13
15-1232.00,Self-Control,1.5
15-1232.00,Sincerity,1.09
15-1232.00,Social Orientation,1.74
15-1232.00,Stress Tolerance,1.61
15-1232.00,Tolerance for Ambiguity,1.22
15-1241.00,Achievement Orientation,2.04
15-1241.00,Adaptability,1.98
15-1241.00,Attention to Detail,2.74
15-1241.00,Cautiousness,2.35
15-1241.00,Cooperation,1.38
15-1241.00,Dependability,2.65
15-1241.00,Empathy,0.21
15-1241.00,Humility,0.22
15-1241.00,Initiative,1.59
15-1241.00,Innovation,2.36
15-1241.00,Integrity,2.32
15-1241.00,Intellectual Curiosity,2.37
15-1241.00,Leadership Orientation,1.06
15-1241.00,Optimism,0.24
15-1241.00,Perseverance,1.87
15-1241.00,Self-Confidence,1.63
15-1241.00,Self-Control,0.97
15-1241.00,Sincerity,0.63
15-1241.00,Social Orientation,0.81
15-1241.00,Stress Tolerance,1.61
15-1241.00,Tolerance for Ambiguity,1.62
15-1241.01,Achievement Orientation,1.98
15-1241.01,Adaptability,2.02
15-1241.01,Attention to Detail,2.6
15-1241.01,Cautiousness,2.03
15-1241.01,Cooperation,1.84
15-1241.01,Dependability,2.59
15-1241.01,Empathy,0.37
15-1241.01,Humility,0.42
15-1241.01,Initiative,1.5
15-1241.01,Innovation,2.0
15-1241.01,Integrity,1.73
15-1241.01,Intellectual Curiosity,2.24
15-1241.01,Leadership Orientation,1.34
15-1241.01,Optimism,0.43
15-1241.01,Perseverance,1.74
15-1241.01,Self-Confidence,1.57
15-1241.01,Self-Control,1.19
15-1241.01,Sincerity,0.7
15-1241.01,Social Orientation,1.02
15-1241.01,Stress Tolerance,1.43
15-1241.01,Tolerance for Ambiguity,1.24
15-1242.00,Achievement Orientation,1.77
15-1242.00,Adaptability,1.72
15-1242.00,Attention to Detail,3.0
15-1242.00,Cautiousness,2.47
15-1242.00,Cooperation,1.2
15-1242.00,Dependability,2.65
15-1242.00,Empathy,-0.01
15-1242.00,Humility,0.34
15-1242.00,Initiative,1.47
15-1242.00,Innovation,1.23
15-1242.00,Integrity,2.32
15-1242.00,Intellectual Curiosity,2.2
15-1242.00,Leadership Orientation,0.9
15-1242.00,Optimism,0.11
15-1242.00,Perseverance,1.67
15-1242.00,Self-Confidence,1.15
15-1242.00,Self-Control,1.14
15-1242.00,Sincerity,0.53
15-1242.00,Social Orientation,0.27
15-1242.00,Stress Tolerance,1.19
15-1242.00,Tolerance for Ambiguity,1.31
15-1243.00,Achievement Orientation,2.11
15-1243.00,Adaptability,1.72
15-1243.00,Attention to Detail,3.0
15-1243.00,Cautiousness,2.06
15-1243.00,Cooperation,1.31
15-1243.00,Dependability,2.53
15-1243.00,Empathy,0.07
15-1243.00,Humility,0.24
15-1243.00,Initiative,1.41
15-1243.00,Innovation,2.03
15-1243.00,Integrity,1.89
15-1243.00,Intellectual Curiosity,2.37
15-1243.00,Leadership Orientation,0.78
15-1243.00,Optimism,0.02
15-1243.00,Perseverance,1.64
15-1243.00,Self-Confidence,1.54
15-1243.00,Self-Control,0.77
15-1243.00,Sincerity,0.21
15-1243.00,Social Orientation,0.5
15-1243.00,Stress Tolerance,1.07
15-1243.00,Tolerance for Ambiguity,1.58
15-1243.01,Achievement Orientation,1.98
15-1243.01,Adaptability,1.29
15-1243.01,Attention to Detail,3.0
15-1243.01,Cautiousness,2.06
15-1243.01,Cooperation,0.64
15-1243.01,Dependability,2.62
15-1243.01,Empathy,0.04
15-1243.01,Humility,0.15
15-1243.01,Initiative,1.44
15-1243.01,Innovation,1.58
15-1243.01,Integrity,2.06
15-1243.01,Intellectual Curiosity,2.16
15-1243.01,Leadership Orientation,-0.05
15-1243.01,Optimism,-0.01
15-1243.01,Perseverance,1.55
15-1243.01,Self-Confidence,1.05
15-1243.01,Self-Control,0.66
15-1243.01,Sincerity,0.16
15-1243.01,Social Orientation,0.04
15-1243.01,Stress Tolerance,1.0
15-1243.01,Tolerance for Ambiguity,1.49
15-1244.00,Achievement Orientation,1.74
15-1244.00,Adaptability,1.94
15-1244.00,Attention to Detail,2.67
15-1244.00,Cautiousness,2.35
15-1244.00,Cooperation,1.17
15-1244.00,Dependability,2.65
15-1244.00,Empathy,0.13
15-1244.00,Humility,0.22
15-1244.00,Initiative,1.62
15-1244.00,Innovation,1.3
15-1244.00,Integrity,2.32
15-1244.00,Intellectual Curiosity,2.2
15-1244.00,Leadership Orientation,0.54
15-1244.00,Optimism,0.32
15-1244.00,Perseverance,1.77
15-1244.00,Self-Confidence,1.26
15-1244.00,Self-Control,1.43
15-1244.00,Sincerity,0.58
15-1244.00,Social Orientation,0.34
15-1244.00,Stress Tolerance,1.58
15-1244.00,Tolerance for Ambiguity,1.31
15-1251.00,Achievement Orientation,1.74
15-1251.00,Adaptability,1.38
15-1251.00,Attention to Detail,3.0
15-1251.00,Cautiousness,1.82
15-1251.00,Cooperation,0.71
15-1251.00,Dependability,2.36
15-1251.00,Empathy,0.12
15-1251.00,Humility,0.5
15-1251.00,Initiative,1.18
15-1251.00,Innovation,1.94
15-1251.00,Integrity,1.18
15-1251.00,Intellectual Curiosity,2.2
15-1251.00,Leadership Orientation,-0.47
15-1251.00,Optimism,0.07
15-1251.00,Perseverance,1.67
15-1251.00,Self-Confidence,0.92
15-1251.00,Self-Control,0.19
15-1251.00,Sincerity,0.25
15-1251.00,Social Orientation,0.02
15-1251.00,Stress Tolerance,1.09
15-1251.00,Tolerance for Ambiguity,1.51
15-1252.00,Achievement Orientation,2.14
15-1252.00,Adaptability,2.09
15-1252.00,Attention to Detail,2.67
15-1252.00,Cautiousness,1.76
15-1252.00,Cooperation,1.2
15-1252.00,Dependability,2.41
15-1252.00,Empathy,0.41
15-1252.00,Humility,0.56
15-1252.00,Initiative,1.59
15-1252.00,Innovation,2.51
15-1252.00,Integrity,1.79
15-1252.00,Intellectual Curiosity,2.33
15-1252.00,Leadership Orientation,1.13
15-1252.00,Optimism,0.49
15-1252.00,Perseverance,1.77
15-1252.00,Self-Confidence,1.47
15-1252.00,Self-Control,0.7
15-1252.00,Sincerity,0.67
15-1252.00,Social Orientation,0.86
15-1252.00,Stress Tolerance,1.27
15-1252.00,Tolerance for Ambiguity,1.72
15-1253.00,Achievement Orientation,1.77
15-1253.00,Adaptability,1.61
15-1253.00,Attention to Detail,3.0
15-1253.00,Cautiousness,2.32
15-1253.00,Cooperation,1.2
15-1253.00,Dependability,2.39
15-1253.00,Empathy,0.15
15-1253.00,Humility,0.7
15-1253.00,Initiative,1.15
15-1253.00,Innovation,1.3
15-1253.00,Integrity,1.76
15-1253.00,Intellectual Curiosity,2.04
15-1253.00,Leadership Orientation,-0.22
15-1253.00,Optimism,0.22
15-1253.00,Perseverance,1.77
15-1253.00,Self-Confidence,0.97
15-1253.00,Self-Control,1.05
15-1253.00,Sincerity,0.69
15-1253.00,Social Orientation,0.36
15-1253.00,Stress Tolerance,1.09
15-1253.00,Tolerance for Ambiguity,1.06
15-1254.00,Achievement Orientation,1.98
15-1254.00,Adaptability,2.05
15-1254.00,Attention to Detail,2.57
15-1254.00,Cautiousness,1.56
15-1254.00,Cooperation,0.85
15-1254.00,Dependability,2.19
15-1254.00,Empathy,0.18
15-1254.00,Humility,0.22
15-1254.00,Initiative,1.62
15-1254.00,Innovation,2.3
15-1254.00,Integrity,1.54
15-1254.00,Intellectual Curiosity,2.08
15-1254.00,Leadership Orientation,-0.02
15-1254.00,Optimism,0.22
15-1254.00,Perseverance,1.64
15-1254.00,Self-Confidence,1.18
15-1254.00,Self-Control,0.63
15-1254.00,Sincerity,0.24
15-1254.00,Social Orientation,0.5
15-1254.00,Stress Tolerance,1.09
15-1254.00,Tolerance for Ambiguity,1.41
15-1255.00,Achievement Orientation,1.71
15-1255.00,Adaptability,2.3
15-1255.00,Attention to Detail,2.57
15-1255.00,Cautiousness,0.77
15-1255.00,Cooperation,1.88
15-1255.00,Dependability,2.03
15-1255.00,Empathy,0.84
15-1255.00,Humility,0.32
15-1255.00,Initiative,1.5
15-1255.00,Innovation,2.51
15-1255.00,Integrity,0.89
15-1255.00,Intellectual Curiosity,2.08
15-1255.00,Leadership Orientation,0.64
15-1255.00,Optimism,0.59
15-1255.00,Perseverance,1.61
15-1255.00,Self-Confidence,1.41
15-1255.00,Self-Control,0.85
15-1255.00,Sincerity,0.72
15-1255.00,Social Orientation,1.11
15-1255.00,Stress Tolerance,1.16
15-1255.00,Tolerance for Ambiguity,1.56
15-1255.01,Achievement Orientation,2.14
15-1255.01,Adaptability,2.3
15-1255.01,Attention to Detail,1.92
15-1255.01,Cautiousness,-0.37
15-1255.01,Cooperation,1.99
15-1255.01,Dependability,2.0
15-1255.01,Empathy,0.64
15-1255.01,Humility,0.27
15-1255.01,Initiative,1.89
15-1255.01,Innovation,3.0
15-1255.01,Integrity,0.74
15-1255.01,Intellectual Curiosity,2.33
15-1255.01,Leadership Orientation,1.67
15-1255.01,Optimism,0.79
15-1255.01,Perseverance,1.87
15-1255.01,Self-Confidence,1.98
15-1255.01,Self-Control,1.0
15-1255.01,Sincerity,0.62
15-1255.01,Social Orientation,1.43
15-1255.01,Stress Tolerance,1.43
15-1255.01,Tolerance for Ambiguity,1.95
15-1299.01,Achievement Orientation,1.71
15-1299.01,Adaptability,1.83
15-1299.01,Attention to Detail,2.57
15-1299.01,Cautiousness,2.32
15-1299.01,Cooperation,0.95
15-1299.01,Dependability,2.53
15-1299.01,Empathy,0.23
15-1299.01,Humility,0.32
15-1299.01,Initiative,1.53
15-1299.01,Innovation,1.63
15-1299.01,Integrity,1.92
15-1299.01,Intellectual Curiosity,2.12
15-1299.01,Leadership Orientation,0.54
15-1299.01,Optimism,0.15
15-1299.01,Perseverance,1.77
15-1299.01,Self-Confidence,1.32
15-1299.01,Self-Control,0.8
15-1299.01,Sincerity,0.3
15-1299.01,Social Orientation,0.43
15-1299.01,Stress Tolerance,1.55
15-1299.01,Tolerance for Ambiguity,1.47
15-1299.02,Achievement Orientation,1.6
15-1299.02,Adaptability,1.58
15-1299.02,Attention to Detail,2.67
15-1299.02,Cautiousness,1.56
15-1299.02,Cooperation,1.26
15-1299.02,Dependability,2.25
15-1299.02,Empathy,0.18
15-1299.02,Humility,0.42
15-1299.02,Initiative,1.02
15-1299.02,Innovation,1.8
15-1299.02,Integrity,1.57
15-1299.02,Intellectual Curiosity,2.08
15-1299.02,Leadership Orientation,0.32
15-1299.02,Optimism,0.24
15-1299.02,Perseverance,1.4
15-1299.02,Self-Confidence,0.99
15-1299.02,Self-Control,0.57
15-1299.02,Sincerity,0.57
15-1299.02,Social Orientation,0.7
15-1299.02,Stress Tolerance,0.88
15-1299.02,Tolerance for Ambiguity,1.18
15-1299.03,Achievement Orientation,1.5
15-1299.03,Adaptability,1.22
15-1299.03,Attention to Detail,2.77
15-1299.03,Cautiousness,2.06
15-1299.03,Cooperation,1.44
15-1299.03,Dependability,2.65
15-1299.03,Empathy,0.1
15-1299.03,Humility,0.42
15-1299.03,Initiative,1.21
15-1299.03,Innovation,0.89
15-1299.03,Integrity,2.36
15-1299.03,Intellectual Curiosity,1.93
15-1299.03,Leadership Orientation,0.41
15-1299.03,Optimism,0.06
15-1299.03,Perseverance,1.23
15-1299.03,Self-Confidence,0.99
15-1299.03,Self-Control,0.75
15-1299.03,Sincerity,0.62
15-1299.03,Social Orientation,0.5
15-1299.03,Stress Tolerance,1.04
15-1299.03,Tolerance for Ambiguity,1.04
15-1299.04,Achievement Orientation,2.08
15-1299.04,Adaptability,2.3
15-1299.04,Attention to Detail,2.77
15-1299.04,Cautiousness,2.06
15-1299.04,Cooperation,0.37
15-1299.04,Dependability,2.65
15-1299.04,Empathy,-0.38
15-1299.04,Humility,-0.85
15-1299.04,Initiative,2.03
15-1299.04,Innovation,2.58
15-1299.04,Integrity,2.93
15-1299.04,Intellectual Curiosity,2.28
15-1299.04,Leadership Orientation,0.0
15-1299.04,Optimism,-0.24
15-1299.04,Perseverance,2.15
15-1299.04,Self-Confidence,0.62
15-1299.04,Self-Control,1.63
15-1299.04,Sincerity,-0.03
15-1299.04,Social Orientation,-0.59
15-1299.04,Stress Tolerance,1.27
15-1299.04,Tolerance for Ambiguity,1.93
15-1299.05,Achievement Orientation,2.08
15-1299.05,Adaptability,2.05
15-1299.05,Attention to Detail,3.0
15-1299.05,Cautiousness,2.86
15-1299.05,Cooperation,0.73
15-1299.05,Dependability,2.65
15-1299.05,Empathy,0.01
15-1299.05,Humility,0.19
15-1299.05,Initiative,1.89
15-1299.05,Innovation,2.36
15-1299.05,Integrity,2.93
15-1299.05,Intellectual Curiosity,2.41
15-1299.05,Leadership Orientation,1.0
15-1299.05,Optimism,-0.06
15-1299.05,Perseverance,2.12
15-1299.05,Self-Confidence,1.7
15-1299.05,Self-Control,1.7
15-1299.05,Sincerity,0.62
15-1299.05,Social Orientation,0.04
15-1299.05,Stress Tolerance,2.21
15-1299.05,Tolerance for Ambiguity,1.76
15-1299.06,Achievement Orientation,2.08
15-1299.06,Adaptability,1.86
15-1299.06,Attention to Detail,3.0
15-1299.06,Cautiousness,2.78
15-1299.06,Cooperation,0.8
15-1299.06,Dependability,2.65
15-1299.06,Empathy,-0.09
15-1299.06,Humility,0.12
15-1299.06,Initiative,1.72
15-1299.06,Innovation,1.97
15-1299.06,Integrity,2.93
15-1299.06,Intellectual Curiosity,2.37
15-1299.06,Leadership Orientation,0.02
15-1299.06,Optimism,-0.13
15-1299.06,Perseverance,2.12
15-1299.06,Self-Confidence,1.41
15-1299.06,Self-Control,1.84
15-1299.06,Sincerity,0.72
15-1299.06,Social Orientation,-0.16
15-1299.06,Stress Tolerance,1.96
15-1299.06,Tolerance for Ambiguity,1.76
15-1299.07,Achievement Orientation,2.11
15-1299.07,Adaptability,2.38
15-1299.07,Attention to Detail,2.99
15-1299.07,Cautiousness,2.43
15-1299.07,Cooperation,0.85
15-1299.07,Dependability,2.47
15-1299.07,Empathy,-0.06
15-1299.07,Humility,0.1
15-1299.07,Initiative,1.82
15-1299.07,Innovation,2.45
15-1299.07,Integrity,2.93
15-1299.07,Intellectual Curiosity,2.67
15-1299.07,Leadership Orientation,-0.07
15-1299.07,Optimism,0.01
15-1299.07,Perseverance,1.94
15-1299.07,Self-Confidence,1.35
15-1299.07,Self-Control,0.75
15-1299.07,Sincerity,0.47
15-1299.07,Social Orientation,0.07
15-1299.07,Stress Tolerance,1.35
15-1299.07,Tolerance for Ambiguity,1.91
15-1299.08,Achievement Orientation,2.08
15-1299.08,Adaptability,2.34
15-1299.08,Attention to Detail,2.57
15-1299.08,Cautiousness,2.28
15-1299.08,Cooperation,1.35
15-1299.08,Dependability,2.59
15-1299.08,Empathy,0.5
15-1299.08,Humility,0.53
15-1299.08,Initiative,1.86
15-1299.08,Innovation,2.48
15-1299.08,Integrity,2.13
15-1299.08,Intellectual Curiosity,2.37
15-1299.08,Leadership Orientation,1.45
15-1299.08,Optimism,0.47
15-1299.08,Perseverance,1.9
15-1299.08,Self-Confidence,1.7
15-1299.08,Self-Control,1.14
15-1299.08,Sincerity,0.74
15-1299.08,Social Orientation,0.97
15-1299.08,Stress Tolerance,1.61
15-1299.08,Tolerance for Ambiguity,1.76
15-1299.09,Achievement Orientation,2.24
15-1299.09,Adaptability,2.3
15-1299.09,Attention to Detail,2.34
15-1299.09,Cautiousness,1.99
15-1299.09,Cooperation,2.26
15-1299.09,Dependability,2.93
15-1299.09,Empathy,1.0
15-1299.09,Humility,0.61
15-1299.09,Initiative,2.07
15-1299.09,Innovation,1.58
15-1299.09,Integrity,2.21
15-1299.09,Intellectual Curiosity,2.01
15-1299.09,Leadership Orientation,2.58
15-1299.09,Optimism,1.1
15-1299.09,Perseverance,2.23
15-1299.09,Self-Confidence,2.16
15-1299.09,Self-Control,1.8
15-1299.09,Sincerity,0.96
15-1299.09,Social Orientation,1.92
15-1299.09,Stress Tolerance,2.06
15-1299.09,Tolerance for Ambiguity,1.74
15-2011.00,Achievement Orientation,2.14
15-2011.00,Adaptability,0.94
15-2011.00,Attention to Detail,3.0
15-2011.00,Cautiousness,2.66
15-2011.00,Cooperation,0.95
15-2011.00,Dependability,2.65
15-2011.00,Empathy,0.02
15-2011.00,Humility,0.5
15-2011.00,Initiative,0.95
15-2011.00,Innovation,1.41
15-2011.00,Integrity,2.36
15-2011.00,Intellectual Curiosity,2.58
15-2011.00,Leadership Orientation,1.13
15-2011.00,Optimism,-0.17
15-2011.00,Perseverance,1.64
15-2011.00,Self-Confidence,1.44
15-2011.00,Self-Control,0.92
15-2011.00,Sincerity,0.65
15-2011.00,Social Orientation,0.52
15-2011.00,Stress Tolerance,1.22
15-2011.00,Tolerance for Ambiguity,0.68
15-2021.00,Achievement Orientation,2.14
15-2021.00,Adaptability,1.26
15-2021.00,Attention to Detail,3.0
15-2021.00,Cautiousness,1.82
15-2021.00,Cooperation,0.55
15-2021.00,Dependability,1.98
15-2021.00,Empathy,-0.03
15-2021.00,Humility,0.34
15-2021.00,Initiative,1.47
15-2021.00,Innovation,2.51
15-2021.00,Integrity,1.7
15-2021.00,Intellectual Curiosity,3.0
15-2021.00,Leadership Orientation,-0.09
15-2021.00,Optimism,0.15
15-2021.00,Perseverance,2.08
15-2021.00,Self-Confidence,1.32
15-2021.00,Self-Control,0.44
15-2021.00,Sincerity,0.23
15-2021.00,Social Orientation,0.04
15-2021.00,Stress Tolerance,0.86
15-2021.00,Tolerance for Ambiguity,1.97
15-2031.00,Achievement Orientation,2.17
15-2031.00,Adaptability,1.72
15-2031.00,Attention to Detail,2.57
15-2031.00,Cautiousness,2.06
15-2031.00,Cooperation,1.06
15-2031.00,Dependability,2.16
15-2031.00,Empathy,0.25
15-2031.00,Humility,0.56
15-2031.00,Initiative,1.38
15-2031.00,Innovation,2.15
15-2031.00,Integrity,2.06
15-2031.00,Intellectual Curiosity,2.63
15-2031.00,Leadership Orientation,1.0
15-2031.00,Optimism,0.3
15-2031.00,Perseverance,1.58
15-2031.00,Self-Confidence,1.6
15-2031.00,Self-Control,0.97
15-2031.00,Sincerity,0.57
15-2031.00,Social Orientation,0.79
15-2031.00,Stress Tolerance,1.24
15-2031.00,Tolerance for Ambiguity,1.81
15-2041.00,Achievement Orientation,2.14
15-2041.00,Adaptability,1.05
15-2041.00,Attention to Detail,3.0
15-2041.00,Cautiousness,2.06
15-2041.00,Cooperation,0.75
15-2041.00,Dependability,2.41
15-2041.00,Empathy,0.02
15-2041.00,Humility,0.45
15-2041.00,Initiative,0.87
15-2041.00,Innovation,1.89
15-2041.00,Integrity,2.1
15-2041.00,Intellectual Curiosity,2.67
15-2041.00,Leadership Orientation,0.23
15-2041.00,Optimism,0.01
15-2041.00,Perseverance,1.58
15-2041.00,Self-Confidence,0.97
15-2041.00,Self-Control,0.42
15-2041.00,Sincerity,0.28
15-2041.00,Social Orientation,-0.12
15-2041.00,Stress Tolerance,1.0
15-2041.00,Tolerance for Ambiguity,1.45
15-2041.01,Achievement Orientation,2.17
15-2041.01,Adaptability,1.38
15-2041.01,Attention to Detail,3.0
15-2041.01,Cautiousness,2.06
15-2041.01,Cooperation,1.23
15-2041.01,Dependability,2.59
15-2041.01,Empathy,0.12
15-2041.01,Humility,0.7
15-2041.01,Initiative,1.41
15-2041.01,Innovation,2.03
15-2041.01,Integrity,2.1
15-2041.01,Intellectual Curiosity,3.0
15-2041.01,Leadership Orientation,0.66
15-2041.01,Optimism,0.24
15-2041.01,Perseverance,1.7
15-2041.01,Self-Confidence,1.41
15-2041.01,Self-Control,0.59
15-2041.01,Sincerity,0.32
15-2041.01,Social Orientation,0.47
15-2041.01,Stress Tolerance,1.38
15-2041.01,Tolerance for Ambiguity,1.7
15-2051.00,Achievement Orientation,2.14
15-2051.00,Adaptability,1.86
15-2051.00,Attention to Detail,2.99
15-2051.00,Cautiousness,1.38
15-2051.00,Cooperation,0.71
15-2051.00,Dependability,2.36
15-2051.00,Empathy,0.13
15-2051.00,Humility,0.58
15-2051.00,Initiative,1.53
15-2051.00,Innovation,2.42
15-2051.00,Integrity,2.1
15-2051.00,Intellectual Curiosity,3.0
15-2051.00,Leadership Orientation,0.36
15-2051.00,Optimism,0.43
15-2051.00,Perseverance,1.83
15-2051.00,Self-Confidence,1.44
15-2051.00,Self-Control,0.75
15-2051.00,Sincerity,0.32
15-2051.00,Social Orientation,0.31
15-2051.00,Stress Tolerance,1.14
15-2051.00,Tolerance for Ambiguity,1.97
15-2051.01,Achievement Orientation,2.08
15-2051.01,Adaptability,1.51
15-2051.01,Attention to Detail,2.77
15-2051.01,Cautiousness,1.59
15-2051.01,Cooperation,0.27
15-2051.01,Dependability,2.19
15-2051.01,Empathy,0.16
15-2051.01,Humility,0.37
15-2051.01,Initiative,1.38
15-2051.01,Innovation,1.47
15-2051.01,Integrity,2.32
15-2051.01,Intellectual Curiosity,1.64
15-2051.01,Leadership Orientation,0.38
15-2051.01,Optimism,-0.14
15-2051.01,Perseverance,1.49
15-2051.01,Self-Confidence,1.38
15-2051.01,Self-Control,1.22
15-2051.01,Sincerity,0.63
15-2051.01,Social Orientation,0.72
15-2051.01,Stress Tolerance,1.22
15-2051.01,Tolerance for Ambiguity,1.87
15-2051.02,Achievement Orientation,1.92
15-2051.02,Adaptability,1.44
15-2051.02,Attention to Detail,3.0
15-2051.02,Cautiousness,2.39
15-2051.02,Cooperation,1.57
15-2051.02,Dependability,2.65
15-2051.02,Empathy,0.25
15-2051.02,Humility,0.58
15-2051.02,Initiative,1.35
15-2051.02,Innovation,1.2
15-2051.02,Integrity,2.47
15-2051.02,Intellectual Curiosity,2.12
15-2051.02,Leadership Orientation,1.26
15-2051.02,Optimism,0.22
15-2051.02,Perseverance,1.64
15-2051.02,Self-Confidence,1.18
15-2051.02,Self-Control,1.19
15-2051.02,Sincerity,0.78
15-2051.02,Social Orientation,0.68
15-2051.02,Stress Tolerance,1.43
15-2051.02,Tolerance for Ambiguity,1.2
15-2099.01,Achievement Orientation,1.92
15-2099.01,Adaptability,2.25
15-2099.01,Attention to Detail,2.88
15-2099.01,Cautiousness,2.06
15-2099.01,Cooperation,1.41
15-2099.01,Dependability,2.36
15-2099.01,Empathy,-0.02
15-2099.01,Humility,0.45
15-2099.01,Initiative,1.15
15-2099.01,Innovation,2.12
15-2099.01,Integrity,1.76
15-2099.01,Intellectual Curiosity,2.54
15-2099.01,Leadership Orientation,-0.24
15-2099.01,Optimism,0.13
15-2099.01,Perseverance,1.64
15-2099.01,Self-Confidence,0.94
15-2099.01,Self-Control,0.48
15-2099.01,Sincerity,0.4
15-2099.01,Social Orientation,0.27
15-2099.01,Stress Tolerance,1.09
15-2099.01,Tolerance for Ambiguity,1.62
17-1011.00,Achievement Orientation,2.14
17-1011.00,Adaptability,1.44
17-1011.00,Attention to Detail,2.7
17-1011.00,Cautiousness,1.86
17-1011.00,Cooperation,1.44
17-1011.00,Dependability,2.56
17-1011.00,Empathy,0.79
17-1011.00,Humility,0.45
17-1011.00,Initiative,1.5
17-1011.00,Innovation,2.51
17-1011.00,Integrity,1.79
17-1011.00,Intellectual Curiosity,2.16
17-1011.00,Leadership Orientation,1.53
17-1011.00,Optimism,0.69
17-1011.00,Perseverance,1.67
17-1011.00,Self-Confidence,1.76
17-1011.00,Self-Control,1.22
17-1011.00,Sincerity,1.0
17-1011.00,Social Orientation,1.58
17-1011.00,Stress Tolerance,1.43
17-1011.00,Tolerance for Ambiguity,1.51
17-1012.00,Achievement Orientation,1.8
17-1012.00,Adaptability,1.72
17-1012.00,Attention to Detail,2.31
17-1012.00,Cautiousness,1.38
17-1012.00,Cooperation,1.77
17-1012.00,Dependability,2.22
17-1012.00,Empathy,0.86
17-1012.00,Humility,0.64
17-1012.00,Initiative,1.59
17-1012.00,Innovation,2.45
17-1012.00,Integrity,1.63
17-1012.00,Intellectual Curiosity,1.86
17-1012.00,Leadership Orientation,1.34
17-1012.00,Optimism,0.74
17-1012.00,Perseverance,1.77
17-1012.00,Self-Confidence,1.7
17-1012.00,Self-Control,1.31
17-1012.00,Sincerity,0.9
17-1012.00,Social Orientation,1.61
17-1012.00,Stress Tolerance,1.14
17-1012.00,Tolerance for Ambiguity,1.39
17-1021.00,Achievement Orientation,1.63
17-1021.00,Adaptability,1.19
17-1021.00,Attention to Detail,3.0
17-1021.00,Cautiousness,2.03
17-1021.00,Cooperation,0.71
17-1021.00,Dependability,2.19
17-1021.00,Empathy,-0.13
17-1021.00,Humility,-0.14
17-1021.00,Initiative,0.87
17-1021.00,Innovation,1.41
17-1021.00,Integrity,1.7
17-1021.00,Intellectual Curiosity,2.12
17-1021.00,Leadership Orientation,0.14
17-1021.00,Optimism,-0.1
17-1021.00,Perseverance,1.31
17-1021.00,Self-Confidence,1.02
17-1021.00,Self-Control,0.46
17-1021.00,Sincerity,0.12
17-1021.00,Social Orientation,-0.09
17-1021.00,Stress Tolerance,0.68
17-1021.00,Tolerance for Ambiguity,1.08
17-1022.00,Achievement Orientation,1.6
17-1022.00,Adaptability,0.48
17-1022.00,Attention to Detail,3.0
17-1022.00,Cautiousness,2.24
17-1022.00,Cooperation,0.59
17-1022.00,Dependability,2.56
17-1022.00,Empathy,-0.02
17-1022.00,Humility,-0.18
17-1022.00,Initiative,0.78
17-1022.00,Innovation,0.44
17-1022.00,Integrity,2.1
17-1022.00,Intellectual Curiosity,1.44
17-1022.00,Leadership Orientation,1.13
17-1022.00,Optimism,-0.14
17-1022.00,Perseverance,1.77
17-1022.00,Self-Confidence,1.5
17-1022.00,Self-Control,0.9
17-1022.00,Sincerity,0.69
17-1022.00,Social Orientation,0.22
17-1022.00,Stress Tolerance,0.97
17-1022.00,Tolerance for Ambiguity,-0.52
17-1022.01,Achievement Orientation,1.45
17-1022.01,Adaptability,0.23
17-1022.01,Attention to Detail,3.0
17-1022.01,Cautiousness,1.5
17-1022.01,Cooperation,0.04
17-1022.01,Dependability,2.65
17-1022.01,Empathy,-0.14
17-1022.01,Humility,-0.1
17-1022.01,Initiative,0.43
17-1022.01,Innovation,0.97
17-1022.01,Integrity,1.79
17-1022.01,Intellectual Curiosity,1.93
17-1022.01,Leadership Orientation,1.24
17-1022.01,Optimism,-0.32
17-1022.01,Perseverance,1.58
17-1022.01,Self-Confidence,1.24
17-1022.01,Self-Control,0.46
17-1022.01,Sincerity,0.21
17-1022.01,Social Orientation,0.07
17-1022.01,Stress Tolerance,0.8
17-1022.01,Tolerance for Ambiguity,0.43
17-2011.00,Achievement Orientation,2.14
17-2011.00,Adaptability,1.79
17-2011.00,Attention to Detail,2.88
17-2011.00,Cautiousness,2.39
17-2011.00,Cooperation,1.08
17-2011.00,Dependability,2.65
17-2011.00,Empathy,0.15
17-2011.00,Humility,0.34
17-2011.00,Initiative,1.59
17-2011.00,Innovation,2.51
17-2011.00,Integrity,2.1
17-2011.00,Intellectual Curiosity,2.2
17-2011.00,Leadership Orientation,1.48
17-2011.00,Optimism,0.18
17-2011.00,Perseverance,1.83
17-2011.00,Self-Confidence,1.7
17-2011.00,Self-Control,1.19
17-2011.00,Sincerity,0.69
17-2011.00,Social Orientation,0.41
17-2011.00,Stress Tolerance,1.27
17-2011.00,Tolerance for Ambiguity,1.56
17-2021.00,Achievement Orientation,1.95
17-2021.00,Adaptability,1.83
17-2021.00,Attention to Detail,2.5
17-2021.00,Cautiousness,1.99
17-2021.00,Cooperation,1.6
17-2021.00,Dependability,2.36
17-2021.00,Empathy,0.45
17-2021.00,Humility,0.53
17-2021.00,Initiative,1.53
17-2021.00,Innovation,2.36
17-2021.00,Integrity,1.99
17-2021.00,Intellectual Curiosity,2.2
17-2021.00,Leadership Orientation,1.53
17-2021.00,Optimism,0.69
17-2021.00,Perseverance,1.7
17-2021.00,Self-Confidence,1.73
17-2021.00,Self-Control,1.16
17-2021.00,Sincerity,0.96
17-2021.00,Social Orientation,1.11
17-2021.00,Stress Tolerance,0.97
17-2021.00,Tolerance for Ambiguity,1.26
17-2031.00,Achievement Orientation,2.14
17-2031.00,Adaptability,2.25
17-2031.00,Attention to Detail,2.67
17-2031.00,Cautiousness,2.43
17-2031.00,Cooperation,1.84
17-2031.00,Dependability,2.47
17-2031.00,Empathy,0.52
17-2031.00,Humility,0.72
17-2031.00,Initiative,1.5
17-2031.00,Innovation,2.51
17-2031.00,Integrity,2.21
17-2031.00,Intellectual Curiosity,3.0
17-2031.00,Leadership Orientation,1.29
17-2031.00,Optimism,0.49
17-2031.00,Perseverance,1.74
17-2031.00,Self-Confidence,1.54
17-2031.00,Self-Control,1.28
17-2031.00,Sincerity,0.88
17-2031.00,Social Orientation,0.97
17-2031.00,Stress Tolerance,1.27
17-2031.00,Tolerance for Ambiguity,1.49
17-2041.00,Achievement Orientation,2.14
17-2041.00,Adaptability,1.83
17-2041.00,Attention to Detail,2.67
17-2041.00,Cautiousness,2.62
17-2041.00,Cooperation,1.2
17-2041.00,Dependability,2.59
17-2041.00,Empathy,0.08
17-2041.00,Humility,0.1
17-2041.00,Initiative,1.44
17-2041.00,Innovation,2.42
17-2041.00,Integrity,2.1
17-2041.00,Intellectual Curiosity,2.37
17-2041.00,Leadership Orientation,1.21
17-2041.00,Optimism,0.24
17-2041.00,Perseverance,1.61
17-2041.00,Self-Confidence,1.57
17-2041.00,Self-Control,1.31
17-2041.00,Sincerity,0.62
17-2041.00,Social Orientation,0.47
17-2041.00,Stress Tolerance,1.7
17-2041.00,Tolerance for Ambiguity,1.43
17-2051.00,Achievement Orientation,2.08
17-2051.00,Adaptability,1.86
17-2051.00,Attention to Detail,2.57
17-2051.00,Cautiousness,2.39
17-2051.00,Cooperation,1.44
17-2051.00,Dependability,2.65
17-2051.00,Empathy,0.41
17-2051.00,Humility,0.42
17-2051.00,Initiative,1.59
17-2051.00,Innovation,1.97
17-2051.00,Integrity,2.21
17-2051.00,Intellectual Curiosity,2.16
17-2051.00,Leadership Orientation,2.01
17-2051.00,Optimism,0.61
17-2051.00,Perseverance,1.77
17-2051.00,Self-Confidence,1.76
17-2051.00,Self-Control,1.31
17-2051.00,Sincerity,0.78
17-2051.00,Social Orientation,0.86
17-2051.00,Stress Tolerance,1.43
17-2051.00,Tolerance for Ambiguity,1.33
17-2051.01,Achievement Orientation,1.95
17-2051.01,Adaptability,1.54
17-2051.01,Attention to Detail,2.67
17-2051.01,Cautiousness,2.35
17-2051.01,Cooperation,1.31
17-2051.01,Dependability,2.59
17-2051.01,Empathy,0.35
17-2051.01,Humility,0.4
17-2051.01,Initiative,1.29
17-2051.01,Innovation,1.86
17-2051.01,Integrity,2.1
17-2051.01,Intellectual Curiosity,1.97
17-2051.01,Leadership Orientation,1.06
17-2051.01,Optimism,0.32
17-2051.01,Perseverance,1.74
17-2051.01,Self-Confidence,1.47
17-2051.01,Self-Control,1.16
17-2051.01,Sincerity,0.62
17-2051.01,Social Orientation,0.72
17-2051.01,Stress Tolerance,1.4
17-2051.01,Tolerance for Ambiguity,1.01
17-2061.00,Achievement Orientation,2.14
17-2061.00,Adaptability,2.0
17-2061.00,Attention to Detail,2.67
17-2061.00,Cautiousness,1.79
17-2061.00,Cooperation,0.98
17-2061.00,Dependability,2.36
17-2061.00,Empathy,0.25
17-2061.00,Humility,0.03
17-2061.00,Initiative,1.47
17-2061.00,Innovation,2.51
17-2061.00,Integrity,1.76
17-2061.00,Intellectual Curiosity,2.33
17-2061.00,Leadership Orientation,1.03
17-2061.00,Optimism,0.18
17-2061.00,Perseverance,1.64
17-2061.00,Self-Confidence,1.41
17-2061.00,Self-Control,0.7
17-2061.00,Sincerity,0.5
17-2061.00,Social Orientation,0.47
17-2061.00,Stress Tolerance,1.16
17-2061.00,Tolerance for Ambiguity,1.49
17-2071.00,Achievement Orientation,2.11
17-2071.00,Adaptability,1.54
17-2071.00,Attention to Detail,2.74
17-2071.00,Cautiousness,2.28
17-2071.00,Cooperation,1.17
17-2071.00,Dependability,2.59
17-2071.00,Empathy,0.39
17-2071.00,Humility,0.37
17-2071.00,Initiative,1.44
17-2071.00,Innovation,2.3
17-2071.00,Integrity,1.96
17-2071.00,Intellectual Curiosity,2.2
17-2071.00,Leadership Orientation,1.29
17-2071.00,Optimism,0.38
17-2071.00,Perseverance,1.67
17-2071.00,Self-Confidence,1.6
17-2071.00,Self-Control,1.14
17-2071.00,Sincerity,0.65
17-2071.00,Social Orientation,0.86
17-2071.00,Stress Tolerance,1.16
17-2071.00,Tolerance for Ambiguity,1.1
17-2072.00,Achievement Orientation,2.04
17-2072.00,Adaptability,1.54
17-2072.00,Attention to Detail,2.7
17-2072.00,Cautiousness,2.28
17-2072.00,Cooperation,0.9
17-2072.00,Dependability,2.41
17-2072.00,Empathy,0.21
17-2072.00,Humility,0.29
17-2072.00,Initiative,1.21
17-2072.00,Innovation,2.45
17-2072.00,Integrity,2.1
17-2072.00,Intellectual Curiosity,2.33
17-2072.00,Leadership Orientation,1.0
17-2072.00,Optimism,0.16
17-2072.00,Perseverance,1.67
17-2072.00,Self-Confidence,1.57
17-2072.00,Self-Control,0.97
17-2072.00,Sincerity,0.57
17-2072.00,Social Orientation,0.59
17-2072.00,Stress Tolerance,1.16
17-2072.00,Tolerance for Ambiguity,1.29
17-2072.01,Achievement Orientation,2.01
17-2072.01,Adaptability,1.83
17-2072.01,Attention to Detail,2.53
17-2072.01,Cautiousness,1.93
17-2072.01,Cooperation,0.75
17-2072.01,Dependability,2.22
17-2072.01,Empathy,0.05
17-2072.01,Humility,0.32
17-2072.01,Initiative,1.59
17-2072.01,Innovation,2.24
17-2072.01,Integrity,1.76
17-2072.01,Intellectual Curiosity,2.2
17-2072.01,Leadership Orientation,0.66
17-2072.01,Optimism,0.04
17-2072.01,Perseverance,1.67
17-2072.01,Self-Confidence,1.41
17-2072.01,Self-Control,0.59
17-2072.01,Sincerity,0.27
17-2072.01,Social Orientation,0.45
17-2072.01,Stress Tolerance,1.02
17-2072.01,Tolerance for Ambiguity,1.43
17-2081.00,Achievement Orientation,2.04
17-2081.00,Adaptability,1.83
17-2081.00,Attention to Detail,2.63
17-2081.00,Cautiousness,2.43
17-2081.00,Cooperation,1.84
17-2081.00,Dependability,2.5
17-2081.00,Empathy,0.6
17-2081.00,Humility,0.64
17-2081.00,Initiative,1.66
17-2081.00,Innovation,2.3
17-2081.00,Integrity,2.21
17-2081.00,Intellectual Curiosity,2.24
17-2081.00,Leadership Orientation,1.48
17-2081.00,Optimism,0.59
17-2081.00,Perseverance,1.77
17-2081.00,Self-Confidence,1.7
17-2081.00,Self-Control,1.25
17-2081.00,Sincerity,1.11
17-2081.00,Social Orientation,1.38
17-2081.00,Stress Tolerance,1.35
17-2081.00,Tolerance for Ambiguity,1.49
17-2111.00,Achievement Orientation,2.04
17-2111.00,Adaptability,1.86
17-2111.00,Attention to Detail,2.67
17-2111.00,Cautiousness,2.74
17-2111.00,Cooperation,1.84
17-2111.00,Dependability,2.62
17-2111.00,Empathy,0.88
17-2111.00,Humility,0.72
17-2111.00,Initiative,1.79
17-2111.00,Innovation,1.6
17-2111.00,Integrity,2.36
17-2111.00,Intellectual Curiosity,2.2
17-2111.00,Leadership Orientation,1.56
17-2111.00,Optimism,0.74
17-2111.00,Perseverance,1.97
17-2111.00,Self-Confidence,1.76
17-2111.00,Self-Control,1.77
17-2111.00,Sincerity,1.39
17-2111.00,Social Orientation,1.15
17-2111.00,Stress Tolerance,1.99
17-2111.00,Tolerance for Ambiguity,1.35
17-2111.02,Achievement Orientation,2.01
17-2111.02,Adaptability,1.83
17-2111.02,Attention to Detail,2.77
17-2111.02,Cautiousness,2.74
17-2111.02,Cooperation,1.63
17-2111.02,Dependability,2.65
17-2111.02,Empathy,0.35
17-2111.02,Humility,0.53
17-2111.02,Initiative,1.69
17-2111.02,Innovation,2.09
17-2111.02,Integrity,2.36
17-2111.02,Intellectual Curiosity,2.2
17-2111.02,Leadership Orientation,1.7
17-2111.02,Optimism,0.07
17-2111.02,Perseverance,1.97
17-2111.02,Self-Confidence,1.73
17-2111.02,Self-Control,1.53
17-2111.02,Sincerity,1.16
17-2111.02,Social Orientation,0.97
17-2111.02,Stress Tolerance,1.58
17-2111.02,Tolerance for Ambiguity,1.37
17-2112.00,Achievement Orientation,2.11
17-2112.00,Adaptability,1.75
17-2112.00,Attention to Detail,2.63
17-2112.00,Cautiousness,1.89
17-2112.00,Cooperation,1.41
17-2112.00,Dependability,2.36
17-2112.00,Empathy,0.43
17-2112.00,Humility,0.45
17-2112.00,Initiative,1.66
17-2112.00,Innovation,2.15
17-2112.00,Integrity,1.96
17-2112.00,Intellectual Curiosity,2.2
17-2112.00,Leadership Orientation,1.45
17-2112.00,Optimism,0.49
17-2112.00,Perseverance,1.7
17-2112.00,Self-Confidence,1.66
17-2112.00,Self-Control,1.19
17-2112.00,Sincerity,0.72
17-2112.00,Social Orientation,1.09
17-2112.00,Stress Tolerance,1.19
17-2112.00,Tolerance for Ambiguity,1.31
17-2112.01,Achievement Orientation,1.95
17-2112.01,Adaptability,1.94
17-2112.01,Attention to Detail,2.63
17-2112.01,Cautiousness,1.79
17-2112.01,Cooperation,1.84
17-2112.01,Dependability,2.19
17-2112.01,Empathy,1.54
17-2112.01,Humility,0.84
17-2112.01,Initiative,1.59
17-2112.01,Innovation,2.36
17-2112.01,Integrity,1.79
17-2112.01,Intellectual Curiosity,2.37
17-2112.01,Leadership Orientation,0.98
17-2112.01,Optimism,0.52
17-2112.01,Perseverance,1.7
17-2112.01,Self-Confidence,1.41
17-2112.01,Self-Control,1.31
17-2112.01,Sincerity,1.21
17-2112.01,Social Orientation,1.15
17-2112.01,Stress Tolerance,1.14
17-2112.01,Tolerance for Ambiguity,1.62
17-2112.02,Achievement Orientation,2.11
17-2112.02,Adaptability,1.44
17-2112.02,Attention to Detail,3.0
17-2112.02,Cautiousness,2.47
17-2112.02,Cooperation,1.5
17-2112.02,Dependability,2.65
17-2112.02,Empathy,0.12
17-2112.02,Humility,0.64
17-2112.02,Initiative,1.47
17-2112.02,Innovation,1.33
17-2112.02,Integrity,2.13
17-2112.02,Intellectual Curiosity,2.2
17-2112.02,Leadership Orientation,1.06
17-2112.02,Optimism,0.26
17-2112.02,Perseverance,1.7
17-2112.02,Self-Confidence,1.44
17-2112.02,Self-Control,1.19
17-2112.02,Sincerity,0.74
17-2112.02,Social Orientation,0.68
17-2112.02,Stress Tolerance,1.22
17-2112.02,Tolerance for Ambiguity,0.6
17-2112.03,Achievement Orientation,1.98
17-2112.03,Adaptability,2.05
17-2112.03,Attention to Detail,2.53
17-2112.03,Cautiousness,1.76
17-2112.03,Cooperation,1.38
17-2112.03,Dependability,2.36
17-2112.03,Empathy,0.1
17-2112.03,Humility,0.4
17-2112.03,Initiative,1.82
17-2112.03,Innovation,2.36
17-2112.03,Integrity,1.73
17-2112.03,Intellectual Curiosity,2.16
17-2112.03,Leadership Orientation,1.31
17-2112.03,Optimism,0.64
17-2112.03,Perseverance,1.9
17-2112.03,Self-Confidence,1.5
17-2112.03,Self-Control,1.11
17-2112.03,Sincerity,0.63
17-2112.03,Social Orientation,0.68
17-2112.03,Stress Tolerance,1.32
17-2112.03,Tolerance for Ambiguity,1.16
17-2121.00,Achievement Orientation,2.14
17-2121.00,Adaptability,1.83
17-2121.00,Attention to Detail,2.7
17-2121.00,Cautiousness,2.35
17-2121.00,Cooperation,1.31
17-2121.00,Dependability,2.65
17-2121.00,Empathy,0.23
17-2121.00,Humility,0.4
17-2121.00,Initiative,1.56
17-2121.00,Innovation,2.3
17-2121.00,Integrity,2.1
17-2121.00,Intellectual Curiosity,2.2
17-2121.00,Leadership Orientation,1.67
17-2121.00,Optimism,0.52
17-2121.00,Perseverance,1.77
17-2121.00,Self-Confidence,1.66
17-2121.00,Self-Control,1.31
17-2121.00,Sincerity,0.72
17-2121.00,Social Orientation,0.65
17-2121.00,Stress Tolerance,1.43
17-2121.00,Tolerance for Ambiguity,1.39
17-2131.00,Achievement Orientation,2.11
17-2131.00,Adaptability,1.72
17-2131.00,Attention to Detail,2.7
17-2131.00,Cautiousness,2.28
17-2131.00,Cooperation,1.26
17-2131.00,Dependability,2.41
17-2131.00,Empathy,0.13
17-2131.00,Humility,0.27
17-2131.00,Initiative,1.5
17-2131.00,Innovation,2.48
17-2131.00,Integrity,1.99
17-2131.00,Intellectual Curiosity,2.41
17-2131.00,Leadership Orientation,1.37
17-2131.00,Optimism,0.43
17-2131.00,Perseverance,1.77
17-2131.00,Self-Confidence,1.47
17-2131.00,Self-Control,1.03
17-2131.00,Sincerity,0.58
17-2131.00,Social Orientation,0.61
17-2131.00,Stress Tolerance,1.04
17-2131.00,Tolerance for Ambiguity,1.31
17-2141.00,Achievement Orientation,1.98
17-2141.00,Adaptability,1.29
17-2141.00,Attention to Detail,2.74
17-2141.00,Cautiousness,2.28
17-2141.00,Cooperation,1.03
17-2141.00,Dependability,2.47
17-2141.00,Empathy,0.21
17-2141.00,Humility,0.5
17-2141.00,Initiative,1.44
17-2141.00,Innovation,2.39
17-2141.00,Integrity,1.89
17-2141.00,Intellectual Curiosity,2.2
17-2141.00,Leadership Orientation,1.06
17-2141.00,Optimism,0.24
17-2141.00,Perseverance,1.67
17-2141.00,Self-Confidence,1.5
17-2141.00,Self-Control,1.0
17-2141.00,Sincerity,0.58
17-2141.00,Social Orientation,0.61
17-2141.00,Stress Tolerance,1.27
17-2141.00,Tolerance for Ambiguity,1.24
17-2141.01,Achievement Orientation,2.14
17-2141.01,Adaptability,1.8
17-2141.01,Attention to Detail,2.7
17-2141.01,Cautiousness,2.35
17-2141.01,Cooperation,1.26
17-2141.01,Dependability,2.47
17-2141.01,Empathy,-0.01
17-2141.01,Humility,0.29
17-2141.01,Initiative,1.53
17-2141.01,Innovation,2.51
17-2141.01,Integrity,1.99
17-2141.01,Intellectual Curiosity,2.54
17-2141.01,Leadership Orientation,1.26
17-2141.01,Optimism,0.18
17-2141.01,Perseverance,1.77
17-2141.01,Self-Confidence,1.63
17-2141.01,Self-Control,1.0
17-2141.01,Sincerity,0.32
17-2141.01,Social Orientation,0.59
17-2141.01,Stress Tolerance,1.16
17-2141.01,Tolerance for Ambiguity,1.58
17-2141.02,Achievement Orientation,2.14
17-2141.02,Adaptability,2.26
17-2141.02,Attention to Detail,2.63
17-2141.02,Cautiousness,1.89
17-2141.02,Cooperation,1.08
17-2141.02,Dependability,2.47
17-2141.02,Empathy,0.07
17-2141.02,Humility,0.47
17-2141.02,Initiative,1.44
17-2141.02,Innovation,2.51
17-2141.02,Integrity,1.99
17-2141.02,Intellectual Curiosity,2.37
17-2141.02,Leadership Orientation,1.48
17-2141.02,Optimism,0.24
17-2141.02,Perseverance,1.61
17-2141.02,Self-Confidence,1.54
17-2141.02,Self-Control,1.08
17-2141.02,Sincerity,0.62
17-2141.02,Social Orientation,0.59
17-2141.02,Stress Tolerance,1.24
17-2141.02,Tolerance for Ambiguity,1.41
17-2151.00,Achievement Orientation,2.04
17-2151.00,Adaptability,1.83
17-2151.00,Attention to Detail,2.57
17-2151.00,Cautiousness,2.62
17-2151.00,Cooperation,1.35
17-2151.00,Dependability,2.65
17-2151.00,Empathy,0.37
17-2151.00,Humility,0.45
17-2151.00,Initiative,1.62
17-2151.00,Innovation,1.83
17-2151.00,Integrity,2.21
17-2151.00,Intellectual Curiosity,2.04
17-2151.00,Leadership Orientation,1.95
17-2151.00,Optimism,0.38
17-2151.00,Perseverance,2.15
17-2151.00,Self-Confidence,1.73
17-2151.00,Self-Control,1.66
17-2151.00,Sincerity,0.8
17-2151.00,Social Orientation,0.56
17-2151.00,Stress Tolerance,1.99
17-2151.00,Tolerance for Ambiguity,1.62
17-2161.00,Achievement Orientation,2.21
17-2161.00,Adaptability,1.48
17-2161.00,Attention to Detail,3.0
17-2161.00,Cautiousness,2.74
17-2161.00,Cooperation,1.44
17-2161.00,Dependability,3.0
17-2161.00,Empathy,0.12
17-2161.00,Humility,0.64
17-2161.00,Initiative,1.38
17-2161.00,Innovation,1.97
17-2161.00,Integrity,2.93
17-2161.00,Intellectual Curiosity,2.58
17-2161.00,Leadership Orientation,1.58
17-2161.00,Optimism,0.13
17-2161.00,Perseverance,2.12
17-2161.00,Self-Confidence,1.73
17-2161.00,Self-Control,2.5
17-2161.00,Sincerity,1.19
17-2161.00,Social Orientation,0.29
17-2161.00,Stress Tolerance,2.39
17-2161.00,Tolerance for Ambiguity,1.37
17-2171.00,Achievement Orientation,2.14
17-2171.00,Adaptability,1.79
17-2171.00,Attention to Detail,2.57
17-2171.00,Cautiousness,2.5
17-2171.00,Cooperation,1.08
17-2171.00,Dependability,2.47
17-2171.00,Empathy,0.13
17-2171.00,Humility,0.17
17-2171.00,Initiative,1.66
17-2171.00,Innovation,2.18
17-2171.00,Integrity,2.03
17-2171.00,Intellectual Curiosity,2.2
17-2171.00,Leadership Orientation,1.42
17-2171.00,Optimism,0.47
17-2171.00,Perseverance,2.12
17-2171.00,Self-Confidence,1.73
17-2171.00,Self-Control,1.31
17-2171.00,Sincerity,0.57
17-2171.00,Social Orientation,0.75
17-2171.00,Stress Tolerance,1.8
17-2171.00,Tolerance for Ambiguity,1.49
17-2199.03,Achievement Orientation,2.17
17-2199.03,Adaptability,1.79
17-2199.03,Attention to Detail,2.57
17-2199.03,Cautiousness,2.03
17-2199.03,Cooperation,1.23
17-2199.03,Dependability,2.39
17-2199.03,Empathy,0.2
17-2199.03,Humility,0.53
17-2199.03,Initiative,1.59
17-2199.03,Innovation,2.27
17-2199.03,Integrity,2.06
17-2199.03,Intellectual Curiosity,2.24
17-2199.03,Leadership Orientation,1.34
17-2199.03,Optimism,0.49
17-2199.03,Perseverance,1.64
17-2199.03,Self-Confidence,1.6
17-2199.03,Self-Control,0.9
17-2199.03,Sincerity,0.86
17-2199.03,Social Orientation,0.77
17-2199.03,Stress Tolerance,1.11
17-2199.03,Tolerance for Ambiguity,1.22
17-2199.05,Achievement Orientation,2.04
17-2199.05,Adaptability,1.86
17-2199.05,Attention to Detail,2.63
17-2199.05,Cautiousness,2.24
17-2199.05,Cooperation,0.98
17-2199.05,Dependability,2.39
17-2199.05,Empathy,-0.01
17-2199.05,Humility,0.37
17-2199.05,Initiative,1.53
17-2199.05,Innovation,2.51
17-2199.05,Integrity,1.92
17-2199.05,Intellectual Curiosity,2.37
17-2199.05,Leadership Orientation,1.06
17-2199.05,Optimism,0.2
17-2199.05,Perseverance,1.64
17-2199.05,Self-Confidence,1.6
17-2199.05,Self-Control,0.7
17-2199.05,Sincerity,0.25
17-2199.05,Social Orientation,0.47
17-2199.05,Stress Tolerance,0.97
17-2199.05,Tolerance for Ambiguity,1.49
17-2199.06,Achievement Orientation,2.14
17-2199.06,Adaptability,1.86
17-2199.06,Attention to Detail,3.0
17-2199.06,Cautiousness,2.28
17-2199.06,Cooperation,0.95
17-2199.06,Dependability,2.39
17-2199.06,Empathy,-0.02
17-2199.06,Humility,0.24
17-2199.06,Initiative,1.18
17-2199.06,Innovation,2.51
17-2199.06,Integrity,1.92
17-2199.06,Intellectual Curiosity,2.37
17-2199.06,Leadership Orientation,0.81
17-2199.06,Optimism,0.15
17-2199.06,Perseverance,1.67
17-2199.06,Self-Confidence,1.35
17-2199.06,Self-Control,0.61
17-2199.06,Sincerity,0.3
17-2199.06,Social Orientation,0.5
17-2199.06,Stress Tolerance,1.09
17-2199.06,Tolerance for Ambiguity,1.56
17-2199.07,Achievement Orientation,2.14
17-2199.07,Adaptability,1.98
17-2199.07,Attention to Detail,2.77
17-2199.07,Cautiousness,2.14
17-2199.07,Cooperation,0.85
17-2199.07,Dependability,2.25
17-2199.07,Empathy,-0.03
17-2199.07,Humility,0.24
17-2199.07,Initiative,1.44
17-2199.07,Innovation,2.45
17-2199.07,Integrity,1.76
17-2199.07,Intellectual Curiosity,2.45
17-2199.07,Leadership Orientation,0.73
17-2199.07,Optimism,0.32
17-2199.07,Perseverance,1.61
17-2199.07,Self-Confidence,1.35
17-2199.07,Self-Control,0.61
17-2199.07,Sincerity,0.47
17-2199.07,Social Orientation,0.47
17-2199.07,Stress Tolerance,1.0
17-2199.07,Tolerance for Ambiguity,1.7
17-2199.08,Achievement Orientation,2.08
17-2199.08,Adaptability,2.05
17-2199.08,Attention to Detail,2.74
17-2199.08,Cautiousness,2.28
17-2199.08,Cooperation,0.87
17-2199.08,Dependability,2.41
17-2199.08,Empathy,0.02
17-2199.08,Humility,0.03
17-2199.08,Initiative,1.38
17-2199.08,Innovation,2.55
17-2199.08,Integrity,1.92
17-2199.08,Intellectual Curiosity,2.37
17-2199.08,Leadership Orientation,1.16
17-2199.08,Optimism,0.22
17-2199.08,Perseverance,1.9
17-2199.08,Self-Confidence,1.41
17-2199.08,Self-Control,0.66
17-2199.08,Sincerity,0.18
17-2199.08,Social Orientation,0.11
17-2199.08,Stress Tolerance,1.02
17-2199.08,Tolerance for Ambiguity,1.53
17-2199.09,Achievement Orientation,2.24
17-2199.09,Adaptability,2.3
17-2199.09,Attention to Detail,3.0
17-2199.09,Cautiousness,2.35
17-2199.09,Cooperation,1.08
17-2199.09,Dependability,2.41
17-2199.09,Empathy,0.23
17-2199.09,Humility,0.5
17-2199.09,Initiative,1.86
17-2199.09,Innovation,2.77
17-2199.09,Integrity,2.03
17-2199.09,Intellectual Curiosity,3.0
17-2199.09,Leadership Orientation,1.45
17-2199.09,Optimism,0.47
17-2199.09,Perseverance,2.08
17-2199.09,Self-Confidence,1.57
17-2199.09,Self-Control,1.0
17-2199.09,Sincerity,0.58
17-2199.09,Social Orientation,0.84
17-2199.09,Stress Tolerance,1.07
17-2199.09,Tolerance for Ambiguity,1.93
17-3011.00,Achievement Orientation,1.6
17-3011.00,Adaptability,1.02
17-3011.00,Attention to Detail,2.77
17-3011.00,Cautiousness,1.99
17-3011.00,Cooperation,0.71
17-3011.00,Dependability,2.25
17-3011.00,Empathy,-0.02
17-3011.00,Humility,0.03
17-3011.00,Initiative,0.63
17-3011.00,Innovation,1.1
17-3011.00,Integrity,1.34
17-3011.00,Intellectual Curiosity,1.23
17-3011.00,Leadership Orientation,0.23
17-3011.00,Optimism,0.06
17-3011.00,Perseverance,1.18
17-3011.00,Self-Confidence,1.02
17-3011.00,Self-Control,0.61
17-3011.00,Sincerity,0.17
17-3011.00,Social Orientation,0.07
17-3011.00,Stress Tolerance,0.86
17-3011.00,Tolerance for Ambiguity,0.22
17-3012.00,Achievement Orientation,1.52
17-3012.00,Adaptability,0.83
17-3012.00,Attention to Detail,2.67
17-3012.00,Cautiousness,2.14
17-3012.00,Cooperation,1.17
17-3012.00,Dependability,2.3
17-3012.00,Empathy,0.02
17-3012.00,Humility,-0.01
17-3012.00,Initiative,0.17
17-3012.00,Innovation,0.75
17-3012.00,Integrity,1.4
17-3012.00,Intellectual Curiosity,1.23
17-3012.00,Leadership Orientation,-0.4
17-3012.00,Optimism,-0.07
17-3012.00,Perseverance,1.02
17-3012.00,Self-Confidence,0.87
17-3012.00,Self-Control,0.55
17-3012.00,Sincerity,0.22
17-3012.00,Social Orientation,0.25
17-3012.00,Stress Tolerance,0.86
17-3012.00,Tolerance for Ambiguity,-0.38
17-3013.00,Achievement Orientation,1.55
17-3013.00,Adaptability,0.97
17-3013.00,Attention to Detail,3.0
17-3013.00,Cautiousness,1.82
17-3013.00,Cooperation,0.85
17-3013.00,Dependability,2.16
17-3013.00,Empathy,-0.03
17-3013.00,Humility,-0.01
17-3013.00,Initiative,0.49
17-3013.00,Innovation,1.1
17-3013.00,Integrity,0.91
17-3013.00,Intellectual Curiosity,1.26
17-3013.00,Leadership Orientation,0.1
17-3013.00,Optimism,-0.09
17-3013.00,Perseverance,1.12
17-3013.00,Self-Confidence,0.97
17-3013.00,Self-Control,0.39
17-3013.00,Sincerity,0.14
17-3013.00,Social Orientation,0.2
17-3013.00,Stress Tolerance,0.58
17-3013.00,Tolerance for Ambiguity,-0.19
17-3021.00,Achievement Orientation,0.4
17-3021.00,Adaptability,1.68
17-3021.00,Attention to Detail,2.77
17-3021.00,Cautiousness,2.58
17-3021.00,Cooperation,1.28
17-3021.00,Dependability,2.65
17-3021.00,Empathy,-0.05
17-3021.00,Humility,0.32
17-3021.00,Initiative,0.92
17-3021.00,Innovation,1.25
17-3021.00,Integrity,2.1
17-3021.00,Intellectual Curiosity,1.86
17-3021.00,Leadership Orientation,0.14
17-3021.00,Optimism,0.18
17-3021.00,Perseverance,1.8
17-3021.00,Self-Confidence,1.15
17-3021.00,Self-Control,1.56
17-3021.00,Sincerity,0.55
17-3021.00,Social Orientation,0.31
17-3021.00,Stress Tolerance,1.55
17-3021.00,Tolerance for Ambiguity,0.64
17-3022.00,Achievement Orientation,1.63
17-3022.00,Adaptability,0.94
17-3022.00,Attention to Detail,2.67
17-3022.00,Cautiousness,1.93
17-3022.00,Cooperation,1.26
17-3022.00,Dependability,2.39
17-3022.00,Empathy,0.01
17-3022.00,Humility,0.29
17-3022.00,Initiative,0.8
17-3022.00,Innovation,0.82
17-3022.00,Integrity,1.76
17-3022.00,Intellectual Curiosity,1.38
17-3022.00,Leadership Orientation,0.34
17-3022.00,Optimism,0.09
17-3022.00,Perseverance,1.43
17-3022.00,Self-Confidence,0.99
17-3022.00,Self-Control,0.61
17-3022.00,Sincerity,0.53
17-3022.00,Social Orientation,0.41
17-3022.00,Stress Tolerance,1.07
17-3022.00,Tolerance for Ambiguity,0.41
17-3023.00,Achievement Orientation,1.66
17-3023.00,Adaptability,1.38
17-3023.00,Attention to Detail,2.77
17-3023.00,Cautiousness,2.06
17-3023.00,Cooperation,1.2
17-3023.00,Dependability,2.47
17-3023.00,Empathy,-0.01
17-3023.00,Humility,0.12
17-3023.00,Initiative,1.02
17-3023.00,Innovation,1.52
17-3023.00,Integrity,1.7
17-3023.00,Intellectual Curiosity,1.89
17-3023.00,Leadership Orientation,0.23
17-3023.00,Optimism,0.34
17-3023.00,Perseverance,1.7
17-3023.00,Self-Confidence,1.02
17-3023.00,Self-Control,1.08
17-3023.00,Sincerity,0.44
17-3023.00,Social Orientation,0.36
17-3023.00,Stress Tolerance,1.07
17-3023.00,Tolerance for Ambiguity,0.85
17-3024.00,Achievement Orientation,1.66
17-3024.00,Adaptability,1.51
17-3024.00,Attention to Detail,2.67
17-3024.00,Cautiousness,2.03
17-3024.00,Cooperation,0.68
17-3024.00,Dependability,2.47
17-3024.00,Empathy,-0.12
17-3024.00,Humility,0.12
17-3024.00,Initiative,0.92
17-3024.00,Innovation,1.25
17-3024.00,Integrity,1.57
17-3024.00,Intellectual Curiosity,1.93
17-3024.00,Leadership Orientation,-0.22
17-3024.00,Optimism,0.07
17-3024.00,Perseverance,1.61
17-3024.00,Self-Confidence,1.05
17-3024.00,Self-Control,0.85
17-3024.00,Sincerity,0.18
17-3024.00,Social Orientation,-0.23
17-3024.00,Stress Tolerance,1.29
17-3024.00,Tolerance for Ambiguity,0.54
17-3024.01,Achievement Orientation,1.69
17-3024.01,Adaptability,1.68
17-3024.01,Attention to Detail,2.57
17-3024.01,Cautiousness,1.99
17-3024.01,Cooperation,0.95
17-3024.01,Dependability,2.39
17-3024.01,Empathy,-0.06
17-3024.01,Humility,-0.08
17-3024.01,Initiative,1.05
17-3024.01,Innovation,1.49
17-3024.01,Integrity,1.57
17-3024.01,Intellectual Curiosity,1.82
17-3024.01,Leadership Orientation,0.23
17-3024.01,Optimism,0.34
17-3024.01,Perseverance,1.67
17-3024.01,Self-Confidence,1.13
17-3024.01,Self-Control,0.92
17-3024.01,Sincerity,0.37
17-3024.01,Social Orientation,0.07
17-3024.01,Stress Tolerance,1.16
17-3024.01,Tolerance for Ambiguity,1.01
17-3025.00,Achievement Orientation,1.6
17-3025.00,Adaptability,1.26
17-3025.00,Attention to Detail,2.67
17-3025.00,Cautiousness,2.17
17-3025.00,Cooperation,1.47
17-3025.00,Dependability,2.5
17-3025.00,Empathy,0.04
17-3025.00,Humility,0.45
17-3025.00,Initiative,0.9
17-3025.00,Innovation,1.1
17-3025.00,Integrity,1.99
17-3025.00,Intellectual Curiosity,1.82
17-3025.00,Leadership Orientation,0.12
17-3025.00,Optimism,0.24
17-3025.00,Perseverance,1.64
17-3025.00,Self-Confidence,0.94
17-3025.00,Self-Control,1.28
17-3025.00,Sincerity,0.63
17-3025.00,Social Orientation,0.18
17-3025.00,Stress Tolerance,1.35
17-3025.00,Tolerance for Ambiguity,1.1
17-3026.00,Achievement Orientation,1.69
17-3026.00,Adaptability,1.22
17-3026.00,Attention to Detail,2.67
17-3026.00,Cautiousness,1.76
17-3026.00,Cooperation,1.08
17-3026.00,Dependability,2.19
17-3026.00,Empathy,0.08
17-3026.00,Humility,0.32
17-3026.00,Initiative,0.95
17-3026.00,Innovation,1.15
17-3026.00,Integrity,1.54
17-3026.00,Intellectual Curiosity,1.41
17-3026.00,Leadership Orientation,0.32
17-3026.00,Optimism,0.16
17-3026.00,Perseverance,1.43
17-3026.00,Self-Confidence,0.8
17-3026.00,Self-Control,0.92
17-3026.00,Sincerity,0.5
17-3026.00,Social Orientation,0.45
17-3026.00,Stress Tolerance,1.02
17-3026.00,Tolerance for Ambiguity,0.43
17-3026.01,Achievement Orientation,1.95
17-3026.01,Adaptability,2.05
17-3026.01,Attention to Detail,3.0
17-3026.01,Cautiousness,2.62
17-3026.01,Cooperation,1.26
17-3026.01,Dependability,2.65
17-3026.01,Empathy,-0.05
17-3026.01,Humility,0.56
17-3026.01,Initiative,0.95
17-3026.01,Innovation,1.72
17-3026.01,Integrity,2.1
17-3026.01,Intellectual Curiosity,2.12
17-3026.01,Leadership Orientation,0.12
17-3026.01,Optimism,0.32
17-3026.01,Perseverance,1.64
17-3026.01,Self-Confidence,0.92
17-3026.01,Self-Control,1.28
17-3026.01,Sincerity,0.57
17-3026.01,Social Orientation,-0.07
17-3026.01,Stress Tolerance,1.14
17-3026.01,Tolerance for Ambiguity,1.31
17-3027.00,Achievement Orientation,1.69
17-3027.00,Adaptability,1.35
17-3027.00,Attention to Detail,2.67
17-3027.00,Cautiousness,1.96
17-3027.00,Cooperation,1.23
17-3027.00,Dependability,2.47
17-3027.00,Empathy,-0.01
17-3027.00,Humility,0.19
17-3027.00,Initiative,1.05
17-3027.00,Innovation,1.94
17-3027.00,Integrity,1.7
17-3027.00,Intellectual Curiosity,1.93
17-3027.00,Leadership Orientation,0.27
17-3027.00,Optimism,0.34
17-3027.00,Perseverance,1.67
17-3027.00,Self-Confidence,1.13
17-3027.00,Self-Control,0.97
17-3027.00,Sincerity,0.57
17-3027.00,Social Orientation,0.5
17-3027.00,Stress Tolerance,1.02
17-3027.00,Tolerance for Ambiguity,1.06
17-3027.01,Achievement Orientation,1.6
17-3027.01,Adaptability,1.65
17-3027.01,Attention to Detail,2.57
17-3027.01,Cautiousness,1.93
17-3027.01,Cooperation,0.87
17-3027.01,Dependability,2.47
17-3027.01,Empathy,-0.05
17-3027.01,Humility,0.1
17-3027.01,Initiative,1.07
17-3027.01,Innovation,1.77
17-3027.01,Integrity,1.7
17-3027.01,Intellectual Curiosity,1.86
17-3027.01,Leadership Orientation,0.02
17-3027.01,Optimism,0.09
17-3027.01,Perseverance,1.67
17-3027.01,Self-Confidence,0.92
17-3027.01,Self-Control,0.61
17-3027.01,Sincerity,0.41
17-3027.01,Social Orientation,0.16
17-3027.01,Stress Tolerance,1.09
17-3027.01,Tolerance for Ambiguity,1.06
17-3028.00,Achievement Orientation,1.77
17-3028.00,Adaptability,1.41
17-3028.00,Attention to Detail,3.0
17-3028.00,Cautiousness,2.47
17-3028.00,Cooperation,0.78
17-3028.00,Dependability,2.65
17-3028.00,Empathy,-0.18
17-3028.00,Humility,0.15
17-3028.00,Initiative,0.74
17-3028.00,Innovation,1.17
17-3028.00,Integrity,1.79
17-3028.00,Intellectual Curiosity,1.93
17-3028.00,Leadership Orientation,-0.19
17-3028.00,Optimism,0.09
17-3028.00,Perseverance,1.58
17-3028.00,Self-Confidence,0.89
17-3028.00,Self-Control,0.97
17-3028.00,Sincerity,0.38
17-3028.00,Social Orientation,-0.18
17-3028.00,Stress Tolerance,0.95
17-3028.00,Tolerance for Ambiguity,0.6
17-3029.01,Achievement Orientation,1.71
17-3029.01,Adaptability,1.22
17-3029.01,Attention to Detail,3.0
17-3029.01,Cautiousness,2.62
17-3029.01,Cooperation,0.9
17-3029.01,Dependability,2.65
17-3029.01,Empathy,-0.36
17-3029.01,Humility,0.24
17-3029.01,Initiative,0.74
17-3029.01,Innovation,0.37
17-3029.01,Integrity,2.32
17-3029.01,Intellectual Curiosity,1.35
17-3029.01,Leadership Orientation,0.61
17-3029.01,Optimism,-0.18
17-3029.01,Perseverance,1.58
17-3029.01,Self-Confidence,1.15
17-3029.01,Self-Control,1.25
17-3029.01,Sincerity,0.65
17-3029.01,Social Orientation,-0.16
17-3029.01,Stress Tolerance,1.58
17-3029.01,Tolerance for Ambiguity,0.52
17-3029.08,Achievement Orientation,1.52
17-3029.08,Adaptability,1.29
17-3029.08,Attention to Detail,2.67
17-3029.08,Cautiousness,2.03
17-3029.08,Cooperation,1.23
17-3029.08,Dependability,2.53
17-3029.08,Empathy,-0.16
17-3029.08,Humility,0.22
17-3029.08,Initiative,0.8
17-3029.08,Innovation,1.04
17-3029.08,Integrity,1.63
17-3029.08,Intellectual Curiosity,1.89
17-3029.08,Leadership Orientation,0.02
17-3029.08,Optimism,0.15
17-3029.08,Perseverance,1.58
17-3029.08,Self-Confidence,0.87
17-3029.08,Self-Control,0.95
17-3029.08,Sincerity,0.28
17-3029.08,Social Orientation,-0.09
17-3029.08,Stress Tolerance,1.04
17-3029.08,Tolerance for Ambiguity,0.47
17-3031.00,Achievement Orientation,1.42
17-3031.00,Adaptability,0.76
17-3031.00,Attention to Detail,2.74
17-3031.00,Cautiousness,1.69
17-3031.00,Cooperation,0.87
17-3031.00,Dependability,2.27
17-3031.00,Empathy,-0.13
17-3031.00,Humility,-0.08
17-3031.00,Initiative,0.65
17-3031.00,Innovation,0.65
17-3031.00,Integrity,1.57
17-3031.00,Intellectual Curiosity,1.38
17-3031.00,Leadership Orientation,-0.38
17-3031.00,Optimism,-0.1
17-3031.00,Perseverance,1.07
17-3031.00,Self-Confidence,0.87
17-3031.00,Self-Control,0.55
17-3031.00,Sincerity,0.1
17-3031.00,Social Orientation,0.04
17-3031.00,Stress Tolerance,0.76
17-3031.00,Tolerance for Ambiguity,0.35
19-1011.00,Achievement Orientation,2.11
19-1011.00,Adaptability,1.29
19-1011.00,Attention to Detail,2.31
19-1011.00,Cautiousness,1.44
19-1011.00,Cooperation,1.14
19-1011.00,Dependability,2.27
19-1011.00,Empathy,0.34
19-1011.00,Humility,0.7
19-1011.00,Initiative,1.56
19-1011.00,Innovation,2.33
19-1011.00,Integrity,1.76
19-1011.00,Intellectual Curiosity,2.54
19-1011.00,Leadership Orientation,0.98
19-1011.00,Optimism,0.34
19-1011.00,Perseverance,1.7
19-1011.00,Self-Confidence,1.41
19-1011.00,Self-Control,0.61
19-1011.00,Sincerity,0.82
19-1011.00,Social Orientation,0.81
19-1011.00,Stress Tolerance,0.9
19-1011.00,Tolerance for Ambiguity,1.35
19-1012.00,Achievement Orientation,2.04
19-1012.00,Adaptability,1.86
19-1012.00,Attention to Detail,2.7
19-1012.00,Cautiousness,2.28
19-1012.00,Cooperation,1.38
19-1012.00,Dependability,2.41
19-1012.00,Empathy,0.12
19-1012.00,Humility,0.53
19-1012.00,Initiative,1.5
19-1012.00,Innovation,2.39
19-1012.00,Integrity,2.17
19-1012.00,Intellectual Curiosity,2.58
19-1012.00,Leadership Orientation,1.03
19-1012.00,Optimism,0.3
19-1012.00,Perseverance,1.58
19-1012.00,Self-Confidence,1.41
19-1012.00,Self-Control,0.97
19-1012.00,Sincerity,0.67
19-1012.00,Social Orientation,0.95
19-1012.00,Stress Tolerance,1.11
19-1012.00,Tolerance for Ambiguity,1.26
19-1013.00,Achievement Orientation,1.6
19-1013.00,Adaptability,1.79
19-1013.00,Attention to Detail,2.57
19-1013.00,Cautiousness,1.59
19-1013.00,Cooperation,0.53
19-1013.00,Dependability,1.83
19-1013.00,Empathy,0.05
19-1013.00,Humility,0.7
19-1013.00,Initiative,1.07
19-1013.00,Innovation,2.48
19-1013.00,Integrity,1.7
19-1013.00,Intellectual Curiosity,2.67
19-1013.00,Leadership Orientation,1.0
19-1013.00,Optimism,0.09
19-1013.00,Perseverance,1.67
19-1013.00,Self-Confidence,1.24
19-1013.00,Self-Control,0.68
19-1013.00,Sincerity,0.8
19-1013.00,Social Orientation,1.04
19-1013.00,Stress Tolerance,0.95
19-1013.00,Tolerance for Ambiguity,1.45
19-1021.00,Achievement Orientation,2.14
19-1021.00,Adaptability,1.79
19-1021.00,Attention to Detail,3.0
19-1021.00,Cautiousness,1.82
19-1021.00,Cooperation,1.2
19-1021.00,Dependability,2.36
19-1021.00,Empathy,0.27
19-1021.00,Humility,0.72
19-1021.00,Initiative,1.82
19-1021.00,Innovation,2.61
19-1021.00,Integrity,2.21
19-1021.00,Intellectual Curiosity,3.0
19-1021.00,Leadership Orientation,1.24
19-1021.00,Optimism,0.56
19-1021.00,Perseverance,1.58
19-1021.00,Self-Confidence,1.24
19-1021.00,Self-Control,0.59
19-1021.00,Sincerity,0.84
19-1021.00,Social Orientation,0.7
19-1021.00,Stress Tolerance,1.32
19-1021.00,Tolerance for Ambiguity,1.26
19-1022.00,Achievement Orientation,2.14
19-1022.00,Adaptability,1.35
19-1022.00,Attention to Detail,3.0
19-1022.00,Cautiousness,2.39
19-1022.00,Cooperation,1.17
19-1022.00,Dependability,2.65
19-1022.00,Empathy,-0.01
19-1022.00,Humility,0.75
19-1022.00,Initiative,1.41
19-1022.00,Innovation,2.27
19-1022.00,Integrity,2.1
19-1022.00,Intellectual Curiosity,3.0
19-1022.00,Leadership Orientation,1.08
19-1022.00,Optimism,0.22
19-1022.00,Perseverance,1.67
19-1022.00,Self-Confidence,1.29
19-1022.00,Self-Control,0.77
19-1022.00,Sincerity,0.6
19-1022.00,Social Orientation,0.16
19-1022.00,Stress Tolerance,1.4
19-1022.00,Tolerance for Ambiguity,1.35
19-1023.00,Achievement Orientation,1.92
19-1023.00,Adaptability,1.79
19-1023.00,Attention to Detail,2.19
19-1023.00,Cautiousness,1.5
19-1023.00,Cooperation,1.84
19-1023.00,Dependability,2.3
19-1023.00,Empathy,0.79
19-1023.00,Humility,1.06
19-1023.00,Initiative,1.75
19-1023.00,Innovation,2.15
19-1023.00,Integrity,2.1
19-1023.00,Intellectual Curiosity,2.63
19-1023.00,Leadership Orientation,1.24
19-1023.00,Optimism,0.71
19-1023.00,Perseverance,1.94
19-1023.00,Self-Confidence,1.26
19-1023.00,Self-Control,1.31
19-1023.00,Sincerity,1.09
19-1023.00,Social Orientation,1.43
19-1023.00,Stress Tolerance,1.29
19-1023.00,Tolerance for Ambiguity,1.66
19-1029.01,Achievement Orientation,2.14
19-1029.01,Adaptability,2.3
19-1029.01,Attention to Detail,2.77
19-1029.01,Cautiousness,1.47
19-1029.01,Cooperation,0.98
19-1029.01,Dependability,2.19
19-1029.01,Empathy,0.16
19-1029.01,Humility,0.58
19-1029.01,Initiative,1.69
19-1029.01,Innovation,2.61
19-1029.01,Integrity,1.96
19-1029.01,Intellectual Curiosity,3.0
19-1029.01,Leadership Orientation,0.81
19-1029.01,Optimism,0.24
19-1029.01,Perseverance,1.94
19-1029.01,Self-Confidence,1.26
19-1029.01,Self-Control,0.42
19-1029.01,Sincerity,0.47
19-1029.01,Social Orientation,0.54
19-1029.01,Stress Tolerance,1.11
19-1029.01,Tolerance for Ambiguity,1.93
19-1029.02,Achievement Orientation,2.14
19-1029.02,Adaptability,1.94
19-1029.02,Attention to Detail,3.0
19-1029.02,Cautiousness,2.28
19-1029.02,Cooperation,1.17
19-1029.02,Dependability,2.59
19-1029.02,Empathy,0.15
19-1029.02,Humility,0.72
19-1029.02,Initiative,1.75
19-1029.02,Innovation,2.36
19-1029.02,Integrity,2.1
19-1029.02,Intellectual Curiosity,3.0
19-1029.02,Leadership Orientation,1.58
19-1029.02,Optimism,0.59
19-1029.02,Perseverance,1.97
19-1029.02,Self-Confidence,1.47
19-1029.02,Self-Control,0.95
19-1029.02,Sincerity,0.76
19-1029.02,Social Orientation,0.65
19-1029.02,Stress Tolerance,1.49
19-1029.02,Tolerance for Ambiguity,1.62
19-1029.03,Achievement Orientation,2.24
19-1029.03,Adaptability,1.94
19-1029.03,Attention to Detail,3.0
19-1029.03,Cautiousness,2.14
19-1029.03,Cooperation,1.7
19-1029.03,Dependability,2.36
19-1029.03,Empathy,0.39
19-1029.03,Humility,0.72
19-1029.03,Initiative,1.79
19-1029.03,Innovation,2.51
19-1029.03,Integrity,2.32
19-1029.03,Intellectual Curiosity,3.0
19-1029.03,Leadership Orientation,1.45
19-1029.03,Optimism,0.45
19-1029.03,Perseverance,1.94
19-1029.03,Self-Confidence,1.41
19-1029.03,Self-Control,1.14
19-1029.03,Sincerity,0.88
19-1029.03,Social Orientation,1.09
19-1029.03,Stress Tolerance,1.29
19-1029.03,Tolerance for Ambiguity,1.89
19-1029.04,Achievement Orientation,1.95
19-1029.04,Adaptability,1.29
19-1029.04,Attention to Detail,2.53
19-1029.04,Cautiousness,1.5
19-1029.04,Cooperation,1.7
19-1029.04,Dependability,2.08
19-1029.04,Empathy,0.43
19-1029.04,Humility,0.75
19-1029.04,Initiative,1.41
19-1029.04,Innovation,2.3
19-1029.04,Integrity,2.03
19-1029.04,Intellectual Curiosity,3.0
19-1029.04,Leadership Orientation,1.29
19-1029.04,Optimism,0.43
19-1029.04,Perseverance,1.58
19-1029.04,Self-Confidence,1.24
19-1029.04,Self-Control,0.75
19-1029.04,Sincerity,0.92
19-1029.04,Social Orientation,1.29
19-1029.04,Stress Tolerance,0.95
19-1029.04,Tolerance for Ambiguity,1.41
19-1031.00,Achievement Orientation,1.63
19-1031.00,Adaptability,1.75
19-1031.00,Attention to Detail,2.25
19-1031.00,Cautiousness,2.1
19-1031.00,Cooperation,1.77
19-1031.00,Dependability,2.27
19-1031.00,Empathy,0.64
19-1031.00,Humility,1.03
19-1031.00,Initiative,1.56
19-1031.00,Innovation,2.09
19-1031.00,Integrity,2.24
19-1031.00,Intellectual Curiosity,2.08
19-1031.00,Leadership Orientation,1.64
19-1031.00,Optimism,0.79
19-1031.00,Perseverance,1.94
19-1031.00,Self-Confidence,1.44
19-1031.00,Self-Control,1.53
19-1031.00,Sincerity,1.46
19-1031.00,Social Orientation,1.24
19-1031.00,Stress Tolerance,1.27
19-1031.00,Tolerance for Ambiguity,1.26
19-1031.02,Achievement Orientation,1.74
19-1031.02,Adaptability,1.72
19-1031.02,Attention to Detail,1.94
19-1031.02,Cautiousness,1.76
19-1031.02,Cooperation,1.77
19-1031.02,Dependability,2.3
19-1031.02,Empathy,0.79
19-1031.02,Humility,0.84
19-1031.02,Initiative,1.79
19-1031.02,Innovation,1.52
19-1031.02,Integrity,2.13
19-1031.02,Intellectual Curiosity,1.89
19-1031.02,Leadership Orientation,1.84
19-1031.02,Optimism,0.74
19-1031.02,Perseverance,1.83
19-1031.02,Self-Confidence,1.6
19-1031.02,Self-Control,1.5
19-1031.02,Sincerity,1.11
19-1031.02,Social Orientation,1.06
19-1031.02,Stress Tolerance,1.14
19-1031.02,Tolerance for Ambiguity,1.39
19-1031.03,Achievement Orientation,1.52
19-1031.03,Adaptability,0.6
19-1031.03,Attention to Detail,1.44
19-1031.03,Cautiousness,0.08
19-1031.03,Cooperation,1.63
19-1031.03,Dependability,2.47
19-1031.03,Empathy,0.86
19-1031.03,Humility,1.12
19-1031.03,Initiative,1.75
19-1031.03,Innovation,1.55
19-1031.03,Integrity,1.73
19-1031.03,Intellectual Curiosity,2.01
19-1031.03,Leadership Orientation,0.83
19-1031.03,Optimism,1.86
19-1031.03,Perseverance,0.57
19-1031.03,Self-Confidence,0.75
19-1031.03,Self-Control,1.7
19-1031.03,Sincerity,0.96
19-1031.03,Social Orientation,2.31
19-1031.03,Stress Tolerance,1.24
19-1031.03,Tolerance for Ambiguity,0.49
19-1032.00,Achievement Orientation,1.8
19-1032.00,Adaptability,1.72
19-1032.00,Attention to Detail,2.02
19-1032.00,Cautiousness,2.03
19-1032.00,Cooperation,1.74
19-1032.00,Dependability,2.36
19-1032.00,Empathy,0.45
19-1032.00,Humility,0.5
19-1032.00,Initiative,1.69
19-1032.00,Innovation,1.41
19-1032.00,Integrity,2.1
19-1032.00,Intellectual Curiosity,1.68
19-1032.00,Leadership Orientation,2.16
19-1032.00,Optimism,0.64
19-1032.00,Perseverance,1.9
19-1032.00,Self-Confidence,1.5
19-1032.00,Self-Control,1.25
19-1032.00,Sincerity,0.98
19-1032.00,Social Orientation,0.95
19-1032.00,Stress Tolerance,1.32
19-1032.00,Tolerance for Ambiguity,1.24
19-1041.00,Achievement Orientation,2.14
19-1041.00,Adaptability,2.21
19-1041.00,Attention to Detail,2.7
19-1041.00,Cautiousness,2.28
19-1041.00,Cooperation,2.14
19-1041.00,Dependability,2.59
19-1041.00,Empathy,1.3
19-1041.00,Humility,1.09
19-1041.00,Initiative,1.79
19-1041.00,Innovation,1.8
19-1041.00,Integrity,2.47
19-1041.00,Intellectual Curiosity,2.67
19-1041.00,Leadership Orientation,1.5
19-1041.00,Optimism,0.59
19-1041.00,Perseverance,1.9
19-1041.00,Self-Confidence,1.5
19-1041.00,Self-Control,1.8
19-1041.00,Sincerity,1.6
19-1041.00,Social Orientation,1.45
19-1041.00,Stress Tolerance,1.8
19-1041.00,Tolerance for Ambiguity,1.95
19-1042.00,Achievement Orientation,2.24
19-1042.00,Adaptability,1.79
19-1042.00,Attention to Detail,3.0
19-1042.00,Cautiousness,2.54
19-1042.00,Cooperation,1.26
19-1042.00,Dependability,2.65
19-1042.00,Empathy,0.6
19-1042.00,Humility,0.72
19-1042.00,Initiative,1.79
19-1042.00,Innovation,2.36
19-1042.00,Integrity,2.36
19-1042.00,Intellectual Curiosity,3.0
19-1042.00,Leadership Orientation,1.26
19-1042.00,Optimism,0.64
19-1042.00,Perseverance,2.12
19-1042.00,Self-Confidence,1.38
19-1042.00,Self-Control,1.56
19-1042.00,Sincerity,1.23
19-1042.00,Social Orientation,0.75
19-1042.00,Stress Tolerance,1.73
19-1042.00,Tolerance for Ambiguity,1.58
19-2011.00,Achievement Orientation,2.21
19-2011.00,Adaptability,1.65
19-2011.00,Attention to Detail,2.5
19-2011.00,Cautiousness,1.38
19-2011.00,Cooperation,1.47
19-2011.00,Dependability,2.14
19-2011.00,Empathy,0.52
19-2011.00,Humility,0.7
19-2011.00,Initiative,1.75
19-2011.00,Innovation,2.55
19-2011.00,Integrity,2.06
19-2011.00,Intellectual Curiosity,3.0
19-2011.00,Leadership Orientation,1.26
19-2011.00,Optimism,0.64
19-2011.00,Perseverance,2.15
19-2011.00,Self-Confidence,1.83
19-2011.00,Self-Control,1.0
19-2011.00,Sincerity,0.88
19-2011.00,Social Orientation,1.27
19-2011.00,Stress Tolerance,1.14
19-2011.00,Tolerance for Ambiguity,1.99
19-2012.00,Achievement Orientation,2.17
19-2012.00,Adaptability,1.35
19-2012.00,Attention to Detail,2.53
19-2012.00,Cautiousness,1.5
19-2012.00,Cooperation,0.68
19-2012.00,Dependability,2.14
19-2012.00,Empathy,0.04
19-2012.00,Humility,0.24
19-2012.00,Initiative,1.53
19-2012.00,Innovation,2.61
19-2012.00,Integrity,2.1
19-2012.00,Intellectual Curiosity,3.0
19-2012.00,Leadership Orientation,0.64
19-2012.00,Optimism,0.13
19-2012.00,Perseverance,1.87
19-2012.00,Self-Confidence,1.6
19-2012.00,Self-Control,0.57
19-2012.00,Sincerity,0.53
19-2012.00,Social Orientation,0.45
19-2012.00,Stress Tolerance,0.95
19-2012.00,Tolerance for Ambiguity,1.91
19-2021.00,Achievement Orientation,2.14
19-2021.00,Adaptability,1.98
19-2021.00,Attention to Detail,2.67
19-2021.00,Cautiousness,1.79
19-2021.00,Cooperation,0.87
19-2021.00,Dependability,2.47
19-2021.00,Empathy,0.16
19-2021.00,Humility,0.32
19-2021.00,Initiative,1.1
19-2021.00,Innovation,1.97
19-2021.00,Integrity,1.92
19-2021.00,Intellectual Curiosity,2.45
19-2021.00,Leadership Orientation,0.73
19-2021.00,Optimism,0.28
19-2021.00,Perseverance,1.74
19-2021.00,Self-Confidence,1.5
19-2021.00,Self-Control,1.22
19-2021.00,Sincerity,0.7
19-2021.00,Social Orientation,0.63
19-2021.00,Stress Tolerance,1.52
19-2021.00,Tolerance for Ambiguity,2.01
19-2031.00,Achievement Orientation,2.14
19-2031.00,Adaptability,1.51
19-2031.00,Attention to Detail,3.0
19-2031.00,Cautiousness,2.35
19-2031.00,Cooperation,1.08
19-2031.00,Dependability,2.53
19-2031.00,Empathy,-0.02
19-2031.00,Humility,0.29
19-2031.00,Initiative,1.41
19-2031.00,Innovation,2.39
19-2031.00,Integrity,2.1
19-2031.00,Intellectual Curiosity,3.0
19-2031.00,Leadership Orientation,0.73
19-2031.00,Optimism,0.34
19-2031.00,Perseverance,1.61
19-2031.00,Self-Confidence,1.07
19-2031.00,Self-Control,0.95
19-2031.00,Sincerity,0.52
19-2031.00,Social Orientation,0.16
19-2031.00,Stress Tolerance,1.22
19-2031.00,Tolerance for Ambiguity,1.43
19-2032.00,Achievement Orientation,2.14
19-2032.00,Adaptability,1.65
19-2032.00,Attention to Detail,2.67
19-2032.00,Cautiousness,1.99
19-2032.00,Cooperation,1.03
19-2032.00,Dependability,2.19
19-2032.00,Empathy,-0.02
19-2032.00,Humility,0.5
19-2032.00,Initiative,1.5
19-2032.00,Innovation,2.48
19-2032.00,Integrity,1.86
19-2032.00,Intellectual Curiosity,3.0
19-2032.00,Leadership Orientation,0.83
19-2032.00,Optimism,0.4
19-2032.00,Perseverance,1.77
19-2032.00,Self-Confidence,1.41
19-2032.00,Self-Control,0.57
19-2032.00,Sincerity,0.6
19-2032.00,Social Orientation,0.41
19-2032.00,Stress Tolerance,1.09
19-2032.00,Tolerance for Ambiguity,1.6
19-2041.00,Achievement Orientation,2.01
19-2041.00,Adaptability,1.94
19-2041.00,Attention to Detail,2.67
19-2041.00,Cautiousness,2.1
19-2041.00,Cooperation,1.74
19-2041.00,Dependability,2.47
19-2041.00,Empathy,0.82
19-2041.00,Humility,0.58
19-2041.00,Initiative,1.59
19-2041.00,Innovation,2.03
19-2041.00,Integrity,2.43
19-2041.00,Intellectual Curiosity,2.41
19-2041.00,Leadership Orientation,1.34
19-2041.00,Optimism,0.59
19-2041.00,Perseverance,1.67
19-2041.00,Self-Confidence,1.44
19-2041.00,Self-Control,1.34
19-2041.00,Sincerity,1.33
19-2041.00,Social Orientation,1.38
19-2041.00,Stress Tolerance,1.32
19-2041.00,Tolerance for Ambiguity,1.56
19-2042.00,Achievement Orientation,2.04
19-2042.00,Adaptability,1.51
19-2042.00,Attention to Detail,2.63
19-2042.00,Cautiousness,1.69
19-2042.00,Cooperation,0.75
19-2042.00,Dependability,2.16
19-2042.00,Empathy,-0.02
19-2042.00,Humility,0.56
19-2042.00,Initiative,1.41
19-2042.00,Innovation,2.27
19-2042.00,Integrity,1.79
19-2042.00,Intellectual Curiosity,2.72
19-2042.00,Leadership Orientation,0.9
19-2042.00,Optimism,0.26
19-2042.00,Perseverance,1.67
19-2042.00,Self-Confidence,1.6
19-2042.00,Self-Control,0.73
19-2042.00,Sincerity,0.62
19-2042.00,Social Orientation,0.36
19-2042.00,Stress Tolerance,1.16
19-2042.00,Tolerance for Ambiguity,1.83
19-2043.00,Achievement Orientation,1.98
19-2043.00,Adaptability,1.48
19-2043.00,Attention to Detail,2.63
19-2043.00,Cautiousness,1.99
19-2043.00,Cooperation,1.31
19-2043.00,Dependability,2.39
19-2043.00,Empathy,0.2
19-2043.00,Humility,0.45
19-2043.00,Initiative,1.44
19-2043.00,Innovation,2.03
19-2043.00,Integrity,2.1
19-2043.00,Intellectual Curiosity,2.58
19-2043.00,Leadership Orientation,1.11
19-2043.00,Optimism,0.26
19-2043.00,Perseverance,1.64
19-2043.00,Self-Confidence,1.41
19-2043.00,Self-Control,0.92
19-2043.00,Sincerity,0.74
19-2043.00,Social Orientation,0.43
19-2043.00,Stress Tolerance,0.97
19-2043.00,Tolerance for Ambiguity,1.6
19-2099.01,Achievement Orientation,2.01
19-2099.01,Adaptability,1.9
19-2099.01,Attention to Detail,2.67
19-2099.01,Cautiousness,1.76
19-2099.01,Cooperation,1.11
19-2099.01,Dependability,2.25
19-2099.01,Empathy,-0.03
19-2099.01,Humility,0.34
19-2099.01,Initiative,1.59
19-2099.01,Innovation,2.51
19-2099.01,Integrity,1.96
19-2099.01,Intellectual Curiosity,2.41
19-2099.01,Leadership Orientation,1.0
19-2099.01,Optimism,0.24
19-2099.01,Perseverance,1.61
19-2099.01,Self-Confidence,1.07
19-2099.01,Self-Control,0.77
19-2099.01,Sincerity,0.49
19-2099.01,Social Orientation,0.31
19-2099.01,Stress Tolerance,1.16
19-2099.01,Tolerance for Ambiguity,1.89
19-3011.00,Achievement Orientation,2.17
19-3011.00,Adaptability,1.44
19-3011.00,Attention to Detail,2.53
19-3011.00,Cautiousness,1.76
19-3011.00,Cooperation,0.87
19-3011.00,Dependability,2.14
19-3011.00,Empathy,0.35
19-3011.00,Humility,-0.23
19-3011.00,Initiative,1.53
19-3011.00,Innovation,1.89
19-3011.00,Integrity,2.13
19-3011.00,Intellectual Curiosity,3.0
19-3011.00,Leadership Orientation,1.24
19-3011.00,Optimism,0.22
19-3011.00,Perseverance,1.58
19-3011.00,Self-Confidence,1.7
19-3011.00,Self-Control,1.19
19-3011.00,Sincerity,0.53
19-3011.00,Social Orientation,0.59
19-3011.00,Stress Tolerance,1.35
19-3011.00,Tolerance for Ambiguity,1.89
19-3022.00,Achievement Orientation,1.8
19-3022.00,Adaptability,1.38
19-3022.00,Attention to Detail,2.63
19-3022.00,Cautiousness,1.32
19-3022.00,Cooperation,1.84
19-3022.00,Dependability,2.39
19-3022.00,Empathy,0.88
19-3022.00,Humility,0.58
19-3022.00,Initiative,1.53
19-3022.00,Innovation,1.66
19-3022.00,Integrity,1.89
19-3022.00,Intellectual Curiosity,2.28
19-3022.00,Leadership Orientation,1.29
19-3022.00,Optimism,0.59
19-3022.00,Perseverance,1.43
19-3022.00,Self-Confidence,1.18
19-3022.00,Self-Control,1.0
19-3022.00,Sincerity,0.9
19-3022.00,Social Orientation,1.38
19-3022.00,Stress Tolerance,1.07
19-3022.00,Tolerance for Ambiguity,1.58
19-3032.00,Achievement Orientation,2.45
19-3032.00,Adaptability,2.3
19-3032.00,Attention to Detail,2.6
19-3032.00,Cautiousness,1.38
19-3032.00,Cooperation,2.18
19-3032.00,Dependability,2.3
19-3032.00,Empathy,1.89
19-3032.00,Humility,1.12
19-3032.00,Initiative,2.03
19-3032.00,Innovation,2.39
19-3032.00,Integrity,2.36
19-3032.00,Intellectual Curiosity,2.67
19-3032.00,Leadership Orientation,1.81
19-3032.00,Optimism,0.93
19-3032.00,Perseverance,1.77
19-3032.00,Self-Confidence,2.05
19-3032.00,Self-Control,1.87
19-3032.00,Sincerity,1.63
19-3032.00,Social Orientation,1.92
19-3032.00,Stress Tolerance,1.46
19-3032.00,Tolerance for Ambiguity,1.97
19-3033.00,Achievement Orientation,2.04
19-3033.00,Adaptability,1.98
19-3033.00,Attention to Detail,2.6
19-3033.00,Cautiousness,1.99
19-3033.00,Cooperation,2.55
19-3033.00,Dependability,2.5
19-3033.00,Empathy,3.0
19-3033.00,Humility,1.49
19-3033.00,Initiative,1.5
19-3033.00,Innovation,1.4
19-3033.00,Integrity,2.68
19-3033.00,Intellectual Curiosity,2.41
19-3033.00,Leadership Orientation,0.98
19-3033.00,Optimism,1.56
19-3033.00,Perseverance,1.97
19-3033.00,Self-Confidence,1.66
19-3033.00,Self-Control,2.55
19-3033.00,Sincerity,2.89
19-3033.00,Social Orientation,2.36
19-3033.00,Stress Tolerance,2.47
19-3033.00,Tolerance for Ambiguity,1.85
19-3034.00,Achievement Orientation,2.04
19-3034.00,Adaptability,2.13
19-3034.00,Attention to Detail,2.57
19-3034.00,Cautiousness,1.82
19-3034.00,Cooperation,2.69
19-3034.00,Dependability,2.65
19-3034.00,Empathy,2.97
19-3034.00,Humility,1.35
19-3034.00,Initiative,1.79
19-3034.00,Innovation,1.36
19-3034.00,Integrity,2.47
19-3034.00,Intellectual Curiosity,2.2
19-3034.00,Leadership Orientation,1.26
19-3034.00,Optimism,2.18
19-3034.00,Perseverance,1.97
19-3034.00,Self-Confidence,1.66
19-3034.00,Self-Control,2.26
19-3034.00,Sincerity,2.53
19-3034.00,Social Orientation,2.33
19-3034.00,Stress Tolerance,2.24
19-3034.00,Tolerance for Ambiguity,1.6
19-3039.02,Achievement Orientation,2.14
19-3039.02,Adaptability,1.58
19-3039.02,Attention to Detail,3.0
19-3039.02,Cautiousness,2.28
19-3039.02,Cooperation,2.1
19-3039.02,Dependability,2.25
19-3039.02,Empathy,2.27
19-3039.02,Humility,1.19
19-3039.02,Initiative,1.5
19-3039.02,Innovation,1.25
19-3039.02,Integrity,2.51
19-3039.02,Intellectual Curiosity,3.0
19-3039.02,Leadership Orientation,0.83
19-3039.02,Optimism,0.52
19-3039.02,Perseverance,1.94
19-3039.02,Self-Confidence,1.38
19-3039.02,Self-Control,1.34
19-3039.02,Sincerity,2.03
19-3039.02,Social Orientation,1.54
19-3039.02,Stress Tolerance,2.03
19-3039.02,Tolerance for Ambiguity,1.74
19-3039.03,Achievement Orientation,2.14
19-3039.03,Adaptability,1.72
19-3039.03,Attention to Detail,3.0
19-3039.03,Cautiousness,2.5
19-3039.03,Cooperation,2.38
19-3039.03,Dependability,2.5
19-3039.03,Empathy,2.47
19-3039.03,Humility,1.19
19-3039.03,Initiative,1.47
19-3039.03,Innovation,1.28
19-3039.03,Integrity,2.55
19-3039.03,Intellectual Curiosity,3.0
19-3039.03,Leadership Orientation,0.78
19-3039.03,Optimism,0.74
19-3039.03,Perseverance,2.04
19-3039.03,Self-Confidence,1.57
19-3039.03,Self-Control,2.1
19-3039.03,Sincerity,2.17
19-3039.03,Social Orientation,1.99
19-3039.03,Stress Tolerance,2.24
19-3039.03,Tolerance for Ambiguity,1.76
19-3041.00,Achievement Orientation,2.04
19-3041.00,Adaptability,1.75
19-3041.00,Attention to Detail,1.71
19-3041.00,Cautiousness,0.87
19-3041.00,Cooperation,1.84
19-3041.00,Dependability,1.98
19-3041.00,Empathy,1.65
19-3041.00,Humility,1.12
19-3041.00,Initiative,1.56
19-3041.00,Innovation,2.15
19-3041.00,Integrity,2.03
19-3041.00,Intellectual Curiosity,2.9
19-3041.00,Leadership Orientation,0.9
19-3041.00,Optimism,0.47
19-3041.00,Perseverance,1.64
19-3041.00,Self-Confidence,1.32
19-3041.00,Self-Control,1.14
19-3041.00,Sincerity,1.44
19-3041.00,Social Orientation,1.65
19-3041.00,Stress Tolerance,0.93
19-3041.00,Tolerance for Ambiguity,1.93
19-3051.00,Achievement Orientation,2.01
19-3051.00,Adaptability,2.05
19-3051.00,Attention to Detail,2.16
19-3051.00,Cautiousness,1.79
19-3051.00,Cooperation,2.18
19-3051.00,Dependability,2.47
19-3051.00,Empathy,1.22
19-3051.00,Humility,0.96
19-3051.00,Initiative,1.75
19-3051.00,Innovation,2.0
19-3051.00,Integrity,2.17
19-3051.00,Intellectual Curiosity,2.16
19-3051.00,Leadership Orientation,1.67
19-3051.00,Optimism,0.98
19-3051.00,Perseverance,1.77
19-3051.00,Self-Confidence,1.66
19-3051.00,Self-Control,1.73
19-3051.00,Sincerity,1.23
19-3051.00,Social Orientation,1.92
19-3051.00,Stress Tolerance,1.49
19-3051.00,Tolerance for Ambiguity,1.78
19-3091.00,Achievement Orientation,2.04
19-3091.00,Adaptability,2.09
19-3091.00,Attention to Detail,2.14
19-3091.00,Cautiousness,1.32
19-3091.00,Cooperation,1.84
19-3091.00,Dependability,1.98
19-3091.00,Empathy,1.54
19-3091.00,Humility,1.22
19-3091.00,Initiative,1.69
19-3091.00,Innovation,2.33
19-3091.00,Integrity,1.92
19-3091.00,Intellectual Curiosity,3.0
19-3091.00,Leadership Orientation,1.03
19-3091.00,Optimism,0.79
19-3091.00,Perseverance,1.67
19-3091.00,Self-Confidence,1.29
19-3091.00,Self-Control,1.19
19-3091.00,Sincerity,1.39
19-3091.00,Social Orientation,1.7
19-3091.00,Stress Tolerance,1.02
19-3091.00,Tolerance for Ambiguity,1.99
19-3092.00,Achievement Orientation,1.74
19-3092.00,Adaptability,1.75
19-3092.00,Attention to Detail,2.28
19-3092.00,Cautiousness,1.14
19-3092.00,Cooperation,0.8
19-3092.00,Dependability,2.06
19-3092.00,Empathy,0.18
19-3092.00,Humility,0.37
19-3092.00,Initiative,1.41
19-3092.00,Innovation,2.24
19-3092.00,Integrity,1.48
19-3092.00,Intellectual Curiosity,2.45
19-3092.00,Leadership Orientation,0.54
19-3092.00,Optimism,0.26
19-3092.00,Perseverance,1.64
19-3092.00,Self-Confidence,1.15
19-3092.00,Self-Control,0.57
19-3092.00,Sincerity,0.65
19-3092.00,Social Orientation,0.52
19-3092.00,Stress Tolerance,0.68
19-3092.00,Tolerance for Ambiguity,1.72
19-3093.00,Achievement Orientation,1.95
19-3093.00,Adaptability,0.73
19-3093.00,Attention to Detail,2.53
19-3093.00,Cautiousness,1.41
19-3093.00,Cooperation,0.92
19-3093.00,Dependability,2.06
19-3093.00,Empathy,0.48
19-3093.00,Humility,0.5
19-3093.00,Initiative,1.29
19-3093.00,Innovation,1.25
19-3093.00,Integrity,2.1
19-3093.00,Intellectual Curiosity,3.0
19-3093.00,Leadership Orientation,0.29
19-3093.00,Optimism,0.24
19-3093.00,Perseverance,1.7
19-3093.00,Self-Confidence,0.99
19-3093.00,Self-Control,0.63
19-3093.00,Sincerity,0.84
19-3093.00,Social Orientation,0.61
19-3093.00,Stress Tolerance,0.49
19-3093.00,Tolerance for Ambiguity,1.89
19-3094.00,Achievement Orientation,2.14
19-3094.00,Adaptability,1.86
19-3094.00,Attention to Detail,2.19
19-3094.00,Cautiousness,0.79
19-3094.00,Cooperation,0.71
19-3094.00,Dependability,1.93
19-3094.00,Empathy,0.6
19-3094.00,Humility,0.03
19-3094.00,Initiative,1.53
19-3094.00,Innovation,1.89
19-3094.00,Integrity,2.32
19-3094.00,Intellectual Curiosity,3.0
19-3094.00,Leadership Orientation,0.98
19-3094.00,Optimism,0.28
19-3094.00,Perseverance,1.58
19-3094.00,Self-Confidence,1.66
19-3094.00,Self-Control,1.14
19-3094.00,Sincerity,0.92
19-3094.00,Social Orientation,1.15
19-3094.00,Stress Tolerance,1.02
19-3094.00,Tolerance for Ambiguity,2.03
19-3099.01,Achievement Orientation,1.92
19-3099.01,Adaptability,1.68
19-3099.01,Attention to Detail,2.6
19-3099.01,Cautiousness,1.72
19-3099.01,Cooperation,1.84
19-3099.01,Dependability,2.3
19-3099.01,Empathy,0.91
19-3099.01,Humility,0.61
19-3099.01,Initiative,1.5
19-3099.01,Innovation,1.83
19-3099.01,Integrity,1.73
19-3099.01,Intellectual Curiosity,2.04
19-3099.01,Leadership Orientation,1.29
19-3099.01,Optimism,0.52
19-3099.01,Perseverance,1.49
19-3099.01,Self-Confidence,1.21
19-3099.01,Self-Control,1.31
19-3099.01,Sincerity,1.02
19-3099.01,Social Orientation,1.4
19-3099.01,Stress Tolerance,0.97
19-3099.01,Tolerance for Ambiguity,1.64
19-4012.00,Achievement Orientation,1.6
19-4012.00,Adaptability,1.11
19-4012.00,Attention to Detail,2.02
19-4012.00,Cautiousness,1.32
19-4012.00,Cooperation,1.26
19-4012.00,Dependability,2.3
19-4012.00,Empathy,0.1
19-4012.00,Humility,0.64
19-4012.00,Initiative,1.18
19-4012.00,Innovation,1.07
19-4012.00,Integrity,1.66
19-4012.00,Intellectual Curiosity,1.17
19-4012.00,Leadership Orientation,0.71
19-4012.00,Optimism,0.82
19-4012.00,Perseverance,1.7
19-4012.00,Self-Confidence,0.94
19-4012.00,Self-Control,0.97
19-4012.00,Sincerity,0.63
19-4012.00,Social Orientation,0.13
19-4012.00,Stress Tolerance,1.0
19-4012.00,Tolerance for Ambiguity,0.97
19-4012.01,Achievement Orientation,1.83
19-4012.01,Adaptability,1.79
19-4012.01,Attention to Detail,2.67
19-4012.01,Cautiousness,1.96
19-4012.01,Cooperation,0.92
19-4012.01,Dependability,2.19
19-4012.01,Empathy,0.01
19-4012.01,Humility,0.17
19-4012.01,Initiative,1.56
19-4012.01,Innovation,2.27
19-4012.01,Integrity,1.82
19-4012.01,Intellectual Curiosity,2.16
19-4012.01,Leadership Orientation,0.32
19-4012.01,Optimism,0.28
19-4012.01,Perseverance,1.67
19-4012.01,Self-Confidence,1.21
19-4012.01,Self-Control,0.53
19-4012.01,Sincerity,0.53
19-4012.01,Social Orientation,0.27
19-4012.01,Stress Tolerance,0.88
19-4012.01,Tolerance for Ambiguity,1.22
19-4013.00,Achievement Orientation,1.35
19-4013.00,Adaptability,1.11
19-4013.00,Attention to Detail,2.77
19-4013.00,Cautiousness,2.06
19-4013.00,Cooperation,1.26
19-4013.00,Dependability,2.47
19-4013.00,Empathy,0.05
19-4013.00,Humility,0.7
19-4013.00,Initiative,0.78
19-4013.00,Innovation,0.56
19-4013.00,Integrity,1.82
19-4013.00,Intellectual Curiosity,1.17
19-4013.00,Leadership Orientation,0.64
19-4013.00,Optimism,0.28
19-4013.00,Perseverance,1.18
19-4013.00,Self-Confidence,0.67
19-4013.00,Self-Control,0.9
19-4013.00,Sincerity,0.6
19-4013.00,Social Orientation,0.11
19-4013.00,Stress Tolerance,0.93
19-4013.00,Tolerance for Ambiguity,0.02
19-4021.00,Achievement Orientation,1.58
19-4021.00,Adaptability,1.19
19-4021.00,Attention to Detail,2.74
19-4021.00,Cautiousness,2.1
19-4021.00,Cooperation,1.81
19-4021.00,Dependability,2.56
19-4021.00,Empathy,0.01
19-4021.00,Humility,0.47
19-4021.00,Initiative,0.97
19-4021.00,Innovation,1.04
19-4021.00,Integrity,1.89
19-4021.00,Intellectual Curiosity,1.93
19-4021.00,Leadership Orientation,-0.26
19-4021.00,Optimism,0.22
19-4021.00,Perseverance,1.52
19-4021.00,Self-Confidence,0.82
19-4021.00,Self-Control,1.03
19-4021.00,Sincerity,0.55
19-4021.00,Social Orientation,0.13
19-4021.00,Stress Tolerance,1.11
19-4021.00,Tolerance for Ambiguity,1.01
19-4031.00,Achievement Orientation,1.74
19-4031.00,Adaptability,1.22
19-4031.00,Attention to Detail,2.74
19-4031.00,Cautiousness,2.43
19-4031.00,Cooperation,1.41
19-4031.00,Dependability,2.65
19-4031.00,Empathy,0.05
19-4031.00,Humility,0.61
19-4031.00,Initiative,1.02
19-4031.00,Innovation,0.94
19-4031.00,Integrity,1.89
19-4031.00,Intellectual Curiosity,1.68
19-4031.00,Leadership Orientation,-0.05
19-4031.00,Optimism,0.32
19-4031.00,Perseverance,1.61
19-4031.00,Self-Confidence,0.92
19-4031.00,Self-Control,1.14
19-4031.00,Sincerity,0.58
19-4031.00,Social Orientation,0.27
19-4031.00,Stress Tolerance,1.09
19-4031.00,Tolerance for Ambiguity,0.99
19-4042.00,Achievement Orientation,1.6
19-4042.00,Adaptability,1.68
19-4042.00,Attention to Detail,2.7
19-4042.00,Cautiousness,2.28
19-4042.00,Cooperation,1.44
19-4042.00,Dependability,2.59
19-4042.00,Empathy,0.56
19-4042.00,Humility,0.53
19-4042.00,Initiative,1.07
19-4042.00,Innovation,1.04
19-4042.00,Integrity,2.1
19-4042.00,Intellectual Curiosity,1.86
19-4042.00,Leadership Orientation,0.36
19-4042.00,Optimism,0.32
19-4042.00,Perseverance,1.61
19-4042.00,Self-Confidence,0.92
19-4042.00,Self-Control,1.43
19-4042.00,Sincerity,1.07
19-4042.00,Social Orientation,0.81
19-4042.00,Stress Tolerance,1.67
19-4042.00,Tolerance for Ambiguity,1.12
19-4043.00,Achievement Orientation,1.18
19-4043.00,Adaptability,1.22
19-4043.00,Attention to Detail,2.57
19-4043.00,Cautiousness,1.26
19-4043.00,Cooperation,1.06
19-4043.00,Dependability,2.14
19-4043.00,Empathy,-0.1
19-4043.00,Humility,0.24
19-4043.00,Initiative,0.85
19-4043.00,Innovation,0.44
19-4043.00,Integrity,1.7
19-4043.00,Intellectual Curiosity,1.93
19-4043.00,Leadership Orientation,0.08
19-4043.00,Optimism,0.04
19-4043.00,Perseverance,1.43
19-4043.00,Self-Confidence,0.62
19-4043.00,Self-Control,0.55
19-4043.00,Sincerity,0.38
19-4043.00,Social Orientation,-0.25
19-4043.00,Stress Tolerance,0.29
19-4043.00,Tolerance for Ambiguity,1.01
19-4044.00,Achievement Orientation,1.58
19-4044.00,Adaptability,1.58
19-4044.00,Attention to Detail,2.57
19-4044.00,Cautiousness,2.03
19-4044.00,Cooperation,1.47
19-4044.00,Dependability,2.47
19-4044.00,Empathy,0.23
19-4044.00,Humility,0.4
19-4044.00,Initiative,1.35
19-4044.00,Innovation,1.23
19-4044.00,Integrity,1.89
19-4044.00,Intellectual Curiosity,1.97
19-4044.00,Leadership Orientation,0.14
19-4044.00,Optimism,0.2
19-4044.00,Perseverance,1.52
19-4044.00,Self-Confidence,0.99
19-4044.00,Self-Control,0.8
19-4044.00,Sincerity,0.76
19-4044.00,Social Orientation,0.25
19-4044.00,Stress Tolerance,0.93
19-4044.00,Tolerance for Ambiguity,1.16
19-4051.00,Achievement Orientation,1.83
19-4051.00,Adaptability,1.14
19-4051.00,Attention to Detail,3.0
19-4051.00,Cautiousness,2.86
19-4051.00,Cooperation,2.07
19-4051.00,Dependability,2.93
19-4051.00,Empathy,0.08
19-4051.00,Humility,0.67
19-4051.00,Initiative,0.51
19-4051.00,Innovation,0.04
19-4051.00,Integrity,2.55
19-4051.00,Intellectual Curiosity,1.93
19-4051.00,Leadership Orientation,0.06
19-4051.00,Optimism,-0.16
19-4051.00,Perseverance,2.15
19-4051.00,Self-Confidence,1.21
19-4051.00,Self-Control,2.63
19-4051.00,Sincerity,1.26
19-4051.00,Social Orientation,-0.05
19-4051.00,Stress Tolerance,2.47
19-4051.00,Tolerance for Ambiguity,-0.21
19-4051.02,Achievement Orientation,1.63
19-4051.02,Adaptability,1.11
19-4051.02,Attention to Detail,3.0
19-4051.02,Cautiousness,2.86
19-4051.02,Cooperation,1.99
19-4051.02,Dependability,2.93
19-4051.02,Empathy,0.25
19-4051.02,Humility,0.78
19-4051.02,Initiative,0.72
19-4051.02,Innovation,-0.34
19-4051.02,Integrity,2.55
19-4051.02,Intellectual Curiosity,1.61
19-4051.02,Leadership Orientation,0.41
19-4051.02,Optimism,-0.2
19-4051.02,Perseverance,1.67
19-4051.02,Self-Confidence,1.29
19-4051.02,Self-Control,2.42
19-4051.02,Sincerity,1.78
19-4051.02,Social Orientation,0.47
19-4051.02,Stress Tolerance,2.6
19-4051.02,Tolerance for Ambiguity,-0.23
19-4061.00,Achievement Orientation,1.77
19-4061.00,Adaptability,1.26
19-4061.00,Attention to Detail,2.57
19-4061.00,Cautiousness,1.63
19-4061.00,Cooperation,1.5
19-4061.00,Dependability,2.3
19-4061.00,Empathy,0.37
19-4061.00,Humility,0.56
19-4061.00,Initiative,1.15
19-4061.00,Innovation,1.25
19-4061.00,Integrity,1.96
19-4061.00,Intellectual Curiosity,2.2
19-4061.00,Leadership Orientation,-0.05
19-4061.00,Optimism,0.32
19-4061.00,Perseverance,1.64
19-4061.00,Self-Confidence,0.85
19-4061.00,Self-Control,0.61
19-4061.00,Sincerity,0.63
19-4061.00,Social Orientation,0.61
19-4061.00,Stress Tolerance,1.0
19-4061.00,Tolerance for Ambiguity,1.2
19-4071.00,Achievement Orientation,1.32
19-4071.00,Adaptability,1.54
19-4071.00,Attention to Detail,1.76
19-4071.00,Cautiousness,1.59
19-4071.00,Cooperation,1.81
19-4071.00,Dependability,2.39
19-4071.00,Empathy,0.62
19-4071.00,Humility,0.5
19-4071.00,Initiative,1.32
19-4071.00,Innovation,0.89
19-4071.00,Integrity,1.79
19-4071.00,Intellectual Curiosity,0.87
19-4071.00,Leadership Orientation,1.56
19-4071.00,Optimism,0.79
19-4071.00,Perseverance,1.77
19-4071.00,Self-Confidence,1.02
19-4071.00,Self-Control,1.25
19-4071.00,Sincerity,0.78
19-4071.00,Social Orientation,0.86
19-4071.00,Stress Tolerance,1.46
19-4071.00,Tolerance for Ambiguity,0.95
19-4092.00,Achievement Orientation,1.69
19-4092.00,Adaptability,1.58
19-4092.00,Attention to Detail,3.0
19-4092.00,Cautiousness,2.62
19-4092.00,Cooperation,1.17
19-4092.00,Dependability,2.65
19-4092.00,Empathy,0.25
19-4092.00,Humility,0.47
19-4092.00,Initiative,1.15
19-4092.00,Innovation,1.02
19-4092.00,Integrity,2.93
19-4092.00,Intellectual Curiosity,2.16
19-4092.00,Leadership Orientation,0.45
19-4092.00,Optimism,0.15
19-4092.00,Perseverance,1.97
19-4092.00,Self-Confidence,1.47
19-4092.00,Self-Control,2.3
19-4092.00,Sincerity,1.49
19-4092.00,Social Orientation,0.38
19-4092.00,Stress Tolerance,2.21
19-4092.00,Tolerance for Ambiguity,1.49
19-4099.01,Achievement Orientation,1.74
19-4099.01,Adaptability,1.08
19-4099.01,Attention to Detail,3.0
19-4099.01,Cautiousness,2.58
19-4099.01,Cooperation,1.28
19-4099.01,Dependability,2.65
19-4099.01,Empathy,-0.06
19-4099.01,Humility,0.64
19-4099.01,Initiative,0.9
19-4099.01,Innovation,0.63
19-4099.01,Integrity,2.17
19-4099.01,Intellectual Curiosity,1.57
19-4099.01,Leadership Orientation,0.21
19-4099.01,Optimism,0.07
19-4099.01,Perseverance,1.58
19-4099.01,Self-Confidence,1.02
19-4099.01,Self-Control,1.37
19-4099.01,Sincerity,0.84
19-4099.01,Social Orientation,0.09
19-4099.01,Stress Tolerance,1.11
19-4099.01,Tolerance for Ambiguity,0.1
19-4099.03,Achievement Orientation,1.58
19-4099.03,Adaptability,1.75
19-4099.03,Attention to Detail,2.67
19-4099.03,Cautiousness,1.56
19-4099.03,Cooperation,0.92
19-4099.03,Dependability,2.25
19-4099.03,Empathy,-0.08
19-4099.03,Humility,0.15
19-4099.03,Initiative,0.9
19-4099.03,Innovation,1.41
19-4099.03,Integrity,1.76
19-4099.03,Intellectual Curiosity,1.93
19-4099.03,Leadership Orientation,0.21
19-4099.03,Optimism,0.2
19-4099.03,Perseverance,1.28
19-4099.03,Self-Confidence,1.05
19-4099.03,Self-Control,0.61
19-4099.03,Sincerity,0.41
19-4099.03,Social Orientation,0.11
19-4099.03,Stress Tolerance,1.0
19-4099.03,Tolerance for Ambiguity,1.47
19-5011.00,Achievement Orientation,1.86
19-5011.00,Adaptability,1.75
19-5011.00,Attention to Detail,2.67
19-5011.00,Cautiousness,2.74
19-5011.00,Cooperation,1.88
19-5011.00,Dependability,2.65
19-5011.00,Empathy,1.27
19-5011.00,Humility,0.78
19-5011.00,Initiative,1.59
19-5011.00,Innovation,1.07
19-5011.00,Integrity,2.43
19-5011.00,Intellectual Curiosity,2.12
19-5011.00,Leadership Orientation,1.5
19-5011.00,Optimism,0.66
19-5011.00,Perseverance,1.97
19-5011.00,Self-Confidence,1.66
19-5011.00,Self-Control,1.77
19-5011.00,Sincerity,1.39
19-5011.00,Social Orientation,1.13
19-5011.00,Stress Tolerance,1.99
19-5011.00,Tolerance for Ambiguity,1.37
19-5012.00,Achievement Orientation,1.63
19-5012.00,Adaptability,1.0
19-5012.00,Attention to Detail,2.63
19-5012.00,Cautiousness,2.66
19-5012.00,Cooperation,1.88
19-5012.00,Dependability,2.65
19-5012.00,Empathy,1.12
19-5012.00,Humility,0.7
19-5012.00,Initiative,1.5
19-5012.00,Innovation,0.84
19-5012.00,Integrity,2.43
19-5012.00,Intellectual Curiosity,1.57
19-5012.00,Leadership Orientation,1.21
19-5012.00,Optimism,0.61
19-5012.00,Perseverance,1.77
19-5012.00,Self-Confidence,1.5
19-5012.00,Self-Control,1.77
19-5012.00,Sincerity,1.58
19-5012.00,Social Orientation,1.13
19-5012.00,Stress Tolerance,1.99
19-5012.00,Tolerance for Ambiguity,1.19
21-1011.00,Achievement Orientation,1.58
21-1011.00,Adaptability,2.09
21-1011.00,Attention to Detail,2.11
21-1011.00,Cautiousness,1.38
21-1011.00,Cooperation,2.3
21-1011.00,Dependability,2.65
21-1011.00,Empathy,3.0
21-1011.00,Humility,1.56
21-1011.00,Initiative,1.75
21-1011.00,Innovation,1.1
21-1011.00,Integrity,2.36
21-1011.00,Intellectual Curiosity,1.05
21-1011.00,Leadership Orientation,0.88
21-1011.00,Optimism,2.27
21-1011.00,Perseverance,1.97
21-1011.00,Self-Confidence,1.57
21-1011.00,Self-Control,2.26
21-1011.00,Sincerity,2.89
21-1011.00,Social Orientation,2.33
21-1011.00,Stress Tolerance,2.21
21-1011.00,Tolerance for Ambiguity,1.24
21-1012.00,Achievement Orientation,1.69
21-1012.00,Adaptability,1.83
21-1012.00,Attention to Detail,1.92
21-1012.00,Cautiousness,1.11
21-1012.00,Cooperation,2.64
21-1012.00,Dependability,2.56
21-1012.00,Empathy,3.0
21-1012.00,Humility,1.42
21-1012.00,Initiative,1.56
21-1012.00,Innovation,1.3
21-1012.00,Integrity,2.24
21-1012.00,Intellectual Curiosity,1.64
21-1012.00,Leadership Orientation,1.24
21-1012.00,Optimism,2.49
21-1012.00,Perseverance,1.9
21-1012.00,Self-Confidence,1.66
21-1012.00,Self-Control,2.14
21-1012.00,Sincerity,2.27
21-1012.00,Social Orientation,2.42
21-1012.00,Stress Tolerance,1.99
21-1012.00,Tolerance for Ambiguity,1.49
21-1013.00,Achievement Orientation,1.45
21-1013.00,Adaptability,2.05
21-1013.00,Attention to Detail,1.57
21-1013.00,Cautiousness,1.32
21-1013.00,Cooperation,2.73
21-1013.00,Dependability,2.53
21-1013.00,Empathy,3.0
21-1013.00,Humility,1.7
21-1013.00,Initiative,1.29
21-1013.00,Innovation,1.36
21-1013.00,Integrity,2.72
21-1013.00,Intellectual Curiosity,1.97
21-1013.00,Leadership Orientation,0.54
21-1013.00,Optimism,1.82
21-1013.00,Perseverance,1.9
21-1013.00,Self-Confidence,1.47
21-1013.00,Self-Control,2.46
21-1013.00,Sincerity,2.89
21-1013.00,Social Orientation,2.4
21-1013.00,Stress Tolerance,2.13
21-1013.00,Tolerance for Ambiguity,1.72
21-1014.00,Achievement Orientation,1.42
21-1014.00,Adaptability,2.05
21-1014.00,Attention to Detail,2.14
21-1014.00,Cautiousness,1.79
21-1014.00,Cooperation,2.96
21-1014.00,Dependability,2.71
21-1014.00,Empathy,3.0
21-1014.00,Humility,1.7
21-1014.00,Initiative,1.53
21-1014.00,Innovation,1.3
21-1014.00,Integrity,2.17
21-1014.00,Intellectual Curiosity,1.82
21-1014.00,Leadership Orientation,0.64
21-1014.00,Optimism,2.27
21-1014.00,Perseverance,1.77
21-1014.00,Self-Confidence,1.57
21-1014.00,Self-Control,2.46
21-1014.00,Sincerity,2.89
21-1014.00,Social Orientation,2.38
21-1014.00,Stress Tolerance,2.55
21-1014.00,Tolerance for Ambiguity,1.83
21-1015.00,Achievement Orientation,1.98
21-1015.00,Adaptability,1.22
21-1015.00,Attention to Detail,2.08
21-1015.00,Cautiousness,1.26
21-1015.00,Cooperation,2.6
21-1015.00,Dependability,2.59
21-1015.00,Empathy,3.0
21-1015.00,Humility,1.49
21-1015.00,Initiative,1.79
21-1015.00,Innovation,1.3
21-1015.00,Integrity,2.17
21-1015.00,Intellectual Curiosity,0.56
21-1015.00,Leadership Orientation,1.21
21-1015.00,Optimism,2.44
21-1015.00,Perseverance,1.94
21-1015.00,Self-Confidence,1.66
21-1015.00,Self-Control,1.5
21-1015.00,Sincerity,2.42
21-1015.00,Social Orientation,2.33
21-1015.00,Stress Tolerance,1.67
21-1015.00,Tolerance for Ambiguity,1.18
21-1021.00,Achievement Orientation,1.42
21-1021.00,Adaptability,2.13
21-1021.00,Attention to Detail,1.92
21-1021.00,Cautiousness,1.35
21-1021.00,Cooperation,3.0
21-1021.00,Dependability,2.83
21-1021.00,Empathy,3.0
21-1021.00,Humility,1.49
21-1021.00,Initiative,1.89
21-1021.00,Innovation,1.3
21-1021.00,Integrity,2.47
21-1021.00,Intellectual Curiosity,1.11
21-1021.00,Leadership Orientation,1.0
21-1021.00,Optimism,2.31
21-1021.00,Perseverance,1.83
21-1021.00,Self-Confidence,1.54
21-1021.00,Self-Control,2.22
21-1021.00,Sincerity,2.89
21-1021.00,Social Orientation,2.38
21-1021.00,Stress Tolerance,2.32
21-1021.00,Tolerance for Ambiguity,1.56
21-1022.00,Achievement Orientation,1.89
21-1022.00,Adaptability,2.21
21-1022.00,Attention to Detail,2.11
21-1022.00,Cautiousness,1.72
21-1022.00,Cooperation,3.0
21-1022.00,Dependability,2.65
21-1022.00,Empathy,3.0
21-1022.00,Humility,1.49
21-1022.00,Initiative,1.89
21-1022.00,Innovation,1.41
21-1022.00,Integrity,2.32
21-1022.00,Intellectual Curiosity,1.64
21-1022.00,Leadership Orientation,1.61
21-1022.00,Optimism,2.31
21-1022.00,Perseverance,1.87
21-1022.00,Self-Confidence,1.6
21-1022.00,Self-Control,2.22
21-1022.00,Sincerity,2.89
21-1022.00,Social Orientation,2.47
21-1022.00,Stress Tolerance,2.36
21-1022.00,Tolerance for Ambiguity,1.64
21-1023.00,Achievement Orientation,1.6
21-1023.00,Adaptability,2.0
21-1023.00,Attention to Detail,2.0
21-1023.00,Cautiousness,1.35
21-1023.00,Cooperation,2.91
21-1023.00,Dependability,2.68
21-1023.00,Empathy,3.0
21-1023.00,Humility,1.42
21-1023.00,Initiative,1.82
21-1023.00,Innovation,1.23
21-1023.00,Integrity,2.1
21-1023.00,Intellectual Curiosity,1.68
21-1023.00,Leadership Orientation,1.24
21-1023.00,Optimism,2.49
21-1023.00,Perseverance,1.58
21-1023.00,Self-Confidence,1.38
21-1023.00,Self-Control,2.14
21-1023.00,Sincerity,2.89
21-1023.00,Social Orientation,2.58
21-1023.00,Stress Tolerance,2.51
21-1023.00,Tolerance for Ambiguity,1.62
21-1091.00,Achievement Orientation,2.04
21-1091.00,Adaptability,2.02
21-1091.00,Attention to Detail,2.05
21-1091.00,Cautiousness,1.44
21-1091.00,Cooperation,2.3
21-1091.00,Dependability,2.47
21-1091.00,Empathy,2.4
21-1091.00,Humility,1.28
21-1091.00,Initiative,1.93
21-1091.00,Innovation,1.89
21-1091.00,Integrity,2.13
21-1091.00,Intellectual Curiosity,2.08
21-1091.00,Leadership Orientation,1.98
21-1091.00,Optimism,2.02
21-1091.00,Perseverance,1.77
21-1091.00,Self-Confidence,1.76
21-1091.00,Self-Control,1.7
21-1091.00,Sincerity,2.2
21-1091.00,Social Orientation,2.31
21-1091.00,Stress Tolerance,1.67
21-1091.00,Tolerance for Ambiguity,1.39
21-1092.00,Achievement Orientation,1.45
21-1092.00,Adaptability,2.02
21-1092.00,Attention to Detail,2.14
21-1092.00,Cautiousness,1.93
21-1092.00,Cooperation,1.74
21-1092.00,Dependability,2.65
21-1092.00,Empathy,2.1
21-1092.00,Humility,1.19
21-1092.00,Initiative,1.82
21-1092.00,Innovation,0.51
21-1092.00,Integrity,2.93
21-1092.00,Intellectual Curiosity,0.89
21-1092.00,Leadership Orientation,1.61
21-1092.00,Optimism,1.32
21-1092.00,Perseverance,1.97
21-1092.00,Self-Confidence,1.63
21-1092.00,Self-Control,2.55
21-1092.00,Sincerity,1.94
21-1092.00,Social Orientation,2.2
21-1092.00,Stress Tolerance,2.47
21-1092.00,Tolerance for Ambiguity,1.26
21-1093.00,Achievement Orientation,0.93
21-1093.00,Adaptability,1.51
21-1093.00,Attention to Detail,1.86
21-1093.00,Cautiousness,1.38
21-1093.00,Cooperation,2.6
21-1093.00,Dependability,2.59
21-1093.00,Empathy,3.0
21-1093.00,Humility,1.45
21-1093.00,Initiative,1.47
21-1093.00,Innovation,0.84
21-1093.00,Integrity,2.17
21-1093.00,Intellectual Curiosity,0.81
21-1093.00,Leadership Orientation,0.61
21-1093.00,Optimism,2.22
21-1093.00,Perseverance,1.64
21-1093.00,Self-Confidence,1.18
21-1093.00,Self-Control,1.95
21-1093.00,Sincerity,2.31
21-1093.00,Social Orientation,2.33
21-1093.00,Stress Tolerance,1.89
21-1093.00,Tolerance for Ambiguity,1.16
21-1094.00,Achievement Orientation,1.42
21-1094.00,Adaptability,1.61
21-1094.00,Attention to Detail,1.53
21-1094.00,Cautiousness,1.26
21-1094.00,Cooperation,2.6
21-1094.00,Dependability,2.5
21-1094.00,Empathy,3.0
21-1094.00,Humility,1.49
21-1094.00,Initiative,1.75
21-1094.00,Innovation,1.1
21-1094.00,Integrity,2.1
21-1094.00,Intellectual Curiosity,0.79
21-1094.00,Leadership Orientation,1.45
21-1094.00,Optimism,2.49
21-1094.00,Perseverance,1.83
21-1094.00,Self-Confidence,1.57
21-1094.00,Self-Control,1.91
21-1094.00,Sincerity,2.42
21-1094.00,Social Orientation,2.47
21-1094.00,Stress Tolerance,1.52
21-1094.00,Tolerance for Ambiguity,1.2
21-2011.00,Achievement Orientation,1.58
21-2011.00,Adaptability,1.17
21-2011.00,Attention to Detail,1.19
21-2011.00,Cautiousness,1.2
21-2011.00,Cooperation,3.0
21-2011.00,Dependability,2.93
21-2011.00,Empathy,3.0
21-2011.00,Humility,2.62
21-2011.00,Initiative,1.96
21-2011.00,Innovation,1.12
21-2011.00,Integrity,2.93
21-2011.00,Intellectual Curiosity,1.75
21-2011.00,Leadership Orientation,2.28
21-2011.00,Optimism,2.49
21-2011.00,Perseverance,2.12
21-2011.00,Self-Confidence,1.98
21-2011.00,Self-Control,2.18
21-2011.00,Sincerity,2.89
21-2011.00,Social Orientation,2.54
21-2011.00,Stress Tolerance,1.99
21-2011.00,Tolerance for Ambiguity,1.49
21-2021.00,Achievement Orientation,1.95
21-2021.00,Adaptability,2.05
21-2021.00,Attention to Detail,1.71
21-2021.00,Cautiousness,1.2
21-2021.00,Cooperation,2.43
21-2021.00,Dependability,2.62
21-2021.00,Empathy,2.68
21-2021.00,Humility,1.7
21-2021.00,Initiative,1.96
21-2021.00,Innovation,1.49
21-2021.00,Integrity,2.8
21-2021.00,Intellectual Curiosity,1.68
21-2021.00,Leadership Orientation,2.4
21-2021.00,Optimism,2.4
21-2021.00,Perseverance,1.97
21-2021.00,Self-Confidence,1.87
21-2021.00,Self-Control,1.98
21-2021.00,Sincerity,2.53
21-2021.00,Social Orientation,2.49
21-2021.00,Stress Tolerance,1.93
21-2021.00,Tolerance for Ambiguity,1.41
23-1011.00,Achievement Orientation,2.28
23-1011.00,Adaptability,1.32
23-1011.00,Attention to Detail,2.63
23-1011.00,Cautiousness,2.28
23-1011.00,Cooperation,1.08
23-1011.00,Dependability,2.59
23-1011.00,Empathy,0.91
23-1011.00,Humility,-0.4
23-1011.00,Initiative,1.89
23-1011.00,Innovation,1.3
23-1011.00,Integrity,2.93
23-1011.00,Intellectual Curiosity,2.33
23-1011.00,Leadership Orientation,1.98
23-1011.00,Optimism,0.82
23-1011.00,Perseverance,2.26
23-1011.00,Self-Confidence,2.16
23-1011.00,Self-Control,2.18
23-1011.00,Sincerity,1.09
23-1011.00,Social Orientation,1.65
23-1011.00,Stress Tolerance,2.28
23-1011.00,Tolerance for Ambiguity,1.6
23-1012.00,Achievement Orientation,2.14
23-1012.00,Adaptability,1.02
23-1012.00,Attention to Detail,3.0
23-1012.00,Cautiousness,2.35
23-1012.00,Cooperation,1.57
23-1012.00,Dependability,2.65
23-1012.00,Empathy,0.48
23-1012.00,Humility,0.78
23-1012.00,Initiative,1.26
23-1012.00,Innovation,0.6
23-1012.00,Integrity,2.93
23-1012.00,Intellectual Curiosity,2.37
23-1012.00,Leadership Orientation,-0.11
23-1012.00,Optimism,0.3
23-1012.00,Perseverance,1.8
23-1012.00,Self-Confidence,1.5
23-1012.00,Self-Control,1.87
23-1012.00,Sincerity,1.39
23-1012.00,Social Orientation,0.89
23-1012.00,Stress Tolerance,1.58
23-1012.00,Tolerance for Ambiguity,1.22
23-1021.00,Achievement Orientation,1.95
23-1021.00,Adaptability,0.71
23-1021.00,Attention to Detail,2.7
23-1021.00,Cautiousness,2.39
23-1021.00,Cooperation,0.73
23-1021.00,Dependability,2.65
23-1021.00,Empathy,0.79
23-1021.00,Humility,0.45
23-1021.00,Initiative,0.57
23-1021.00,Innovation,-0.5
23-1021.00,Integrity,2.93
23-1021.00,Intellectual Curiosity,2.08
23-1021.00,Leadership Orientation,2.1
23-1021.00,Optimism,0.2
23-1021.00,Perseverance,1.77
23-1021.00,Self-Confidence,2.01
23-1021.00,Self-Control,2.59
23-1021.00,Sincerity,1.44
23-1021.00,Social Orientation,0.99
23-1021.00,Stress Tolerance,1.8
23-1021.00,Tolerance for Ambiguity,1.29
23-1022.00,Achievement Orientation,1.27
23-1022.00,Adaptability,1.98
23-1022.00,Attention to Detail,2.14
23-1022.00,Cautiousness,2.21
23-1022.00,Cooperation,2.7
23-1022.00,Dependability,2.47
23-1022.00,Empathy,2.4
23-1022.00,Humility,1.56
23-1022.00,Initiative,1.29
23-1022.00,Innovation,0.94
23-1022.00,Integrity,2.93
23-1022.00,Intellectual Curiosity,1.32
23-1022.00,Leadership Orientation,0.86
23-1022.00,Optimism,1.32
23-1022.00,Perseverance,1.97
23-1022.00,Self-Confidence,1.9
23-1022.00,Self-Control,2.63
23-1022.00,Sincerity,2.1
23-1022.00,Social Orientation,2.29
23-1022.00,Stress Tolerance,2.06
23-1022.00,Tolerance for Ambiguity,1.76
23-1023.00,Achievement Orientation,1.74
23-1023.00,Adaptability,0.44
23-1023.00,Attention to Detail,2.91
23-1023.00,Cautiousness,2.28
23-1023.00,Cooperation,0.57
23-1023.00,Dependability,2.93
23-1023.00,Empathy,0.67
23-1023.00,Humility,0.5
23-1023.00,Initiative,0.65
23-1023.00,Innovation,0.13
23-1023.00,Integrity,2.93
23-1023.00,Intellectual Curiosity,2.33
23-1023.00,Leadership Orientation,2.4
23-1023.00,Optimism,0.32
23-1023.00,Perseverance,1.97
23-1023.00,Self-Confidence,2.16
23-1023.00,Self-Control,2.63
23-1023.00,Sincerity,1.39
23-1023.00,Social Orientation,1.27
23-1023.00,Stress Tolerance,2.21
23-1023.00,Tolerance for Ambiguity,1.1
23-2011.00,Achievement Orientation,1.77
23-2011.00,Adaptability,0.97
23-2011.00,Attention to Detail,2.77
23-2011.00,Cautiousness,2.06
23-2011.00,Cooperation,1.88
23-2011.00,Dependability,2.65
23-2011.00,Empathy,0.84
23-2011.00,Humility,0.53
23-2011.00,Initiative,1.32
23-2011.00,Innovation,0.63
23-2011.00,Integrity,2.43
23-2011.00,Intellectual Curiosity,1.93
23-2011.00,Leadership Orientation,0.02
23-2011.00,Optimism,0.4
23-2011.00,Perseverance,1.8
23-2011.00,Self-Confidence,1.1
23-2011.00,Self-Control,1.5
23-2011.00,Sincerity,1.0
23-2011.00,Social Orientation,0.9
23-2011.00,Stress Tolerance,1.61
23-2011.00,Tolerance for Ambiguity,0.58
23-2093.00,Achievement Orientation,1.01
23-2093.00,Adaptability,-0.28
23-2093.00,Attention to Detail,3.0
23-2093.00,Cautiousness,2.43
23-2093.00,Cooperation,0.92
23-2093.00,Dependability,2.56
23-2093.00,Empathy,-0.17
23-2093.00,Humility,0.27
23-2093.00,Initiative,0.35
23-2093.00,Innovation,-0.47
23-2093.00,Integrity,2.17
23-2093.00,Intellectual Curiosity,0.81
23-2093.00,Leadership Orientation,-0.41
23-2093.00,Optimism,-0.16
23-2093.00,Perseverance,1.1
23-2093.00,Self-Confidence,0.89
23-2093.00,Self-Control,0.8
23-2093.00,Sincerity,0.5
23-2093.00,Social Orientation,-0.12
23-2093.00,Stress Tolerance,0.97
23-2093.00,Tolerance for Ambiguity,-0.05
25-1011.00,Achievement Orientation,2.14
25-1011.00,Adaptability,1.48
25-1011.00,Attention to Detail,1.84
25-1011.00,Cautiousness,0.72
25-1011.00,Cooperation,2.03
25-1011.00,Dependability,2.39
25-1011.00,Empathy,1.48
25-1011.00,Humility,0.81
25-1011.00,Initiative,1.75
25-1011.00,Innovation,1.72
25-1011.00,Integrity,2.06
25-1011.00,Intellectual Curiosity,2.54
25-1011.00,Leadership Orientation,1.7
25-1011.00,Optimism,1.42
25-1011.00,Perseverance,1.61
25-1011.00,Self-Confidence,1.66
25-1011.00,Self-Control,1.56
25-1011.00,Sincerity,1.39
25-1011.00,Social Orientation,2.26
25-1011.00,Stress Tolerance,1.29
25-1011.00,Tolerance for Ambiguity,1.47
25-1021.00,Achievement Orientation,2.08
25-1021.00,Adaptability,1.75
25-1021.00,Attention to Detail,2.08
25-1021.00,Cautiousness,0.9
25-1021.00,Cooperation,1.99
25-1021.00,Dependability,2.41
25-1021.00,Empathy,1.32
25-1021.00,Humility,0.7
25-1021.00,Initiative,1.56
25-1021.00,Innovation,2.33
25-1021.00,Integrity,2.06
25-1021.00,Intellectual Curiosity,2.63
25-1021.00,Leadership Orientation,1.24
25-1021.00,Optimism,0.95
25-1021.00,Perseverance,1.64
25-1021.00,Self-Confidence,1.32
25-1021.00,Self-Control,1.63
25-1021.00,Sincerity,1.28
25-1021.00,Social Orientation,1.97
25-1021.00,Stress Tolerance,1.27
25-1021.00,Tolerance for Ambiguity,1.47
25-1022.00,Achievement Orientation,2.14
25-1022.00,Adaptability,1.22
25-1022.00,Attention to Detail,2.31
25-1022.00,Cautiousness,1.17
25-1022.00,Cooperation,1.77
25-1022.00,Dependability,2.62
25-1022.00,Empathy,1.22
25-1022.00,Humility,0.4
25-1022.00,Initiative,1.35
25-1022.00,Innovation,1.55
25-1022.00,Integrity,1.82
25-1022.00,Intellectual Curiosity,2.67
25-1022.00,Leadership Orientation,1.39
25-1022.00,Optimism,0.84
25-1022.00,Perseverance,1.55
25-1022.00,Self-Confidence,1.41
25-1022.00,Self-Control,1.37
25-1022.00,Sincerity,1.11
25-1022.00,Social Orientation,1.86
25-1022.00,Stress Tolerance,1.4
25-1022.00,Tolerance for Ambiguity,1.22
25-1031.00,Achievement Orientation,2.04
25-1031.00,Adaptability,1.54
25-1031.00,Attention to Detail,1.92
25-1031.00,Cautiousness,0.79
25-1031.00,Cooperation,2.03
25-1031.00,Dependability,2.36
25-1031.00,Empathy,1.54
25-1031.00,Humility,0.53
25-1031.00,Initiative,1.56
25-1031.00,Innovation,2.36
25-1031.00,Integrity,1.7
25-1031.00,Intellectual Curiosity,2.58
25-1031.00,Leadership Orientation,1.48
25-1031.00,Optimism,1.23
25-1031.00,Perseverance,1.64
25-1031.00,Self-Confidence,1.57
25-1031.00,Self-Control,1.34
25-1031.00,Sincerity,1.33
25-1031.00,Social Orientation,2.11
25-1031.00,Stress Tolerance,1.32
25-1031.00,Tolerance for Ambiguity,1.51
25-1032.00,Achievement Orientation,2.14
25-1032.00,Adaptability,1.68
25-1032.00,Attention to Detail,2.02
25-1032.00,Cautiousness,1.32
25-1032.00,Cooperation,1.74
25-1032.00,Dependability,2.3
25-1032.00,Empathy,1.17
25-1032.00,Humility,0.56
25-1032.00,Initiative,1.72
25-1032.00,Innovation,2.48
25-1032.00,Integrity,2.21
25-1032.00,Intellectual Curiosity,2.72
25-1032.00,Leadership Orientation,1.39
25-1032.00,Optimism,0.95
25-1032.00,Perseverance,1.64
25-1032.00,Self-Confidence,1.7
25-1032.00,Self-Control,1.47
25-1032.00,Sincerity,1.23
25-1032.00,Social Orientation,1.95
25-1032.00,Stress Tolerance,1.43
25-1032.00,Tolerance for Ambiguity,1.53
25-1041.00,Achievement Orientation,2.14
25-1041.00,Adaptability,1.79
25-1041.00,Attention to Detail,1.97
25-1041.00,Cautiousness,1.0
25-1041.00,Cooperation,2.1
25-1041.00,Dependability,2.27
25-1041.00,Empathy,1.46
25-1041.00,Humility,0.67
25-1041.00,Initiative,1.56
25-1041.00,Innovation,2.15
25-1041.00,Integrity,2.03
25-1041.00,Intellectual Curiosity,2.72
25-1041.00,Leadership Orientation,1.64
25-1041.00,Optimism,1.16
25-1041.00,Perseverance,1.61
25-1041.00,Self-Confidence,1.57
25-1041.00,Self-Control,1.25
25-1041.00,Sincerity,1.28
25-1041.00,Social Orientation,2.22
25-1041.00,Stress Tolerance,1.38
25-1041.00,Tolerance for Ambiguity,1.39
25-1042.00,Achievement Orientation,2.14
25-1042.00,Adaptability,1.65
25-1042.00,Attention to Detail,2.05
25-1042.00,Cautiousness,0.84
25-1042.00,Cooperation,1.88
25-1042.00,Dependability,2.36
25-1042.00,Empathy,1.71
25-1042.00,Humility,0.78
25-1042.00,Initiative,1.75
25-1042.00,Innovation,2.12
25-1042.00,Integrity,2.17
25-1042.00,Intellectual Curiosity,2.72
25-1042.00,Leadership Orientation,1.53
25-1042.00,Optimism,1.39
25-1042.00,Perseverance,1.58
25-1042.00,Self-Confidence,1.47
25-1042.00,Self-Control,1.56
25-1042.00,Sincerity,1.16
25-1042.00,Social Orientation,2.13
25-1042.00,Stress Tolerance,1.43
25-1042.00,Tolerance for Ambiguity,1.33
25-1043.00,Achievement Orientation,2.04
25-1043.00,Adaptability,1.54
25-1043.00,Attention to Detail,1.84
25-1043.00,Cautiousness,0.72
25-1043.00,Cooperation,1.99
25-1043.00,Dependability,2.3
25-1043.00,Empathy,1.32
25-1043.00,Humility,0.56
25-1043.00,Initiative,1.53
25-1043.00,Innovation,2.09
25-1043.00,Integrity,2.03
25-1043.00,Intellectual Curiosity,2.72
25-1043.00,Leadership Orientation,1.5
25-1043.00,Optimism,0.95
25-1043.00,Perseverance,1.61
25-1043.00,Self-Confidence,1.24
25-1043.00,Self-Control,1.31
25-1043.00,Sincerity,1.39
25-1043.00,Social Orientation,2.06
25-1043.00,Stress Tolerance,1.19
25-1043.00,Tolerance for Ambiguity,1.47
25-1051.00,Achievement Orientation,2.14
25-1051.00,Adaptability,1.61
25-1051.00,Attention to Detail,1.86
25-1051.00,Cautiousness,1.14
25-1051.00,Cooperation,2.14
25-1051.00,Dependability,2.3
25-1051.00,Empathy,1.25
25-1051.00,Humility,0.45
25-1051.00,Initiative,1.53
25-1051.00,Innovation,2.09
25-1051.00,Integrity,1.99
25-1051.00,Intellectual Curiosity,2.72
25-1051.00,Leadership Orientation,1.56
25-1051.00,Optimism,1.04
25-1051.00,Perseverance,1.58
25-1051.00,Self-Confidence,1.41
25-1051.00,Self-Control,1.19
25-1051.00,Sincerity,1.28
25-1051.00,Social Orientation,2.04
25-1051.00,Stress Tolerance,1.29
25-1051.00,Tolerance for Ambiguity,1.51
25-1052.00,Achievement Orientation,2.14
25-1052.00,Adaptability,1.41
25-1052.00,Attention to Detail,2.57
25-1052.00,Cautiousness,2.32
25-1052.00,Cooperation,0.92
25-1052.00,Dependability,2.56
25-1052.00,Empathy,1.35
25-1052.00,Humility,-0.34
25-1052.00,Initiative,1.56
25-1052.00,Innovation,1.8
25-1052.00,Integrity,2.17
25-1052.00,Intellectual Curiosity,2.72
25-1052.00,Leadership Orientation,1.42
25-1052.00,Optimism,1.07
25-1052.00,Perseverance,1.4
25-1052.00,Self-Confidence,0.97
25-1052.00,Self-Control,0.97
25-1052.00,Sincerity,0.62
25-1052.00,Social Orientation,2.06
25-1052.00,Stress Tolerance,1.61
25-1052.00,Tolerance for Ambiguity,1.39
25-1053.00,Achievement Orientation,2.14
25-1053.00,Adaptability,1.72
25-1053.00,Attention to Detail,2.05
25-1053.00,Cautiousness,0.82
25-1053.00,Cooperation,1.92
25-1053.00,Dependability,2.39
25-1053.00,Empathy,1.43
25-1053.00,Humility,0.58
25-1053.00,Initiative,1.69
25-1053.00,Innovation,2.3
25-1053.00,Integrity,2.06
25-1053.00,Intellectual Curiosity,3.0
25-1053.00,Leadership Orientation,1.45
25-1053.00,Optimism,1.19
25-1053.00,Perseverance,1.58
25-1053.00,Self-Confidence,1.57
25-1053.00,Self-Control,1.25
25-1053.00,Sincerity,1.23
25-1053.00,Social Orientation,2.06
25-1053.00,Stress Tolerance,1.43
25-1053.00,Tolerance for Ambiguity,1.56
25-1054.00,Achievement Orientation,2.14
25-1054.00,Adaptability,1.44
25-1054.00,Attention to Detail,2.02
25-1054.00,Cautiousness,1.06
25-1054.00,Cooperation,1.88
25-1054.00,Dependability,2.33
25-1054.00,Empathy,1.22
25-1054.00,Humility,0.32
25-1054.00,Initiative,1.44
25-1054.00,Innovation,2.06
25-1054.00,Integrity,2.1
25-1054.00,Intellectual Curiosity,2.72
25-1054.00,Leadership Orientation,1.29
25-1054.00,Optimism,1.04
25-1054.00,Perseverance,1.64
25-1054.00,Self-Confidence,1.6
25-1054.00,Self-Control,1.4
25-1054.00,Sincerity,1.05
25-1054.00,Social Orientation,1.81
25-1054.00,Stress Tolerance,1.52
25-1054.00,Tolerance for Ambiguity,1.45
25-1061.00,Achievement Orientation,2.14
25-1061.00,Adaptability,1.61
25-1061.00,Attention to Detail,1.86
25-1061.00,Cautiousness,0.64
25-1061.00,Cooperation,1.88
25-1061.00,Dependability,2.25
25-1061.00,Empathy,1.46
25-1061.00,Humility,0.84
25-1061.00,Initiative,1.89
25-1061.00,Innovation,2.36
25-1061.00,Integrity,2.06
25-1061.00,Intellectual Curiosity,2.72
25-1061.00,Leadership Orientation,1.56
25-1061.00,Optimism,0.84
25-1061.00,Perseverance,1.67
25-1061.00,Self-Confidence,1.47
25-1061.00,Self-Control,1.34
25-1061.00,Sincerity,1.26
25-1061.00,Social Orientation,2.11
25-1061.00,Stress Tolerance,1.27
25-1061.00,Tolerance for Ambiguity,1.72
25-1062.00,Achievement Orientation,2.11
25-1062.00,Adaptability,1.72
25-1062.00,Attention to Detail,1.76
25-1062.00,Cautiousness,0.9
25-1062.00,Cooperation,2.1
25-1062.00,Dependability,2.36
25-1062.00,Empathy,2.1
25-1062.00,Humility,1.06
25-1062.00,Initiative,1.89
25-1062.00,Innovation,2.3
25-1062.00,Integrity,2.06
25-1062.00,Intellectual Curiosity,2.72
25-1062.00,Leadership Orientation,1.7
25-1062.00,Optimism,1.39
25-1062.00,Perseverance,1.58
25-1062.00,Self-Confidence,1.57
25-1062.00,Self-Control,1.66
25-1062.00,Sincerity,1.6
25-1062.00,Social Orientation,2.26
25-1062.00,Stress Tolerance,1.32
25-1062.00,Tolerance for Ambiguity,1.81
25-1063.00,Achievement Orientation,2.14
25-1063.00,Adaptability,1.44
25-1063.00,Attention to Detail,1.92
25-1063.00,Cautiousness,0.72
25-1063.00,Cooperation,1.5
25-1063.00,Dependability,2.33
25-1063.00,Empathy,1.3
25-1063.00,Humility,0.4
25-1063.00,Initiative,1.66
25-1063.00,Innovation,1.74
25-1063.00,Integrity,1.99
25-1063.00,Intellectual Curiosity,2.72
25-1063.00,Leadership Orientation,1.53
25-1063.00,Optimism,0.84
25-1063.00,Perseverance,1.61
25-1063.00,Self-Confidence,1.66
25-1063.00,Self-Control,1.43
25-1063.00,Sincerity,1.07
25-1063.00,Social Orientation,2.06
25-1063.00,Stress Tolerance,1.49
25-1063.00,Tolerance for Ambiguity,1.58
25-1064.00,Achievement Orientation,2.04
25-1064.00,Adaptability,1.44
25-1064.00,Attention to Detail,1.86
25-1064.00,Cautiousness,0.64
25-1064.00,Cooperation,1.88
25-1064.00,Dependability,2.27
25-1064.00,Empathy,1.48
25-1064.00,Humility,0.64
25-1064.00,Initiative,1.72
25-1064.00,Innovation,1.97
25-1064.00,Integrity,1.89
25-1064.00,Intellectual Curiosity,2.72
25-1064.00,Leadership Orientation,1.26
25-1064.00,Optimism,1.16
25-1064.00,Perseverance,1.58
25-1064.00,Self-Confidence,1.54
25-1064.00,Self-Control,1.37
25-1064.00,Sincerity,1.21
25-1064.00,Social Orientation,2.06
25-1064.00,Stress Tolerance,1.24
25-1064.00,Tolerance for Ambiguity,1.49
25-1065.00,Achievement Orientation,2.11
25-1065.00,Adaptability,1.51
25-1065.00,Attention to Detail,1.76
25-1065.00,Cautiousness,0.59
25-1065.00,Cooperation,1.99
25-1065.00,Dependability,2.33
25-1065.00,Empathy,1.68
25-1065.00,Humility,0.84
25-1065.00,Initiative,1.66
25-1065.00,Innovation,1.89
25-1065.00,Integrity,2.24
25-1065.00,Intellectual Curiosity,3.0
25-1065.00,Leadership Orientation,1.61
25-1065.00,Optimism,1.01
25-1065.00,Perseverance,1.58
25-1065.00,Self-Confidence,1.7
25-1065.00,Self-Control,1.63
25-1065.00,Sincerity,1.41
25-1065.00,Social Orientation,2.24
25-1065.00,Stress Tolerance,1.4
25-1065.00,Tolerance for Ambiguity,1.68
25-1066.00,Achievement Orientation,2.14
25-1066.00,Adaptability,1.65
25-1066.00,Attention to Detail,1.79
25-1066.00,Cautiousness,0.69
25-1066.00,Cooperation,2.03
25-1066.00,Dependability,2.33
25-1066.00,Empathy,2.23
25-1066.00,Humility,0.96
25-1066.00,Initiative,1.93
25-1066.00,Innovation,2.06
25-1066.00,Integrity,2.28
25-1066.00,Intellectual Curiosity,3.0
25-1066.00,Leadership Orientation,1.78
25-1066.00,Optimism,1.42
25-1066.00,Perseverance,1.58
25-1066.00,Self-Confidence,1.66
25-1066.00,Self-Control,1.77
25-1066.00,Sincerity,1.72
25-1066.00,Social Orientation,2.26
25-1066.00,Stress Tolerance,1.43
25-1066.00,Tolerance for Ambiguity,1.51
25-1067.00,Achievement Orientation,2.04
25-1067.00,Adaptability,1.51
25-1067.00,Attention to Detail,1.76
25-1067.00,Cautiousness,0.59
25-1067.00,Cooperation,1.88
25-1067.00,Dependability,2.27
25-1067.00,Empathy,2.01
25-1067.00,Humility,0.9
25-1067.00,Initiative,1.75
25-1067.00,Innovation,2.0
25-1067.00,Integrity,2.03
25-1067.00,Intellectual Curiosity,2.72
25-1067.00,Leadership Orientation,1.45
25-1067.00,Optimism,1.39
25-1067.00,Perseverance,1.61
25-1067.00,Self-Confidence,1.57
25-1067.00,Self-Control,1.77
25-1067.00,Sincerity,1.66
25-1067.00,Social Orientation,2.24
25-1067.00,Stress Tolerance,1.46
25-1067.00,Tolerance for Ambiguity,1.64
25-1071.00,Achievement Orientation,2.14
25-1071.00,Adaptability,1.83
25-1071.00,Attention to Detail,2.25
25-1071.00,Cautiousness,1.09
25-1071.00,Cooperation,2.03
25-1071.00,Dependability,2.33
25-1071.00,Empathy,2.01
25-1071.00,Humility,0.78
25-1071.00,Initiative,1.82
25-1071.00,Innovation,1.92
25-1071.00,Integrity,2.17
25-1071.00,Intellectual Curiosity,2.72
25-1071.00,Leadership Orientation,1.72
25-1071.00,Optimism,1.36
25-1071.00,Perseverance,1.77
25-1071.00,Self-Confidence,1.6
25-1071.00,Self-Control,1.84
25-1071.00,Sincerity,1.52
25-1071.00,Social Orientation,2.08
25-1071.00,Stress Tolerance,1.52
25-1071.00,Tolerance for Ambiguity,1.53
25-1072.00,Achievement Orientation,2.14
25-1072.00,Adaptability,1.83
25-1072.00,Attention to Detail,2.47
25-1072.00,Cautiousness,2.28
25-1072.00,Cooperation,2.43
25-1072.00,Dependability,2.65
25-1072.00,Empathy,2.33
25-1072.00,Humility,1.12
25-1072.00,Initiative,1.79
25-1072.00,Innovation,1.44
25-1072.00,Integrity,2.21
25-1072.00,Intellectual Curiosity,2.2
25-1072.00,Leadership Orientation,2.07
25-1072.00,Optimism,2.1
25-1072.00,Perseverance,1.77
25-1072.00,Self-Confidence,1.66
25-1072.00,Self-Control,2.14
25-1072.00,Sincerity,2.07
25-1072.00,Social Orientation,2.33
25-1072.00,Stress Tolerance,2.13
25-1072.00,Tolerance for Ambiguity,1.22
25-1081.00,Achievement Orientation,2.14
25-1081.00,Adaptability,1.68
25-1081.00,Attention to Detail,1.89
25-1081.00,Cautiousness,0.74
25-1081.00,Cooperation,2.22
25-1081.00,Dependability,2.39
25-1081.00,Empathy,2.01
25-1081.00,Humility,0.84
25-1081.00,Initiative,1.86
25-1081.00,Innovation,2.3
25-1081.00,Integrity,2.21
25-1081.00,Intellectual Curiosity,2.67
25-1081.00,Leadership Orientation,1.56
25-1081.00,Optimism,1.46
25-1081.00,Perseverance,1.61
25-1081.00,Self-Confidence,1.66
25-1081.00,Self-Control,1.5
25-1081.00,Sincerity,1.72
25-1081.00,Social Orientation,2.26
25-1081.00,Stress Tolerance,1.8
25-1081.00,Tolerance for Ambiguity,1.62
25-1082.00,Achievement Orientation,1.98
25-1082.00,Adaptability,1.48
25-1082.00,Attention to Detail,1.97
25-1082.00,Cautiousness,0.74
25-1082.00,Cooperation,2.03
25-1082.00,Dependability,2.3
25-1082.00,Empathy,1.68
25-1082.00,Humility,0.9
25-1082.00,Initiative,1.59
25-1082.00,Innovation,1.58
25-1082.00,Integrity,1.99
25-1082.00,Intellectual Curiosity,2.72
25-1082.00,Leadership Orientation,1.26
25-1082.00,Optimism,1.01
25-1082.00,Perseverance,1.61
25-1082.00,Self-Confidence,1.32
25-1082.00,Self-Control,1.14
25-1082.00,Sincerity,1.31
25-1082.00,Social Orientation,2.24
25-1082.00,Stress Tolerance,1.07
25-1082.00,Tolerance for Ambiguity,1.33
25-1111.00,Achievement Orientation,2.04
25-1111.00,Adaptability,1.48
25-1111.00,Attention to Detail,1.94
25-1111.00,Cautiousness,0.79
25-1111.00,Cooperation,2.03
25-1111.00,Dependability,2.41
25-1111.00,Empathy,1.43
25-1111.00,Humility,0.75
25-1111.00,Initiative,1.5
25-1111.00,Innovation,1.33
25-1111.00,Integrity,2.36
25-1111.00,Intellectual Curiosity,2.37
25-1111.00,Leadership Orientation,1.64
25-1111.00,Optimism,0.9
25-1111.00,Perseverance,1.4
25-1111.00,Self-Confidence,1.54
25-1111.00,Self-Control,1.6
25-1111.00,Sincerity,1.46
25-1111.00,Social Orientation,2.24
25-1111.00,Stress Tolerance,1.29
25-1111.00,Tolerance for Ambiguity,1.49
25-1112.00,Achievement Orientation,2.14
25-1112.00,Adaptability,1.51
25-1112.00,Attention to Detail,1.94
25-1112.00,Cautiousness,1.44
25-1112.00,Cooperation,1.99
25-1112.00,Dependability,2.36
25-1112.00,Empathy,1.54
25-1112.00,Humility,0.42
25-1112.00,Initiative,1.79
25-1112.00,Innovation,1.47
25-1112.00,Integrity,2.32
25-1112.00,Intellectual Curiosity,2.67
25-1112.00,Leadership Orientation,1.95
25-1112.00,Optimism,0.95
25-1112.00,Perseverance,1.64
25-1112.00,Self-Confidence,1.76
25-1112.00,Self-Control,1.7
25-1112.00,Sincerity,1.39
25-1112.00,Social Orientation,2.15
25-1112.00,Stress Tolerance,1.58
25-1112.00,Tolerance for Ambiguity,1.6
25-1113.00,Achievement Orientation,2.04
25-1113.00,Adaptability,1.48
25-1113.00,Attention to Detail,1.62
25-1113.00,Cautiousness,0.64
25-1113.00,Cooperation,2.22
25-1113.00,Dependability,2.36
25-1113.00,Empathy,2.3
25-1113.00,Humility,1.22
25-1113.00,Initiative,1.86
25-1113.00,Innovation,1.74
25-1113.00,Integrity,2.1
25-1113.00,Intellectual Curiosity,2.28
25-1113.00,Leadership Orientation,1.95
25-1113.00,Optimism,1.98
25-1113.00,Perseverance,1.58
25-1113.00,Self-Confidence,1.63
25-1113.00,Self-Control,1.91
25-1113.00,Sincerity,1.97
25-1113.00,Social Orientation,2.4
25-1113.00,Stress Tolerance,1.55
25-1113.00,Tolerance for Ambiguity,1.45
25-1121.00,Achievement Orientation,1.92
25-1121.00,Adaptability,1.61
25-1121.00,Attention to Detail,1.4
25-1121.00,Cautiousness,-0.26
25-1121.00,Cooperation,2.07
25-1121.00,Dependability,2.22
25-1121.00,Empathy,2.07
25-1121.00,Humility,0.56
25-1121.00,Initiative,1.72
25-1121.00,Innovation,2.51
25-1121.00,Integrity,1.7
25-1121.00,Intellectual Curiosity,2.2
25-1121.00,Leadership Orientation,1.5
25-1121.00,Optimism,1.9
25-1121.00,Perseverance,1.67
25-1121.00,Self-Confidence,1.66
25-1121.00,Self-Control,1.43
25-1121.00,Sincerity,1.66
25-1121.00,Social Orientation,2.26
25-1121.00,Stress Tolerance,1.29
25-1121.00,Tolerance for Ambiguity,1.6
25-1122.00,Achievement Orientation,2.04
25-1122.00,Adaptability,1.79
25-1122.00,Attention to Detail,1.67
25-1122.00,Cautiousness,0.39
25-1122.00,Cooperation,2.1
25-1122.00,Dependability,2.3
25-1122.00,Empathy,2.07
25-1122.00,Humility,0.87
25-1122.00,Initiative,1.56
25-1122.00,Innovation,1.89
25-1122.00,Integrity,2.03
25-1122.00,Intellectual Curiosity,2.45
25-1122.00,Leadership Orientation,1.61
25-1122.00,Optimism,1.6
25-1122.00,Perseverance,1.64
25-1122.00,Self-Confidence,1.7
25-1122.00,Self-Control,1.66
25-1122.00,Sincerity,1.6
25-1122.00,Social Orientation,2.33
25-1122.00,Stress Tolerance,1.38
25-1122.00,Tolerance for Ambiguity,1.43
25-1123.00,Achievement Orientation,2.04
25-1123.00,Adaptability,1.48
25-1123.00,Attention to Detail,1.84
25-1123.00,Cautiousness,0.64
25-1123.00,Cooperation,1.92
25-1123.00,Dependability,2.3
25-1123.00,Empathy,2.04
25-1123.00,Humility,0.93
25-1123.00,Initiative,1.56
25-1123.00,Innovation,2.12
25-1123.00,Integrity,1.82
25-1123.00,Intellectual Curiosity,2.45
25-1123.00,Leadership Orientation,1.21
25-1123.00,Optimism,1.56
25-1123.00,Perseverance,1.61
25-1123.00,Self-Confidence,1.6
25-1123.00,Self-Control,1.53
25-1123.00,Sincerity,1.6
25-1123.00,Social Orientation,2.2
25-1123.00,Stress Tolerance,1.4
25-1123.00,Tolerance for Ambiguity,1.43
25-1124.00,Achievement Orientation,2.04
25-1124.00,Adaptability,1.72
25-1124.00,Attention to Detail,2.02
25-1124.00,Cautiousness,0.57
25-1124.00,Cooperation,2.07
25-1124.00,Dependability,2.39
25-1124.00,Empathy,1.95
25-1124.00,Humility,0.96
25-1124.00,Initiative,1.75
25-1124.00,Innovation,1.69
25-1124.00,Integrity,1.73
25-1124.00,Intellectual Curiosity,2.67
25-1124.00,Leadership Orientation,1.26
25-1124.00,Optimism,1.67
25-1124.00,Perseverance,1.64
25-1124.00,Self-Confidence,1.63
25-1124.00,Self-Control,1.63
25-1124.00,Sincerity,1.55
25-1124.00,Social Orientation,2.29
25-1124.00,Stress Tolerance,1.52
25-1124.00,Tolerance for Ambiguity,1.51
25-1125.00,Achievement Orientation,2.01
25-1125.00,Adaptability,1.41
25-1125.00,Attention to Detail,1.79
25-1125.00,Cautiousness,0.57
25-1125.00,Cooperation,1.84
25-1125.00,Dependability,2.27
25-1125.00,Empathy,1.48
25-1125.00,Humility,0.81
25-1125.00,Initiative,1.75
25-1125.00,Innovation,1.55
25-1125.00,Integrity,2.03
25-1125.00,Intellectual Curiosity,2.63
25-1125.00,Leadership Orientation,1.26
25-1125.00,Optimism,1.04
25-1125.00,Perseverance,1.64
25-1125.00,Self-Confidence,1.5
25-1125.00,Self-Control,1.31
25-1125.00,Sincerity,1.36
25-1125.00,Social Orientation,2.11
25-1125.00,Stress Tolerance,1.43
25-1125.00,Tolerance for Ambiguity,1.43
25-1126.00,Achievement Orientation,2.08
25-1126.00,Adaptability,1.51
25-1126.00,Attention to Detail,1.62
25-1126.00,Cautiousness,0.67
25-1126.00,Cooperation,2.07
25-1126.00,Dependability,2.22
25-1126.00,Empathy,1.83
25-1126.00,Humility,0.9
25-1126.00,Initiative,1.56
25-1126.00,Innovation,2.12
25-1126.00,Integrity,2.4
25-1126.00,Intellectual Curiosity,3.0
25-1126.00,Leadership Orientation,1.39
25-1126.00,Optimism,0.76
25-1126.00,Perseverance,1.58
25-1126.00,Self-Confidence,1.44
25-1126.00,Self-Control,1.47
25-1126.00,Sincerity,1.84
25-1126.00,Social Orientation,2.13
25-1126.00,Stress Tolerance,1.24
25-1126.00,Tolerance for Ambiguity,1.83
25-1192.00,Achievement Orientation,2.04
25-1192.00,Adaptability,1.68
25-1192.00,Attention to Detail,1.94
25-1192.00,Cautiousness,0.79
25-1192.00,Cooperation,2.26
25-1192.00,Dependability,2.36
25-1192.00,Empathy,2.2
25-1192.00,Humility,0.99
25-1192.00,Initiative,1.56
25-1192.00,Innovation,1.52
25-1192.00,Integrity,2.03
25-1192.00,Intellectual Curiosity,2.33
25-1192.00,Leadership Orientation,1.45
25-1192.00,Optimism,1.63
25-1192.00,Perseverance,1.58
25-1192.00,Self-Confidence,1.41
25-1192.00,Self-Control,1.63
25-1192.00,Sincerity,1.66
25-1192.00,Social Orientation,2.26
25-1192.00,Stress Tolerance,1.46
25-1192.00,Tolerance for Ambiguity,1.26
25-1193.00,Achievement Orientation,1.98
25-1193.00,Adaptability,1.51
25-1193.00,Attention to Detail,1.51
25-1193.00,Cautiousness,0.59
25-1193.00,Cooperation,1.92
25-1193.00,Dependability,2.3
25-1193.00,Empathy,1.74
25-1193.00,Humility,0.67
25-1193.00,Initiative,1.66
25-1193.00,Innovation,1.58
25-1193.00,Integrity,1.66
25-1193.00,Intellectual Curiosity,2.24
25-1193.00,Leadership Orientation,1.67
25-1193.00,Optimism,1.71
25-1193.00,Perseverance,1.46
25-1193.00,Self-Confidence,1.66
25-1193.00,Self-Control,1.4
25-1193.00,Sincerity,1.44
25-1193.00,Social Orientation,2.24
25-1193.00,Stress Tolerance,1.27
25-1193.00,Tolerance for Ambiguity,1.24
25-1194.00,Achievement Orientation,2.01
25-1194.00,Adaptability,1.72
25-1194.00,Attention to Detail,2.0
25-1194.00,Cautiousness,1.44
25-1194.00,Cooperation,2.22
25-1194.00,Dependability,2.65
25-1194.00,Empathy,2.04
25-1194.00,Humility,0.93
25-1194.00,Initiative,1.44
25-1194.00,Innovation,1.39
25-1194.00,Integrity,1.73
25-1194.00,Intellectual Curiosity,1.51
25-1194.00,Leadership Orientation,1.53
25-1194.00,Optimism,1.6
25-1194.00,Perseverance,1.67
25-1194.00,Self-Confidence,1.6
25-1194.00,Self-Control,1.7
25-1194.00,Sincerity,1.6
25-1194.00,Social Orientation,2.15
25-1194.00,Stress Tolerance,1.7
25-1194.00,Tolerance for Ambiguity,0.93
25-2011.00,Achievement Orientation,1.2
25-2011.00,Adaptability,1.9
25-2011.00,Attention to Detail,1.49
25-2011.00,Cautiousness,1.0
25-2011.00,Cooperation,2.82
25-2011.00,Dependability,2.65
25-2011.00,Empathy,2.57
25-2011.00,Humility,1.78
25-2011.00,Initiative,1.44
25-2011.00,Innovation,1.3
25-2011.00,Integrity,2.21
25-2011.00,Intellectual Curiosity,0.87
25-2011.00,Leadership Orientation,1.34
25-2011.00,Optimism,2.53
25-2011.00,Perseverance,1.58
25-2011.00,Self-Confidence,1.41
25-2011.00,Self-Control,2.14
25-2011.00,Sincerity,2.35
25-2011.00,Social Orientation,2.49
25-2011.00,Stress Tolerance,1.93
25-2011.00,Tolerance for Ambiguity,1.2
25-2012.00,Achievement Orientation,1.6
25-2012.00,Adaptability,1.79
25-2012.00,Attention to Detail,1.69
25-2012.00,Cautiousness,1.26
25-2012.00,Cooperation,2.69
25-2012.00,Dependability,2.65
25-2012.00,Empathy,2.61
25-2012.00,Humility,1.35
25-2012.00,Initiative,1.35
25-2012.00,Innovation,1.33
25-2012.00,Integrity,2.28
25-2012.00,Intellectual Curiosity,0.87
25-2012.00,Leadership Orientation,1.34
25-2012.00,Optimism,2.77
25-2012.00,Perseverance,1.83
25-2012.00,Self-Confidence,1.57
25-2012.00,Self-Control,2.14
25-2012.00,Sincerity,2.42
25-2012.00,Social Orientation,2.49
25-2012.00,Stress Tolerance,2.03
25-2012.00,Tolerance for Ambiguity,1.39
25-2021.00,Achievement Orientation,1.98
25-2021.00,Adaptability,2.05
25-2021.00,Attention to Detail,1.81
25-2021.00,Cautiousness,1.26
25-2021.00,Cooperation,2.55
25-2021.00,Dependability,2.65
25-2021.00,Empathy,2.54
25-2021.00,Humility,1.49
25-2021.00,Initiative,1.53
25-2021.00,Innovation,1.36
25-2021.00,Integrity,2.51
25-2021.00,Intellectual Curiosity,1.48
25-2021.00,Leadership Orientation,1.67
25-2021.00,Optimism,2.53
25-2021.00,Perseverance,2.12
25-2021.00,Self-Confidence,1.76
25-2021.00,Self-Control,2.14
25-2021.00,Sincerity,2.31
25-2021.00,Social Orientation,2.49
25-2021.00,Stress Tolerance,2.06
25-2021.00,Tolerance for Ambiguity,1.37
25-2022.00,Achievement Orientation,1.95
25-2022.00,Adaptability,2.05
25-2022.00,Attention to Detail,1.81
25-2022.00,Cautiousness,1.26
25-2022.00,Cooperation,2.3
25-2022.00,Dependability,2.65
25-2022.00,Empathy,2.27
25-2022.00,Humility,1.19
25-2022.00,Initiative,1.56
25-2022.00,Innovation,1.3
25-2022.00,Integrity,2.36
25-2022.00,Intellectual Curiosity,1.71
25-2022.00,Leadership Orientation,1.58
25-2022.00,Optimism,2.22
25-2022.00,Perseverance,2.19
25-2022.00,Self-Confidence,1.63
25-2022.00,Self-Control,2.18
25-2022.00,Sincerity,2.0
25-2022.00,Social Orientation,2.33
25-2022.00,Stress Tolerance,2.1
25-2022.00,Tolerance for Ambiguity,1.51
25-2023.00,Achievement Orientation,1.92
25-2023.00,Adaptability,1.83
25-2023.00,Attention to Detail,1.71
25-2023.00,Cautiousness,1.14
25-2023.00,Cooperation,2.22
25-2023.00,Dependability,2.56
25-2023.00,Empathy,2.14
25-2023.00,Humility,1.12
25-2023.00,Initiative,1.5
25-2023.00,Innovation,1.36
25-2023.00,Integrity,2.1
25-2023.00,Intellectual Curiosity,1.54
25-2023.00,Leadership Orientation,1.64
25-2023.00,Optimism,2.14
25-2023.00,Perseverance,1.77
25-2023.00,Self-Confidence,1.6
25-2023.00,Self-Control,2.14
25-2023.00,Sincerity,1.94
25-2023.00,Social Orientation,2.24
25-2023.00,Stress Tolerance,2.06
25-2023.00,Tolerance for Ambiguity,1.51
25-2031.00,Achievement Orientation,2.01
25-2031.00,Adaptability,2.05
25-2031.00,Attention to Detail,1.76
25-2031.00,Cautiousness,0.9
25-2031.00,Cooperation,2.3
25-2031.00,Dependability,2.65
25-2031.00,Empathy,2.27
25-2031.00,Humility,1.12
25-2031.00,Initiative,1.53
25-2031.00,Innovation,1.3
25-2031.00,Integrity,2.24
25-2031.00,Intellectual Curiosity,1.64
25-2031.00,Leadership Orientation,1.61
25-2031.00,Optimism,2.4
25-2031.00,Perseverance,2.08
25-2031.00,Self-Confidence,1.66
25-2031.00,Self-Control,2.14
25-2031.00,Sincerity,2.0
25-2031.00,Social Orientation,2.33
25-2031.00,Stress Tolerance,2.06
25-2031.00,Tolerance for Ambiguity,1.56
25-2032.00,Achievement Orientation,1.95
25-2032.00,Adaptability,1.79
25-2032.00,Attention to Detail,1.81
25-2032.00,Cautiousness,1.26
25-2032.00,Cooperation,2.26
25-2032.00,Dependability,2.65
25-2032.00,Empathy,2.14
25-2032.00,Humility,1.06
25-2032.00,Initiative,1.53
25-2032.00,Innovation,1.55
25-2032.00,Integrity,2.21
25-2032.00,Intellectual Curiosity,1.57
25-2032.00,Leadership Orientation,1.75
25-2032.00,Optimism,2.22
25-2032.00,Perseverance,1.77
25-2032.00,Self-Confidence,1.66
25-2032.00,Self-Control,1.98
25-2032.00,Sincerity,1.87
25-2032.00,Social Orientation,2.26
25-2032.00,Stress Tolerance,2.03
25-2032.00,Tolerance for Ambiguity,1.39
25-2051.00,Achievement Orientation,1.58
25-2051.00,Adaptability,2.3
25-2051.00,Attention to Detail,2.05
25-2051.00,Cautiousness,1.82
25-2051.00,Cooperation,3.0
25-2051.00,Dependability,2.93
25-2051.00,Empathy,3.0
25-2051.00,Humility,1.63
25-2051.00,Initiative,1.72
25-2051.00,Innovation,1.58
25-2051.00,Integrity,2.32
25-2051.00,Intellectual Curiosity,1.54
25-2051.00,Leadership Orientation,1.21
25-2051.00,Optimism,2.58
25-2051.00,Perseverance,2.12
25-2051.00,Self-Confidence,1.57
25-2051.00,Self-Control,2.46
25-2051.00,Sincerity,2.42
25-2051.00,Social Orientation,2.4
25-2051.00,Stress Tolerance,2.13
25-2051.00,Tolerance for Ambiguity,1.45
25-2055.00,Achievement Orientation,1.83
25-2055.00,Adaptability,2.21
25-2055.00,Attention to Detail,2.16
25-2055.00,Cautiousness,1.72
25-2055.00,Cooperation,2.82
25-2055.00,Dependability,2.65
25-2055.00,Empathy,3.0
25-2055.00,Humility,1.56
25-2055.00,Initiative,1.72
25-2055.00,Innovation,1.58
25-2055.00,Integrity,2.24
25-2055.00,Intellectual Curiosity,1.41
25-2055.00,Leadership Orientation,1.24
25-2055.00,Optimism,2.58
25-2055.00,Perseverance,2.26
25-2055.00,Self-Confidence,1.57
25-2055.00,Self-Control,2.42
25-2055.00,Sincerity,2.46
25-2055.00,Social Orientation,2.33
25-2055.00,Stress Tolerance,2.24
25-2055.00,Tolerance for Ambiguity,1.64
25-2056.00,Achievement Orientation,1.95
25-2056.00,Adaptability,2.17
25-2056.00,Attention to Detail,2.19
25-2056.00,Cautiousness,1.38
25-2056.00,Cooperation,2.73
25-2056.00,Dependability,2.93
25-2056.00,Empathy,3.0
25-2056.00,Humility,1.49
25-2056.00,Initiative,1.72
25-2056.00,Innovation,1.36
25-2056.00,Integrity,2.28
25-2056.00,Intellectual Curiosity,1.57
25-2056.00,Leadership Orientation,1.39
25-2056.00,Optimism,2.4
25-2056.00,Perseverance,2.12
25-2056.00,Self-Confidence,1.7
25-2056.00,Self-Control,2.5
25-2056.00,Sincerity,2.53
25-2056.00,Social Orientation,2.26
25-2056.00,Stress Tolerance,2.21
25-2056.00,Tolerance for Ambiguity,1.64
25-2057.00,Achievement Orientation,1.98
25-2057.00,Adaptability,2.13
25-2057.00,Attention to Detail,2.41
25-2057.00,Cautiousness,1.56
25-2057.00,Cooperation,2.69
25-2057.00,Dependability,2.65
25-2057.00,Empathy,3.0
25-2057.00,Humility,1.49
25-2057.00,Initiative,1.53
25-2057.00,Innovation,1.44
25-2057.00,Integrity,2.36
25-2057.00,Intellectual Curiosity,1.61
25-2057.00,Leadership Orientation,1.42
25-2057.00,Optimism,2.35
25-2057.00,Perseverance,2.15
25-2057.00,Self-Confidence,1.63
25-2057.00,Self-Control,2.38
25-2057.00,Sincerity,2.31
25-2057.00,Social Orientation,2.29
25-2057.00,Stress Tolerance,2.28
25-2057.00,Tolerance for Ambiguity,1.56
25-2058.00,Achievement Orientation,1.95
25-2058.00,Adaptability,2.21
25-2058.00,Attention to Detail,2.08
25-2058.00,Cautiousness,1.56
25-2058.00,Cooperation,2.82
25-2058.00,Dependability,2.65
25-2058.00,Empathy,2.97
25-2058.00,Humility,1.63
25-2058.00,Initiative,1.72
25-2058.00,Innovation,1.6
25-2058.00,Integrity,2.28
25-2058.00,Intellectual Curiosity,1.68
25-2058.00,Leadership Orientation,1.48
25-2058.00,Optimism,2.35
25-2058.00,Perseverance,2.12
25-2058.00,Self-Confidence,1.63
25-2058.00,Self-Control,2.34
25-2058.00,Sincerity,2.31
25-2058.00,Social Orientation,2.33
25-2058.00,Stress Tolerance,2.21
25-2058.00,Tolerance for Ambiguity,1.62
25-2059.01,Achievement Orientation,1.74
25-2059.01,Adaptability,2.21
25-2059.01,Attention to Detail,1.76
25-2059.01,Cautiousness,1.38
25-2059.01,Cooperation,2.43
25-2059.01,Dependability,2.65
25-2059.01,Empathy,2.93
25-2059.01,Humility,1.28
25-2059.01,Initiative,1.26
25-2059.01,Innovation,1.39
25-2059.01,Integrity,2.1
25-2059.01,Intellectual Curiosity,1.11
25-2059.01,Leadership Orientation,1.53
25-2059.01,Optimism,2.53
25-2059.01,Perseverance,2.08
25-2059.01,Self-Confidence,1.57
25-2059.01,Self-Control,2.14
25-2059.01,Sincerity,2.24
25-2059.01,Social Orientation,2.26
25-2059.01,Stress Tolerance,1.8
25-2059.01,Tolerance for Ambiguity,1.39
25-3011.00,Achievement Orientation,1.95
25-3011.00,Adaptability,2.09
25-3011.00,Attention to Detail,1.84
25-3011.00,Cautiousness,0.77
25-3011.00,Cooperation,2.34
25-3011.00,Dependability,2.44
25-3011.00,Empathy,2.37
25-3011.00,Humility,1.22
25-3011.00,Initiative,1.44
25-3011.00,Innovation,1.33
25-3011.00,Integrity,1.79
25-3011.00,Intellectual Curiosity,1.68
25-3011.00,Leadership Orientation,1.5
25-3011.00,Optimism,2.49
25-3011.00,Perseverance,1.8
25-3011.00,Self-Confidence,1.6
25-3011.00,Self-Control,1.95
25-3011.00,Sincerity,2.0
25-3011.00,Social Orientation,2.26
25-3011.00,Stress Tolerance,1.58
25-3011.00,Tolerance for Ambiguity,1.58
25-3021.00,Achievement Orientation,1.35
25-3021.00,Adaptability,1.72
25-3021.00,Attention to Detail,1.34
25-3021.00,Cautiousness,0.52
25-3021.00,Cooperation,2.26
25-3021.00,Dependability,2.06
25-3021.00,Empathy,2.17
25-3021.00,Humility,1.12
25-3021.00,Initiative,1.53
25-3021.00,Innovation,1.63
25-3021.00,Integrity,1.54
25-3021.00,Intellectual Curiosity,1.54
25-3021.00,Leadership Orientation,1.5
25-3021.00,Optimism,2.27
25-3021.00,Perseverance,1.61
25-3021.00,Self-Confidence,1.66
25-3021.00,Self-Control,1.5
25-3021.00,Sincerity,1.72
25-3021.00,Social Orientation,2.31
25-3021.00,Stress Tolerance,0.8
25-3021.00,Tolerance for Ambiguity,1.24
25-3031.00,Achievement Orientation,0.77
25-3031.00,Adaptability,2.17
25-3031.00,Attention to Detail,1.55
25-3031.00,Cautiousness,0.9
25-3031.00,Cooperation,2.38
25-3031.00,Dependability,2.65
25-3031.00,Empathy,2.2
25-3031.00,Humility,1.19
25-3031.00,Initiative,1.07
25-3031.00,Innovation,0.44
25-3031.00,Integrity,1.79
25-3031.00,Intellectual Curiosity,0.47
25-3031.00,Leadership Orientation,1.16
25-3031.00,Optimism,2.18
25-3031.00,Perseverance,1.43
25-3031.00,Self-Confidence,1.38
25-3031.00,Self-Control,2.14
25-3031.00,Sincerity,1.69
25-3031.00,Social Orientation,2.24
25-3031.00,Stress Tolerance,2.03
25-3031.00,Tolerance for Ambiguity,1.53
25-3041.00,Achievement Orientation,1.71
25-3041.00,Adaptability,1.58
25-3041.00,Attention to Detail,1.81
25-3041.00,Cautiousness,0.69
25-3041.00,Cooperation,2.47
25-3041.00,Dependability,2.56
25-3041.00,Empathy,2.27
25-3041.00,Humility,1.22
25-3041.00,Initiative,1.5
25-3041.00,Innovation,1.3
25-3041.00,Integrity,1.99
25-3041.00,Intellectual Curiosity,1.54
25-3041.00,Leadership Orientation,0.76
25-3041.00,Optimism,2.44
25-3041.00,Perseverance,1.77
25-3041.00,Self-Confidence,1.66
25-3041.00,Self-Control,1.91
25-3041.00,Sincerity,1.97
25-3041.00,Social Orientation,2.26
25-3041.00,Stress Tolerance,1.27
25-3041.00,Tolerance for Ambiguity,0.93
25-4011.00,Achievement Orientation,1.5
25-4011.00,Adaptability,0.83
25-4011.00,Attention to Detail,2.88
25-4011.00,Cautiousness,2.06
25-4011.00,Cooperation,1.84
25-4011.00,Dependability,2.65
25-4011.00,Empathy,0.6
25-4011.00,Humility,0.7
25-4011.00,Initiative,1.41
25-4011.00,Innovation,1.25
25-4011.00,Integrity,2.36
25-4011.00,Intellectual Curiosity,2.33
25-4011.00,Leadership Orientation,1.21
25-4011.00,Optimism,0.2
25-4011.00,Perseverance,1.61
25-4011.00,Self-Confidence,0.89
25-4011.00,Self-Control,0.8
25-4011.00,Sincerity,1.19
25-4011.00,Social Orientation,0.86
25-4011.00,Stress Tolerance,0.62
25-4011.00,Tolerance for Ambiguity,1.16
25-4012.00,Achievement Orientation,2.04
25-4012.00,Adaptability,1.68
25-4012.00,Attention to Detail,2.47
25-4012.00,Cautiousness,1.86
25-4012.00,Cooperation,1.84
25-4012.00,Dependability,2.56
25-4012.00,Empathy,0.98
25-4012.00,Humility,0.84
25-4012.00,Initiative,1.82
25-4012.00,Innovation,2.06
25-4012.00,Integrity,2.06
25-4012.00,Intellectual Curiosity,2.41
25-4012.00,Leadership Orientation,1.95
25-4012.00,Optimism,0.95
25-4012.00,Perseverance,1.61
25-4012.00,Self-Confidence,1.63
25-4012.00,Self-Control,1.5
25-4012.00,Sincerity,1.39
25-4012.00,Social Orientation,1.7
25-4012.00,Stress Tolerance,1.11
25-4012.00,Tolerance for Ambiguity,1.41
25-4013.00,Achievement Orientation,1.52
25-4013.00,Adaptability,1.17
25-4013.00,Attention to Detail,2.74
25-4013.00,Cautiousness,2.62
25-4013.00,Cooperation,1.77
25-4013.00,Dependability,2.62
25-4013.00,Empathy,0.35
25-4013.00,Humility,0.7
25-4013.00,Initiative,1.18
25-4013.00,Innovation,1.25
25-4013.00,Integrity,2.06
25-4013.00,Intellectual Curiosity,1.97
25-4013.00,Leadership Orientation,0.69
25-4013.00,Optimism,0.43
25-4013.00,Perseverance,1.61
25-4013.00,Self-Confidence,0.99
25-4013.00,Self-Control,1.19
25-4013.00,Sincerity,0.7
25-4013.00,Social Orientation,0.81
25-4013.00,Stress Tolerance,1.0
25-4013.00,Tolerance for Ambiguity,1.18
25-4022.00,Achievement Orientation,1.3
25-4022.00,Adaptability,1.35
25-4022.00,Attention to Detail,2.37
25-4022.00,Cautiousness,0.57
25-4022.00,Cooperation,2.3
25-4022.00,Dependability,1.95
25-4022.00,Empathy,1.57
25-4022.00,Humility,1.22
25-4022.00,Initiative,1.5
25-4022.00,Innovation,0.82
25-4022.00,Integrity,0.89
25-4022.00,Intellectual Curiosity,2.2
25-4022.00,Leadership Orientation,1.21
25-4022.00,Optimism,1.07
25-4022.00,Perseverance,1.07
25-4022.00,Self-Confidence,1.15
25-4022.00,Self-Control,0.85
25-4022.00,Sincerity,1.44
25-4022.00,Social Orientation,1.81
25-4022.00,Stress Tolerance,0.78
25-4022.00,Tolerance for Ambiguity,1.1
25-4031.00,Achievement Orientation,0.66
25-4031.00,Adaptability,0.76
25-4031.00,Attention to Detail,2.28
25-4031.00,Cautiousness,0.9
25-4031.00,Cooperation,2.3
25-4031.00,Dependability,2.19
25-4031.00,Empathy,1.38
25-4031.00,Humility,1.19
25-4031.00,Initiative,0.78
25-4031.00,Innovation,0.24
25-4031.00,Integrity,1.4
25-4031.00,Intellectual Curiosity,0.79
25-4031.00,Leadership Orientation,0.29
25-4031.00,Optimism,0.98
25-4031.00,Perseverance,0.86
25-4031.00,Self-Confidence,0.58
25-4031.00,Self-Control,1.19
25-4031.00,Sincerity,1.23
25-4031.00,Social Orientation,1.74
25-4031.00,Stress Tolerance,0.7
25-4031.00,Tolerance for Ambiguity,0.22
25-9021.00,Achievement Orientation,2.01
25-9021.00,Adaptability,1.83
25-9021.00,Attention to Detail,1.81
25-9021.00,Cautiousness,1.35
25-9021.00,Cooperation,2.3
25-9021.00,Dependability,2.53
25-9021.00,Empathy,1.92
25-9021.00,Humility,1.35
25-9021.00,Initiative,1.96
25-9021.00,Innovation,1.8
25-9021.00,Integrity,2.06
25-9021.00,Intellectual Curiosity,2.12
25-9021.00,Leadership Orientation,2.19
25-9021.00,Optimism,1.9
25-9021.00,Perseverance,1.74
25-9021.00,Self-Confidence,1.76
25-9021.00,Self-Control,1.7
25-9021.00,Sincerity,2.03
25-9021.00,Social Orientation,2.38
25-9021.00,Stress Tolerance,1.52
25-9021.00,Tolerance for Ambiguity,1.26
25-9031.00,Achievement Orientation,2.14
25-9031.00,Adaptability,2.3
25-9031.00,Attention to Detail,1.86
25-9031.00,Cautiousness,1.32
25-9031.00,Cooperation,2.34
25-9031.00,Dependability,2.41
25-9031.00,Empathy,2.1
25-9031.00,Humility,1.15
25-9031.00,Initiative,1.44
25-9031.00,Innovation,2.45
25-9031.00,Integrity,1.6
25-9031.00,Intellectual Curiosity,2.33
25-9031.00,Leadership Orientation,2.1
25-9031.00,Optimism,0.69
25-9031.00,Perseverance,1.23
25-9031.00,Self-Confidence,1.76
25-9031.00,Self-Control,1.91
25-9031.00,Sincerity,1.09
25-9031.00,Social Orientation,1.92
25-9031.00,Stress Tolerance,1.58
25-9031.00,Tolerance for Ambiguity,0.72
25-9042.00,Achievement Orientation,0.7
25-9042.00,Adaptability,1.38
25-9042.00,Attention to Detail,1.53
25-9042.00,Cautiousness,1.5
25-9042.00,Cooperation,2.43
25-9042.00,Dependability,2.65
25-9042.00,Empathy,2.2
25-9042.00,Humility,1.19
25-9042.00,Initiative,1.15
25-9042.00,Innovation,0.87
25-9042.00,Integrity,2.1
25-9042.00,Intellectual Curiosity,0.92
25-9042.00,Leadership Orientation,0.27
25-9042.00,Optimism,2.49
25-9042.00,Perseverance,1.58
25-9042.00,Self-Confidence,1.1
25-9042.00,Self-Control,2.1
25-9042.00,Sincerity,1.55
25-9042.00,Social Orientation,2.31
25-9042.00,Stress Tolerance,1.67
25-9042.00,Tolerance for Ambiguity,0.81
25-9043.00,Achievement Orientation,0.86
25-9043.00,Adaptability,1.61
25-9043.00,Attention to Detail,1.81
25-9043.00,Cautiousness,1.5
25-9043.00,Cooperation,2.69
25-9043.00,Dependability,2.65
25-9043.00,Empathy,2.57
25-9043.00,Humility,1.35
25-9043.00,Initiative,1.41
25-9043.00,Innovation,1.12
25-9043.00,Integrity,2.1
25-9043.00,Intellectual Curiosity,0.56
25-9043.00,Leadership Orientation,0.23
25-9043.00,Optimism,2.49
25-9043.00,Perseverance,1.97
25-9043.00,Self-Confidence,0.89
25-9043.00,Self-Control,2.18
25-9043.00,Sincerity,1.97
25-9043.00,Social Orientation,2.33
25-9043.00,Stress Tolerance,2.03
25-9043.00,Tolerance for Ambiguity,1.29
25-9044.00,Achievement Orientation,1.25
25-9044.00,Adaptability,1.41
25-9044.00,Attention to Detail,1.53
25-9044.00,Cautiousness,0.79
25-9044.00,Cooperation,2.26
25-9044.00,Dependability,2.53
25-9044.00,Empathy,2.17
25-9044.00,Humility,1.19
25-9044.00,Initiative,1.44
25-9044.00,Innovation,1.1
25-9044.00,Integrity,2.06
25-9044.00,Intellectual Curiosity,2.08
25-9044.00,Leadership Orientation,0.64
25-9044.00,Optimism,2.27
25-9044.00,Perseverance,1.61
25-9044.00,Self-Confidence,1.15
25-9044.00,Self-Control,1.8
25-9044.00,Sincerity,1.55
25-9044.00,Social Orientation,2.24
25-9044.00,Stress Tolerance,1.49
25-9044.00,Tolerance for Ambiguity,1.1
27-1011.00,Achievement Orientation,2.01
27-1011.00,Adaptability,2.26
27-1011.00,Attention to Detail,1.94
27-1011.00,Cautiousness,-0.16
27-1011.00,Cooperation,1.7
27-1011.00,Dependability,2.08
27-1011.00,Empathy,1.0
27-1011.00,Humility,-0.43
27-1011.00,Initiative,1.86
27-1011.00,Innovation,2.73
27-1011.00,Integrity,1.23
27-1011.00,Intellectual Curiosity,1.82
27-1011.00,Leadership Orientation,2.28
27-1011.00,Optimism,1.26
27-1011.00,Perseverance,1.67
27-1011.00,Self-Confidence,2.16
27-1011.00,Self-Control,1.37
27-1011.00,Sincerity,0.96
27-1011.00,Social Orientation,1.88
27-1011.00,Stress Tolerance,1.61
27-1011.00,Tolerance for Ambiguity,1.76
27-1012.00,Achievement Orientation,1.66
27-1012.00,Adaptability,1.29
27-1012.00,Attention to Detail,2.28
27-1012.00,Cautiousness,0.43
27-1012.00,Cooperation,0.09
27-1012.00,Dependability,0.95
27-1012.00,Empathy,0.47
27-1012.00,Humility,-0.01
27-1012.00,Initiative,1.72
27-1012.00,Innovation,2.51
27-1012.00,Integrity,0.78
27-1012.00,Intellectual Curiosity,1.0
27-1012.00,Leadership Orientation,0.23
27-1012.00,Optimism,0.98
27-1012.00,Perseverance,1.67
27-1012.00,Self-Confidence,0.54
27-1012.00,Self-Control,0.66
27-1012.00,Sincerity,0.17
27-1012.00,Social Orientation,0.9
27-1012.00,Stress Tolerance,0.15
27-1012.00,Tolerance for Ambiguity,1.16
27-1013.00,Achievement Orientation,1.86
27-1013.00,Adaptability,1.29
27-1013.00,Attention to Detail,1.3
27-1013.00,Cautiousness,-0.62
27-1013.00,Cooperation,0.37
27-1013.00,Dependability,0.98
27-1013.00,Empathy,0.37
27-1013.00,Humility,-0.5
27-1013.00,Initiative,1.72
27-1013.00,Innovation,3.0
27-1013.00,Integrity,1.51
27-1013.00,Intellectual Curiosity,1.86
27-1013.00,Leadership Orientation,-0.26
27-1013.00,Optimism,0.84
27-1013.00,Perseverance,1.67
27-1013.00,Self-Confidence,1.32
27-1013.00,Self-Control,0.26
27-1013.00,Sincerity,0.4
27-1013.00,Social Orientation,0.22
27-1013.00,Stress Tolerance,0.44
27-1013.00,Tolerance for Ambiguity,1.97
27-1014.00,Achievement Orientation,1.95
27-1014.00,Adaptability,1.9
27-1014.00,Attention to Detail,2.34
27-1014.00,Cautiousness,-0.63
27-1014.00,Cooperation,0.95
27-1014.00,Dependability,1.71
27-1014.00,Empathy,0.21
27-1014.00,Humility,-0.28
27-1014.00,Initiative,1.44
27-1014.00,Innovation,2.86
27-1014.00,Integrity,0.64
27-1014.00,Intellectual Curiosity,2.01
27-1014.00,Leadership Orientation,0.59
27-1014.00,Optimism,0.74
27-1014.00,Perseverance,1.7
27-1014.00,Self-Confidence,1.66
27-1014.00,Self-Control,0.66
27-1014.00,Sincerity,0.09
27-1014.00,Social Orientation,0.13
27-1014.00,Stress Tolerance,1.19
27-1014.00,Tolerance for Ambiguity,1.64
27-1021.00,Achievement Orientation,2.04
27-1021.00,Adaptability,1.94
27-1021.00,Attention to Detail,2.28
27-1021.00,Cautiousness,0.69
27-1021.00,Cooperation,1.35
27-1021.00,Dependability,1.88
27-1021.00,Empathy,0.64
27-1021.00,Humility,-0.27
27-1021.00,Initiative,1.56
27-1021.00,Innovation,2.8
27-1021.00,Integrity,1.1
27-1021.00,Intellectual Curiosity,2.08
27-1021.00,Leadership Orientation,1.03
27-1021.00,Optimism,0.61
27-1021.00,Perseverance,1.52
27-1021.00,Self-Confidence,1.76
27-1021.00,Self-Control,1.22
27-1021.00,Sincerity,0.69
27-1021.00,Social Orientation,1.15
27-1021.00,Stress Tolerance,0.97
27-1021.00,Tolerance for Ambiguity,1.49
27-1022.00,Achievement Orientation,2.01
27-1022.00,Adaptability,2.21
27-1022.00,Attention to Detail,2.11
27-1022.00,Cautiousness,-0.28
27-1022.00,Cooperation,1.35
27-1022.00,Dependability,1.69
27-1022.00,Empathy,0.64
27-1022.00,Humility,-0.81
27-1022.00,Initiative,1.79
27-1022.00,Innovation,2.64
27-1022.00,Integrity,0.68
27-1022.00,Intellectual Curiosity,1.64
27-1022.00,Leadership Orientation,1.34
27-1022.00,Optimism,1.29
27-1022.00,Perseverance,1.64
27-1022.00,Self-Confidence,1.8
27-1022.00,Self-Control,1.03
27-1022.00,Sincerity,0.69
27-1022.00,Social Orientation,1.74
27-1022.00,Stress Tolerance,1.32
27-1022.00,Tolerance for Ambiguity,1.66
27-1023.00,Achievement Orientation,1.09
27-1023.00,Adaptability,1.35
27-1023.00,Attention to Detail,2.14
27-1023.00,Cautiousness,0.67
27-1023.00,Cooperation,1.84
27-1023.00,Dependability,2.06
27-1023.00,Empathy,1.35
27-1023.00,Humility,0.64
27-1023.00,Initiative,1.32
27-1023.00,Innovation,1.97
27-1023.00,Integrity,1.01
27-1023.00,Intellectual Curiosity,0.76
27-1023.00,Leadership Orientation,0.64
27-1023.00,Optimism,1.39
27-1023.00,Perseverance,0.97
27-1023.00,Self-Confidence,0.99
27-1023.00,Self-Control,1.08
27-1023.00,Sincerity,1.33
27-1023.00,Social Orientation,1.97
27-1023.00,Stress Tolerance,1.11
27-1023.00,Tolerance for Ambiguity,0.93
27-1024.00,Achievement Orientation,1.69
27-1024.00,Adaptability,1.65
27-1024.00,Attention to Detail,2.41
27-1024.00,Cautiousness,0.5
27-1024.00,Cooperation,1.14
27-1024.00,Dependability,1.71
27-1024.00,Empathy,0.52
27-1024.00,Humility,0.03
27-1024.00,Initiative,1.18
27-1024.00,Innovation,2.51
27-1024.00,Integrity,0.7
27-1024.00,Intellectual Curiosity,1.44
27-1024.00,Leadership Orientation,0.32
27-1024.00,Optimism,0.66
27-1024.00,Perseverance,1.26
27-1024.00,Self-Confidence,1.24
27-1024.00,Self-Control,0.7
27-1024.00,Sincerity,0.65
27-1024.00,Social Orientation,0.88
27-1024.00,Stress Tolerance,0.72
27-1024.00,Tolerance for Ambiguity,1.33
27-1025.00,Achievement Orientation,1.71
27-1025.00,Adaptability,1.86
27-1025.00,Attention to Detail,2.47
27-1025.00,Cautiousness,1.38
27-1025.00,Cooperation,1.88
27-1025.00,Dependability,2.14
27-1025.00,Empathy,1.1
27-1025.00,Humility,0.56
27-1025.00,Initiative,1.53
27-1025.00,Innovation,2.42
27-1025.00,Integrity,1.51
27-1025.00,Intellectual Curiosity,1.54
27-1025.00,Leadership Orientation,1.39
27-1025.00,Optimism,0.9
27-1025.00,Perseverance,1.74
27-1025.00,Self-Confidence,1.76
27-1025.00,Self-Control,1.31
27-1025.00,Sincerity,1.11
27-1025.00,Social Orientation,1.74
27-1025.00,Stress Tolerance,1.29
27-1025.00,Tolerance for Ambiguity,1.26
27-1026.00,Achievement Orientation,1.23
27-1026.00,Adaptability,1.65
27-1026.00,Attention to Detail,2.14
27-1026.00,Cautiousness,0.5
27-1026.00,Cooperation,1.67
27-1026.00,Dependability,2.03
27-1026.00,Empathy,0.41
27-1026.00,Humility,-0.28
27-1026.00,Initiative,1.44
27-1026.00,Innovation,2.33
27-1026.00,Integrity,0.68
27-1026.00,Intellectual Curiosity,0.76
27-1026.00,Leadership Orientation,0.9
27-1026.00,Optimism,1.07
27-1026.00,Perseverance,1.02
27-1026.00,Self-Confidence,1.21
27-1026.00,Self-Control,0.7
27-1026.00,Sincerity,0.38
27-1026.00,Social Orientation,1.13
27-1026.00,Stress Tolerance,0.84
27-1026.00,Tolerance for Ambiguity,1.08
27-1027.00,Achievement Orientation,1.95
27-1027.00,Adaptability,2.17
27-1027.00,Attention to Detail,2.41
27-1027.00,Cautiousness,0.69
27-1027.00,Cooperation,1.44
27-1027.00,Dependability,1.9
27-1027.00,Empathy,0.48
27-1027.00,Humility,-0.43
27-1027.00,Initiative,1.79
27-1027.00,Innovation,2.7
27-1027.00,Integrity,0.76
27-1027.00,Intellectual Curiosity,1.54
27-1027.00,Leadership Orientation,1.29
27-1027.00,Optimism,0.26
27-1027.00,Perseverance,1.64
27-1027.00,Self-Confidence,1.76
27-1027.00,Self-Control,1.03
27-1027.00,Sincerity,0.65
27-1027.00,Social Orientation,1.43
27-1027.00,Stress Tolerance,1.43
27-1027.00,Tolerance for Ambiguity,1.22
27-2011.00,Achievement Orientation,1.71
27-2011.00,Adaptability,2.6
27-2011.00,Attention to Detail,1.7
27-2011.00,Cautiousness,-0.7
27-2011.00,Cooperation,2.3
27-2011.00,Dependability,1.42
27-2011.00,Empathy,1.57
27-2011.00,Humility,-1.42
27-2011.00,Initiative,1.53
27-2011.00,Innovation,2.33
27-2011.00,Integrity,0.08
27-2011.00,Intellectual Curiosity,1.23
27-2011.00,Leadership Orientation,-0.43
27-2011.00,Optimism,2.25
27-2011.00,Perseverance,2.04
27-2011.00,Self-Confidence,2.48
27-2011.00,Self-Control,1.37
27-2011.00,Sincerity,-0.11
27-2011.00,Social Orientation,2.31
27-2011.00,Stress Tolerance,2.06
27-2011.00,Tolerance for Ambiguity,1.78
27-2012.00,Achievement Orientation,2.28
27-2012.00,Adaptability,2.3
27-2012.00,Attention to Detail,2.0
27-2012.00,Cautiousness,-0.58
27-2012.00,Cooperation,2.14
27-2012.00,Dependability,2.25
27-2012.00,Empathy,1.3
27-2012.00,Humility,-0.85
27-2012.00,Initiative,2.14
27-2012.00,Innovation,2.7
27-2012.00,Integrity,1.57
27-2012.00,Intellectual Curiosity,2.16
27-2012.00,Leadership Orientation,2.61
27-2012.00,Optimism,1.36
27-2012.00,Perseverance,2.15
27-2012.00,Self-Confidence,2.32
27-2012.00,Self-Control,1.91
27-2012.00,Sincerity,0.92
27-2012.00,Social Orientation,2.26
27-2012.00,Stress Tolerance,2.21
27-2012.00,Tolerance for Ambiguity,1.91
27-2012.03,Achievement Orientation,2.04
27-2012.03,Adaptability,2.13
27-2012.03,Attention to Detail,2.02
27-2012.03,Cautiousness,1.03
27-2012.03,Cooperation,1.88
27-2012.03,Dependability,2.56
27-2012.03,Empathy,0.98
27-2012.03,Humility,-0.15
27-2012.03,Initiative,1.89
27-2012.03,Innovation,2.36
27-2012.03,Integrity,1.82
27-2012.03,Intellectual Curiosity,1.61
27-2012.03,Leadership Orientation,2.46
27-2012.03,Optimism,1.32
27-2012.03,Perseverance,1.67
27-2012.03,Self-Confidence,2.01
27-2012.03,Self-Control,1.7
27-2012.03,Sincerity,1.0
27-2012.03,Social Orientation,2.08
27-2012.03,Stress Tolerance,2.06
27-2012.03,Tolerance for Ambiguity,1.49
27-2012.04,Achievement Orientation,1.45
27-2012.04,Adaptability,2.02
27-2012.04,Attention to Detail,1.67
27-2012.04,Cautiousness,-0.23
27-2012.04,Cooperation,2.07
27-2012.04,Dependability,1.98
27-2012.04,Empathy,1.59
27-2012.04,Humility,-0.38
27-2012.04,Initiative,1.79
27-2012.04,Innovation,1.58
27-2012.04,Integrity,1.6
27-2012.04,Intellectual Curiosity,1.08
27-2012.04,Leadership Orientation,1.64
27-2012.04,Optimism,1.39
27-2012.04,Perseverance,1.61
27-2012.04,Self-Confidence,1.83
27-2012.04,Self-Control,1.5
27-2012.04,Sincerity,0.94
27-2012.04,Social Orientation,2.42
27-2012.04,Stress Tolerance,1.61
27-2012.04,Tolerance for Ambiguity,1.49
27-2012.05,Achievement Orientation,1.77
27-2012.05,Adaptability,2.02
27-2012.05,Attention to Detail,2.22
27-2012.05,Cautiousness,1.26
27-2012.05,Cooperation,2.07
27-2012.05,Dependability,2.47
27-2012.05,Empathy,0.75
27-2012.05,Humility,-0.06
27-2012.05,Initiative,1.75
27-2012.05,Innovation,1.52
27-2012.05,Integrity,1.54
27-2012.05,Intellectual Curiosity,1.2
27-2012.05,Leadership Orientation,2.37
27-2012.05,Optimism,0.9
27-2012.05,Perseverance,1.4
27-2012.05,Self-Confidence,1.76
27-2012.05,Self-Control,1.73
27-2012.05,Sincerity,0.7
27-2012.05,Social Orientation,1.38
27-2012.05,Stress Tolerance,2.1
27-2012.05,Tolerance for Ambiguity,1.51
27-2021.00,Achievement Orientation,2.83
27-2021.00,Adaptability,1.83
27-2021.00,Attention to Detail,1.25
27-2021.00,Cautiousness,-0.69
27-2021.00,Cooperation,0.95
27-2021.00,Dependability,2.3
27-2021.00,Empathy,0.47
27-2021.00,Humility,-0.74
27-2021.00,Initiative,1.72
27-2021.00,Innovation,0.87
27-2021.00,Integrity,1.45
27-2021.00,Intellectual Curiosity,0.47
27-2021.00,Leadership Orientation,1.31
27-2021.00,Optimism,2.27
27-2021.00,Perseverance,2.67
27-2021.00,Self-Confidence,2.56
27-2021.00,Self-Control,2.38
27-2021.00,Sincerity,0.72
27-2021.00,Social Orientation,1.65
27-2021.00,Stress Tolerance,2.47
27-2021.00,Tolerance for Ambiguity,1.1
27-2022.00,Achievement Orientation,2.42
27-2022.00,Adaptability,1.61
27-2022.00,Attention to Detail,1.26
27-2022.00,Cautiousness,-0.35
27-2022.00,Cooperation,2.3
27-2022.00,Dependability,2.56
27-2022.00,Empathy,1.54
27-2022.00,Humility,0.85
27-2022.00,Initiative,2.03
27-2022.00,Innovation,1.6
27-2022.00,Integrity,1.51
27-2022.00,Intellectual Curiosity,1.11
27-2022.00,Leadership Orientation,2.71
27-2022.00,Optimism,1.78
27-2022.00,Perseverance,2.19
27-2022.00,Self-Confidence,2.36
27-2022.00,Self-Control,2.14
27-2022.00,Sincerity,1.72
27-2022.00,Social Orientation,2.4
27-2022.00,Stress Tolerance,2.21
27-2022.00,Tolerance for Ambiguity,1.31
27-2023.00,Achievement Orientation,1.16
27-2023.00,Adaptability,1.35
27-2023.00,Attention to Detail,2.08
27-2023.00,Cautiousness,1.99
27-2023.00,Cooperation,0.53
27-2023.00,Dependability,2.59
27-2023.00,Empathy,0.54
27-2023.00,Humility,0.29
27-2023.00,Initiative,0.51
27-2023.00,Innovation,-0.63
27-2023.00,Integrity,2.89
27-2023.00,Intellectual Curiosity,0.39
27-2023.00,Leadership Orientation,1.92
27-2023.00,Optimism,0.69
27-2023.00,Perseverance,1.77
27-2023.00,Self-Confidence,2.36
27-2023.00,Self-Control,2.63
27-2023.00,Sincerity,1.41
27-2023.00,Social Orientation,0.9
27-2023.00,Stress Tolerance,2.43
27-2023.00,Tolerance for Ambiguity,0.12
27-2031.00,Achievement Orientation,2.14
27-2031.00,Adaptability,2.02
27-2031.00,Attention to Detail,1.14
27-2031.00,Cautiousness,-0.58
27-2031.00,Cooperation,1.63
27-2031.00,Dependability,1.85
27-2031.00,Empathy,0.58
27-2031.00,Humility,-0.73
27-2031.00,Initiative,1.13
27-2031.00,Innovation,1.36
27-2031.00,Integrity,0.41
27-2031.00,Intellectual Curiosity,0.89
27-2031.00,Leadership Orientation,-0.05
27-2031.00,Optimism,1.94
27-2031.00,Perseverance,2.26
27-2031.00,Self-Confidence,1.94
27-2031.00,Self-Control,1.31
27-2031.00,Sincerity,0.46
27-2031.00,Social Orientation,1.9
27-2031.00,Stress Tolerance,1.86
27-2031.00,Tolerance for Ambiguity,1.1
27-2032.00,Achievement Orientation,2.04
27-2032.00,Adaptability,2.34
27-2032.00,Attention to Detail,1.1
27-2032.00,Cautiousness,-0.6
27-2032.00,Cooperation,2.07
27-2032.00,Dependability,1.76
27-2032.00,Empathy,1.43
27-2032.00,Humility,-0.49
27-2032.00,Initiative,1.86
27-2032.00,Innovation,2.89
27-2032.00,Integrity,0.68
27-2032.00,Intellectual Curiosity,1.89
27-2032.00,Leadership Orientation,2.34
27-2032.00,Optimism,1.9
27-2032.00,Perseverance,2.15
27-2032.00,Self-Confidence,2.12
27-2032.00,Self-Control,1.43
27-2032.00,Sincerity,1.0
27-2032.00,Social Orientation,2.2
27-2032.00,Stress Tolerance,1.64
27-2032.00,Tolerance for Ambiguity,1.72
27-2041.00,Achievement Orientation,2.14
27-2041.00,Adaptability,2.09
27-2041.00,Attention to Detail,2.05
27-2041.00,Cautiousness,-0.26
27-2041.00,Cooperation,1.92
27-2041.00,Dependability,2.08
27-2041.00,Empathy,1.1
27-2041.00,Humility,-0.01
27-2041.00,Initiative,1.96
27-2041.00,Innovation,2.86
27-2041.00,Integrity,1.5
27-2041.00,Intellectual Curiosity,2.2
27-2041.00,Leadership Orientation,2.43
27-2041.00,Optimism,1.74
27-2041.00,Perseverance,1.8
27-2041.00,Self-Confidence,2.24
27-2041.00,Self-Control,1.56
27-2041.00,Sincerity,1.07
27-2041.00,Social Orientation,2.17
27-2041.00,Stress Tolerance,1.8
27-2041.00,Tolerance for Ambiguity,1.78
27-2042.00,Achievement Orientation,2.04
27-2042.00,Adaptability,1.68
27-2042.00,Attention to Detail,1.3
27-2042.00,Cautiousness,-0.43
27-2042.00,Cooperation,1.5
27-2042.00,Dependability,1.72
27-2042.00,Empathy,0.84
27-2042.00,Humility,-0.68
27-2042.00,Initiative,1.75
27-2042.00,Innovation,2.21
27-2042.00,Integrity,0.72
27-2042.00,Intellectual Curiosity,1.48
27-2042.00,Leadership Orientation,0.02
27-2042.00,Optimism,1.9
27-2042.00,Perseverance,2.19
27-2042.00,Self-Confidence,2.36
27-2042.00,Self-Control,1.47
27-2042.00,Sincerity,0.82
27-2042.00,Social Orientation,2.22
27-2042.00,Stress Tolerance,1.8
27-2042.00,Tolerance for Ambiguity,1.24
27-2091.00,Achievement Orientation,0.78
27-2091.00,Adaptability,1.79
27-2091.00,Attention to Detail,1.47
27-2091.00,Cautiousness,-0.38
27-2091.00,Cooperation,1.84
27-2091.00,Dependability,2.44
27-2091.00,Empathy,0.95
27-2091.00,Humility,-0.74
27-2091.00,Initiative,1.38
27-2091.00,Innovation,1.69
27-2091.00,Integrity,0.7
27-2091.00,Intellectual Curiosity,0.69
27-2091.00,Leadership Orientation,1.53
27-2091.00,Optimism,2.22
27-2091.00,Perseverance,0.93
27-2091.00,Self-Confidence,1.8
27-2091.00,Self-Control,1.31
27-2091.00,Sincerity,0.9
27-2091.00,Social Orientation,2.47
27-2091.00,Stress Tolerance,1.49
27-2091.00,Tolerance for Ambiguity,1.04
27-3011.00,Achievement Orientation,1.37
27-3011.00,Adaptability,1.86
27-3011.00,Attention to Detail,1.6
27-3011.00,Cautiousness,-0.38
27-3011.00,Cooperation,1.57
27-3011.00,Dependability,2.16
27-3011.00,Empathy,0.88
27-3011.00,Humility,-0.85
27-3011.00,Initiative,1.69
27-3011.00,Innovation,1.23
27-3011.00,Integrity,1.51
27-3011.00,Intellectual Curiosity,0.94
27-3011.00,Leadership Orientation,1.11
27-3011.00,Optimism,1.94
27-3011.00,Perseverance,1.15
27-3011.00,Self-Confidence,2.28
27-3011.00,Self-Control,1.91
27-3011.00,Sincerity,0.98
27-3011.00,Social Orientation,2.33
27-3011.00,Stress Tolerance,1.8
27-3011.00,Tolerance for Ambiguity,1.24
27-3023.00,Achievement Orientation,2.04
27-3023.00,Adaptability,2.26
27-3023.00,Attention to Detail,1.97
27-3023.00,Cautiousness,0.0
27-3023.00,Cooperation,0.75
27-3023.00,Dependability,2.19
27-3023.00,Empathy,1.14
27-3023.00,Humility,-0.68
27-3023.00,Initiative,2.03
27-3023.00,Innovation,2.0
27-3023.00,Integrity,2.51
27-3023.00,Intellectual Curiosity,2.28
27-3023.00,Leadership Orientation,1.11
27-3023.00,Optimism,0.76
27-3023.00,Perseverance,1.94
27-3023.00,Self-Confidence,1.98
27-3023.00,Self-Control,1.73
27-3023.00,Sincerity,1.16
27-3023.00,Social Orientation,2.26
27-3023.00,Stress Tolerance,1.99
27-3023.00,Tolerance for Ambiguity,1.83
27-3031.00,Achievement Orientation,1.95
27-3031.00,Adaptability,2.05
27-3031.00,Attention to Detail,1.8
27-3031.00,Cautiousness,0.19
27-3031.00,Cooperation,2.43
27-3031.00,Dependability,2.3
27-3031.00,Empathy,1.71
27-3031.00,Humility,-0.38
27-3031.00,Initiative,2.0
27-3031.00,Innovation,2.12
27-3031.00,Integrity,2.1
27-3031.00,Intellectual Curiosity,1.54
27-3031.00,Leadership Orientation,1.53
27-3031.00,Optimism,2.1
27-3031.00,Perseverance,1.77
27-3031.00,Self-Confidence,2.24
27-3031.00,Self-Control,1.91
27-3031.00,Sincerity,0.98
27-3031.00,Social Orientation,2.58
27-3031.00,Stress Tolerance,1.8
27-3031.00,Tolerance for Ambiguity,1.51
27-3041.00,Achievement Orientation,2.01
27-3041.00,Adaptability,1.61
27-3041.00,Attention to Detail,3.0
27-3041.00,Cautiousness,1.63
27-3041.00,Cooperation,1.63
27-3041.00,Dependability,2.65
27-3041.00,Empathy,0.82
27-3041.00,Humility,0.22
27-3041.00,Initiative,1.82
27-3041.00,Innovation,1.86
27-3041.00,Integrity,1.89
27-3041.00,Intellectual Curiosity,2.12
27-3041.00,Leadership Orientation,2.13
27-3041.00,Optimism,0.71
27-3041.00,Perseverance,1.55
27-3041.00,Self-Confidence,1.8
27-3041.00,Self-Control,1.43
27-3041.00,Sincerity,0.9
27-3041.00,Social Orientation,1.38
27-3041.00,Stress Tolerance,1.8
27-3041.00,Tolerance for Ambiguity,1.39
27-3042.00,Achievement Orientation,1.52
27-3042.00,Adaptability,1.19
27-3042.00,Attention to Detail,2.77
27-3042.00,Cautiousness,1.45
27-3042.00,Cooperation,1.38
27-3042.00,Dependability,2.25
27-3042.00,Empathy,0.41
27-3042.00,Humility,0.56
27-3042.00,Initiative,1.05
27-3042.00,Innovation,1.17
27-3042.00,Integrity,1.08
27-3042.00,Intellectual Curiosity,2.04
27-3042.00,Leadership Orientation,-0.34
27-3042.00,Optimism,0.22
27-3042.00,Perseverance,1.23
27-3042.00,Self-Confidence,0.92
27-3042.00,Self-Control,0.66
27-3042.00,Sincerity,0.69
27-3042.00,Social Orientation,0.65
27-3042.00,Stress Tolerance,0.8
27-3042.00,Tolerance for Ambiguity,1.22
27-3043.00,Achievement Orientation,1.95
27-3043.00,Adaptability,1.75
27-3043.00,Attention to Detail,1.53
27-3043.00,Cautiousness,-0.37
27-3043.00,Cooperation,1.03
27-3043.00,Dependability,1.83
27-3043.00,Empathy,1.07
27-3043.00,Humility,-0.4
27-3043.00,Initiative,1.79
27-3043.00,Innovation,2.85
27-3043.00,Integrity,0.8
27-3043.00,Intellectual Curiosity,1.89
27-3043.00,Leadership Orientation,0.71
27-3043.00,Optimism,1.13
27-3043.00,Perseverance,1.61
27-3043.00,Self-Confidence,1.7
27-3043.00,Self-Control,0.82
27-3043.00,Sincerity,0.84
27-3043.00,Social Orientation,1.36
27-3043.00,Stress Tolerance,1.09
27-3043.00,Tolerance for Ambiguity,1.72
27-3043.05,Achievement Orientation,2.01
27-3043.05,Adaptability,0.71
27-3043.05,Attention to Detail,1.01
27-3043.05,Cautiousness,-0.64
27-3043.05,Cooperation,0.34
27-3043.05,Dependability,1.07
27-3043.05,Empathy,0.95
27-3043.05,Humility,-0.34
27-3043.05,Initiative,1.82
27-3043.05,Innovation,3.0
27-3043.05,Integrity,0.56
27-3043.05,Intellectual Curiosity,2.24
27-3043.05,Leadership Orientation,-0.41
27-3043.05,Optimism,0.76
27-3043.05,Perseverance,1.23
27-3043.05,Self-Confidence,1.32
27-3043.05,Self-Control,-0.17
27-3043.05,Sincerity,0.8
27-3043.05,Social Orientation,0.25
27-3043.05,Stress Tolerance,0.68
27-3043.05,Tolerance for Ambiguity,2.08
27-3091.00,Achievement Orientation,1.52
27-3091.00,Adaptability,1.58
27-3091.00,Attention to Detail,2.63
27-3091.00,Cautiousness,1.99
27-3091.00,Cooperation,1.47
27-3091.00,Dependability,2.65
27-3091.00,Empathy,1.25
27-3091.00,Humility,0.87
27-3091.00,Initiative,0.74
27-3091.00,Innovation,0.63
27-3091.00,Integrity,2.76
27-3091.00,Intellectual Curiosity,2.01
27-3091.00,Leadership Orientation,-0.63
27-3091.00,Optimism,0.45
27-3091.00,Perseverance,1.46
27-3091.00,Self-Confidence,1.18
27-3091.00,Self-Control,1.77
27-3091.00,Sincerity,1.72
27-3091.00,Social Orientation,1.38
27-3091.00,Stress Tolerance,1.46
27-3091.00,Tolerance for Ambiguity,1.6
27-3092.00,Achievement Orientation,1.66
27-3092.00,Adaptability,0.53
27-3092.00,Attention to Detail,3.0
27-3092.00,Cautiousness,2.06
27-3092.00,Cooperation,0.64
27-3092.00,Dependability,2.65
27-3092.00,Empathy,-0.09
27-3092.00,Humility,0.32
27-3092.00,Initiative,0.05
27-3092.00,Innovation,-0.5
27-3092.00,Integrity,2.55
27-3092.00,Intellectual Curiosity,0.24
27-3092.00,Leadership Orientation,-0.56
27-3092.00,Optimism,-0.09
27-3092.00,Perseverance,1.8
27-3092.00,Self-Confidence,1.02
27-3092.00,Self-Control,2.14
27-3092.00,Sincerity,0.36
27-3092.00,Social Orientation,-0.14
27-3092.00,Stress Tolerance,1.89
27-3092.00,Tolerance for Ambiguity,-0.48
27-4011.00,Achievement Orientation,1.14
27-4011.00,Adaptability,1.61
27-4011.00,Attention to Detail,2.37
27-4011.00,Cautiousness,1.5
27-4011.00,Cooperation,1.31
27-4011.00,Dependability,2.47
27-4011.00,Empathy,0.15
27-4011.00,Humility,0.29
27-4011.00,Initiative,1.1
27-4011.00,Innovation,1.17
27-4011.00,Integrity,0.98
27-4011.00,Intellectual Curiosity,1.23
27-4011.00,Leadership Orientation,1.08
27-4011.00,Optimism,0.76
27-4011.00,Perseverance,1.31
27-4011.00,Self-Confidence,1.18
27-4011.00,Self-Control,1.31
27-4011.00,Sincerity,0.52
27-4011.00,Social Orientation,0.86
27-4011.00,Stress Tolerance,1.76
27-4011.00,Tolerance for Ambiguity,1.14
27-4012.00,Achievement Orientation,1.27
27-4012.00,Adaptability,1.65
27-4012.00,Attention to Detail,2.47
27-4012.00,Cautiousness,1.82
27-4012.00,Cooperation,1.0
27-4012.00,Dependability,2.56
27-4012.00,Empathy,-0.12
27-4012.00,Humility,-0.18
27-4012.00,Initiative,0.85
27-4012.00,Innovation,1.04
27-4012.00,Integrity,1.7
27-4012.00,Intellectual Curiosity,1.17
27-4012.00,Leadership Orientation,-0.21
27-4012.00,Optimism,0.13
27-4012.00,Perseverance,1.31
27-4012.00,Self-Confidence,0.99
27-4012.00,Self-Control,1.31
27-4012.00,Sincerity,0.18
27-4012.00,Social Orientation,0.07
27-4012.00,Stress Tolerance,1.64
27-4012.00,Tolerance for Ambiguity,0.83
27-4014.00,Achievement Orientation,1.63
27-4014.00,Adaptability,1.65
27-4014.00,Attention to Detail,2.57
27-4014.00,Cautiousness,1.41
27-4014.00,Cooperation,1.47
27-4014.00,Dependability,2.41
27-4014.00,Empathy,0.25
27-4014.00,Humility,0.22
27-4014.00,Initiative,1.18
27-4014.00,Innovation,1.69
27-4014.00,Integrity,0.78
27-4014.00,Intellectual Curiosity,1.54
27-4014.00,Leadership Orientation,-0.19
27-4014.00,Optimism,0.38
27-4014.00,Perseverance,1.58
27-4014.00,Self-Confidence,1.35
27-4014.00,Self-Control,1.31
27-4014.00,Sincerity,0.53
27-4014.00,Social Orientation,0.99
27-4014.00,Stress Tolerance,1.61
27-4014.00,Tolerance for Ambiguity,1.12
27-4015.00,Achievement Orientation,1.23
27-4015.00,Adaptability,1.68
27-4015.00,Attention to Detail,2.28
27-4015.00,Cautiousness,2.21
27-4015.00,Cooperation,1.44
27-4015.00,Dependability,2.36
27-4015.00,Empathy,-0.06
27-4015.00,Humility,0.1
27-4015.00,Initiative,0.95
27-4015.00,Innovation,0.94
27-4015.00,Integrity,1.13
27-4015.00,Intellectual Curiosity,0.87
27-4015.00,Leadership Orientation,0.0
27-4015.00,Optimism,0.32
27-4015.00,Perseverance,1.12
27-4015.00,Self-Confidence,1.21
27-4015.00,Self-Control,1.22
27-4015.00,Sincerity,0.23
27-4015.00,Social Orientation,0.63
27-4015.00,Stress Tolerance,1.55
27-4015.00,Tolerance for Ambiguity,0.56
27-4021.00,Achievement Orientation,1.52
27-4021.00,Adaptability,1.65
27-4021.00,Attention to Detail,2.05
27-4021.00,Cautiousness,0.84
27-4021.00,Cooperation,0.92
27-4021.00,Dependability,1.93
27-4021.00,Empathy,0.54
27-4021.00,Humility,-0.04
27-4021.00,Initiative,1.59
27-4021.00,Innovation,2.36
27-4021.00,Integrity,1.54
27-4021.00,Intellectual Curiosity,1.17
27-4021.00,Leadership Orientation,0.41
27-4021.00,Optimism,0.76
27-4021.00,Perseverance,1.64
27-4021.00,Self-Confidence,1.5
27-4021.00,Self-Control,0.92
27-4021.00,Sincerity,0.76
27-4021.00,Social Orientation,0.9
27-4021.00,Stress Tolerance,1.32
27-4021.00,Tolerance for Ambiguity,1.33
27-4031.00,Achievement Orientation,1.55
27-4031.00,Adaptability,1.79
27-4031.00,Attention to Detail,2.05
27-4031.00,Cautiousness,0.9
27-4031.00,Cooperation,1.47
27-4031.00,Dependability,2.08
27-4031.00,Empathy,0.07
27-4031.00,Humility,-0.27
27-4031.00,Initiative,1.02
27-4031.00,Innovation,1.83
27-4031.00,Integrity,0.7
27-4031.00,Intellectual Curiosity,0.97
27-4031.00,Leadership Orientation,0.29
27-4031.00,Optimism,0.71
27-4031.00,Perseverance,1.31
27-4031.00,Self-Confidence,1.32
27-4031.00,Self-Control,1.31
27-4031.00,Sincerity,0.32
27-4031.00,Social Orientation,0.84
27-4031.00,Stress Tolerance,1.46
27-4031.00,Tolerance for Ambiguity,1.22
27-4032.00,Achievement Orientation,2.04
27-4032.00,Adaptability,1.72
27-4032.00,Attention to Detail,2.57
27-4032.00,Cautiousness,0.79
27-4032.00,Cooperation,1.53
27-4032.00,Dependability,2.22
27-4032.00,Empathy,0.2
27-4032.00,Humility,-0.06
27-4032.00,Initiative,1.18
27-4032.00,Innovation,2.39
27-4032.00,Integrity,1.54
27-4032.00,Intellectual Curiosity,1.68
27-4032.00,Leadership Orientation,0.16
27-4032.00,Optimism,0.43
27-4032.00,Perseverance,1.67
27-4032.00,Self-Confidence,1.41
27-4032.00,Self-Control,1.43
27-4032.00,Sincerity,0.32
27-4032.00,Social Orientation,0.72
27-4032.00,Stress Tolerance,1.49
27-4032.00,Tolerance for Ambiguity,1.49
29-1011.00,Achievement Orientation,1.74
29-1011.00,Adaptability,1.05
29-1011.00,Attention to Detail,2.5
29-1011.00,Cautiousness,2.24
29-1011.00,Cooperation,2.34
29-1011.00,Dependability,2.39
29-1011.00,Empathy,2.17
29-1011.00,Humility,1.03
29-1011.00,Initiative,1.32
29-1011.00,Innovation,1.25
29-1011.00,Integrity,2.1
29-1011.00,Intellectual Curiosity,1.82
29-1011.00,Leadership Orientation,0.9
29-1011.00,Optimism,1.63
29-1011.00,Perseverance,1.74
29-1011.00,Self-Confidence,1.73
29-1011.00,Self-Control,1.95
29-1011.00,Sincerity,1.9
29-1011.00,Social Orientation,1.88
29-1011.00,Stress Tolerance,1.58
29-1011.00,Tolerance for Ambiguity,1.37
29-1021.00,Achievement Orientation,2.04
29-1021.00,Adaptability,1.02
29-1021.00,Attention to Detail,3.0
29-1021.00,Cautiousness,2.39
29-1021.00,Cooperation,1.99
29-1021.00,Dependability,2.65
29-1021.00,Empathy,2.07
29-1021.00,Humility,0.67
29-1021.00,Initiative,1.35
29-1021.00,Innovation,1.23
29-1021.00,Integrity,2.28
29-1021.00,Intellectual Curiosity,1.97
29-1021.00,Leadership Orientation,1.21
29-1021.00,Optimism,1.32
29-1021.00,Perseverance,1.77
29-1021.00,Self-Confidence,1.73
29-1021.00,Self-Control,2.26
29-1021.00,Sincerity,1.66
29-1021.00,Social Orientation,1.72
29-1021.00,Stress Tolerance,2.03
29-1021.00,Tolerance for Ambiguity,0.99
29-1022.00,Achievement Orientation,2.24
29-1022.00,Adaptability,1.65
29-1022.00,Attention to Detail,3.0
29-1022.00,Cautiousness,2.62
29-1022.00,Cooperation,2.14
29-1022.00,Dependability,2.93
29-1022.00,Empathy,1.22
29-1022.00,Humility,0.37
29-1022.00,Initiative,1.29
29-1022.00,Innovation,1.41
29-1022.00,Integrity,2.17
29-1022.00,Intellectual Curiosity,2.37
29-1022.00,Leadership Orientation,1.67
29-1022.00,Optimism,0.93
29-1022.00,Perseverance,2.19
29-1022.00,Self-Confidence,2.24
29-1022.00,Self-Control,2.5
29-1022.00,Sincerity,1.33
29-1022.00,Social Orientation,1.33
29-1022.00,Stress Tolerance,2.55
29-1022.00,Tolerance for Ambiguity,1.49
29-1023.00,Achievement Orientation,2.08
29-1023.00,Adaptability,1.02
29-1023.00,Attention to Detail,3.0
29-1023.00,Cautiousness,2.43
29-1023.00,Cooperation,1.74
29-1023.00,Dependability,2.5
29-1023.00,Empathy,1.54
29-1023.00,Humility,0.72
29-1023.00,Initiative,1.21
29-1023.00,Innovation,1.52
29-1023.00,Integrity,2.06
29-1023.00,Intellectual Curiosity,2.04
29-1023.00,Leadership Orientation,1.0
29-1023.00,Optimism,1.42
29-1023.00,Perseverance,1.77
29-1023.00,Self-Confidence,1.73
29-1023.00,Self-Control,1.73
29-1023.00,Sincerity,1.55
29-1023.00,Social Orientation,1.79
29-1023.00,Stress Tolerance,1.7
29-1023.00,Tolerance for Ambiguity,0.87
29-1024.00,Achievement Orientation,2.17
29-1024.00,Adaptability,1.14
29-1024.00,Attention to Detail,3.0
29-1024.00,Cautiousness,2.5
29-1024.00,Cooperation,2.07
29-1024.00,Dependability,2.53
29-1024.00,Empathy,2.14
29-1024.00,Humility,0.72
29-1024.00,Initiative,1.21
29-1024.00,Innovation,1.72
29-1024.00,Integrity,2.21
29-1024.00,Intellectual Curiosity,2.12
29-1024.00,Leadership Orientation,1.0
29-1024.00,Optimism,1.23
29-1024.00,Perseverance,1.87
29-1024.00,Self-Confidence,1.63
29-1024.00,Self-Control,2.02
29-1024.00,Sincerity,1.78
29-1024.00,Social Orientation,1.61
29-1024.00,Stress Tolerance,1.8
29-1024.00,Tolerance for Ambiguity,1.24
29-1031.00,Achievement Orientation,1.92
29-1031.00,Adaptability,1.68
29-1031.00,Attention to Detail,2.7
29-1031.00,Cautiousness,1.76
29-1031.00,Cooperation,2.3
29-1031.00,Dependability,2.41
29-1031.00,Empathy,2.27
29-1031.00,Humility,1.28
29-1031.00,Initiative,1.23
29-1031.00,Innovation,1.3
29-1031.00,Integrity,2.17
29-1031.00,Intellectual Curiosity,2.01
29-1031.00,Leadership Orientation,1.13
29-1031.00,Optimism,1.63
29-1031.00,Perseverance,1.64
29-1031.00,Self-Confidence,1.5
29-1031.00,Self-Control,1.7
29-1031.00,Sincerity,2.03
29-1031.00,Social Orientation,2.06
29-1031.00,Stress Tolerance,1.61
29-1031.00,Tolerance for Ambiguity,1.18
29-1041.00,Achievement Orientation,1.83
29-1041.00,Adaptability,1.02
29-1041.00,Attention to Detail,3.0
29-1041.00,Cautiousness,2.28
29-1041.00,Cooperation,1.92
29-1041.00,Dependability,2.47
29-1041.00,Empathy,1.89
29-1041.00,Humility,0.99
29-1041.00,Initiative,1.13
29-1041.00,Innovation,1.17
29-1041.00,Integrity,2.21
29-1041.00,Intellectual Curiosity,2.08
29-1041.00,Leadership Orientation,0.76
29-1041.00,Optimism,1.16
29-1041.00,Perseverance,1.49
29-1041.00,Self-Confidence,1.63
29-1041.00,Self-Control,1.73
29-1041.00,Sincerity,1.81
29-1041.00,Social Orientation,1.74
29-1041.00,Stress Tolerance,1.61
29-1041.00,Tolerance for Ambiguity,1.08
29-1051.00,Achievement Orientation,2.04
29-1051.00,Adaptability,1.35
29-1051.00,Attention to Detail,3.0
29-1051.00,Cautiousness,2.86
29-1051.00,Cooperation,2.3
29-1051.00,Dependability,2.93
29-1051.00,Empathy,2.1
29-1051.00,Humility,1.15
29-1051.00,Initiative,1.38
29-1051.00,Innovation,0.97
29-1051.00,Integrity,2.93
29-1051.00,Intellectual Curiosity,2.2
29-1051.00,Leadership Orientation,1.08
29-1051.00,Optimism,0.98
29-1051.00,Perseverance,1.77
29-1051.00,Self-Confidence,1.63
29-1051.00,Self-Control,2.14
29-1051.00,Sincerity,1.94
29-1051.00,Social Orientation,1.58
29-1051.00,Stress Tolerance,2.06
29-1051.00,Tolerance for Ambiguity,0.33
29-1071.00,Achievement Orientation,2.08
29-1071.00,Adaptability,1.98
29-1071.00,Attention to Detail,3.0
29-1071.00,Cautiousness,2.47
29-1071.00,Cooperation,2.47
29-1071.00,Dependability,2.87
29-1071.00,Empathy,2.27
29-1071.00,Humility,0.58
29-1071.00,Initiative,1.62
29-1071.00,Innovation,1.25
29-1071.00,Integrity,2.84
29-1071.00,Intellectual Curiosity,2.2
29-1071.00,Leadership Orientation,0.47
29-1071.00,Optimism,1.16
29-1071.00,Perseverance,2.15
29-1071.00,Self-Confidence,1.21
29-1071.00,Self-Control,2.42
29-1071.00,Sincerity,1.55
29-1071.00,Social Orientation,2.2
29-1071.00,Stress Tolerance,2.36
29-1071.00,Tolerance for Ambiguity,1.49
29-1071.01,Achievement Orientation,2.04
29-1071.01,Adaptability,2.13
29-1071.01,Attention to Detail,3.0
29-1071.01,Cautiousness,2.74
29-1071.01,Cooperation,2.43
29-1071.01,Dependability,2.93
29-1071.01,Empathy,2.04
29-1071.01,Humility,0.72
29-1071.01,Initiative,1.21
29-1071.01,Innovation,0.0
29-1071.01,Integrity,2.4
29-1071.01,Intellectual Curiosity,1.97
29-1071.01,Leadership Orientation,0.19
29-1071.01,Optimism,0.79
29-1071.01,Perseverance,2.08
29-1071.01,Self-Confidence,1.63
29-1071.01,Self-Control,2.63
29-1071.01,Sincerity,1.39
29-1071.01,Social Orientation,1.02
29-1071.01,Stress Tolerance,3.0
29-1071.01,Tolerance for Ambiguity,1.45
29-1081.00,Achievement Orientation,2.04
29-1081.00,Adaptability,0.97
29-1081.00,Attention to Detail,2.7
29-1081.00,Cautiousness,2.47
29-1081.00,Cooperation,1.74
29-1081.00,Dependability,2.39
29-1081.00,Empathy,1.89
29-1081.00,Humility,0.96
29-1081.00,Initiative,1.35
29-1081.00,Innovation,1.36
29-1081.00,Integrity,2.1
29-1081.00,Intellectual Curiosity,1.97
29-1081.00,Leadership Orientation,1.03
29-1081.00,Optimism,1.04
29-1081.00,Perseverance,1.77
29-1081.00,Self-Confidence,1.7
29-1081.00,Self-Control,1.77
29-1081.00,Sincerity,1.63
29-1081.00,Social Orientation,1.54
29-1081.00,Stress Tolerance,1.61
29-1081.00,Tolerance for Ambiguity,1.16
29-1122.00,Achievement Orientation,1.92
29-1122.00,Adaptability,2.21
29-1122.00,Attention to Detail,2.57
29-1122.00,Cautiousness,1.03
29-1122.00,Cooperation,2.69
29-1122.00,Dependability,2.47
29-1122.00,Empathy,3.0
29-1122.00,Humility,1.42
29-1122.00,Initiative,1.0
29-1122.00,Innovation,1.49
29-1122.00,Integrity,2.1
29-1122.00,Intellectual Curiosity,2.01
29-1122.00,Leadership Orientation,1.03
29-1122.00,Optimism,2.06
29-1122.00,Perseverance,2.01
29-1122.00,Self-Confidence,1.6
29-1122.00,Self-Control,1.98
29-1122.00,Sincerity,2.1
29-1122.00,Social Orientation,2.29
29-1122.00,Stress Tolerance,1.96
29-1122.00,Tolerance for Ambiguity,1.39
29-1122.01,Achievement Orientation,1.66
29-1122.01,Adaptability,1.79
29-1122.01,Attention to Detail,2.16
29-1122.01,Cautiousness,1.69
29-1122.01,Cooperation,2.55
29-1122.01,Dependability,2.65
29-1122.01,Empathy,3.0
29-1122.01,Humility,1.28
29-1122.01,Initiative,1.32
29-1122.01,Innovation,1.44
29-1122.01,Integrity,2.1
29-1122.01,Intellectual Curiosity,1.48
29-1122.01,Leadership Orientation,0.73
29-1122.01,Optimism,2.31
29-1122.01,Perseverance,2.04
29-1122.01,Self-Confidence,1.54
29-1122.01,Self-Control,1.91
29-1122.01,Sincerity,2.17
29-1122.01,Social Orientation,2.17
29-1122.01,Stress Tolerance,1.73
29-1122.01,Tolerance for Ambiguity,1.31
29-1123.00,Achievement Orientation,1.92
29-1123.00,Adaptability,1.86
29-1123.00,Attention to Detail,2.53
29-1123.00,Cautiousness,2.21
29-1123.00,Cooperation,2.64
29-1123.00,Dependability,2.53
29-1123.00,Empathy,2.82
29-1123.00,Humility,1.35
29-1123.00,Initiative,1.53
29-1123.00,Innovation,1.3
29-1123.00,Integrity,2.21
29-1123.00,Intellectual Curiosity,1.97
29-1123.00,Leadership Orientation,1.03
29-1123.00,Optimism,2.27
29-1123.00,Perseverance,2.08
29-1123.00,Self-Confidence,1.7
29-1123.00,Self-Control,2.06
29-1123.00,Sincerity,2.1
29-1123.00,Social Orientation,2.24
29-1123.00,Stress Tolerance,1.99
29-1123.00,Tolerance for Ambiguity,1.22
29-1124.00,Achievement Orientation,1.69
29-1124.00,Adaptability,1.17
29-1124.00,Attention to Detail,3.0
29-1124.00,Cautiousness,2.74
29-1124.00,Cooperation,3.0
29-1124.00,Dependability,2.83
29-1124.00,Empathy,3.0
29-1124.00,Humility,1.15
29-1124.00,Initiative,0.9
29-1124.00,Innovation,0.0
29-1124.00,Integrity,2.4
29-1124.00,Intellectual Curiosity,1.35
29-1124.00,Leadership Orientation,0.64
29-1124.00,Optimism,1.86
29-1124.00,Perseverance,0.66
29-1124.00,Self-Confidence,1.57
29-1124.00,Self-Control,2.38
29-1124.00,Sincerity,2.07
29-1124.00,Social Orientation,1.65
29-1124.00,Stress Tolerance,2.24
29-1124.00,Tolerance for Ambiguity,-0.63
29-1125.00,Achievement Orientation,1.45
29-1125.00,Adaptability,1.94
29-1125.00,Attention to Detail,1.62
29-1125.00,Cautiousness,1.14
29-1125.00,Cooperation,2.69
29-1125.00,Dependability,2.33
29-1125.00,Empathy,3.0
29-1125.00,Humility,1.49
29-1125.00,Initiative,1.47
29-1125.00,Innovation,1.6
29-1125.00,Integrity,2.06
29-1125.00,Intellectual Curiosity,1.11
29-1125.00,Leadership Orientation,1.56
29-1125.00,Optimism,2.53
29-1125.00,Perseverance,1.64
29-1125.00,Self-Confidence,1.54
29-1125.00,Self-Control,2.06
29-1125.00,Sincerity,2.2
29-1125.00,Social Orientation,2.47
29-1125.00,Stress Tolerance,1.52
29-1125.00,Tolerance for Ambiguity,1.26
29-1126.00,Achievement Orientation,1.74
29-1126.00,Adaptability,2.05
29-1126.00,Attention to Detail,3.0
29-1126.00,Cautiousness,2.28
29-1126.00,Cooperation,2.47
29-1126.00,Dependability,2.93
29-1126.00,Empathy,2.4
29-1126.00,Humility,1.12
29-1126.00,Initiative,1.53
29-1126.00,Innovation,0.97
29-1126.00,Integrity,2.24
29-1126.00,Intellectual Curiosity,1.71
29-1126.00,Leadership Orientation,1.29
29-1126.00,Optimism,1.56
29-1126.00,Perseverance,2.01
29-1126.00,Self-Confidence,1.6
29-1126.00,Self-Control,2.42
29-1126.00,Sincerity,1.94
29-1126.00,Social Orientation,1.92
29-1126.00,Stress Tolerance,2.51
29-1126.00,Tolerance for Ambiguity,1.24
29-1127.00,Achievement Orientation,1.95
29-1127.00,Adaptability,1.83
29-1127.00,Attention to Detail,2.67
29-1127.00,Cautiousness,2.03
29-1127.00,Cooperation,2.6
29-1127.00,Dependability,2.5
29-1127.00,Empathy,3.0
29-1127.00,Humility,1.22
29-1127.00,Initiative,1.44
29-1127.00,Innovation,1.41
29-1127.00,Integrity,2.1
29-1127.00,Intellectual Curiosity,1.97
29-1127.00,Leadership Orientation,0.73
29-1127.00,Optimism,2.22
29-1127.00,Perseverance,1.87
29-1127.00,Self-Confidence,1.57
29-1127.00,Self-Control,2.06
29-1127.00,Sincerity,2.2
29-1127.00,Social Orientation,2.36
29-1127.00,Stress Tolerance,1.61
29-1127.00,Tolerance for Ambiguity,1.39
29-1128.00,Achievement Orientation,1.95
29-1128.00,Adaptability,1.75
29-1128.00,Attention to Detail,2.19
29-1128.00,Cautiousness,1.41
29-1128.00,Cooperation,2.22
29-1128.00,Dependability,2.33
29-1128.00,Empathy,1.86
29-1128.00,Humility,0.96
29-1128.00,Initiative,1.44
29-1128.00,Innovation,1.33
29-1128.00,Integrity,1.73
29-1128.00,Intellectual Curiosity,1.93
29-1128.00,Leadership Orientation,1.34
29-1128.00,Optimism,1.63
29-1128.00,Perseverance,1.77
29-1128.00,Self-Confidence,1.66
29-1128.00,Self-Control,1.5
29-1128.00,Sincerity,1.58
29-1128.00,Social Orientation,2.06
29-1128.00,Stress Tolerance,1.55
29-1128.00,Tolerance for Ambiguity,0.95
29-1129.01,Achievement Orientation,1.55
29-1129.01,Adaptability,2.09
29-1129.01,Attention to Detail,1.89
29-1129.01,Cautiousness,1.09
29-1129.01,Cooperation,2.69
29-1129.01,Dependability,2.3
29-1129.01,Empathy,3.0
29-1129.01,Humility,1.28
29-1129.01,Initiative,1.5
29-1129.01,Innovation,2.36
29-1129.01,Integrity,2.28
29-1129.01,Intellectual Curiosity,1.97
29-1129.01,Leadership Orientation,0.88
29-1129.01,Optimism,2.22
29-1129.01,Perseverance,1.7
29-1129.01,Self-Confidence,1.5
29-1129.01,Self-Control,2.14
29-1129.01,Sincerity,2.53
29-1129.01,Social Orientation,2.33
29-1129.01,Stress Tolerance,1.73
29-1129.01,Tolerance for Ambiguity,1.7
29-1129.02,Achievement Orientation,1.66
29-1129.02,Adaptability,2.26
29-1129.02,Attention to Detail,1.94
29-1129.02,Cautiousness,1.09
29-1129.02,Cooperation,2.64
29-1129.02,Dependability,2.3
29-1129.02,Empathy,3.0
29-1129.02,Humility,1.56
29-1129.02,Initiative,1.5
29-1129.02,Innovation,2.27
29-1129.02,Integrity,2.1
29-1129.02,Intellectual Curiosity,1.97
29-1129.02,Leadership Orientation,0.93
29-1129.02,Optimism,2.49
29-1129.02,Perseverance,1.9
29-1129.02,Self-Confidence,1.63
29-1129.02,Self-Control,2.06
29-1129.02,Sincerity,2.42
29-1129.02,Social Orientation,2.36
29-1129.02,Stress Tolerance,1.55
29-1129.02,Tolerance for Ambiguity,1.49
29-1131.00,Achievement Orientation,2.01
29-1131.00,Adaptability,1.9
29-1131.00,Attention to Detail,2.67
29-1131.00,Cautiousness,2.28
29-1131.00,Cooperation,1.99
29-1131.00,Dependability,2.56
29-1131.00,Empathy,2.1
29-1131.00,Humility,1.15
29-1131.00,Initiative,1.53
29-1131.00,Innovation,1.49
29-1131.00,Integrity,2.28
29-1131.00,Intellectual Curiosity,2.28
29-1131.00,Leadership Orientation,1.53
29-1131.00,Optimism,1.36
29-1131.00,Perseverance,2.15
29-1131.00,Self-Confidence,1.7
29-1131.00,Self-Control,2.26
29-1131.00,Sincerity,1.94
29-1131.00,Social Orientation,1.77
29-1131.00,Stress Tolerance,2.28
29-1131.00,Tolerance for Ambiguity,1.51
29-1141.00,Achievement Orientation,1.2
29-1141.00,Adaptability,2.25
29-1141.00,Attention to Detail,3.0
29-1141.00,Cautiousness,2.32
29-1141.00,Cooperation,2.64
29-1141.00,Dependability,2.93
29-1141.00,Empathy,2.27
29-1141.00,Humility,1.28
29-1141.00,Initiative,1.32
29-1141.00,Innovation,1.2
29-1141.00,Integrity,2.55
29-1141.00,Intellectual Curiosity,1.41
29-1141.00,Leadership Orientation,1.48
29-1141.00,Optimism,1.56
29-1141.00,Perseverance,2.08
29-1141.00,Self-Confidence,1.66
29-1141.00,Self-Control,2.14
29-1141.00,Sincerity,2.14
29-1141.00,Social Orientation,2.24
29-1141.00,Stress Tolerance,2.21
29-1141.00,Tolerance for Ambiguity,1.41
29-1141.01,Achievement Orientation,1.98
29-1141.01,Adaptability,2.26
29-1141.01,Attention to Detail,3.0
29-1141.01,Cautiousness,2.5
29-1141.01,Cooperation,2.69
29-1141.01,Dependability,2.93
29-1141.01,Empathy,2.37
29-1141.01,Humility,0.9
29-1141.01,Initiative,1.69
29-1141.01,Innovation,1.1
29-1141.01,Integrity,2.47
29-1141.01,Intellectual Curiosity,1.89
29-1141.01,Leadership Orientation,1.39
29-1141.01,Optimism,1.36
29-1141.01,Perseverance,2.46
29-1141.01,Self-Confidence,1.94
29-1141.01,Self-Control,2.63
29-1141.01,Sincerity,2.0
29-1141.01,Social Orientation,1.95
29-1141.01,Stress Tolerance,3.0
29-1141.01,Tolerance for Ambiguity,1.74
29-1141.02,Achievement Orientation,1.95
29-1141.02,Adaptability,2.09
29-1141.02,Attention to Detail,2.99
29-1141.02,Cautiousness,2.35
29-1141.02,Cooperation,2.38
29-1141.02,Dependability,2.87
29-1141.02,Empathy,2.97
29-1141.02,Humility,1.22
29-1141.02,Initiative,1.93
29-1141.02,Innovation,1.36
29-1141.02,Integrity,2.68
29-1141.02,Intellectual Curiosity,2.24
29-1141.02,Leadership Orientation,1.48
29-1141.02,Optimism,1.9
29-1141.02,Perseverance,2.01
29-1141.02,Self-Confidence,1.98
29-1141.02,Self-Control,2.55
29-1141.02,Sincerity,2.53
29-1141.02,Social Orientation,2.31
29-1141.02,Stress Tolerance,2.55
29-1141.02,Tolerance for Ambiguity,1.76
29-1141.03,Achievement Orientation,2.01
29-1141.03,Adaptability,2.51
29-1141.03,Attention to Detail,3.0
29-1141.03,Cautiousness,2.62
29-1141.03,Cooperation,2.69
29-1141.03,Dependability,2.93
29-1141.03,Empathy,2.54
29-1141.03,Humility,1.06
29-1141.03,Initiative,1.82
29-1141.03,Innovation,0.92
29-1141.03,Integrity,2.51
29-1141.03,Intellectual Curiosity,2.01
29-1141.03,Leadership Orientation,1.58
29-1141.03,Optimism,1.1
29-1141.03,Perseverance,2.34
29-1141.03,Self-Confidence,1.9
29-1141.03,Self-Control,2.63
29-1141.03,Sincerity,2.03
29-1141.03,Social Orientation,1.43
29-1141.03,Stress Tolerance,3.0
29-1141.03,Tolerance for Ambiguity,1.62
29-1141.04,Achievement Orientation,2.04
29-1141.04,Adaptability,2.17
29-1141.04,Attention to Detail,3.0
29-1141.04,Cautiousness,2.58
29-1141.04,Cooperation,2.69
29-1141.04,Dependability,2.93
29-1141.04,Empathy,2.61
29-1141.04,Humility,1.12
29-1141.04,Initiative,2.07
29-1141.04,Innovation,1.47
29-1141.04,Integrity,2.43
29-1141.04,Intellectual Curiosity,2.2
29-1141.04,Leadership Orientation,2.46
29-1141.04,Optimism,2.14
29-1141.04,Perseverance,2.08
29-1141.04,Self-Confidence,1.87
29-1141.04,Self-Control,2.42
29-1141.04,Sincerity,2.17
29-1141.04,Social Orientation,2.29
29-1141.04,Stress Tolerance,2.55
29-1141.04,Tolerance for Ambiguity,1.53
29-1151.00,Achievement Orientation,2.14
29-1151.00,Adaptability,2.26
29-1151.00,Attention to Detail,3.0
29-1151.00,Cautiousness,2.74
29-1151.00,Cooperation,2.43
29-1151.00,Dependability,2.93
29-1151.00,Empathy,2.14
29-1151.00,Humility,1.12
29-1151.00,Initiative,1.66
29-1151.00,Innovation,0.72
29-1151.00,Integrity,2.55
29-1151.00,Intellectual Curiosity,2.04
29-1151.00,Leadership Orientation,1.39
29-1151.00,Optimism,1.1
29-1151.00,Perseverance,2.19
29-1151.00,Self-Confidence,2.05
29-1151.00,Self-Control,2.63
29-1151.00,Sincerity,2.07
29-1151.00,Social Orientation,1.11
29-1151.00,Stress Tolerance,3.0
29-1151.00,Tolerance for Ambiguity,1.66
29-1161.00,Achievement Orientation,1.98
29-1161.00,Adaptability,2.05
29-1161.00,Attention to Detail,3.0
29-1161.00,Cautiousness,2.62
29-1161.00,Cooperation,2.6
29-1161.00,Dependability,2.93
29-1161.00,Empathy,3.0
29-1161.00,Humility,1.28
29-1161.00,Initiative,1.69
29-1161.00,Innovation,1.17
29-1161.00,Integrity,2.51
29-1161.00,Intellectual Curiosity,1.89
29-1161.00,Leadership Orientation,1.84
29-1161.00,Optimism,1.9
29-1161.00,Perseverance,2.12
29-1161.00,Self-Confidence,1.73
29-1161.00,Self-Control,2.5
29-1161.00,Sincerity,2.38
29-1161.00,Social Orientation,2.26
29-1161.00,Stress Tolerance,2.55
29-1161.00,Tolerance for Ambiguity,1.53
29-1171.00,Achievement Orientation,2.08
29-1171.00,Adaptability,2.3
29-1171.00,Attention to Detail,3.0
29-1171.00,Cautiousness,2.58
29-1171.00,Cooperation,2.6
29-1171.00,Dependability,2.93
29-1171.00,Empathy,2.61
29-1171.00,Humility,1.06
29-1171.00,Initiative,1.93
29-1171.00,Innovation,1.33
29-1171.00,Integrity,2.93
29-1171.00,Intellectual Curiosity,2.16
29-1171.00,Leadership Orientation,1.48
29-1171.00,Optimism,1.82
29-1171.00,Perseverance,2.19
29-1171.00,Self-Confidence,1.73
29-1171.00,Self-Control,2.5
29-1171.00,Sincerity,2.14
29-1171.00,Social Orientation,2.24
29-1171.00,Stress Tolerance,2.47
29-1171.00,Tolerance for Ambiguity,1.43
29-1181.00,Achievement Orientation,1.83
29-1181.00,Adaptability,1.68
29-1181.00,Attention to Detail,2.7
29-1181.00,Cautiousness,2.17
29-1181.00,Cooperation,2.3
29-1181.00,Dependability,2.56
29-1181.00,Empathy,2.47
29-1181.00,Humility,1.19
29-1181.00,Initiative,1.32
29-1181.00,Innovation,1.33
29-1181.00,Integrity,2.1
29-1181.00,Intellectual Curiosity,2.08
29-1181.00,Leadership Orientation,0.9
29-1181.00,Optimism,1.56
29-1181.00,Perseverance,1.74
29-1181.00,Self-Confidence,1.47
29-1181.00,Self-Control,1.95
29-1181.00,Sincerity,2.0
29-1181.00,Social Orientation,2.2
29-1181.00,Stress Tolerance,1.43
29-1181.00,Tolerance for Ambiguity,1.12
29-1211.00,Achievement Orientation,2.14
29-1211.00,Adaptability,2.17
29-1211.00,Attention to Detail,3.0
29-1211.00,Cautiousness,2.82
29-1211.00,Cooperation,2.22
29-1211.00,Dependability,2.93
29-1211.00,Empathy,1.62
29-1211.00,Humility,0.61
29-1211.00,Initiative,1.29
29-1211.00,Innovation,0.97
29-1211.00,Integrity,2.72
29-1211.00,Intellectual Curiosity,2.41
29-1211.00,Leadership Orientation,1.64
29-1211.00,Optimism,0.69
29-1211.00,Perseverance,2.19
29-1211.00,Self-Confidence,2.16
29-1211.00,Self-Control,2.63
29-1211.00,Sincerity,1.55
29-1211.00,Social Orientation,1.31
29-1211.00,Stress Tolerance,3.0
29-1211.00,Tolerance for Ambiguity,1.78
29-1212.00,Achievement Orientation,2.42
29-1212.00,Adaptability,2.13
29-1212.00,Attention to Detail,3.0
29-1212.00,Cautiousness,2.62
29-1212.00,Cooperation,2.22
29-1212.00,Dependability,2.93
29-1212.00,Empathy,1.95
29-1212.00,Humility,0.5
29-1212.00,Initiative,1.72
29-1212.00,Innovation,1.63
29-1212.00,Integrity,2.55
29-1212.00,Intellectual Curiosity,2.63
29-1212.00,Leadership Orientation,1.7
29-1212.00,Optimism,0.98
29-1212.00,Perseverance,2.42
29-1212.00,Self-Confidence,1.9
29-1212.00,Self-Control,2.59
29-1212.00,Sincerity,1.72
29-1212.00,Social Orientation,1.7
29-1212.00,Stress Tolerance,2.67
29-1212.00,Tolerance for Ambiguity,1.64
29-1213.00,Achievement Orientation,2.11
29-1213.00,Adaptability,1.11
29-1213.00,Attention to Detail,2.99
29-1213.00,Cautiousness,2.47
29-1213.00,Cooperation,1.95
29-1213.00,Dependability,2.53
29-1213.00,Empathy,1.92
29-1213.00,Humility,0.99
29-1213.00,Initiative,1.26
29-1213.00,Innovation,1.28
29-1213.00,Integrity,2.32
29-1213.00,Intellectual Curiosity,2.41
29-1213.00,Leadership Orientation,1.08
29-1213.00,Optimism,1.04
29-1213.00,Perseverance,1.8
29-1213.00,Self-Confidence,1.7
29-1213.00,Self-Control,2.02
29-1213.00,Sincerity,1.6
29-1213.00,Social Orientation,1.52
29-1213.00,Stress Tolerance,1.61
29-1213.00,Tolerance for Ambiguity,1.29
29-1214.00,Achievement Orientation,2.14
29-1214.00,Adaptability,2.56
29-1214.00,Attention to Detail,3.0
29-1214.00,Cautiousness,2.58
29-1214.00,Cooperation,2.51
29-1214.00,Dependability,2.93
29-1214.00,Empathy,1.98
29-1214.00,Humility,-0.89
29-1214.00,Initiative,2.1
29-1214.00,Innovation,1.1
29-1214.00,Integrity,2.8
29-1214.00,Intellectual Curiosity,2.2
29-1214.00,Leadership Orientation,2.43
29-1214.00,Optimism,0.52
29-1214.00,Perseverance,2.46
29-1214.00,Self-Confidence,2.44
29-1214.00,Self-Control,3.0
29-1214.00,Sincerity,1.75
29-1214.00,Social Orientation,1.43
29-1214.00,Stress Tolerance,3.0
29-1214.00,Tolerance for Ambiguity,1.56
29-1215.00,Achievement Orientation,2.04
29-1215.00,Adaptability,1.98
29-1215.00,Attention to Detail,3.0
29-1215.00,Cautiousness,2.47
29-1215.00,Cooperation,2.64
29-1215.00,Dependability,2.9
29-1215.00,Empathy,2.57
29-1215.00,Humility,1.28
29-1215.00,Initiative,1.89
29-1215.00,Innovation,1.33
29-1215.00,Integrity,2.89
29-1215.00,Intellectual Curiosity,2.24
29-1215.00,Leadership Orientation,2.1
29-1215.00,Optimism,1.6
29-1215.00,Perseverance,2.15
29-1215.00,Self-Confidence,1.66
29-1215.00,Self-Control,2.46
29-1215.00,Sincerity,2.27
29-1215.00,Social Orientation,2.24
29-1215.00,Stress Tolerance,2.36
29-1215.00,Tolerance for Ambiguity,1.47
29-1216.00,Achievement Orientation,2.14
29-1216.00,Adaptability,2.05
29-1216.00,Attention to Detail,3.0
29-1216.00,Cautiousness,2.62
29-1216.00,Cooperation,2.51
29-1216.00,Dependability,2.93
29-1216.00,Empathy,2.43
29-1216.00,Humility,1.15
29-1216.00,Initiative,1.66
29-1216.00,Innovation,1.41
29-1216.00,Integrity,2.93
29-1216.00,Intellectual Curiosity,2.58
29-1216.00,Leadership Orientation,1.61
29-1216.00,Optimism,1.32
29-1216.00,Perseverance,2.15
29-1216.00,Self-Confidence,1.94
29-1216.00,Self-Control,2.46
29-1216.00,Sincerity,2.07
29-1216.00,Social Orientation,2.01
29-1216.00,Stress Tolerance,2.39
29-1216.00,Tolerance for Ambiguity,1.74
29-1217.00,Achievement Orientation,2.08
29-1217.00,Adaptability,1.68
29-1217.00,Attention to Detail,3.0
29-1217.00,Cautiousness,2.62
29-1217.00,Cooperation,1.95
29-1217.00,Dependability,2.65
29-1217.00,Empathy,2.27
29-1217.00,Humility,1.19
29-1217.00,Initiative,1.53
29-1217.00,Innovation,1.41
29-1217.00,Integrity,2.24
29-1217.00,Intellectual Curiosity,2.95
29-1217.00,Leadership Orientation,1.18
29-1217.00,Optimism,0.82
29-1217.00,Perseverance,2.15
29-1217.00,Self-Confidence,1.7
29-1217.00,Self-Control,2.46
29-1217.00,Sincerity,1.94
29-1217.00,Social Orientation,1.72
29-1217.00,Stress Tolerance,2.24
29-1217.00,Tolerance for Ambiguity,1.64
29-1218.00,Achievement Orientation,2.24
29-1218.00,Adaptability,2.09
29-1218.00,Attention to Detail,3.0
29-1218.00,Cautiousness,2.58
29-1218.00,Cooperation,2.47
29-1218.00,Dependability,2.9
29-1218.00,Empathy,2.54
29-1218.00,Humility,1.12
29-1218.00,Initiative,1.66
29-1218.00,Innovation,1.33
29-1218.00,Integrity,2.76
29-1218.00,Intellectual Curiosity,2.33
29-1218.00,Leadership Orientation,2.19
29-1218.00,Optimism,1.36
29-1218.00,Perseverance,2.26
29-1218.00,Self-Confidence,2.01
29-1218.00,Self-Control,2.5
29-1218.00,Sincerity,2.1
29-1218.00,Social Orientation,1.88
29-1218.00,Stress Tolerance,2.51
29-1218.00,Tolerance for Ambiguity,1.49
29-1221.00,Achievement Orientation,2.04
29-1221.00,Adaptability,1.98
29-1221.00,Attention to Detail,2.88
29-1221.00,Cautiousness,2.58
29-1221.00,Cooperation,2.69
29-1221.00,Dependability,2.93
29-1221.00,Empathy,2.79
29-1221.00,Humility,1.12
29-1221.00,Initiative,1.56
29-1221.00,Innovation,1.36
29-1221.00,Integrity,2.47
29-1221.00,Intellectual Curiosity,2.2
29-1221.00,Leadership Orientation,1.61
29-1221.00,Optimism,2.27
29-1221.00,Perseverance,2.08
29-1221.00,Self-Confidence,1.7
29-1221.00,Self-Control,2.26
29-1221.00,Sincerity,2.14
29-1221.00,Social Orientation,2.26
29-1221.00,Stress Tolerance,2.24
29-1221.00,Tolerance for Ambiguity,1.45
29-1222.00,Achievement Orientation,2.17
29-1222.00,Adaptability,1.08
29-1222.00,Attention to Detail,3.0
29-1222.00,Cautiousness,2.62
29-1222.00,Cooperation,1.53
29-1222.00,Dependability,2.93
29-1222.00,Empathy,0.69
29-1222.00,Humility,0.53
29-1222.00,Initiative,1.05
29-1222.00,Innovation,1.55
29-1222.00,Integrity,2.84
29-1222.00,Intellectual Curiosity,3.0
29-1222.00,Leadership Orientation,1.06
29-1222.00,Optimism,0.22
29-1222.00,Perseverance,1.83
29-1222.00,Self-Confidence,1.38
29-1222.00,Self-Control,1.87
29-1222.00,Sincerity,1.21
29-1222.00,Social Orientation,0.7
29-1222.00,Stress Tolerance,1.99
29-1222.00,Tolerance for Ambiguity,1.66
29-1223.00,Achievement Orientation,1.98
29-1223.00,Adaptability,1.83
29-1223.00,Attention to Detail,2.57
29-1223.00,Cautiousness,2.14
29-1223.00,Cooperation,2.47
29-1223.00,Dependability,2.87
29-1223.00,Empathy,3.0
29-1223.00,Humility,1.22
29-1223.00,Initiative,1.5
29-1223.00,Innovation,1.39
29-1223.00,Integrity,2.93
29-1223.00,Intellectual Curiosity,2.5
29-1223.00,Leadership Orientation,1.21
29-1223.00,Optimism,1.16
29-1223.00,Perseverance,1.97
29-1223.00,Self-Confidence,1.73
29-1223.00,Self-Control,2.59
29-1223.00,Sincerity,2.53
29-1223.00,Social Orientation,2.31
29-1223.00,Stress Tolerance,2.51
29-1223.00,Tolerance for Ambiguity,1.85
29-1224.00,Achievement Orientation,2.08
29-1224.00,Adaptability,1.38
29-1224.00,Attention to Detail,3.0
29-1224.00,Cautiousness,2.66
29-1224.00,Cooperation,2.07
29-1224.00,Dependability,2.71
29-1224.00,Empathy,1.17
29-1224.00,Humility,0.64
29-1224.00,Initiative,1.18
29-1224.00,Innovation,1.28
29-1224.00,Integrity,2.24
29-1224.00,Intellectual Curiosity,2.28
29-1224.00,Leadership Orientation,0.95
29-1224.00,Optimism,0.71
29-1224.00,Perseverance,1.77
29-1224.00,Self-Confidence,1.54
29-1224.00,Self-Control,2.06
29-1224.00,Sincerity,1.49
29-1224.00,Social Orientation,1.02
29-1224.00,Stress Tolerance,1.96
29-1224.00,Tolerance for Ambiguity,1.6
29-1229.01,Achievement Orientation,2.14
29-1229.01,Adaptability,1.58
29-1229.01,Attention to Detail,3.0
29-1229.01,Cautiousness,2.5
29-1229.01,Cooperation,2.34
29-1229.01,Dependability,2.9
29-1229.01,Empathy,2.1
29-1229.01,Humility,1.12
29-1229.01,Initiative,1.41
29-1229.01,Innovation,1.36
29-1229.01,Integrity,2.32
29-1229.01,Intellectual Curiosity,3.0
29-1229.01,Leadership Orientation,0.95
29-1229.01,Optimism,0.98
29-1229.01,Perseverance,1.7
29-1229.01,Self-Confidence,1.63
29-1229.01,Self-Control,2.1
29-1229.01,Sincerity,1.9
29-1229.01,Social Orientation,1.65
29-1229.01,Stress Tolerance,1.83
29-1229.01,Tolerance for Ambiguity,1.41
29-1229.02,Achievement Orientation,2.11
29-1229.02,Adaptability,2.21
29-1229.02,Attention to Detail,3.0
29-1229.02,Cautiousness,2.5
29-1229.02,Cooperation,2.55
29-1229.02,Dependability,2.93
29-1229.02,Empathy,2.27
29-1229.02,Humility,1.12
29-1229.02,Initiative,1.89
29-1229.02,Innovation,1.2
29-1229.02,Integrity,2.84
29-1229.02,Intellectual Curiosity,2.08
29-1229.02,Leadership Orientation,2.22
29-1229.02,Optimism,1.36
29-1229.02,Perseverance,2.12
29-1229.02,Self-Confidence,1.9
29-1229.02,Self-Control,2.26
29-1229.02,Sincerity,1.87
29-1229.02,Social Orientation,2.01
29-1229.02,Stress Tolerance,2.88
29-1229.02,Tolerance for Ambiguity,1.45
29-1229.03,Achievement Orientation,2.11
29-1229.03,Adaptability,0.89
29-1229.03,Attention to Detail,3.0
29-1229.03,Cautiousness,2.62
29-1229.03,Cooperation,2.03
29-1229.03,Dependability,2.3
29-1229.03,Empathy,1.71
29-1229.03,Humility,0.81
29-1229.03,Initiative,1.26
29-1229.03,Innovation,1.8
29-1229.03,Integrity,2.43
29-1229.03,Intellectual Curiosity,2.41
29-1229.03,Leadership Orientation,0.76
29-1229.03,Optimism,0.98
29-1229.03,Perseverance,2.08
29-1229.03,Self-Confidence,1.44
29-1229.03,Self-Control,2.3
29-1229.03,Sincerity,1.05
29-1229.03,Social Orientation,1.47
29-1229.03,Stress Tolerance,1.7
29-1229.03,Tolerance for Ambiguity,0.93
29-1229.04,Achievement Orientation,2.14
29-1229.04,Adaptability,2.09
29-1229.04,Attention to Detail,2.7
29-1229.04,Cautiousness,2.5
29-1229.04,Cooperation,2.47
29-1229.04,Dependability,2.53
29-1229.04,Empathy,2.47
29-1229.04,Humility,1.22
29-1229.04,Initiative,1.53
29-1229.04,Innovation,1.39
29-1229.04,Integrity,2.36
29-1229.04,Intellectual Curiosity,2.33
29-1229.04,Leadership Orientation,1.7
29-1229.04,Optimism,1.46
29-1229.04,Perseverance,2.23
29-1229.04,Self-Confidence,1.76
29-1229.04,Self-Control,2.34
29-1229.04,Sincerity,2.0
29-1229.04,Social Orientation,2.13
29-1229.04,Stress Tolerance,2.13
29-1229.04,Tolerance for Ambiguity,1.62
29-1229.05,Achievement Orientation,2.17
29-1229.05,Adaptability,2.13
29-1229.05,Attention to Detail,2.67
29-1229.05,Cautiousness,2.32
29-1229.05,Cooperation,2.38
29-1229.05,Dependability,2.56
29-1229.05,Empathy,1.71
29-1229.05,Humility,1.03
29-1229.05,Initiative,1.96
29-1229.05,Innovation,2.03
29-1229.05,Integrity,2.47
29-1229.05,Intellectual Curiosity,2.63
29-1229.05,Leadership Orientation,2.43
29-1229.05,Optimism,1.07
29-1229.05,Perseverance,1.97
29-1229.05,Self-Confidence,1.83
29-1229.05,Self-Control,2.18
29-1229.05,Sincerity,2.07
29-1229.05,Social Orientation,2.11
29-1229.05,Stress Tolerance,1.99
29-1229.05,Tolerance for Ambiguity,1.62
29-1229.06,Achievement Orientation,2.04
29-1229.06,Adaptability,2.05
29-1229.06,Attention to Detail,2.67
29-1229.06,Cautiousness,2.1
29-1229.06,Cooperation,2.3
29-1229.06,Dependability,2.65
29-1229.06,Empathy,2.23
29-1229.06,Humility,0.61
29-1229.06,Initiative,1.56
29-1229.06,Innovation,1.39
29-1229.06,Integrity,2.32
29-1229.06,Intellectual Curiosity,2.08
29-1229.06,Leadership Orientation,1.92
29-1229.06,Optimism,1.36
29-1229.06,Perseverance,2.08
29-1229.06,Self-Confidence,1.66
29-1229.06,Self-Control,2.26
29-1229.06,Sincerity,2.0
29-1229.06,Social Orientation,2.06
29-1229.06,Stress Tolerance,2.39
29-1229.06,Tolerance for Ambiguity,1.43
29-1241.00,Achievement Orientation,2.21
29-1241.00,Adaptability,1.19
29-1241.00,Attention to Detail,3.0
29-1241.00,Cautiousness,2.62
29-1241.00,Cooperation,2.03
29-1241.00,Dependability,2.87
29-1241.00,Empathy,1.77
29-1241.00,Humility,0.81
29-1241.00,Initiative,1.23
29-1241.00,Innovation,1.47
29-1241.00,Integrity,2.32
29-1241.00,Intellectual Curiosity,2.24
29-1241.00,Leadership Orientation,1.31
29-1241.00,Optimism,0.93
29-1241.00,Perseverance,2.08
29-1241.00,Self-Confidence,1.87
29-1241.00,Self-Control,2.26
29-1241.00,Sincerity,1.81
29-1241.00,Social Orientation,1.56
29-1241.00,Stress Tolerance,2.06
29-1241.00,Tolerance for Ambiguity,1.14
29-1242.00,Achievement Orientation,2.45
29-1242.00,Adaptability,1.32
29-1242.00,Attention to Detail,3.0
29-1242.00,Cautiousness,2.62
29-1242.00,Cooperation,1.92
29-1242.00,Dependability,2.93
29-1242.00,Empathy,1.22
29-1242.00,Humility,0.1
29-1242.00,Initiative,1.53
29-1242.00,Innovation,1.63
29-1242.00,Integrity,2.24
29-1242.00,Intellectual Curiosity,2.45
29-1242.00,Leadership Orientation,2.31
29-1242.00,Optimism,0.84
29-1242.00,Perseverance,2.46
29-1242.00,Self-Confidence,2.36
29-1242.00,Self-Control,2.5
29-1242.00,Sincerity,1.55
29-1242.00,Social Orientation,1.47
29-1242.00,Stress Tolerance,2.55
29-1242.00,Tolerance for Ambiguity,1.39
29-1243.00,Achievement Orientation,2.45
29-1243.00,Adaptability,2.3
29-1243.00,Attention to Detail,3.0
29-1243.00,Cautiousness,2.62
29-1243.00,Cooperation,2.47
29-1243.00,Dependability,2.93
29-1243.00,Empathy,1.38
29-1243.00,Humility,0.99
29-1243.00,Initiative,1.89
29-1243.00,Innovation,1.77
29-1243.00,Integrity,2.1
29-1243.00,Intellectual Curiosity,2.58
29-1243.00,Leadership Orientation,2.28
29-1243.00,Optimism,1.19
29-1243.00,Perseverance,2.54
29-1243.00,Self-Confidence,2.32
29-1243.00,Self-Control,2.63
29-1243.00,Sincerity,2.03
29-1243.00,Social Orientation,1.47
29-1243.00,Stress Tolerance,3.0
29-1243.00,Tolerance for Ambiguity,1.74
29-1291.00,Achievement Orientation,1.45
29-1291.00,Adaptability,1.17
29-1291.00,Attention to Detail,2.57
29-1291.00,Cautiousness,2.28
29-1291.00,Cooperation,2.03
29-1291.00,Dependability,2.36
29-1291.00,Empathy,2.3
29-1291.00,Humility,1.22
29-1291.00,Initiative,1.1
29-1291.00,Innovation,1.15
29-1291.00,Integrity,2.1
29-1291.00,Intellectual Curiosity,1.75
29-1291.00,Leadership Orientation,0.59
29-1291.00,Optimism,1.71
29-1291.00,Perseverance,1.49
29-1291.00,Self-Confidence,1.54
29-1291.00,Self-Control,1.91
29-1291.00,Sincerity,2.07
29-1291.00,Social Orientation,1.52
29-1291.00,Stress Tolerance,1.27
29-1291.00,Tolerance for Ambiguity,1.33
29-1292.00,Achievement Orientation,1.42
29-1292.00,Adaptability,0.91
29-1292.00,Attention to Detail,2.67
29-1292.00,Cautiousness,2.32
29-1292.00,Cooperation,2.43
29-1292.00,Dependability,2.65
29-1292.00,Empathy,2.17
29-1292.00,Humility,1.15
29-1292.00,Initiative,1.1
29-1292.00,Innovation,0.58
29-1292.00,Integrity,2.06
29-1292.00,Intellectual Curiosity,0.87
29-1292.00,Leadership Orientation,0.36
29-1292.00,Optimism,1.49
29-1292.00,Perseverance,1.28
29-1292.00,Self-Confidence,1.38
29-1292.00,Self-Control,1.95
29-1292.00,Sincerity,1.94
29-1292.00,Social Orientation,2.06
29-1292.00,Stress Tolerance,1.76
29-1292.00,Tolerance for Ambiguity,0.12
29-1299.01,Achievement Orientation,2.08
29-1299.01,Adaptability,2.02
29-1299.01,Attention to Detail,2.6
29-1299.01,Cautiousness,2.39
29-1299.01,Cooperation,2.26
29-1299.01,Dependability,2.36
29-1299.01,Empathy,2.33
29-1299.01,Humility,1.12
29-1299.01,Initiative,1.62
29-1299.01,Innovation,1.86
29-1299.01,Integrity,2.17
29-1299.01,Intellectual Curiosity,2.45
29-1299.01,Leadership Orientation,1.13
29-1299.01,Optimism,1.71
29-1299.01,Perseverance,1.7
29-1299.01,Self-Confidence,1.66
29-1299.01,Self-Control,2.06
29-1299.01,Sincerity,2.14
29-1299.01,Social Orientation,2.2
29-1299.01,Stress Tolerance,1.73
29-1299.01,Tolerance for Ambiguity,1.64
29-1299.02,Achievement Orientation,1.89
29-1299.02,Adaptability,1.26
29-1299.02,Attention to Detail,2.67
29-1299.02,Cautiousness,2.28
29-1299.02,Cooperation,2.22
29-1299.02,Dependability,2.39
29-1299.02,Empathy,2.04
29-1299.02,Humility,1.06
29-1299.02,Initiative,1.13
29-1299.02,Innovation,1.23
29-1299.02,Integrity,1.92
29-1299.02,Intellectual Curiosity,1.97
29-1299.02,Leadership Orientation,0.61
29-1299.02,Optimism,1.16
29-1299.02,Perseverance,1.67
29-1299.02,Self-Confidence,1.35
29-1299.02,Self-Control,1.73
29-1299.02,Sincerity,1.72
29-1299.02,Social Orientation,1.81
29-1299.02,Stress Tolerance,1.7
29-1299.02,Tolerance for Ambiguity,1.24
29-2011.00,Achievement Orientation,2.04
29-2011.00,Adaptability,1.11
29-2011.00,Attention to Detail,3.0
29-2011.00,Cautiousness,2.47
29-2011.00,Cooperation,1.63
29-2011.00,Dependability,2.65
29-2011.00,Empathy,0.41
29-2011.00,Humility,0.45
29-2011.00,Initiative,1.18
29-2011.00,Innovation,1.15
29-2011.00,Integrity,2.21
29-2011.00,Intellectual Curiosity,2.01
29-2011.00,Leadership Orientation,0.9
29-2011.00,Optimism,0.54
29-2011.00,Perseverance,1.58
29-2011.00,Self-Confidence,1.02
29-2011.00,Self-Control,1.37
29-2011.00,Sincerity,0.92
29-2011.00,Social Orientation,0.54
29-2011.00,Stress Tolerance,1.67
29-2011.00,Tolerance for Ambiguity,0.29
29-2011.01,Achievement Orientation,2.08
29-2011.01,Adaptability,1.17
29-2011.01,Attention to Detail,3.0
29-2011.01,Cautiousness,2.5
29-2011.01,Cooperation,1.41
29-2011.01,Dependability,2.65
29-2011.01,Empathy,0.02
29-2011.01,Humility,0.56
29-2011.01,Initiative,0.8
29-2011.01,Innovation,0.44
29-2011.01,Integrity,2.21
29-2011.01,Intellectual Curiosity,2.24
29-2011.01,Leadership Orientation,0.45
29-2011.01,Optimism,0.22
29-2011.01,Perseverance,1.67
29-2011.01,Self-Confidence,1.02
29-2011.01,Self-Control,1.03
29-2011.01,Sincerity,0.53
29-2011.01,Social Orientation,0.0
29-2011.01,Stress Tolerance,1.7
29-2011.01,Tolerance for Ambiguity,0.43
29-2011.02,Achievement Orientation,1.8
29-2011.02,Adaptability,0.73
29-2011.02,Attention to Detail,3.0
29-2011.02,Cautiousness,2.43
29-2011.02,Cooperation,1.44
29-2011.02,Dependability,2.65
29-2011.02,Empathy,0.02
29-2011.02,Humility,0.56
29-2011.02,Initiative,0.67
29-2011.02,Innovation,-0.35
29-2011.02,Integrity,2.1
29-2011.02,Intellectual Curiosity,1.97
29-2011.02,Leadership Orientation,0.04
29-2011.02,Optimism,0.18
29-2011.02,Perseverance,1.74
29-2011.02,Self-Confidence,0.89
29-2011.02,Self-Control,1.47
29-2011.02,Sincerity,0.7
29-2011.02,Social Orientation,0.02
29-2011.02,Stress Tolerance,1.67
29-2011.02,Tolerance for Ambiguity,0.27
29-2011.04,Achievement Orientation,1.71
29-2011.04,Adaptability,1.29
29-2011.04,Attention to Detail,3.0
29-2011.04,Cautiousness,2.39
29-2011.04,Cooperation,1.5
29-2011.04,Dependability,2.65
29-2011.04,Empathy,0.2
29-2011.04,Humility,0.61
29-2011.04,Initiative,0.87
29-2011.04,Innovation,0.44
29-2011.04,Integrity,2.06
29-2011.04,Intellectual Curiosity,2.01
29-2011.04,Leadership Orientation,0.88
29-2011.04,Optimism,0.22
29-2011.04,Perseverance,1.7
29-2011.04,Self-Confidence,0.82
29-2011.04,Self-Control,1.22
29-2011.04,Sincerity,0.52
29-2011.04,Social Orientation,0.02
29-2011.04,Stress Tolerance,1.46
29-2011.04,Tolerance for Ambiguity,0.27
29-2012.00,Achievement Orientation,1.6
29-2012.00,Adaptability,0.91
29-2012.00,Attention to Detail,3.0
29-2012.00,Cautiousness,2.54
29-2012.00,Cooperation,1.77
29-2012.00,Dependability,2.65
29-2012.00,Empathy,0.41
29-2012.00,Humility,0.61
29-2012.00,Initiative,0.67
29-2012.00,Innovation,-0.35
29-2012.00,Integrity,2.13
29-2012.00,Intellectual Curiosity,1.17
29-2012.00,Leadership Orientation,0.34
29-2012.00,Optimism,0.4
29-2012.00,Perseverance,1.46
29-2012.00,Self-Confidence,0.85
29-2012.00,Self-Control,1.28
29-2012.00,Sincerity,0.84
29-2012.00,Social Orientation,0.29
29-2012.00,Stress Tolerance,1.55
29-2012.00,Tolerance for Ambiguity,-0.11
29-2012.01,Achievement Orientation,1.16
29-2012.01,Adaptability,0.42
29-2012.01,Attention to Detail,3.0
29-2012.01,Cautiousness,2.06
29-2012.01,Cooperation,1.0
29-2012.01,Dependability,2.65
29-2012.01,Empathy,-0.06
29-2012.01,Humility,-0.04
29-2012.01,Initiative,0.28
29-2012.01,Innovation,-0.34
29-2012.01,Integrity,1.82
29-2012.01,Intellectual Curiosity,0.94
29-2012.01,Leadership Orientation,-0.34
29-2012.01,Optimism,0.01
29-2012.01,Perseverance,1.15
29-2012.01,Self-Confidence,0.48
29-2012.01,Self-Control,0.75
29-2012.01,Sincerity,0.27
29-2012.01,Social Orientation,-0.21
29-2012.01,Stress Tolerance,1.07
29-2012.01,Tolerance for Ambiguity,-0.55
29-2031.00,Achievement Orientation,1.23
29-2031.00,Adaptability,1.44
29-2031.00,Attention to Detail,2.77
29-2031.00,Cautiousness,2.35
29-2031.00,Cooperation,2.55
29-2031.00,Dependability,2.65
29-2031.00,Empathy,1.95
29-2031.00,Humility,0.96
29-2031.00,Initiative,0.85
29-2031.00,Innovation,0.15
29-2031.00,Integrity,2.06
29-2031.00,Intellectual Curiosity,1.17
29-2031.00,Leadership Orientation,0.47
29-2031.00,Optimism,1.36
29-2031.00,Perseverance,1.58
29-2031.00,Self-Confidence,1.21
29-2031.00,Self-Control,2.26
29-2031.00,Sincerity,1.6
29-2031.00,Social Orientation,1.56
29-2031.00,Stress Tolerance,2.1
29-2031.00,Tolerance for Ambiguity,0.14
29-2032.00,Achievement Orientation,1.52
29-2032.00,Adaptability,1.22
29-2032.00,Attention to Detail,2.77
29-2032.00,Cautiousness,2.28
29-2032.00,Cooperation,2.22
29-2032.00,Dependability,2.59
29-2032.00,Empathy,1.95
29-2032.00,Humility,0.7
29-2032.00,Initiative,0.95
29-2032.00,Innovation,0.63
29-2032.00,Integrity,2.1
29-2032.00,Intellectual Curiosity,1.38
29-2032.00,Leadership Orientation,0.36
29-2032.00,Optimism,1.07
29-2032.00,Perseverance,1.52
29-2032.00,Self-Confidence,1.29
29-2032.00,Self-Control,1.77
29-2032.00,Sincerity,1.75
29-2032.00,Social Orientation,1.45
29-2032.00,Stress Tolerance,1.8
29-2032.00,Tolerance for Ambiguity,1.01
29-2033.00,Achievement Orientation,1.71
29-2033.00,Adaptability,1.41
29-2033.00,Attention to Detail,3.0
29-2033.00,Cautiousness,2.82
29-2033.00,Cooperation,2.34
29-2033.00,Dependability,2.65
29-2033.00,Empathy,1.65
29-2033.00,Humility,0.67
29-2033.00,Initiative,0.8
29-2033.00,Innovation,0.53
29-2033.00,Integrity,2.24
29-2033.00,Intellectual Curiosity,1.97
29-2033.00,Leadership Orientation,0.43
29-2033.00,Optimism,0.93
29-2033.00,Perseverance,1.64
29-2033.00,Self-Confidence,1.41
29-2033.00,Self-Control,2.06
29-2033.00,Sincerity,1.84
29-2033.00,Social Orientation,1.11
29-2033.00,Stress Tolerance,2.03
29-2033.00,Tolerance for Ambiguity,0.27
29-2034.00,Achievement Orientation,1.3
29-2034.00,Adaptability,1.41
29-2034.00,Attention to Detail,2.77
29-2034.00,Cautiousness,2.39
29-2034.00,Cooperation,2.26
29-2034.00,Dependability,2.65
29-2034.00,Empathy,2.07
29-2034.00,Humility,0.93
29-2034.00,Initiative,0.83
29-2034.00,Innovation,0.35
29-2034.00,Integrity,1.99
29-2034.00,Intellectual Curiosity,1.14
29-2034.00,Leadership Orientation,0.32
29-2034.00,Optimism,1.1
29-2034.00,Perseverance,1.18
29-2034.00,Self-Confidence,1.15
29-2034.00,Self-Control,1.77
29-2034.00,Sincerity,1.6
29-2034.00,Social Orientation,1.56
29-2034.00,Stress Tolerance,1.8
29-2034.00,Tolerance for Ambiguity,0.49
29-2035.00,Achievement Orientation,1.42
29-2035.00,Adaptability,0.97
29-2035.00,Attention to Detail,2.77
29-2035.00,Cautiousness,2.62
29-2035.00,Cooperation,2.47
29-2035.00,Dependability,2.65
29-2035.00,Empathy,2.1
29-2035.00,Humility,0.72
29-2035.00,Initiative,0.76
29-2035.00,Innovation,0.53
29-2035.00,Integrity,2.1
29-2035.00,Intellectual Curiosity,1.23
29-2035.00,Leadership Orientation,0.19
29-2035.00,Optimism,1.1
29-2035.00,Perseverance,1.18
29-2035.00,Self-Confidence,1.05
29-2035.00,Self-Control,1.8
29-2035.00,Sincerity,1.72
29-2035.00,Social Orientation,1.58
29-2035.00,Stress Tolerance,1.83
29-2035.00,Tolerance for Ambiguity,0.41
29-2036.00,Achievement Orientation,2.14
29-2036.00,Adaptability,1.61
29-2036.00,Attention to Detail,3.0
29-2036.00,Cautiousness,2.74
29-2036.00,Cooperation,2.38
29-2036.00,Dependability,2.93
29-2036.00,Empathy,0.86
29-2036.00,Humility,0.78
29-2036.00,Initiative,1.35
29-2036.00,Innovation,1.49
29-2036.00,Integrity,2.4
29-2036.00,Intellectual Curiosity,2.28
29-2036.00,Leadership Orientation,1.11
29-2036.00,Optimism,0.47
29-2036.00,Perseverance,1.61
29-2036.00,Self-Confidence,1.38
29-2036.00,Self-Control,1.77
29-2036.00,Sincerity,1.49
29-2036.00,Social Orientation,1.09
29-2036.00,Stress Tolerance,2.13
29-2036.00,Tolerance for Ambiguity,0.97
29-2042.00,Achievement Orientation,1.37
29-2042.00,Adaptability,2.42
29-2042.00,Attention to Detail,2.37
29-2042.00,Cautiousness,1.32
29-2042.00,Cooperation,2.3
29-2042.00,Dependability,2.93
29-2042.00,Empathy,2.3
29-2042.00,Humility,0.9
29-2042.00,Initiative,1.44
29-2042.00,Innovation,-0.16
29-2042.00,Integrity,2.55
29-2042.00,Intellectual Curiosity,1.23
29-2042.00,Leadership Orientation,1.45
29-2042.00,Optimism,1.32
29-2042.00,Perseverance,2.38
29-2042.00,Self-Confidence,2.16
29-2042.00,Self-Control,3.0
29-2042.00,Sincerity,2.03
29-2042.00,Social Orientation,1.83
29-2042.00,Stress Tolerance,3.0
29-2042.00,Tolerance for Ambiguity,1.51
29-2043.00,Achievement Orientation,0.8
29-2043.00,Adaptability,2.47
29-2043.00,Attention to Detail,2.37
29-2043.00,Cautiousness,1.76
29-2043.00,Cooperation,2.3
29-2043.00,Dependability,2.93
29-2043.00,Empathy,2.27
29-2043.00,Humility,0.55
29-2043.00,Initiative,0.67
29-2043.00,Innovation,0.7
29-2043.00,Integrity,2.47
29-2043.00,Intellectual Curiosity,1.35
29-2043.00,Leadership Orientation,1.7
29-2043.00,Optimism,1.63
29-2043.00,Perseverance,2.34
29-2043.00,Self-Confidence,2.01
29-2043.00,Self-Control,3.0
29-2043.00,Sincerity,1.0
29-2043.00,Social Orientation,1.54
29-2043.00,Stress Tolerance,3.0
29-2043.00,Tolerance for Ambiguity,1.62
29-2051.00,Achievement Orientation,1.18
29-2051.00,Adaptability,1.14
29-2051.00,Attention to Detail,2.6
29-2051.00,Cautiousness,1.53
29-2051.00,Cooperation,2.22
29-2051.00,Dependability,2.47
29-2051.00,Empathy,2.07
29-2051.00,Humility,1.09
29-2051.00,Initiative,1.18
29-2051.00,Innovation,0.82
29-2051.00,Integrity,1.66
29-2051.00,Intellectual Curiosity,1.05
29-2051.00,Leadership Orientation,0.88
29-2051.00,Optimism,1.42
29-2051.00,Perseverance,1.1
29-2051.00,Self-Confidence,1.02
29-2051.00,Self-Control,1.5
29-2051.00,Sincerity,1.66
29-2051.00,Social Orientation,1.79
29-2051.00,Stress Tolerance,1.22
29-2051.00,Tolerance for Ambiguity,0.66
29-2052.00,Achievement Orientation,1.12
29-2052.00,Adaptability,0.83
29-2052.00,Attention to Detail,3.0
29-2052.00,Cautiousness,2.54
29-2052.00,Cooperation,1.84
29-2052.00,Dependability,2.65
29-2052.00,Empathy,1.1
29-2052.00,Humility,0.84
29-2052.00,Initiative,0.69
29-2052.00,Innovation,-0.3
29-2052.00,Integrity,2.36
29-2052.00,Intellectual Curiosity,0.65
29-2052.00,Leadership Orientation,-0.38
29-2052.00,Optimism,0.87
29-2052.00,Perseverance,1.12
29-2052.00,Self-Confidence,0.71
29-2052.00,Self-Control,1.47
29-2052.00,Sincerity,1.31
29-2052.00,Social Orientation,1.31
29-2052.00,Stress Tolerance,1.43
29-2052.00,Tolerance for Ambiguity,-0.4
29-2053.00,Achievement Orientation,0.91
29-2053.00,Adaptability,2.02
29-2053.00,Attention to Detail,2.16
29-2053.00,Cautiousness,1.69
29-2053.00,Cooperation,2.51
29-2053.00,Dependability,2.65
29-2053.00,Empathy,3.0
29-2053.00,Humility,1.35
29-2053.00,Initiative,1.26
29-2053.00,Innovation,0.6
29-2053.00,Integrity,2.13
29-2053.00,Intellectual Curiosity,0.76
29-2053.00,Leadership Orientation,0.88
29-2053.00,Optimism,2.14
29-2053.00,Perseverance,1.8
29-2053.00,Self-Confidence,1.32
29-2053.00,Self-Control,2.5
29-2053.00,Sincerity,2.42
29-2053.00,Social Orientation,2.22
29-2053.00,Stress Tolerance,2.55
29-2053.00,Tolerance for Ambiguity,1.39
29-2055.00,Achievement Orientation,1.45
29-2055.00,Adaptability,1.35
29-2055.00,Attention to Detail,3.0
29-2055.00,Cautiousness,2.62
29-2055.00,Cooperation,2.6
29-2055.00,Dependability,2.65
29-2055.00,Empathy,0.95
29-2055.00,Humility,1.15
29-2055.00,Initiative,0.67
29-2055.00,Innovation,-0.47
29-2055.00,Integrity,2.21
29-2055.00,Intellectual Curiosity,0.62
29-2055.00,Leadership Orientation,-0.45
29-2055.00,Optimism,0.82
29-2055.00,Perseverance,1.77
29-2055.00,Self-Confidence,1.1
29-2055.00,Self-Control,2.5
29-2055.00,Sincerity,1.33
29-2055.00,Social Orientation,0.88
29-2055.00,Stress Tolerance,2.43
29-2055.00,Tolerance for Ambiguity,-0.5
29-2056.00,Achievement Orientation,1.69
29-2056.00,Adaptability,1.58
29-2056.00,Attention to Detail,2.67
29-2056.00,Cautiousness,2.28
29-2056.00,Cooperation,2.3
29-2056.00,Dependability,2.56
29-2056.00,Empathy,1.77
29-2056.00,Humility,0.96
29-2056.00,Initiative,1.5
29-2056.00,Innovation,0.79
29-2056.00,Integrity,2.1
29-2056.00,Intellectual Curiosity,1.38
29-2056.00,Leadership Orientation,0.43
29-2056.00,Optimism,1.53
29-2056.00,Perseverance,1.77
29-2056.00,Self-Confidence,1.1
29-2056.00,Self-Control,2.22
29-2056.00,Sincerity,1.66
29-2056.00,Social Orientation,1.29
29-2056.00,Stress Tolerance,2.28
29-2056.00,Tolerance for Ambiguity,1.01
29-2057.00,Achievement Orientation,0.42
29-2057.00,Adaptability,1.17
29-2057.00,Attention to Detail,2.77
29-2057.00,Cautiousness,2.32
29-2057.00,Cooperation,1.63
29-2057.00,Dependability,2.44
29-2057.00,Empathy,1.71
29-2057.00,Humility,0.84
29-2057.00,Initiative,0.92
29-2057.00,Innovation,0.15
29-2057.00,Integrity,1.23
29-2057.00,Intellectual Curiosity,0.19
29-2057.00,Leadership Orientation,-0.09
29-2057.00,Optimism,1.32
29-2057.00,Perseverance,1.15
29-2057.00,Self-Confidence,1.1
29-2057.00,Self-Control,1.7
29-2057.00,Sincerity,1.52
29-2057.00,Social Orientation,1.7
29-2057.00,Stress Tolerance,1.8
29-2057.00,Tolerance for Ambiguity,0.16
29-2061.00,Achievement Orientation,1.3
29-2061.00,Adaptability,1.75
29-2061.00,Attention to Detail,2.77
29-2061.00,Cautiousness,2.21
29-2061.00,Cooperation,2.6
29-2061.00,Dependability,2.93
29-2061.00,Empathy,2.43
29-2061.00,Humility,1.25
29-2061.00,Initiative,1.26
29-2061.00,Innovation,0.51
29-2061.00,Integrity,2.21
29-2061.00,Intellectual Curiosity,0.89
29-2061.00,Leadership Orientation,1.11
29-2061.00,Optimism,1.86
29-2061.00,Perseverance,1.97
29-2061.00,Self-Confidence,1.35
29-2061.00,Self-Control,2.14
29-2061.00,Sincerity,2.14
29-2061.00,Social Orientation,2.2
29-2061.00,Stress Tolerance,2.1
29-2061.00,Tolerance for Ambiguity,1.08
29-2072.00,Achievement Orientation,1.07
29-2072.00,Adaptability,0.99
29-2072.00,Attention to Detail,3.0
29-2072.00,Cautiousness,2.17
29-2072.00,Cooperation,1.63
29-2072.00,Dependability,2.65
29-2072.00,Empathy,0.32
29-2072.00,Humility,0.64
29-2072.00,Initiative,0.59
29-2072.00,Innovation,-0.45
29-2072.00,Integrity,2.32
29-2072.00,Intellectual Curiosity,0.79
29-2072.00,Leadership Orientation,-0.54
29-2072.00,Optimism,0.22
29-2072.00,Perseverance,0.93
29-2072.00,Self-Confidence,0.34
29-2072.00,Self-Control,1.08
29-2072.00,Sincerity,0.84
29-2072.00,Social Orientation,0.18
29-2072.00,Stress Tolerance,1.16
29-2072.00,Tolerance for Ambiguity,0.08
29-2081.00,Achievement Orientation,1.2
29-2081.00,Adaptability,0.97
29-2081.00,Attention to Detail,2.77
29-2081.00,Cautiousness,2.06
29-2081.00,Cooperation,2.03
29-2081.00,Dependability,2.22
29-2081.00,Empathy,1.83
29-2081.00,Humility,0.7
29-2081.00,Initiative,0.83
29-2081.00,Innovation,0.51
29-2081.00,Integrity,1.6
29-2081.00,Intellectual Curiosity,0.56
29-2081.00,Leadership Orientation,0.59
29-2081.00,Optimism,1.32
29-2081.00,Perseverance,0.9
29-2081.00,Self-Confidence,1.26
29-2081.00,Self-Control,1.31
29-2081.00,Sincerity,1.63
29-2081.00,Social Orientation,2.01
29-2081.00,Stress Tolerance,1.0
29-2081.00,Tolerance for Ambiguity,0.12
29-2091.00,Achievement Orientation,2.01
29-2091.00,Adaptability,1.79
29-2091.00,Attention to Detail,2.88
29-2091.00,Cautiousness,2.28
29-2091.00,Cooperation,2.18
29-2091.00,Dependability,2.53
29-2091.00,Empathy,2.3
29-2091.00,Humility,1.22
29-2091.00,Initiative,1.32
29-2091.00,Innovation,2.12
29-2091.00,Integrity,2.1
29-2091.00,Intellectual Curiosity,1.93
29-2091.00,Leadership Orientation,1.13
29-2091.00,Optimism,1.6
29-2091.00,Perseverance,1.8
29-2091.00,Self-Confidence,1.66
29-2091.00,Self-Control,1.7
29-2091.00,Sincerity,1.97
29-2091.00,Social Orientation,1.81
29-2091.00,Stress Tolerance,1.64
29-2091.00,Tolerance for Ambiguity,1.31
29-2092.00,Achievement Orientation,1.52
29-2092.00,Adaptability,1.29
29-2092.00,Attention to Detail,2.74
29-2092.00,Cautiousness,1.99
29-2092.00,Cooperation,2.47
29-2092.00,Dependability,2.38
29-2092.00,Empathy,2.33
29-2092.00,Humility,1.19
29-2092.00,Initiative,1.26
29-2092.00,Innovation,1.23
29-2092.00,Integrity,2.03
29-2092.00,Intellectual Curiosity,1.71
29-2092.00,Leadership Orientation,0.69
29-2092.00,Optimism,1.74
29-2092.00,Perseverance,1.67
29-2092.00,Self-Confidence,1.63
29-2092.00,Self-Control,1.7
29-2092.00,Sincerity,2.1
29-2092.00,Social Orientation,2.2
29-2092.00,Stress Tolerance,1.29
29-2092.00,Tolerance for Ambiguity,0.89
29-2099.01,Achievement Orientation,1.55
29-2099.01,Adaptability,1.08
29-2099.01,Attention to Detail,2.77
29-2099.01,Cautiousness,2.35
29-2099.01,Cooperation,1.95
29-2099.01,Dependability,2.56
29-2099.01,Empathy,1.48
29-2099.01,Humility,0.72
29-2099.01,Initiative,0.85
29-2099.01,Innovation,0.6
29-2099.01,Integrity,2.1
29-2099.01,Intellectual Curiosity,1.75
29-2099.01,Leadership Orientation,-0.02
29-2099.01,Optimism,0.98
29-2099.01,Perseverance,1.61
29-2099.01,Self-Confidence,1.13
29-2099.01,Self-Control,1.8
29-2099.01,Sincerity,1.63
29-2099.01,Social Orientation,1.09
29-2099.01,Stress Tolerance,1.76
29-2099.01,Tolerance for Ambiguity,0.7
29-2099.05,Achievement Orientation,0.82
29-2099.05,Adaptability,1.14
29-2099.05,Attention to Detail,3.0
29-2099.05,Cautiousness,2.28
29-2099.05,Cooperation,1.92
29-2099.05,Dependability,2.47
29-2099.05,Empathy,1.8
29-2099.05,Humility,0.9
29-2099.05,Initiative,1.26
29-2099.05,Innovation,0.72
29-2099.05,Integrity,1.54
29-2099.05,Intellectual Curiosity,1.35
29-2099.05,Leadership Orientation,1.03
29-2099.05,Optimism,1.32
29-2099.05,Perseverance,1.46
29-2099.05,Self-Confidence,1.18
29-2099.05,Self-Control,1.66
29-2099.05,Sincerity,1.6
29-2099.05,Social Orientation,1.83
29-2099.05,Stress Tolerance,1.73
29-2099.05,Tolerance for Ambiguity,0.64
29-2099.08,Achievement Orientation,1.07
29-2099.08,Adaptability,1.72
29-2099.08,Attention to Detail,2.08
29-2099.08,Cautiousness,1.63
29-2099.08,Cooperation,2.51
29-2099.08,Dependability,2.65
29-2099.08,Empathy,2.9
29-2099.08,Humility,1.56
29-2099.08,Initiative,1.56
29-2099.08,Innovation,0.89
29-2099.08,Integrity,2.21
29-2099.08,Intellectual Curiosity,1.02
29-2099.08,Leadership Orientation,1.0
29-2099.08,Optimism,2.18
29-2099.08,Perseverance,1.87
29-2099.08,Self-Confidence,1.5
29-2099.08,Self-Control,2.14
29-2099.08,Sincerity,2.24
29-2099.08,Social Orientation,2.33
29-2099.08,Stress Tolerance,1.99
29-2099.08,Tolerance for Ambiguity,1.26
29-9021.00,Achievement Orientation,1.74
29-9021.00,Adaptability,1.65
29-9021.00,Attention to Detail,2.77
29-9021.00,Cautiousness,2.28
29-9021.00,Cooperation,1.92
29-9021.00,Dependability,2.65
29-9021.00,Empathy,0.62
29-9021.00,Humility,0.78
29-9021.00,Initiative,1.5
29-9021.00,Innovation,1.47
29-9021.00,Integrity,2.51
29-9021.00,Intellectual Curiosity,1.97
29-9021.00,Leadership Orientation,1.13
29-9021.00,Optimism,0.4
29-9021.00,Perseverance,1.46
29-9021.00,Self-Confidence,1.05
29-9021.00,Self-Control,1.19
29-9021.00,Sincerity,1.09
29-9021.00,Social Orientation,1.06
29-9021.00,Stress Tolerance,1.49
29-9021.00,Tolerance for Ambiguity,1.45
29-9091.00,Achievement Orientation,1.89
29-9091.00,Adaptability,1.83
29-9091.00,Attention to Detail,2.53
29-9091.00,Cautiousness,1.66
29-9091.00,Cooperation,2.43
29-9091.00,Dependability,2.65
29-9091.00,Empathy,2.17
29-9091.00,Humility,1.19
29-9091.00,Initiative,1.47
29-9091.00,Innovation,1.17
29-9091.00,Integrity,2.06
29-9091.00,Intellectual Curiosity,1.35
29-9091.00,Leadership Orientation,1.34
29-9091.00,Optimism,1.74
29-9091.00,Perseverance,1.8
29-9091.00,Self-Confidence,1.7
29-9091.00,Self-Control,2.14
29-9091.00,Sincerity,1.72
29-9091.00,Social Orientation,2.2
29-9091.00,Stress Tolerance,2.21
29-9091.00,Tolerance for Ambiguity,1.31
29-9092.00,Achievement Orientation,1.98
29-9092.00,Adaptability,1.83
29-9092.00,Attention to Detail,3.0
29-9092.00,Cautiousness,2.32
29-9092.00,Cooperation,2.55
29-9092.00,Dependability,2.65
29-9092.00,Empathy,3.0
29-9092.00,Humility,1.49
29-9092.00,Initiative,1.44
29-9092.00,Innovation,1.23
29-9092.00,Integrity,2.21
29-9092.00,Intellectual Curiosity,2.54
29-9092.00,Leadership Orientation,0.88
29-9092.00,Optimism,1.13
29-9092.00,Perseverance,1.87
29-9092.00,Self-Confidence,1.6
29-9092.00,Self-Control,2.22
29-9092.00,Sincerity,2.53
29-9092.00,Social Orientation,2.24
29-9092.00,Stress Tolerance,2.1
29-9092.00,Tolerance for Ambiguity,1.66
29-9093.00,Achievement Orientation,1.63
29-9093.00,Adaptability,1.54
29-9093.00,Attention to Detail,3.0
29-9093.00,Cautiousness,2.74
29-9093.00,Cooperation,2.64
29-9093.00,Dependability,2.93
29-9093.00,Empathy,0.82
29-9093.00,Humility,1.12
29-9093.00,Initiative,0.85
29-9093.00,Innovation,-0.26
29-9093.00,Integrity,2.32
29-9093.00,Intellectual Curiosity,0.84
29-9093.00,Leadership Orientation,-0.3
29-9093.00,Optimism,0.93
29-9093.00,Perseverance,2.04
29-9093.00,Self-Confidence,1.32
29-9093.00,Self-Control,2.5
29-9093.00,Sincerity,1.49
29-9093.00,Social Orientation,0.99
29-9093.00,Stress Tolerance,2.55
29-9093.00,Tolerance for Ambiguity,-0.27
29-9099.01,Achievement Orientation,1.69
29-9099.01,Adaptability,2.17
29-9099.01,Attention to Detail,2.99
29-9099.01,Cautiousness,2.39
29-9099.01,Cooperation,2.69
29-9099.01,Dependability,2.93
29-9099.01,Empathy,3.0
29-9099.01,Humility,1.35
29-9099.01,Initiative,1.66
29-9099.01,Innovation,0.89
29-9099.01,Integrity,2.47
29-9099.01,Intellectual Curiosity,1.68
29-9099.01,Leadership Orientation,0.95
29-9099.01,Optimism,2.18
29-9099.01,Perseverance,2.15
29-9099.01,Self-Confidence,1.94
29-9099.01,Self-Control,2.59
29-9099.01,Sincerity,2.38
29-9099.01,Social Orientation,2.24
29-9099.01,Stress Tolerance,2.93
29-9099.01,Tolerance for Ambiguity,1.51
31-1121.00,Achievement Orientation,0.73
31-1121.00,Adaptability,1.22
31-1121.00,Attention to Detail,2.37
31-1121.00,Cautiousness,1.93
31-1121.00,Cooperation,2.78
31-1121.00,Dependability,2.65
31-1121.00,Empathy,3.0
31-1121.00,Humility,1.56
31-1121.00,Initiative,1.35
31-1121.00,Innovation,0.09
31-1121.00,Integrity,2.36
31-1121.00,Intellectual Curiosity,0.07
31-1121.00,Leadership Orientation,-0.19
31-1121.00,Optimism,2.35
31-1121.00,Perseverance,1.64
31-1121.00,Self-Confidence,0.92
31-1121.00,Self-Control,2.26
31-1121.00,Sincerity,2.17
31-1121.00,Social Orientation,2.22
31-1121.00,Stress Tolerance,1.99
31-1121.00,Tolerance for Ambiguity,1.06
31-1122.00,Achievement Orientation,0.63
31-1122.00,Adaptability,0.73
31-1122.00,Attention to Detail,1.97
31-1122.00,Cautiousness,1.53
31-1122.00,Cooperation,2.82
31-1122.00,Dependability,2.65
31-1122.00,Empathy,3.0
31-1122.00,Humility,1.49
31-1122.00,Initiative,1.26
31-1122.00,Innovation,-0.24
31-1122.00,Integrity,2.24
31-1122.00,Intellectual Curiosity,-0.19
31-1122.00,Leadership Orientation,-0.28
31-1122.00,Optimism,2.53
31-1122.00,Perseverance,1.83
31-1122.00,Self-Confidence,0.22
31-1122.00,Self-Control,2.14
31-1122.00,Sincerity,2.1
31-1122.00,Social Orientation,2.2
31-1122.00,Stress Tolerance,1.96
31-1122.00,Tolerance for Ambiguity,0.74
31-1131.00,Achievement Orientation,0.71
31-1131.00,Adaptability,1.22
31-1131.00,Attention to Detail,2.22
31-1131.00,Cautiousness,1.69
31-1131.00,Cooperation,2.78
31-1131.00,Dependability,2.65
31-1131.00,Empathy,2.97
31-1131.00,Humility,1.63
31-1131.00,Initiative,0.97
31-1131.00,Innovation,-0.08
31-1131.00,Integrity,2.21
31-1131.00,Intellectual Curiosity,0.14
31-1131.00,Leadership Orientation,-0.34
31-1131.00,Optimism,2.22
31-1131.00,Perseverance,1.77
31-1131.00,Self-Confidence,0.71
31-1131.00,Self-Control,2.02
31-1131.00,Sincerity,2.1
31-1131.00,Social Orientation,2.15
31-1131.00,Stress Tolerance,1.93
31-1131.00,Tolerance for Ambiguity,0.25
31-1132.00,Achievement Orientation,0.46
31-1132.00,Adaptability,0.91
31-1132.00,Attention to Detail,1.67
31-1132.00,Cautiousness,1.5
31-1132.00,Cooperation,2.07
31-1132.00,Dependability,2.62
31-1132.00,Empathy,1.71
31-1132.00,Humility,1.25
31-1132.00,Initiative,0.53
31-1132.00,Innovation,-0.45
31-1132.00,Integrity,1.54
31-1132.00,Intellectual Curiosity,-0.21
31-1132.00,Leadership Orientation,-0.41
31-1132.00,Optimism,1.49
31-1132.00,Perseverance,0.97
31-1132.00,Self-Confidence,0.3
31-1132.00,Self-Control,1.53
31-1132.00,Sincerity,1.36
31-1132.00,Social Orientation,1.43
31-1132.00,Stress Tolerance,1.61
31-1132.00,Tolerance for Ambiguity,-0.27
31-1133.00,Achievement Orientation,0.63
31-1133.00,Adaptability,1.79
31-1133.00,Attention to Detail,1.79
31-1133.00,Cautiousness,1.63
31-1133.00,Cooperation,2.64
31-1133.00,Dependability,2.65
31-1133.00,Empathy,3.0
31-1133.00,Humility,1.56
31-1133.00,Initiative,0.92
31-1133.00,Innovation,-0.1
31-1133.00,Integrity,2.21
31-1133.00,Intellectual Curiosity,0.35
31-1133.00,Leadership Orientation,0.04
31-1133.00,Optimism,2.14
31-1133.00,Perseverance,1.94
31-1133.00,Self-Confidence,1.05
31-1133.00,Self-Control,2.63
31-1133.00,Sincerity,2.31
31-1133.00,Social Orientation,2.26
31-1133.00,Stress Tolerance,2.63
31-1133.00,Tolerance for Ambiguity,1.26
31-2011.00,Achievement Orientation,1.45
31-2011.00,Adaptability,1.72
31-2011.00,Attention to Detail,2.31
31-2011.00,Cautiousness,1.66
31-2011.00,Cooperation,2.43
31-2011.00,Dependability,2.59
31-2011.00,Empathy,3.0
31-2011.00,Humility,1.45
31-2011.00,Initiative,1.21
31-2011.00,Innovation,1.15
31-2011.00,Integrity,2.1
31-2011.00,Intellectual Curiosity,1.05
31-2011.00,Leadership Orientation,0.73
31-2011.00,Optimism,2.02
31-2011.00,Perseverance,1.94
31-2011.00,Self-Confidence,1.35
31-2011.00,Self-Control,1.91
31-2011.00,Sincerity,1.9
31-2011.00,Social Orientation,2.26
31-2011.00,Stress Tolerance,1.83
31-2011.00,Tolerance for Ambiguity,1.12
31-2012.00,Achievement Orientation,0.7
31-2012.00,Adaptability,1.05
31-2012.00,Attention to Detail,1.92
31-2012.00,Cautiousness,1.56
31-2012.00,Cooperation,2.51
31-2012.00,Dependability,2.39
31-2012.00,Empathy,2.54
31-2012.00,Humility,1.25
31-2012.00,Initiative,0.51
31-2012.00,Innovation,0.0
31-2012.00,Integrity,1.89
31-2012.00,Intellectual Curiosity,0.24
31-2012.00,Leadership Orientation,-0.34
31-2012.00,Optimism,1.56
31-2012.00,Perseverance,1.12
31-2012.00,Self-Confidence,0.52
31-2012.00,Self-Control,0.92
31-2012.00,Sincerity,1.55
31-2012.00,Social Orientation,1.92
31-2012.00,Stress Tolerance,1.32
31-2012.00,Tolerance for Ambiguity,0.29
31-2021.00,Achievement Orientation,1.42
31-2021.00,Adaptability,1.48
31-2021.00,Attention to Detail,2.44
31-2021.00,Cautiousness,1.76
31-2021.00,Cooperation,2.64
31-2021.00,Dependability,2.59
31-2021.00,Empathy,2.57
31-2021.00,Humility,1.22
31-2021.00,Initiative,1.1
31-2021.00,Innovation,0.97
31-2021.00,Integrity,2.17
31-2021.00,Intellectual Curiosity,1.05
31-2021.00,Leadership Orientation,0.64
31-2021.00,Optimism,2.02
31-2021.00,Perseverance,1.7
31-2021.00,Self-Confidence,1.21
31-2021.00,Self-Control,1.91
31-2021.00,Sincerity,1.94
31-2021.00,Social Orientation,2.22
31-2021.00,Stress Tolerance,1.49
31-2021.00,Tolerance for Ambiguity,0.72
31-2022.00,Achievement Orientation,0.68
31-2022.00,Adaptability,0.94
31-2022.00,Attention to Detail,2.0
31-2022.00,Cautiousness,1.5
31-2022.00,Cooperation,2.47
31-2022.00,Dependability,2.47
31-2022.00,Empathy,2.23
31-2022.00,Humility,1.28
31-2022.00,Initiative,0.43
31-2022.00,Innovation,-0.16
31-2022.00,Integrity,1.7
31-2022.00,Intellectual Curiosity,0.12
31-2022.00,Leadership Orientation,-0.22
31-2022.00,Optimism,1.94
31-2022.00,Perseverance,1.07
31-2022.00,Self-Confidence,0.5
31-2022.00,Self-Control,1.47
31-2022.00,Sincerity,1.72
31-2022.00,Social Orientation,1.79
31-2022.00,Stress Tolerance,1.19
31-2022.00,Tolerance for Ambiguity,-0.19
31-9011.00,Achievement Orientation,0.97
31-9011.00,Adaptability,0.97
31-9011.00,Attention to Detail,1.51
31-9011.00,Cautiousness,1.69
31-9011.00,Cooperation,2.43
31-9011.00,Dependability,2.27
31-9011.00,Empathy,2.47
31-9011.00,Humility,1.22
31-9011.00,Initiative,1.18
31-9011.00,Innovation,1.1
31-9011.00,Integrity,1.89
31-9011.00,Intellectual Curiosity,0.87
31-9011.00,Leadership Orientation,0.25
31-9011.00,Optimism,1.9
31-9011.00,Perseverance,1.18
31-9011.00,Self-Confidence,1.15
31-9011.00,Self-Control,1.77
31-9011.00,Sincerity,2.14
31-9011.00,Social Orientation,1.99
31-9011.00,Stress Tolerance,1.29
31-9011.00,Tolerance for Ambiguity,0.89
31-9091.00,Achievement Orientation,1.2
31-9091.00,Adaptability,0.99
31-9091.00,Attention to Detail,2.67
31-9091.00,Cautiousness,2.06
31-9091.00,Cooperation,2.43
31-9091.00,Dependability,2.5
31-9091.00,Empathy,1.86
31-9091.00,Humility,1.12
31-9091.00,Initiative,0.92
31-9091.00,Innovation,0.02
31-9091.00,Integrity,1.92
31-9091.00,Intellectual Curiosity,0.49
31-9091.00,Leadership Orientation,0.0
31-9091.00,Optimism,1.42
31-9091.00,Perseverance,1.18
31-9091.00,Self-Confidence,1.02
31-9091.00,Self-Control,1.7
31-9091.00,Sincerity,1.69
31-9091.00,Social Orientation,1.79
31-9091.00,Stress Tolerance,1.52
31-9091.00,Tolerance for Ambiguity,0.14
31-9092.00,Achievement Orientation,1.07
31-9092.00,Adaptability,1.29
31-9092.00,Attention to Detail,2.77
31-9092.00,Cautiousness,2.1
31-9092.00,Cooperation,2.47
31-9092.00,Dependability,2.65
31-9092.00,Empathy,2.17
31-9092.00,Humility,1.15
31-9092.00,Initiative,1.1
31-9092.00,Innovation,0.02
31-9092.00,Integrity,2.21
31-9092.00,Intellectual Curiosity,0.81
31-9092.00,Leadership Orientation,0.04
31-9092.00,Optimism,1.67
31-9092.00,Perseverance,1.4
31-9092.00,Self-Confidence,1.02
31-9092.00,Self-Control,1.98
31-9092.00,Sincerity,1.72
31-9092.00,Social Orientation,2.06
31-9092.00,Stress Tolerance,1.76
31-9092.00,Tolerance for Ambiguity,0.64
31-9093.00,Achievement Orientation,0.89
31-9093.00,Adaptability,0.83
31-9093.00,Attention to Detail,2.77
31-9093.00,Cautiousness,2.39
31-9093.00,Cooperation,1.5
31-9093.00,Dependability,2.65
31-9093.00,Empathy,0.3
31-9093.00,Humility,0.56
31-9093.00,Initiative,0.59
31-9093.00,Innovation,-0.39
31-9093.00,Integrity,1.79
31-9093.00,Intellectual Curiosity,0.45
31-9093.00,Leadership Orientation,-0.4
31-9093.00,Optimism,0.32
31-9093.00,Perseverance,1.02
31-9093.00,Self-Confidence,0.5
31-9093.00,Self-Control,1.19
31-9093.00,Sincerity,0.72
31-9093.00,Social Orientation,0.0
31-9093.00,Stress Tolerance,1.11
31-9093.00,Tolerance for Ambiguity,-0.21
31-9094.00,Achievement Orientation,1.2
31-9094.00,Adaptability,0.59
31-9094.00,Attention to Detail,3.0
31-9094.00,Cautiousness,2.24
31-9094.00,Cooperation,0.85
31-9094.00,Dependability,2.65
31-9094.00,Empathy,0.1
31-9094.00,Humility,0.72
31-9094.00,Initiative,0.33
31-9094.00,Innovation,-0.47
31-9094.00,Integrity,2.17
31-9094.00,Intellectual Curiosity,0.76
31-9094.00,Leadership Orientation,-0.71
31-9094.00,Optimism,0.06
31-9094.00,Perseverance,1.15
31-9094.00,Self-Confidence,0.43
31-9094.00,Self-Control,0.7
31-9094.00,Sincerity,0.33
31-9094.00,Social Orientation,-0.14
31-9094.00,Stress Tolerance,1.04
31-9094.00,Tolerance for Ambiguity,0.08
31-9095.00,Achievement Orientation,0.57
31-9095.00,Adaptability,0.71
31-9095.00,Attention to Detail,2.37
31-9095.00,Cautiousness,1.96
31-9095.00,Cooperation,1.88
31-9095.00,Dependability,2.39
31-9095.00,Empathy,1.43
31-9095.00,Humility,0.84
31-9095.00,Initiative,0.47
31-9095.00,Innovation,-0.32
31-9095.00,Integrity,2.28
31-9095.00,Intellectual Curiosity,-0.07
31-9095.00,Leadership Orientation,-0.64
31-9095.00,Optimism,1.16
31-9095.00,Perseverance,0.62
31-9095.00,Self-Confidence,0.39
31-9095.00,Self-Control,1.28
31-9095.00,Sincerity,1.44
31-9095.00,Social Orientation,1.65
31-9095.00,Stress Tolerance,1.19
31-9095.00,Tolerance for Ambiguity,-0.3
31-9096.00,Achievement Orientation,1.07
31-9096.00,Adaptability,1.26
31-9096.00,Attention to Detail,2.31
31-9096.00,Cautiousness,1.96
31-9096.00,Cooperation,2.3
31-9096.00,Dependability,2.53
31-9096.00,Empathy,1.8
31-9096.00,Humility,1.12
31-9096.00,Initiative,1.13
31-9096.00,Innovation,-0.06
31-9096.00,Integrity,2.06
31-9096.00,Intellectual Curiosity,0.72
31-9096.00,Leadership Orientation,-0.02
31-9096.00,Optimism,1.56
31-9096.00,Perseverance,1.67
31-9096.00,Self-Confidence,1.02
31-9096.00,Self-Control,2.02
31-9096.00,Sincerity,1.6
31-9096.00,Social Orientation,1.61
31-9096.00,Stress Tolerance,1.96
31-9096.00,Tolerance for Ambiguity,0.91
31-9097.00,Achievement Orientation,0.91
31-9097.00,Adaptability,0.89
31-9097.00,Attention to Detail,2.77
31-9097.00,Cautiousness,2.32
31-9097.00,Cooperation,1.95
31-9097.00,Dependability,2.65
31-9097.00,Empathy,1.83
31-9097.00,Humility,1.03
31-9097.00,Initiative,0.53
31-9097.00,Innovation,-0.37
31-9097.00,Integrity,2.1
31-9097.00,Intellectual Curiosity,0.22
31-9097.00,Leadership Orientation,-0.22
31-9097.00,Optimism,1.29
31-9097.00,Perseverance,1.26
31-9097.00,Self-Confidence,0.94
31-9097.00,Self-Control,1.91
31-9097.00,Sincerity,1.55
31-9097.00,Social Orientation,1.33
31-9097.00,Stress Tolerance,1.99
31-9097.00,Tolerance for Ambiguity,-0.36
31-9099.01,Achievement Orientation,1.16
31-9099.01,Adaptability,0.95
31-9099.01,Attention to Detail,2.7
31-9099.01,Cautiousness,1.53
31-9099.01,Cooperation,2.55
31-9099.01,Dependability,2.65
31-9099.01,Empathy,2.54
31-9099.01,Humility,1.22
31-9099.01,Initiative,0.83
31-9099.01,Innovation,0.87
31-9099.01,Integrity,2.1
31-9099.01,Intellectual Curiosity,1.17
31-9099.01,Leadership Orientation,-0.36
31-9099.01,Optimism,2.02
31-9099.01,Perseverance,1.67
31-9099.01,Self-Confidence,1.1
31-9099.01,Self-Control,1.73
31-9099.01,Sincerity,1.87
31-9099.01,Social Orientation,2.24
31-9099.01,Stress Tolerance,1.52
31-9099.01,Tolerance for Ambiguity,0.97
31-9099.02,Achievement Orientation,1.18
31-9099.02,Adaptability,1.19
31-9099.02,Attention to Detail,2.67
31-9099.02,Cautiousness,2.39
31-9099.02,Cooperation,2.43
31-9099.02,Dependability,2.65
31-9099.02,Empathy,1.02
31-9099.02,Humility,0.78
31-9099.02,Initiative,0.8
31-9099.02,Innovation,-0.22
31-9099.02,Integrity,1.99
31-9099.02,Intellectual Curiosity,0.87
31-9099.02,Leadership Orientation,-0.19
31-9099.02,Optimism,0.93
31-9099.02,Perseverance,1.18
31-9099.02,Self-Confidence,0.97
31-9099.02,Self-Control,1.77
31-9099.02,Sincerity,1.19
31-9099.02,Social Orientation,1.15
31-9099.02,Stress Tolerance,1.8
31-9099.02,Tolerance for Ambiguity,-0.3
33-1011.00,Achievement Orientation,1.45
33-1011.00,Adaptability,1.32
33-1011.00,Attention to Detail,2.19
33-1011.00,Cautiousness,2.62
33-1011.00,Cooperation,1.08
33-1011.00,Dependability,2.93
33-1011.00,Empathy,0.93
33-1011.00,Humility,0.47
33-1011.00,Initiative,0.97
33-1011.00,Innovation,-0.34
33-1011.00,Integrity,2.93
33-1011.00,Intellectual Curiosity,0.43
33-1011.00,Leadership Orientation,2.55
33-1011.00,Optimism,0.74
33-1011.00,Perseverance,2.04
33-1011.00,Self-Confidence,2.05
33-1011.00,Self-Control,2.63
33-1011.00,Sincerity,0.9
33-1011.00,Social Orientation,1.13
33-1011.00,Stress Tolerance,3.0
33-1011.00,Tolerance for Ambiguity,0.89
33-1012.00,Achievement Orientation,1.8
33-1012.00,Adaptability,2.17
33-1012.00,Attention to Detail,2.37
33-1012.00,Cautiousness,2.39
33-1012.00,Cooperation,2.07
33-1012.00,Dependability,2.93
33-1012.00,Empathy,1.54
33-1012.00,Humility,0.4
33-1012.00,Initiative,1.93
33-1012.00,Innovation,0.58
33-1012.00,Integrity,2.93
33-1012.00,Intellectual Curiosity,1.05
33-1012.00,Leadership Orientation,3.0
33-1012.00,Optimism,1.04
33-1012.00,Perseverance,2.23
33-1012.00,Self-Confidence,2.09
33-1012.00,Self-Control,2.63
33-1012.00,Sincerity,1.55
33-1012.00,Social Orientation,1.7
33-1012.00,Stress Tolerance,2.67
33-1012.00,Tolerance for Ambiguity,1.33
33-1021.00,Achievement Orientation,2.01
33-1021.00,Adaptability,2.51
33-1021.00,Attention to Detail,2.02
33-1021.00,Cautiousness,1.82
33-1021.00,Cooperation,2.69
33-1021.00,Dependability,2.93
33-1021.00,Empathy,1.48
33-1021.00,Humility,0.34
33-1021.00,Initiative,2.11
33-1021.00,Innovation,0.94
33-1021.00,Integrity,2.43
33-1021.00,Intellectual Curiosity,1.17
33-1021.00,Leadership Orientation,3.0
33-1021.00,Optimism,1.46
33-1021.00,Perseverance,2.38
33-1021.00,Self-Confidence,2.36
33-1021.00,Self-Control,2.63
33-1021.00,Sincerity,1.49
33-1021.00,Social Orientation,1.92
33-1021.00,Stress Tolerance,3.0
33-1021.00,Tolerance for Ambiguity,1.66
33-1091.00,Achievement Orientation,1.55
33-1091.00,Adaptability,1.54
33-1091.00,Attention to Detail,2.05
33-1091.00,Cautiousness,2.47
33-1091.00,Cooperation,1.84
33-1091.00,Dependability,2.93
33-1091.00,Empathy,1.25
33-1091.00,Humility,0.4
33-1091.00,Initiative,1.59
33-1091.00,Innovation,0.07
33-1091.00,Integrity,2.93
33-1091.00,Intellectual Curiosity,0.47
33-1091.00,Leadership Orientation,2.52
33-1091.00,Optimism,0.9
33-1091.00,Perseverance,1.97
33-1091.00,Self-Confidence,1.76
33-1091.00,Self-Control,2.42
33-1091.00,Sincerity,1.19
33-1091.00,Social Orientation,1.52
33-1091.00,Stress Tolerance,2.21
33-1091.00,Tolerance for Ambiguity,1.16
33-2011.00,Achievement Orientation,1.83
33-2011.00,Adaptability,2.6
33-2011.00,Attention to Detail,1.89
33-2011.00,Cautiousness,1.09
33-2011.00,Cooperation,2.82
33-2011.00,Dependability,2.93
33-2011.00,Empathy,1.38
33-2011.00,Humility,1.15
33-2011.00,Initiative,2.11
33-2011.00,Innovation,0.46
33-2011.00,Integrity,2.55
33-2011.00,Intellectual Curiosity,0.76
33-2011.00,Leadership Orientation,1.92
33-2011.00,Optimism,1.39
33-2011.00,Perseverance,2.5
33-2011.00,Self-Confidence,2.32
33-2011.00,Self-Control,3.0
33-2011.00,Sincerity,1.69
33-2011.00,Social Orientation,1.33
33-2011.00,Stress Tolerance,3.0
33-2011.00,Tolerance for Ambiguity,1.41
33-2021.00,Achievement Orientation,1.83
33-2021.00,Adaptability,1.61
33-2021.00,Attention to Detail,2.77
33-2021.00,Cautiousness,2.62
33-2021.00,Cooperation,1.6
33-2021.00,Dependability,2.65
33-2021.00,Empathy,0.86
33-2021.00,Humility,0.29
33-2021.00,Initiative,1.62
33-2021.00,Innovation,0.42
33-2021.00,Integrity,2.93
33-2021.00,Intellectual Curiosity,1.71
33-2021.00,Leadership Orientation,1.42
33-2021.00,Optimism,0.56
33-2021.00,Perseverance,1.94
33-2021.00,Self-Confidence,1.7
33-2021.00,Self-Control,2.22
33-2021.00,Sincerity,1.41
33-2021.00,Social Orientation,0.99
33-2021.00,Stress Tolerance,2.13
33-2021.00,Tolerance for Ambiguity,1.26
33-2022.00,Achievement Orientation,1.89
33-2022.00,Adaptability,2.13
33-2022.00,Attention to Detail,2.25
33-2022.00,Cautiousness,2.43
33-2022.00,Cooperation,1.88
33-2022.00,Dependability,2.65
33-2022.00,Empathy,0.73
33-2022.00,Humility,0.15
33-2022.00,Initiative,1.72
33-2022.00,Innovation,0.56
33-2022.00,Integrity,2.32
33-2022.00,Intellectual Curiosity,0.76
33-2022.00,Leadership Orientation,2.28
33-2022.00,Optimism,0.56
33-2022.00,Perseverance,2.12
33-2022.00,Self-Confidence,1.8
33-2022.00,Self-Control,2.55
33-2022.00,Sincerity,0.94
33-2022.00,Social Orientation,0.9
33-2022.00,Stress Tolerance,2.63
33-2022.00,Tolerance for Ambiguity,1.33
33-3011.00,Achievement Orientation,0.77
33-3011.00,Adaptability,1.08
33-3011.00,Attention to Detail,1.94
33-3011.00,Cautiousness,2.58
33-3011.00,Cooperation,1.03
33-3011.00,Dependability,2.65
33-3011.00,Empathy,0.71
33-3011.00,Humility,-0.06
33-3011.00,Initiative,0.43
33-3011.00,Innovation,-0.64
33-3011.00,Integrity,2.93
33-3011.00,Intellectual Curiosity,0.07
33-3011.00,Leadership Orientation,1.06
33-3011.00,Optimism,0.61
33-3011.00,Perseverance,1.7
33-3011.00,Self-Confidence,1.5
33-3011.00,Self-Control,2.5
33-3011.00,Sincerity,0.84
33-3011.00,Social Orientation,0.77
33-3011.00,Stress Tolerance,2.28
33-3011.00,Tolerance for Ambiguity,-0.25
33-3012.00,Achievement Orientation,0.77
33-3012.00,Adaptability,1.02
33-3012.00,Attention to Detail,2.16
33-3012.00,Cautiousness,2.5
33-3012.00,Cooperation,0.53
33-3012.00,Dependability,2.74
33-3012.00,Empathy,0.62
33-3012.00,Humility,-0.43
33-3012.00,Initiative,0.35
33-3012.00,Innovation,-0.66
33-3012.00,Integrity,2.93
33-3012.00,Intellectual Curiosity,-0.06
33-3012.00,Leadership Orientation,1.16
33-3012.00,Optimism,0.45
33-3012.00,Perseverance,2.01
33-3012.00,Self-Confidence,1.5
33-3012.00,Self-Control,2.59
33-3012.00,Sincerity,0.57
33-3012.00,Social Orientation,0.43
33-3012.00,Stress Tolerance,3.0
33-3012.00,Tolerance for Ambiguity,-0.84
33-3021.00,Achievement Orientation,2.01
33-3021.00,Adaptability,2.3
33-3021.00,Attention to Detail,2.67
33-3021.00,Cautiousness,2.47
33-3021.00,Cooperation,1.08
33-3021.00,Dependability,2.93
33-3021.00,Empathy,1.07
33-3021.00,Humility,0.12
33-3021.00,Initiative,2.03
33-3021.00,Innovation,1.2
33-3021.00,Integrity,2.93
33-3021.00,Intellectual Curiosity,2.08
33-3021.00,Leadership Orientation,1.67
33-3021.00,Optimism,0.5
33-3021.00,Perseverance,2.46
33-3021.00,Self-Confidence,1.98
33-3021.00,Self-Control,2.38
33-3021.00,Sincerity,0.35
33-3021.00,Social Orientation,1.31
33-3021.00,Stress Tolerance,3.0
33-3021.00,Tolerance for Ambiguity,1.85
33-3021.02,Achievement Orientation,1.15
33-3021.02,Adaptability,1.75
33-3021.02,Attention to Detail,3.0
33-3021.02,Cautiousness,2.62
33-3021.02,Cooperation,1.57
33-3021.02,Dependability,2.65
33-3021.02,Empathy,0.54
33-3021.02,Humility,0.5
33-3021.02,Initiative,1.26
33-3021.02,Innovation,0.89
33-3021.02,Integrity,2.93
33-3021.02,Intellectual Curiosity,1.71
33-3021.02,Leadership Orientation,0.69
33-3021.02,Optimism,0.54
33-3021.02,Perseverance,2.15
33-3021.02,Self-Confidence,1.5
33-3021.02,Self-Control,2.63
33-3021.02,Sincerity,1.49
33-3021.02,Social Orientation,0.65
33-3021.02,Stress Tolerance,2.47
33-3021.02,Tolerance for Ambiguity,1.14
33-3021.06,Achievement Orientation,2.14
33-3021.06,Adaptability,2.17
33-3021.06,Attention to Detail,2.77
33-3021.06,Cautiousness,2.5
33-3021.06,Cooperation,1.03
33-3021.06,Dependability,2.65
33-3021.06,Empathy,0.28
33-3021.06,Humility,0.42
33-3021.06,Initiative,1.79
33-3021.06,Innovation,1.58
33-3021.06,Integrity,2.93
33-3021.06,Intellectual Curiosity,2.28
33-3021.06,Leadership Orientation,0.78
33-3021.06,Optimism,-0.09
33-3021.06,Perseverance,2.12
33-3021.06,Self-Confidence,1.54
33-3021.06,Self-Control,1.5
33-3021.06,Sincerity,0.32
33-3021.06,Social Orientation,0.56
33-3021.06,Stress Tolerance,1.67
33-3021.06,Tolerance for Ambiguity,2.08
33-3031.00,Achievement Orientation,1.55
33-3031.00,Adaptability,2.05
33-3031.00,Attention to Detail,1.92
33-3031.00,Cautiousness,2.21
33-3031.00,Cooperation,1.17
33-3031.00,Dependability,2.62
33-3031.00,Empathy,1.12
33-3031.00,Humility,0.64
33-3031.00,Initiative,1.93
33-3031.00,Innovation,0.67
33-3031.00,Integrity,2.93
33-3031.00,Intellectual Curiosity,0.87
33-3031.00,Leadership Orientation,1.75
33-3031.00,Optimism,0.82
33-3031.00,Perseverance,2.04
33-3031.00,Self-Confidence,1.7
33-3031.00,Self-Control,2.38
33-3031.00,Sincerity,1.28
33-3031.00,Social Orientation,1.04
33-3031.00,Stress Tolerance,2.24
33-3031.00,Tolerance for Ambiguity,1.24
33-3041.00,Achievement Orientation,0.32
33-3041.00,Adaptability,0.38
33-3041.00,Attention to Detail,2.02
33-3041.00,Cautiousness,1.11
33-3041.00,Cooperation,0.2
33-3041.00,Dependability,2.16
33-3041.00,Empathy,-0.25
33-3041.00,Humility,-0.56
33-3041.00,Initiative,0.28
33-3041.00,Innovation,-0.66
33-3041.00,Integrity,1.79
33-3041.00,Intellectual Curiosity,-0.3
33-3041.00,Leadership Orientation,-0.05
33-3041.00,Optimism,0.36
33-3041.00,Perseverance,1.02
33-3041.00,Self-Confidence,1.1
33-3041.00,Self-Control,1.84
33-3041.00,Sincerity,0.14
33-3041.00,Social Orientation,0.61
33-3041.00,Stress Tolerance,1.46
33-3041.00,Tolerance for Ambiguity,-0.3
33-3051.00,Achievement Orientation,1.66
33-3051.00,Adaptability,2.3
33-3051.00,Attention to Detail,2.16
33-3051.00,Cautiousness,2.32
33-3051.00,Cooperation,1.7
33-3051.00,Dependability,2.93
33-3051.00,Empathy,1.54
33-3051.00,Humility,0.7
33-3051.00,Initiative,1.93
33-3051.00,Innovation,0.02
33-3051.00,Integrity,2.93
33-3051.00,Intellectual Curiosity,0.43
33-3051.00,Leadership Orientation,1.98
33-3051.00,Optimism,0.93
33-3051.00,Perseverance,2.19
33-3051.00,Self-Confidence,2.2
33-3051.00,Self-Control,2.63
33-3051.00,Sincerity,1.81
33-3051.00,Social Orientation,1.4
33-3051.00,Stress Tolerance,3.0
33-3051.00,Tolerance for Ambiguity,1.2
33-3051.04,Achievement Orientation,1.71
33-3051.04,Adaptability,1.75
33-3051.04,Attention to Detail,2.63
33-3051.04,Cautiousness,2.58
33-3051.04,Cooperation,0.78
33-3051.04,Dependability,2.65
33-3051.04,Empathy,0.64
33-3051.04,Humility,-0.35
33-3051.04,Initiative,1.02
33-3051.04,Innovation,-0.37
33-3051.04,Integrity,2.93
33-3051.04,Intellectual Curiosity,0.81
33-3051.04,Leadership Orientation,1.64
33-3051.04,Optimism,0.45
33-3051.04,Perseverance,2.04
33-3051.04,Self-Confidence,1.83
33-3051.04,Self-Control,2.5
33-3051.04,Sincerity,0.57
33-3051.04,Social Orientation,1.2
33-3051.04,Stress Tolerance,2.55
33-3051.04,Tolerance for Ambiguity,1.2
33-3052.00,Achievement Orientation,1.27
33-3052.00,Adaptability,2.02
33-3052.00,Attention to Detail,2.08
33-3052.00,Cautiousness,2.43
33-3052.00,Cooperation,1.2
33-3052.00,Dependability,2.93
33-3052.00,Empathy,1.43
33-3052.00,Humility,-0.23
33-3052.00,Initiative,1.5
33-3052.00,Innovation,-0.35
33-3052.00,Integrity,2.89
33-3052.00,Intellectual Curiosity,0.45
33-3052.00,Leadership Orientation,1.89
33-3052.00,Optimism,0.74
33-3052.00,Perseverance,1.97
33-3052.00,Self-Confidence,1.76
33-3052.00,Self-Control,2.55
33-3052.00,Sincerity,1.28
33-3052.00,Social Orientation,1.13
33-3052.00,Stress Tolerance,2.93
33-3052.00,Tolerance for Ambiguity,1.12
33-9011.00,Achievement Orientation,0.89
33-9011.00,Adaptability,1.61
33-9011.00,Attention to Detail,2.0
33-9011.00,Cautiousness,1.69
33-9011.00,Cooperation,1.77
33-9011.00,Dependability,2.41
33-9011.00,Empathy,1.71
33-9011.00,Humility,0.9
33-9011.00,Initiative,1.26
33-9011.00,Innovation,0.09
33-9011.00,Integrity,2.1
33-9011.00,Intellectual Curiosity,0.45
33-9011.00,Leadership Orientation,0.98
33-9011.00,Optimism,0.95
33-9011.00,Perseverance,1.94
33-9011.00,Self-Confidence,1.35
33-9011.00,Self-Control,2.18
33-9011.00,Sincerity,1.44
33-9011.00,Social Orientation,1.15
33-9011.00,Stress Tolerance,2.36
33-9011.00,Tolerance for Ambiguity,1.26
33-9021.00,Achievement Orientation,2.01
33-9021.00,Adaptability,1.79
33-9021.00,Attention to Detail,2.57
33-9021.00,Cautiousness,1.86
33-9021.00,Cooperation,0.06
33-9021.00,Dependability,2.59
33-9021.00,Empathy,0.39
33-9021.00,Humility,0.2
33-9021.00,Initiative,1.96
33-9021.00,Innovation,1.3
33-9021.00,Integrity,2.89
33-9021.00,Intellectual Curiosity,1.93
33-9021.00,Leadership Orientation,0.71
33-9021.00,Optimism,0.15
33-9021.00,Perseverance,2.19
33-9021.00,Self-Confidence,1.98
33-9021.00,Self-Control,2.34
33-9021.00,Sincerity,0.15
33-9021.00,Social Orientation,0.59
33-9021.00,Stress Tolerance,2.13
33-9021.00,Tolerance for Ambiguity,1.91
33-9031.00,Achievement Orientation,0.89
33-9031.00,Adaptability,1.02
33-9031.00,Attention to Detail,2.67
33-9031.00,Cautiousness,2.54
33-9031.00,Cooperation,0.5
33-9031.00,Dependability,2.65
33-9031.00,Empathy,-0.33
33-9031.00,Humility,-0.5
33-9031.00,Initiative,0.28
33-9031.00,Innovation,-0.57
33-9031.00,Integrity,2.93
33-9031.00,Intellectual Curiosity,0.56
33-9031.00,Leadership Orientation,-0.07
33-9031.00,Optimism,-0.34
33-9031.00,Perseverance,1.55
33-9031.00,Self-Confidence,1.1
33-9031.00,Self-Control,2.22
33-9031.00,Sincerity,-0.2
33-9031.00,Social Orientation,0.97
33-9031.00,Stress Tolerance,1.99
33-9031.00,Tolerance for Ambiguity,1.29
33-9032.00,Achievement Orientation,0.71
33-9032.00,Adaptability,0.46
33-9032.00,Attention to Detail,1.79
33-9032.00,Cautiousness,2.58
33-9032.00,Cooperation,1.26
33-9032.00,Dependability,2.93
33-9032.00,Empathy,0.88
33-9032.00,Humility,-0.59
33-9032.00,Initiative,0.9
33-9032.00,Innovation,-0.69
33-9032.00,Integrity,2.93
33-9032.00,Intellectual Curiosity,-0.12
33-9032.00,Leadership Orientation,0.61
33-9032.00,Optimism,0.82
33-9032.00,Perseverance,1.9
33-9032.00,Self-Confidence,1.26
33-9032.00,Self-Control,2.38
33-9032.00,Sincerity,1.14
33-9032.00,Social Orientation,0.9
33-9032.00,Stress Tolerance,2.21
33-9032.00,Tolerance for Ambiguity,0.45
33-9091.00,Achievement Orientation,0.2
33-9091.00,Adaptability,0.36
33-9091.00,Attention to Detail,1.79
33-9091.00,Cautiousness,2.62
33-9091.00,Cooperation,2.03
33-9091.00,Dependability,2.65
33-9091.00,Empathy,1.54
33-9091.00,Humility,0.42
33-9091.00,Initiative,0.36
33-9091.00,Innovation,-0.71
33-9091.00,Integrity,1.89
33-9091.00,Intellectual Curiosity,-0.29
33-9091.00,Leadership Orientation,1.06
33-9091.00,Optimism,1.36
33-9091.00,Perseverance,0.88
33-9091.00,Self-Confidence,1.26
33-9091.00,Self-Control,1.73
33-9091.00,Sincerity,1.33
33-9091.00,Social Orientation,1.36
33-9091.00,Stress Tolerance,1.55
33-9091.00,Tolerance for Ambiguity,-0.48
33-9092.00,Achievement Orientation,0.8
33-9092.00,Adaptability,1.79
33-9092.00,Attention to Detail,1.76
33-9092.00,Cautiousness,2.24
33-9092.00,Cooperation,2.3
33-9092.00,Dependability,2.65
33-9092.00,Empathy,1.8
33-9092.00,Humility,0.84
33-9092.00,Initiative,1.26
33-9092.00,Innovation,-0.39
33-9092.00,Integrity,2.13
33-9092.00,Intellectual Curiosity,0.33
33-9092.00,Leadership Orientation,1.53
33-9092.00,Optimism,1.49
33-9092.00,Perseverance,1.97
33-9092.00,Self-Confidence,1.6
33-9092.00,Self-Control,2.63
33-9092.00,Sincerity,1.55
33-9092.00,Social Orientation,1.11
33-9092.00,Stress Tolerance,2.51
33-9092.00,Tolerance for Ambiguity,1.04
33-9093.00,Achievement Orientation,0.73
33-9093.00,Adaptability,1.26
33-9093.00,Attention to Detail,2.77
33-9093.00,Cautiousness,2.62
33-9093.00,Cooperation,1.53
33-9093.00,Dependability,2.65
33-9093.00,Empathy,0.91
33-9093.00,Humility,-0.1
33-9093.00,Initiative,0.38
33-9093.00,Innovation,-0.68
33-9093.00,Integrity,2.55
33-9093.00,Intellectual Curiosity,-0.14
33-9093.00,Leadership Orientation,-0.02
33-9093.00,Optimism,0.71
33-9093.00,Perseverance,1.4
33-9093.00,Self-Confidence,1.21
33-9093.00,Self-Control,2.38
33-9093.00,Sincerity,0.84
33-9093.00,Social Orientation,0.97
33-9093.00,Stress Tolerance,2.17
33-9093.00,Tolerance for Ambiguity,0.72
33-9094.00,Achievement Orientation,0.54
33-9094.00,Adaptability,0.99
33-9094.00,Attention to Detail,1.74
33-9094.00,Cautiousness,2.14
33-9094.00,Cooperation,2.34
33-9094.00,Dependability,2.65
33-9094.00,Empathy,2.17
33-9094.00,Humility,1.22
33-9094.00,Initiative,0.67
33-9094.00,Innovation,-0.54
33-9094.00,Integrity,2.32
33-9094.00,Intellectual Curiosity,-0.36
33-9094.00,Leadership Orientation,1.31
33-9094.00,Optimism,2.02
33-9094.00,Perseverance,1.46
33-9094.00,Self-Confidence,1.05
33-9094.00,Self-Control,2.3
33-9094.00,Sincerity,1.72
33-9094.00,Social Orientation,2.2
33-9094.00,Stress Tolerance,2.03
33-9094.00,Tolerance for Ambiguity,0.06
33-9099.02,Achievement Orientation,1.89
33-9099.02,Adaptability,1.51
33-9099.02,Attention to Detail,2.53
33-9099.02,Cautiousness,2.47
33-9099.02,Cooperation,0.5
33-9099.02,Dependability,2.65
33-9099.02,Empathy,-0.37
33-9099.02,Humility,-0.59
33-9099.02,Initiative,1.82
33-9099.02,Innovation,0.42
33-9099.02,Integrity,2.93
33-9099.02,Intellectual Curiosity,0.92
33-9099.02,Leadership Orientation,1.24
33-9099.02,Optimism,-0.14
33-9099.02,Perseverance,1.97
33-9099.02,Self-Confidence,1.73
33-9099.02,Self-Control,2.38
33-9099.02,Sincerity,-0.06
33-9099.02,Social Orientation,0.45
33-9099.02,Stress Tolerance,2.1
33-9099.02,Tolerance for Ambiguity,0.7
35-1011.00,Achievement Orientation,1.95
35-1011.00,Adaptability,1.86
35-1011.00,Attention to Detail,2.5
35-1011.00,Cautiousness,1.47
35-1011.00,Cooperation,1.88
35-1011.00,Dependability,2.65
35-1011.00,Empathy,0.67
35-1011.00,Humility,0.29
35-1011.00,Initiative,1.89
35-1011.00,Innovation,1.97
35-1011.00,Integrity,1.82
35-1011.00,Intellectual Curiosity,1.35
35-1011.00,Leadership Orientation,2.58
35-1011.00,Optimism,1.26
35-1011.00,Perseverance,1.7
35-1011.00,Self-Confidence,1.8
35-1011.00,Self-Control,1.95
35-1011.00,Sincerity,0.76
35-1011.00,Social Orientation,1.7
35-1011.00,Stress Tolerance,2.13
35-1011.00,Tolerance for Ambiguity,1.26
35-1012.00,Achievement Orientation,1.42
35-1012.00,Adaptability,1.41
35-1012.00,Attention to Detail,1.97
35-1012.00,Cautiousness,1.2
35-1012.00,Cooperation,2.26
35-1012.00,Dependability,2.56
35-1012.00,Empathy,1.27
35-1012.00,Humility,0.96
35-1012.00,Initiative,1.5
35-1012.00,Innovation,0.7
35-1012.00,Integrity,1.92
35-1012.00,Intellectual Curiosity,0.35
35-1012.00,Leadership Orientation,2.49
35-1012.00,Optimism,1.49
35-1012.00,Perseverance,1.58
35-1012.00,Self-Confidence,1.63
35-1012.00,Self-Control,1.91
35-1012.00,Sincerity,1.0
35-1012.00,Social Orientation,2.13
35-1012.00,Stress Tolerance,1.99
35-1012.00,Tolerance for Ambiguity,0.66
35-2011.00,Achievement Orientation,0.54
35-2011.00,Adaptability,0.48
35-2011.00,Attention to Detail,1.38
35-2011.00,Cautiousness,0.55
35-2011.00,Cooperation,1.14
35-2011.00,Dependability,2.06
35-2011.00,Empathy,0.05
35-2011.00,Humility,0.12
35-2011.00,Initiative,0.16
35-2011.00,Innovation,-0.68
35-2011.00,Integrity,0.7
35-2011.00,Intellectual Curiosity,-0.2
35-2011.00,Leadership Orientation,-0.71
35-2011.00,Optimism,0.98
35-2011.00,Perseverance,0.77
35-2011.00,Self-Confidence,0.3
35-2011.00,Self-Control,1.05
35-2011.00,Sincerity,0.16
35-2011.00,Social Orientation,0.36
35-2011.00,Stress Tolerance,1.29
35-2011.00,Tolerance for Ambiguity,-0.75
35-2012.00,Achievement Orientation,0.87
35-2012.00,Adaptability,0.76
35-2012.00,Attention to Detail,2.08
35-2012.00,Cautiousness,1.5
35-2012.00,Cooperation,1.57
35-2012.00,Dependability,2.65
35-2012.00,Empathy,0.37
35-2012.00,Humility,0.56
35-2012.00,Initiative,0.72
35-2012.00,Innovation,-0.06
35-2012.00,Integrity,1.37
35-2012.00,Intellectual Curiosity,0.22
35-2012.00,Leadership Orientation,0.83
35-2012.00,Optimism,0.98
35-2012.00,Perseverance,0.9
35-2012.00,Self-Confidence,0.52
35-2012.00,Self-Control,1.4
35-2012.00,Sincerity,0.44
35-2012.00,Social Orientation,0.45
35-2012.00,Stress Tolerance,1.49
35-2012.00,Tolerance for Ambiguity,-0.34
35-2013.00,Achievement Orientation,0.8
35-2013.00,Adaptability,1.54
35-2013.00,Attention to Detail,2.11
35-2013.00,Cautiousness,0.72
35-2013.00,Cooperation,1.63
35-2013.00,Dependability,2.59
35-2013.00,Empathy,1.0
35-2013.00,Humility,0.93
35-2013.00,Initiative,1.26
35-2013.00,Innovation,1.86
35-2013.00,Integrity,1.79
35-2013.00,Intellectual Curiosity,1.0
35-2013.00,Leadership Orientation,0.69
35-2013.00,Optimism,1.36
35-2013.00,Perseverance,0.77
35-2013.00,Self-Confidence,1.21
35-2013.00,Self-Control,1.66
35-2013.00,Sincerity,1.26
35-2013.00,Social Orientation,0.81
35-2013.00,Stress Tolerance,1.38
35-2013.00,Tolerance for Ambiguity,0.99
35-2014.00,Achievement Orientation,1.25
35-2014.00,Adaptability,1.29
35-2014.00,Attention to Detail,2.02
35-2014.00,Cautiousness,1.29
35-2014.00,Cooperation,1.63
35-2014.00,Dependability,2.41
35-2014.00,Empathy,0.18
35-2014.00,Humility,0.61
35-2014.00,Initiative,1.26
35-2014.00,Innovation,1.15
35-2014.00,Integrity,1.21
35-2014.00,Intellectual Curiosity,0.43
35-2014.00,Leadership Orientation,-0.26
35-2014.00,Optimism,1.01
35-2014.00,Perseverance,1.46
35-2014.00,Self-Confidence,0.97
35-2014.00,Self-Control,1.31
35-2014.00,Sincerity,0.22
35-2014.00,Social Orientation,0.68
35-2014.00,Stress Tolerance,1.55
35-2014.00,Tolerance for Ambiguity,0.62
35-2015.00,Achievement Orientation,0.75
35-2015.00,Adaptability,1.11
35-2015.00,Attention to Detail,1.6
35-2015.00,Cautiousness,0.5
35-2015.00,Cooperation,1.28
35-2015.00,Dependability,2.11
35-2015.00,Empathy,0.15
35-2015.00,Humility,0.4
35-2015.00,Initiative,0.72
35-2015.00,Innovation,-0.08
35-2015.00,Integrity,0.8
35-2015.00,Intellectual Curiosity,-0.02
35-2015.00,Leadership Orientation,-0.3
35-2015.00,Optimism,1.16
35-2015.00,Perseverance,0.95
35-2015.00,Self-Confidence,0.69
35-2015.00,Self-Control,1.47
35-2015.00,Sincerity,0.33
35-2015.00,Social Orientation,1.27
35-2015.00,Stress Tolerance,1.8
35-2015.00,Tolerance for Ambiguity,-0.36
35-2021.00,Achievement Orientation,0.49
35-2021.00,Adaptability,0.53
35-2021.00,Attention to Detail,1.84
35-2021.00,Cautiousness,1.2
35-2021.00,Cooperation,1.0
35-2021.00,Dependability,2.14
35-2021.00,Empathy,0.02
35-2021.00,Humility,0.56
35-2021.00,Initiative,0.38
35-2021.00,Innovation,-0.43
35-2021.00,Integrity,0.74
35-2021.00,Intellectual Curiosity,-0.36
35-2021.00,Leadership Orientation,-0.52
35-2021.00,Optimism,0.56
35-2021.00,Perseverance,0.59
35-2021.00,Self-Confidence,0.07
35-2021.00,Self-Control,0.87
35-2021.00,Sincerity,0.29
35-2021.00,Social Orientation,0.13
35-2021.00,Stress Tolerance,0.97
35-2021.00,Tolerance for Ambiguity,-0.46
35-3011.00,Achievement Orientation,0.71
35-3011.00,Adaptability,1.54
35-3011.00,Attention to Detail,1.64
35-3011.00,Cautiousness,1.23
35-3011.00,Cooperation,1.84
35-3011.00,Dependability,2.14
35-3011.00,Empathy,1.38
35-3011.00,Humility,0.67
35-3011.00,Initiative,1.15
35-3011.00,Innovation,1.07
35-3011.00,Integrity,1.89
35-3011.00,Intellectual Curiosity,0.29
35-3011.00,Leadership Orientation,1.11
35-3011.00,Optimism,1.94
35-3011.00,Perseverance,0.95
35-3011.00,Self-Confidence,1.26
35-3011.00,Self-Control,2.02
35-3011.00,Sincerity,1.05
35-3011.00,Social Orientation,2.38
35-3011.00,Stress Tolerance,1.96
35-3011.00,Tolerance for Ambiguity,0.85
35-3023.00,Achievement Orientation,0.38
35-3023.00,Adaptability,0.64
35-3023.00,Attention to Detail,1.26
35-3023.00,Cautiousness,0.04
35-3023.00,Cooperation,1.84
35-3023.00,Dependability,2.06
35-3023.00,Empathy,1.17
35-3023.00,Humility,0.78
35-3023.00,Initiative,0.4
35-3023.00,Innovation,-0.48
35-3023.00,Integrity,1.18
35-3023.00,Intellectual Curiosity,-0.33
35-3023.00,Leadership Orientation,-0.32
35-3023.00,Optimism,1.46
35-3023.00,Perseverance,0.75
35-3023.00,Self-Confidence,0.34
35-3023.00,Self-Control,1.25
35-3023.00,Sincerity,0.84
35-3023.00,Social Orientation,1.74
35-3023.00,Stress Tolerance,1.24
35-3023.00,Tolerance for Ambiguity,-0.5
35-3023.01,Achievement Orientation,0.71
35-3023.01,Adaptability,1.17
35-3023.01,Attention to Detail,1.64
35-3023.01,Cautiousness,0.45
35-3023.01,Cooperation,2.07
35-3023.01,Dependability,2.08
35-3023.01,Empathy,1.32
35-3023.01,Humility,1.12
35-3023.01,Initiative,0.85
35-3023.01,Innovation,0.33
35-3023.01,Integrity,1.18
35-3023.01,Intellectual Curiosity,0.06
35-3023.01,Leadership Orientation,-0.19
35-3023.01,Optimism,1.74
35-3023.01,Perseverance,0.77
35-3023.01,Self-Confidence,0.69
35-3023.01,Self-Control,1.5
35-3023.01,Sincerity,1.21
35-3023.01,Social Orientation,2.2
35-3023.01,Stress Tolerance,1.24
35-3023.01,Tolerance for Ambiguity,0.18
35-3031.00,Achievement Orientation,0.86
35-3031.00,Adaptability,1.35
35-3031.00,Attention to Detail,1.53
35-3031.00,Cautiousness,0.41
35-3031.00,Cooperation,2.38
35-3031.00,Dependability,2.14
35-3031.00,Empathy,1.89
35-3031.00,Humility,1.28
35-3031.00,Initiative,1.1
35-3031.00,Innovation,0.0
35-3031.00,Integrity,1.51
35-3031.00,Intellectual Curiosity,0.0
35-3031.00,Leadership Orientation,0.1
35-3031.00,Optimism,2.02
35-3031.00,Perseverance,1.26
35-3031.00,Self-Confidence,1.24
35-3031.00,Self-Control,1.77
35-3031.00,Sincerity,1.14
35-3031.00,Social Orientation,2.47
35-3031.00,Stress Tolerance,1.67
35-3031.00,Tolerance for Ambiguity,0.62
35-3041.00,Achievement Orientation,0.51
35-3041.00,Adaptability,0.83
35-3041.00,Attention to Detail,2.02
35-3041.00,Cautiousness,0.95
35-3041.00,Cooperation,2.03
35-3041.00,Dependability,2.16
35-3041.00,Empathy,1.48
35-3041.00,Humility,0.99
35-3041.00,Initiative,0.61
35-3041.00,Innovation,-0.3
35-3041.00,Integrity,1.34
35-3041.00,Intellectual Curiosity,-0.32
35-3041.00,Leadership Orientation,-0.36
35-3041.00,Optimism,1.42
35-3041.00,Perseverance,0.84
35-3041.00,Self-Confidence,0.41
35-3041.00,Self-Control,1.25
35-3041.00,Sincerity,1.39
35-3041.00,Social Orientation,1.65
35-3041.00,Stress Tolerance,1.27
35-3041.00,Tolerance for Ambiguity,0.0
35-9011.00,Achievement Orientation,0.29
35-9011.00,Adaptability,0.62
35-9011.00,Attention to Detail,1.3
35-9011.00,Cautiousness,0.17
35-9011.00,Cooperation,2.14
35-9011.00,Dependability,2.06
35-9011.00,Empathy,0.6
35-9011.00,Humility,0.84
35-9011.00,Initiative,0.36
35-9011.00,Innovation,-0.35
35-9011.00,Integrity,0.62
35-9011.00,Intellectual Curiosity,-0.33
35-9011.00,Leadership Orientation,-0.56
35-9011.00,Optimism,1.36
35-9011.00,Perseverance,0.39
35-9011.00,Self-Confidence,0.15
35-9011.00,Self-Control,1.08
35-9011.00,Sincerity,0.7
35-9011.00,Social Orientation,1.47
35-9011.00,Stress Tolerance,1.02
35-9011.00,Tolerance for Ambiguity,-0.48
35-9021.00,Achievement Orientation,0.29
35-9021.00,Adaptability,-0.06
35-9021.00,Attention to Detail,1.34
35-9021.00,Cautiousness,0.15
35-9021.00,Cooperation,0.95
35-9021.00,Dependability,2.06
35-9021.00,Empathy,-0.1
35-9021.00,Humility,0.32
35-9021.00,Initiative,0.01
35-9021.00,Innovation,-0.59
35-9021.00,Integrity,0.17
35-9021.00,Intellectual Curiosity,-0.5
35-9021.00,Leadership Orientation,-0.68
35-9021.00,Optimism,0.45
35-9021.00,Perseverance,0.75
35-9021.00,Self-Confidence,-0.02
35-9021.00,Self-Control,0.55
35-9021.00,Sincerity,0.1
35-9021.00,Social Orientation,-0.25
35-9021.00,Stress Tolerance,0.8
35-9021.00,Tolerance for Ambiguity,-0.52
35-9031.00,Achievement Orientation,0.62
35-9031.00,Adaptability,1.14
35-9031.00,Attention to Detail,1.4
35-9031.00,Cautiousness,0.24
35-9031.00,Cooperation,2.51
35-9031.00,Dependability,2.06
35-9031.00,Empathy,1.83
35-9031.00,Humility,1.12
35-9031.00,Initiative,0.97
35-9031.00,Innovation,-0.47
35-9031.00,Integrity,1.06
35-9031.00,Intellectual Curiosity,-0.32
35-9031.00,Leadership Orientation,0.25
35-9031.00,Optimism,2.14
35-9031.00,Perseverance,0.55
35-9031.00,Self-Confidence,1.18
35-9031.00,Self-Control,1.63
35-9031.00,Sincerity,1.55
35-9031.00,Social Orientation,2.45
35-9031.00,Stress Tolerance,1.27
35-9031.00,Tolerance for Ambiguity,0.41
37-1011.00,Achievement Orientation,1.3
37-1011.00,Adaptability,1.11
37-1011.00,Attention to Detail,2.0
37-1011.00,Cautiousness,1.38
37-1011.00,Cooperation,1.88
37-1011.00,Dependability,2.62
37-1011.00,Empathy,1.25
37-1011.00,Humility,1.19
37-1011.00,Initiative,1.5
37-1011.00,Innovation,0.51
37-1011.00,Integrity,1.76
37-1011.00,Intellectual Curiosity,0.37
37-1011.00,Leadership Orientation,2.46
37-1011.00,Optimism,1.36
37-1011.00,Perseverance,1.49
37-1011.00,Self-Confidence,1.26
37-1011.00,Self-Control,1.7
37-1011.00,Sincerity,1.05
37-1011.00,Social Orientation,1.65
37-1011.00,Stress Tolerance,1.58
37-1011.00,Tolerance for Ambiguity,0.39
37-1012.00,Achievement Orientation,1.69
37-1012.00,Adaptability,1.38
37-1012.00,Attention to Detail,1.86
37-1012.00,Cautiousness,1.2
37-1012.00,Cooperation,1.88
37-1012.00,Dependability,2.56
37-1012.00,Empathy,0.86
37-1012.00,Humility,0.7
37-1012.00,Initiative,1.53
37-1012.00,Innovation,0.92
37-1012.00,Integrity,1.66
37-1012.00,Intellectual Curiosity,0.65
37-1012.00,Leadership Orientation,2.68
37-1012.00,Optimism,1.13
37-1012.00,Perseverance,1.74
37-1012.00,Self-Confidence,1.66
37-1012.00,Self-Control,1.7
37-1012.00,Sincerity,0.9
37-1012.00,Social Orientation,1.65
37-1012.00,Stress Tolerance,1.49
37-1012.00,Tolerance for Ambiguity,0.72
37-2011.00,Achievement Orientation,0.6
37-2011.00,Adaptability,0.11
37-2011.00,Attention to Detail,1.38
37-2011.00,Cautiousness,1.09
37-2011.00,Cooperation,0.85
37-2011.00,Dependability,2.14
37-2011.00,Empathy,0.07
37-2011.00,Humility,0.34
37-2011.00,Initiative,0.51
37-2011.00,Innovation,-0.45
37-2011.00,Integrity,0.96
37-2011.00,Intellectual Curiosity,-0.33
37-2011.00,Leadership Orientation,-0.47
37-2011.00,Optimism,0.59
37-2011.00,Perseverance,0.55
37-2011.00,Self-Confidence,0.12
37-2011.00,Self-Control,0.37
37-2011.00,Sincerity,0.36
37-2011.00,Social Orientation,-0.46
37-2011.00,Stress Tolerance,0.6
37-2011.00,Tolerance for Ambiguity,-0.44
37-2012.00,Achievement Orientation,0.41
37-2012.00,Adaptability,0.11
37-2012.00,Attention to Detail,1.74
37-2012.00,Cautiousness,0.24
37-2012.00,Cooperation,1.17
37-2012.00,Dependability,2.14
37-2012.00,Empathy,0.37
37-2012.00,Humility,0.87
37-2012.00,Initiative,0.35
37-2012.00,Innovation,-0.3
37-2012.00,Integrity,1.18
37-2012.00,Intellectual Curiosity,-0.47
37-2012.00,Leadership Orientation,-0.7
37-2012.00,Optimism,0.79
37-2012.00,Perseverance,0.73
37-2012.00,Self-Confidence,0.07
37-2012.00,Self-Control,0.31
37-2012.00,Sincerity,0.23
37-2012.00,Social Orientation,0.2
37-2012.00,Stress Tolerance,0.44
37-2012.00,Tolerance for Ambiguity,-0.67
37-2021.00,Achievement Orientation,0.95
37-2021.00,Adaptability,0.46
37-2021.00,Attention to Detail,2.11
37-2021.00,Cautiousness,2.06
37-2021.00,Cooperation,0.92
37-2021.00,Dependability,2.14
37-2021.00,Empathy,0.15
37-2021.00,Humility,-0.08
37-2021.00,Initiative,0.76
37-2021.00,Innovation,-0.02
37-2021.00,Integrity,1.54
37-2021.00,Intellectual Curiosity,0.43
37-2021.00,Leadership Orientation,0.21
37-2021.00,Optimism,0.59
37-2021.00,Perseverance,1.52
37-2021.00,Self-Confidence,0.32
37-2021.00,Self-Control,1.19
37-2021.00,Sincerity,0.57
37-2021.00,Social Orientation,0.59
37-2021.00,Stress Tolerance,1.19
37-2021.00,Tolerance for Ambiguity,0.37
37-3011.00,Achievement Orientation,0.65
37-3011.00,Adaptability,0.57
37-3011.00,Attention to Detail,1.3
37-3011.00,Cautiousness,1.11
37-3011.00,Cooperation,0.78
37-3011.00,Dependability,2.06
37-3011.00,Empathy,-0.1
37-3011.00,Humility,-0.14
37-3011.00,Initiative,0.65
37-3011.00,Innovation,0.19
37-3011.00,Integrity,0.82
37-3011.00,Intellectual Curiosity,-0.03
37-3011.00,Leadership Orientation,-0.3
37-3011.00,Optimism,0.36
37-3011.00,Perseverance,1.15
37-3011.00,Self-Confidence,0.43
37-3011.00,Self-Control,0.53
37-3011.00,Sincerity,0.16
37-3011.00,Social Orientation,-0.12
37-3011.00,Stress Tolerance,0.7
37-3011.00,Tolerance for Ambiguity,-0.44
37-3012.00,Achievement Orientation,1.03
37-3012.00,Adaptability,0.86
37-3012.00,Attention to Detail,2.22
37-3012.00,Cautiousness,2.58
37-3012.00,Cooperation,0.49
37-3012.00,Dependability,2.33
37-3012.00,Empathy,-0.18
37-3012.00,Humility,-0.14
37-3012.00,Initiative,0.61
37-3012.00,Innovation,0.49
37-3012.00,Integrity,1.73
37-3012.00,Intellectual Curiosity,0.62
37-3012.00,Leadership Orientation,-0.19
37-3012.00,Optimism,0.13
37-3012.00,Perseverance,1.18
37-3012.00,Self-Confidence,0.64
37-3012.00,Self-Control,0.9
37-3012.00,Sincerity,0.36
37-3012.00,Social Orientation,-0.39
37-3012.00,Stress Tolerance,1.24
37-3012.00,Tolerance for Ambiguity,-0.19
37-3013.00,Achievement Orientation,1.12
37-3013.00,Adaptability,1.0
37-3013.00,Attention to Detail,1.49
37-3013.00,Cautiousness,2.5
37-3013.00,Cooperation,1.23
37-3013.00,Dependability,2.47
37-3013.00,Empathy,-0.06
37-3013.00,Humility,-0.12
37-3013.00,Initiative,0.97
37-3013.00,Innovation,0.22
37-3013.00,Integrity,1.03
37-3013.00,Intellectual Curiosity,0.37
37-3013.00,Leadership Orientation,0.95
37-3013.00,Optimism,0.52
37-3013.00,Perseverance,2.01
37-3013.00,Self-Confidence,1.32
37-3013.00,Self-Control,1.31
37-3013.00,Sincerity,0.33
37-3013.00,Social Orientation,0.07
37-3013.00,Stress Tolerance,1.83
37-3013.00,Tolerance for Ambiguity,0.29
39-1013.00,Achievement Orientation,1.3
39-1013.00,Adaptability,1.61
39-1013.00,Attention to Detail,2.19
39-1013.00,Cautiousness,2.06
39-1013.00,Cooperation,1.88
39-1013.00,Dependability,2.59
39-1013.00,Empathy,1.07
39-1013.00,Humility,0.32
39-1013.00,Initiative,1.26
39-1013.00,Innovation,-0.35
39-1013.00,Integrity,2.47
39-1013.00,Intellectual Curiosity,0.41
39-1013.00,Leadership Orientation,2.43
39-1013.00,Optimism,1.26
39-1013.00,Perseverance,1.58
39-1013.00,Self-Confidence,1.76
39-1013.00,Self-Control,2.14
39-1013.00,Sincerity,0.84
39-1013.00,Social Orientation,2.13
39-1013.00,Stress Tolerance,2.1
39-1013.00,Tolerance for Ambiguity,1.12
39-1014.00,Achievement Orientation,1.63
39-1014.00,Adaptability,1.65
39-1014.00,Attention to Detail,1.6
39-1014.00,Cautiousness,1.0
39-1014.00,Cooperation,2.22
39-1014.00,Dependability,2.47
39-1014.00,Empathy,1.74
39-1014.00,Humility,0.87
39-1014.00,Initiative,1.69
39-1014.00,Innovation,1.15
39-1014.00,Integrity,1.57
39-1014.00,Intellectual Curiosity,0.62
39-1014.00,Leadership Orientation,2.8
39-1014.00,Optimism,1.9
39-1014.00,Perseverance,1.64
39-1014.00,Self-Confidence,1.66
39-1014.00,Self-Control,1.91
39-1014.00,Sincerity,1.44
39-1014.00,Social Orientation,2.26
39-1014.00,Stress Tolerance,1.49
39-1014.00,Tolerance for Ambiguity,1.16
39-1022.00,Achievement Orientation,1.7
39-1022.00,Adaptability,1.58
39-1022.00,Attention to Detail,1.75
39-1022.00,Cautiousness,1.17
39-1022.00,Cooperation,2.22
39-1022.00,Dependability,2.47
39-1022.00,Empathy,1.77
39-1022.00,Humility,1.12
39-1022.00,Initiative,1.53
39-1022.00,Innovation,0.65
39-1022.00,Integrity,1.96
39-1022.00,Intellectual Curiosity,0.51
39-1022.00,Leadership Orientation,2.58
39-1022.00,Optimism,1.78
39-1022.00,Perseverance,1.7
39-1022.00,Self-Confidence,1.66
39-1022.00,Self-Control,1.95
39-1022.00,Sincerity,1.44
39-1022.00,Social Orientation,2.24
39-1022.00,Stress Tolerance,1.73
39-1022.00,Tolerance for Ambiguity,1.1
39-2011.00,Achievement Orientation,1.55
39-2011.00,Adaptability,1.58
39-2011.00,Attention to Detail,1.94
39-2011.00,Cautiousness,1.26
39-2011.00,Cooperation,1.84
39-2011.00,Dependability,2.5
39-2011.00,Empathy,1.71
39-2011.00,Humility,1.06
39-2011.00,Initiative,1.44
39-2011.00,Innovation,0.99
39-2011.00,Integrity,1.54
39-2011.00,Intellectual Curiosity,0.84
39-2011.00,Leadership Orientation,0.9
39-2011.00,Optimism,1.67
39-2011.00,Perseverance,2.19
39-2011.00,Self-Confidence,1.47
39-2011.00,Self-Control,1.95
39-2011.00,Sincerity,1.55
39-2011.00,Social Orientation,1.18
39-2011.00,Stress Tolerance,1.58
39-2011.00,Tolerance for Ambiguity,1.33
39-2021.00,Achievement Orientation,0.75
39-2021.00,Adaptability,0.55
39-2021.00,Attention to Detail,1.94
39-2021.00,Cautiousness,1.53
39-2021.00,Cooperation,1.99
39-2021.00,Dependability,2.27
39-2021.00,Empathy,1.07
39-2021.00,Humility,1.12
39-2021.00,Initiative,1.07
39-2021.00,Innovation,-0.1
39-2021.00,Integrity,1.7
39-2021.00,Intellectual Curiosity,0.43
39-2021.00,Leadership Orientation,0.06
39-2021.00,Optimism,1.71
39-2021.00,Perseverance,1.61
39-2021.00,Self-Confidence,0.89
39-2021.00,Self-Control,1.53
39-2021.00,Sincerity,1.72
39-2021.00,Social Orientation,1.02
39-2021.00,Stress Tolerance,1.27
39-2021.00,Tolerance for Ambiguity,0.6
39-3011.00,Achievement Orientation,0.32
39-3011.00,Adaptability,0.69
39-3011.00,Attention to Detail,2.37
39-3011.00,Cautiousness,0.87
39-3011.00,Cooperation,1.57
39-3011.00,Dependability,2.3
39-3011.00,Empathy,0.75
39-3011.00,Humility,0.42
39-3011.00,Initiative,-0.26
39-3011.00,Innovation,-0.69
39-3011.00,Integrity,2.32
39-3011.00,Intellectual Curiosity,-0.29
39-3011.00,Leadership Orientation,-0.47
39-3011.00,Optimism,1.39
39-3011.00,Perseverance,0.29
39-3011.00,Self-Confidence,1.32
39-3011.00,Self-Control,1.98
39-3011.00,Sincerity,0.23
39-3011.00,Social Orientation,2.2
39-3011.00,Stress Tolerance,1.8
39-3011.00,Tolerance for Ambiguity,-0.44
39-3012.00,Achievement Orientation,0.22
39-3012.00,Adaptability,0.5
39-3012.00,Attention to Detail,2.25
39-3012.00,Cautiousness,1.23
39-3012.00,Cooperation,1.23
39-3012.00,Dependability,2.15
39-3012.00,Empathy,0.18
39-3012.00,Humility,0.12
39-3012.00,Initiative,-0.19
39-3012.00,Innovation,-0.68
39-3012.00,Integrity,2.21
39-3012.00,Intellectual Curiosity,-0.19
39-3012.00,Leadership Orientation,-0.63
39-3012.00,Optimism,0.74
39-3012.00,Perseverance,0.31
39-3012.00,Self-Confidence,0.71
39-3012.00,Self-Control,1.37
39-3012.00,Sincerity,0.33
39-3012.00,Social Orientation,1.36
39-3012.00,Stress Tolerance,1.4
39-3012.00,Tolerance for Ambiguity,-0.21
39-3021.00,Achievement Orientation,0.71
39-3021.00,Adaptability,0.11
39-3021.00,Attention to Detail,2.37
39-3021.00,Cautiousness,1.69
39-3021.00,Cooperation,0.09
39-3021.00,Dependability,2.41
39-3021.00,Empathy,-0.17
39-3021.00,Humility,-0.28
39-3021.00,Initiative,0.2
39-3021.00,Innovation,-0.48
39-3021.00,Integrity,0.7
39-3021.00,Intellectual Curiosity,0.29
39-3021.00,Leadership Orientation,-0.56
39-3021.00,Optimism,-0.14
39-3021.00,Perseverance,0.6
39-3021.00,Self-Confidence,0.39
39-3021.00,Self-Control,0.63
39-3021.00,Sincerity,0.04
39-3021.00,Social Orientation,-0.37
39-3021.00,Stress Tolerance,0.74
39-3021.00,Tolerance for Ambiguity,-0.38
39-3031.00,Achievement Orientation,0.26
39-3031.00,Adaptability,0.71
39-3031.00,Attention to Detail,1.26
39-3031.00,Cautiousness,0.64
39-3031.00,Cooperation,2.43
39-3031.00,Dependability,2.06
39-3031.00,Empathy,1.74
39-3031.00,Humility,1.15
39-3031.00,Initiative,0.59
39-3031.00,Innovation,-0.5
39-3031.00,Integrity,1.26
39-3031.00,Intellectual Curiosity,-0.33
39-3031.00,Leadership Orientation,0.16
39-3031.00,Optimism,1.94
39-3031.00,Perseverance,0.34
39-3031.00,Self-Confidence,0.64
39-3031.00,Self-Control,1.5
39-3031.00,Sincerity,1.39
39-3031.00,Social Orientation,2.15
39-3031.00,Stress Tolerance,0.97
39-3031.00,Tolerance for Ambiguity,0.39
39-3091.00,Achievement Orientation,0.29
39-3091.00,Adaptability,0.06
39-3091.00,Attention to Detail,1.36
39-3091.00,Cautiousness,1.2
39-3091.00,Cooperation,1.81
39-3091.00,Dependability,2.11
39-3091.00,Empathy,0.82
39-3091.00,Humility,0.72
39-3091.00,Initiative,0.23
39-3091.00,Innovation,-0.95
39-3091.00,Integrity,1.31
39-3091.00,Intellectual Curiosity,-0.4
39-3091.00,Leadership Orientation,0.38
39-3091.00,Optimism,1.67
39-3091.00,Perseverance,0.35
39-3091.00,Self-Confidence,0.71
39-3091.00,Self-Control,1.31
39-3091.00,Sincerity,0.84
39-3091.00,Social Orientation,1.11
39-3091.00,Stress Tolerance,0.97
39-3091.00,Tolerance for Ambiguity,-0.17
39-3092.00,Achievement Orientation,0.99
39-3092.00,Adaptability,1.61
39-3092.00,Attention to Detail,2.44
39-3092.00,Cautiousness,0.9
39-3092.00,Cooperation,2.1
39-3092.00,Dependability,2.36
39-3092.00,Empathy,1.05
39-3092.00,Humility,0.72
39-3092.00,Initiative,1.1
39-3092.00,Innovation,1.15
39-3092.00,Integrity,0.76
39-3092.00,Intellectual Curiosity,0.79
39-3092.00,Leadership Orientation,0.21
39-3092.00,Optimism,1.01
39-3092.00,Perseverance,1.18
39-3092.00,Self-Confidence,0.67
39-3092.00,Self-Control,1.05
39-3092.00,Sincerity,0.84
39-3092.00,Social Orientation,1.79
39-3092.00,Stress Tolerance,1.43
39-3092.00,Tolerance for Ambiguity,0.81
39-3093.00,Achievement Orientation,0.22
39-3093.00,Adaptability,0.21
39-3093.00,Attention to Detail,1.4
39-3093.00,Cautiousness,0.52
39-3093.00,Cooperation,1.7
39-3093.00,Dependability,2.01
39-3093.00,Empathy,0.91
39-3093.00,Humility,0.87
39-3093.00,Initiative,0.19
39-3093.00,Innovation,-0.28
39-3093.00,Integrity,1.48
39-3093.00,Intellectual Curiosity,-0.35
39-3093.00,Leadership Orientation,-0.47
39-3093.00,Optimism,1.36
39-3093.00,Perseverance,0.2
39-3093.00,Self-Confidence,0.15
39-3093.00,Self-Control,1.08
39-3093.00,Sincerity,0.96
39-3093.00,Social Orientation,1.02
39-3093.00,Stress Tolerance,0.48
39-3093.00,Tolerance for Ambiguity,-0.36
39-4011.00,Achievement Orientation,0.91
39-4011.00,Adaptability,0.57
39-4011.00,Attention to Detail,2.77
39-4011.00,Cautiousness,1.47
39-4011.00,Cooperation,1.47
39-4011.00,Dependability,2.59
39-4011.00,Empathy,1.4
39-4011.00,Humility,1.12
39-4011.00,Initiative,0.72
39-4011.00,Innovation,-0.22
39-4011.00,Integrity,2.1
39-4011.00,Intellectual Curiosity,0.29
39-4011.00,Leadership Orientation,0.59
39-4011.00,Optimism,0.69
39-4011.00,Perseverance,1.4
39-4011.00,Self-Confidence,0.03
39-4011.00,Self-Control,2.02
39-4011.00,Sincerity,1.63
39-4011.00,Social Orientation,0.31
39-4011.00,Stress Tolerance,2.06
39-4011.00,Tolerance for Ambiguity,-0.3
39-4012.00,Achievement Orientation,0.43
39-4012.00,Adaptability,0.38
39-4012.00,Attention to Detail,2.77
39-4012.00,Cautiousness,2.14
39-4012.00,Cooperation,1.44
39-4012.00,Dependability,2.65
39-4012.00,Empathy,1.98
39-4012.00,Humility,1.35
39-4012.00,Initiative,0.28
39-4012.00,Innovation,-0.57
39-4012.00,Integrity,2.55
39-4012.00,Intellectual Curiosity,-0.15
39-4012.00,Leadership Orientation,-0.45
39-4012.00,Optimism,0.84
39-4012.00,Perseverance,1.4
39-4012.00,Self-Confidence,0.6
39-4012.00,Self-Control,2.02
39-4012.00,Sincerity,1.78
39-4012.00,Social Orientation,0.36
39-4012.00,Stress Tolerance,1.99
39-4012.00,Tolerance for Ambiguity,-0.63
39-4021.00,Achievement Orientation,0.56
39-4021.00,Adaptability,0.94
39-4021.00,Attention to Detail,2.08
39-4021.00,Cautiousness,1.41
39-4021.00,Cooperation,2.43
39-4021.00,Dependability,2.65
39-4021.00,Empathy,2.64
39-4021.00,Humility,1.82
39-4021.00,Initiative,0.85
39-4021.00,Innovation,-0.56
39-4021.00,Integrity,2.13
39-4021.00,Intellectual Curiosity,-0.06
39-4021.00,Leadership Orientation,0.5
39-4021.00,Optimism,0.87
39-4021.00,Perseverance,1.02
39-4021.00,Self-Confidence,0.94
39-4021.00,Self-Control,2.22
39-4021.00,Sincerity,2.38
39-4021.00,Social Orientation,1.47
39-4021.00,Stress Tolerance,2.06
39-4021.00,Tolerance for Ambiguity,0.72
39-4031.00,Achievement Orientation,1.16
39-4031.00,Adaptability,1.35
39-4031.00,Attention to Detail,2.67
39-4031.00,Cautiousness,2.03
39-4031.00,Cooperation,2.3
39-4031.00,Dependability,2.65
39-4031.00,Empathy,2.61
39-4031.00,Humility,1.78
39-4031.00,Initiative,1.47
39-4031.00,Innovation,0.15
39-4031.00,Integrity,2.51
39-4031.00,Intellectual Curiosity,0.51
39-4031.00,Leadership Orientation,1.81
39-4031.00,Optimism,0.76
39-4031.00,Perseverance,1.67
39-4031.00,Self-Confidence,1.5
39-4031.00,Self-Control,2.5
39-4031.00,Sincerity,2.31
39-4031.00,Social Orientation,2.24
39-4031.00,Stress Tolerance,2.24
39-4031.00,Tolerance for Ambiguity,0.97
39-5011.00,Achievement Orientation,0.78
39-5011.00,Adaptability,0.89
39-5011.00,Attention to Detail,1.86
39-5011.00,Cautiousness,1.0
39-5011.00,Cooperation,1.88
39-5011.00,Dependability,2.03
39-5011.00,Empathy,1.43
39-5011.00,Humility,0.99
39-5011.00,Initiative,0.8
39-5011.00,Innovation,0.97
39-5011.00,Integrity,0.96
39-5011.00,Intellectual Curiosity,0.62
39-5011.00,Leadership Orientation,0.61
39-5011.00,Optimism,1.53
39-5011.00,Perseverance,0.62
39-5011.00,Self-Confidence,1.13
39-5011.00,Self-Control,1.31
39-5011.00,Sincerity,1.39
39-5011.00,Social Orientation,2.26
39-5011.00,Stress Tolerance,0.82
39-5011.00,Tolerance for Ambiguity,-0.07
39-5012.00,Achievement Orientation,1.12
39-5012.00,Adaptability,1.19
39-5012.00,Attention to Detail,2.05
39-5012.00,Cautiousness,1.0
39-5012.00,Cooperation,2.07
39-5012.00,Dependability,2.14
39-5012.00,Empathy,1.92
39-5012.00,Humility,0.81
39-5012.00,Initiative,1.29
39-5012.00,Innovation,1.47
39-5012.00,Integrity,0.91
39-5012.00,Intellectual Curiosity,0.69
39-5012.00,Leadership Orientation,0.57
39-5012.00,Optimism,1.98
39-5012.00,Perseverance,0.79
39-5012.00,Self-Confidence,1.32
39-5012.00,Self-Control,1.47
39-5012.00,Sincerity,1.49
39-5012.00,Social Orientation,2.4
39-5012.00,Stress Tolerance,1.07
39-5012.00,Tolerance for Ambiguity,0.81
39-5091.00,Achievement Orientation,1.71
39-5091.00,Adaptability,1.86
39-5091.00,Attention to Detail,2.7
39-5091.00,Cautiousness,0.95
39-5091.00,Cooperation,1.84
39-5091.00,Dependability,2.2
39-5091.00,Empathy,1.02
39-5091.00,Humility,0.08
39-5091.00,Initiative,1.29
39-5091.00,Innovation,2.33
39-5091.00,Integrity,0.68
39-5091.00,Intellectual Curiosity,1.35
39-5091.00,Leadership Orientation,0.83
39-5091.00,Optimism,1.36
39-5091.00,Perseverance,1.4
39-5091.00,Self-Confidence,1.7
39-5091.00,Self-Control,1.31
39-5091.00,Sincerity,0.8
39-5091.00,Social Orientation,1.97
39-5091.00,Stress Tolerance,1.46
39-5091.00,Tolerance for Ambiguity,1.14
39-5092.00,Achievement Orientation,0.7
39-5092.00,Adaptability,0.66
39-5092.00,Attention to Detail,2.22
39-5092.00,Cautiousness,1.03
39-5092.00,Cooperation,1.88
39-5092.00,Dependability,2.03
39-5092.00,Empathy,1.71
39-5092.00,Humility,0.78
39-5092.00,Initiative,0.35
39-5092.00,Innovation,0.67
39-5092.00,Integrity,0.87
39-5092.00,Intellectual Curiosity,-0.07
39-5092.00,Leadership Orientation,-0.38
39-5092.00,Optimism,1.63
39-5092.00,Perseverance,0.68
39-5092.00,Self-Confidence,0.94
39-5092.00,Self-Control,1.31
39-5092.00,Sincerity,1.14
39-5092.00,Social Orientation,2.06
39-5092.00,Stress Tolerance,0.76
39-5092.00,Tolerance for Ambiguity,-0.59
39-5093.00,Achievement Orientation,0.43
39-5093.00,Adaptability,0.23
39-5093.00,Attention to Detail,1.26
39-5093.00,Cautiousness,1.0
39-5093.00,Cooperation,1.84
39-5093.00,Dependability,1.83
39-5093.00,Empathy,1.83
39-5093.00,Humility,1.09
39-5093.00,Initiative,0.17
39-5093.00,Innovation,-0.28
39-5093.00,Integrity,0.7
39-5093.00,Intellectual Curiosity,-0.21
39-5093.00,Leadership Orientation,-0.59
39-5093.00,Optimism,1.53
39-5093.00,Perseverance,0.26
39-5093.00,Self-Confidence,0.43
39-5093.00,Self-Control,1.0
39-5093.00,Sincerity,1.33
39-5093.00,Social Orientation,1.83
39-5093.00,Stress Tolerance,0.43
39-5093.00,Tolerance for Ambiguity,-0.4
39-5094.00,Achievement Orientation,1.07
39-5094.00,Adaptability,0.99
39-5094.00,Attention to Detail,2.22
39-5094.00,Cautiousness,1.79
39-5094.00,Cooperation,1.95
39-5094.00,Dependability,2.2
39-5094.00,Empathy,2.17
39-5094.00,Humility,1.22
39-5094.00,Initiative,1.0
39-5094.00,Innovation,0.92
39-5094.00,Integrity,1.37
39-5094.00,Intellectual Curiosity,0.79
39-5094.00,Leadership Orientation,0.12
39-5094.00,Optimism,1.94
39-5094.00,Perseverance,0.84
39-5094.00,Self-Confidence,1.32
39-5094.00,Self-Control,1.28
39-5094.00,Sincerity,1.9
39-5094.00,Social Orientation,2.22
39-5094.00,Stress Tolerance,1.11
39-5094.00,Tolerance for Ambiguity,0.64
39-6011.00,Achievement Orientation,0.62
39-6011.00,Adaptability,1.08
39-6011.00,Attention to Detail,1.26
39-6011.00,Cautiousness,0.45
39-6011.00,Cooperation,2.22
39-6011.00,Dependability,2.25
39-6011.00,Empathy,1.54
39-6011.00,Humility,1.28
39-6011.00,Initiative,1.02
39-6011.00,Innovation,-0.32
39-6011.00,Integrity,1.7
39-6011.00,Intellectual Curiosity,-0.16
39-6011.00,Leadership Orientation,-0.36
39-6011.00,Optimism,1.67
39-6011.00,Perseverance,0.86
39-6011.00,Self-Confidence,0.71
39-6011.00,Self-Control,1.5
39-6011.00,Sincerity,1.46
39-6011.00,Social Orientation,2.29
39-6011.00,Stress Tolerance,1.24
39-6011.00,Tolerance for Ambiguity,-0.05
39-6012.00,Achievement Orientation,0.8
39-6012.00,Adaptability,2.13
39-6012.00,Attention to Detail,1.7
39-6012.00,Cautiousness,0.79
39-6012.00,Cooperation,2.78
39-6012.00,Dependability,2.65
39-6012.00,Empathy,2.27
39-6012.00,Humility,1.22
39-6012.00,Initiative,1.93
39-6012.00,Innovation,0.99
39-6012.00,Integrity,1.73
39-6012.00,Intellectual Curiosity,0.65
39-6012.00,Leadership Orientation,0.14
39-6012.00,Optimism,2.49
39-6012.00,Perseverance,1.52
39-6012.00,Self-Confidence,1.66
39-6012.00,Self-Control,1.7
39-6012.00,Sincerity,1.97
39-6012.00,Social Orientation,2.47
39-6012.00,Stress Tolerance,1.8
39-6012.00,Tolerance for Ambiguity,1.29
39-7011.00,Achievement Orientation,0.77
39-7011.00,Adaptability,1.72
39-7011.00,Attention to Detail,1.49
39-7011.00,Cautiousness,0.77
39-7011.00,Cooperation,2.34
39-7011.00,Dependability,2.11
39-7011.00,Empathy,1.54
39-7011.00,Humility,0.84
39-7011.00,Initiative,1.26
39-7011.00,Innovation,1.02
39-7011.00,Integrity,1.54
39-7011.00,Intellectual Curiosity,1.35
39-7011.00,Leadership Orientation,1.45
39-7011.00,Optimism,2.1
39-7011.00,Perseverance,0.9
39-7011.00,Self-Confidence,1.57
39-7011.00,Self-Control,1.7
39-7011.00,Sincerity,1.6
39-7011.00,Social Orientation,2.45
39-7011.00,Stress Tolerance,1.11
39-7011.00,Tolerance for Ambiguity,1.14
39-7012.00,Achievement Orientation,1.58
39-7012.00,Adaptability,2.42
39-7012.00,Attention to Detail,2.0
39-7012.00,Cautiousness,1.17
39-7012.00,Cooperation,2.43
39-7012.00,Dependability,2.65
39-7012.00,Empathy,1.65
39-7012.00,Humility,0.93
39-7012.00,Initiative,1.82
39-7012.00,Innovation,1.25
39-7012.00,Integrity,1.7
39-7012.00,Intellectual Curiosity,1.17
39-7012.00,Leadership Orientation,1.81
39-7012.00,Optimism,1.94
39-7012.00,Perseverance,1.9
39-7012.00,Self-Confidence,1.8
39-7012.00,Self-Control,2.18
39-7012.00,Sincerity,1.46
39-7012.00,Social Orientation,2.45
39-7012.00,Stress Tolerance,1.99
39-7012.00,Tolerance for Ambiguity,1.64
39-9011.00,Achievement Orientation,0.62
39-9011.00,Adaptability,1.22
39-9011.00,Attention to Detail,1.69
39-9011.00,Cautiousness,1.79
39-9011.00,Cooperation,2.82
39-9011.00,Dependability,3.0
39-9011.00,Empathy,3.0
39-9011.00,Humility,1.49
39-9011.00,Initiative,1.26
39-9011.00,Innovation,0.6
39-9011.00,Integrity,2.21
39-9011.00,Intellectual Curiosity,0.29
39-9011.00,Leadership Orientation,0.47
39-9011.00,Optimism,2.53
39-9011.00,Perseverance,1.4
39-9011.00,Self-Confidence,0.89
39-9011.00,Self-Control,2.14
39-9011.00,Sincerity,2.07
39-9011.00,Social Orientation,2.36
39-9011.00,Stress Tolerance,1.93
39-9011.00,Tolerance for Ambiguity,0.74
39-9011.01,Achievement Orientation,0.54
39-9011.01,Adaptability,1.72
39-9011.01,Attention to Detail,2.02
39-9011.01,Cautiousness,2.28
39-9011.01,Cooperation,2.82
39-9011.01,Dependability,2.93
39-9011.01,Empathy,2.27
39-9011.01,Humility,1.42
39-9011.01,Initiative,1.44
39-9011.01,Innovation,0.46
39-9011.01,Integrity,2.55
39-9011.01,Intellectual Curiosity,0.51
39-9011.01,Leadership Orientation,0.76
39-9011.01,Optimism,2.53
39-9011.01,Perseverance,1.83
39-9011.01,Self-Confidence,1.35
39-9011.01,Self-Control,2.1
39-9011.01,Sincerity,1.97
39-9011.01,Social Orientation,2.36
39-9011.01,Stress Tolerance,1.96
39-9011.01,Tolerance for Ambiguity,0.93
39-9031.00,Achievement Orientation,1.77
39-9031.00,Adaptability,1.75
39-9031.00,Attention to Detail,1.3
39-9031.00,Cautiousness,0.62
39-9031.00,Cooperation,2.3
39-9031.00,Dependability,2.19
39-9031.00,Empathy,1.92
39-9031.00,Humility,0.87
39-9031.00,Initiative,1.53
39-9031.00,Innovation,1.28
39-9031.00,Integrity,1.63
39-9031.00,Intellectual Curiosity,0.76
39-9031.00,Leadership Orientation,1.95
39-9031.00,Optimism,2.53
39-9031.00,Perseverance,1.77
39-9031.00,Self-Confidence,1.9
39-9031.00,Self-Control,1.7
39-9031.00,Sincerity,1.66
39-9031.00,Social Orientation,2.33
39-9031.00,Stress Tolerance,1.35
39-9031.00,Tolerance for Ambiguity,0.93
39-9032.00,Achievement Orientation,0.87
39-9032.00,Adaptability,1.29
39-9032.00,Attention to Detail,1.28
39-9032.00,Cautiousness,0.9
39-9032.00,Cooperation,2.43
39-9032.00,Dependability,2.41
39-9032.00,Empathy,1.27
39-9032.00,Humility,1.22
39-9032.00,Initiative,1.47
39-9032.00,Innovation,1.41
39-9032.00,Integrity,1.6
39-9032.00,Intellectual Curiosity,0.37
39-9032.00,Leadership Orientation,1.95
39-9032.00,Optimism,1.78
39-9032.00,Perseverance,1.34
39-9032.00,Self-Confidence,1.05
39-9032.00,Self-Control,1.7
39-9032.00,Sincerity,1.75
39-9032.00,Social Orientation,2.4
39-9032.00,Stress Tolerance,1.11
39-9032.00,Tolerance for Ambiguity,0.95
39-9041.00,Achievement Orientation,1.12
39-9041.00,Adaptability,2.05
39-9041.00,Attention to Detail,1.55
39-9041.00,Cautiousness,1.38
39-9041.00,Cooperation,2.51
39-9041.00,Dependability,2.65
39-9041.00,Empathy,2.5
39-9041.00,Humility,1.22
39-9041.00,Initiative,1.79
39-9041.00,Innovation,0.82
39-9041.00,Integrity,2.21
39-9041.00,Intellectual Curiosity,0.53
39-9041.00,Leadership Orientation,2.19
39-9041.00,Optimism,2.27
39-9041.00,Perseverance,1.61
39-9041.00,Self-Confidence,1.63
39-9041.00,Self-Control,2.22
39-9041.00,Sincerity,2.1
39-9041.00,Social Orientation,2.4
39-9041.00,Stress Tolerance,1.99
39-9041.00,Tolerance for Ambiguity,1.31
41-1011.00,Achievement Orientation,2.01
41-1011.00,Adaptability,1.72
41-1011.00,Attention to Detail,1.97
41-1011.00,Cautiousness,1.09
41-1011.00,Cooperation,2.22
41-1011.00,Dependability,2.62
41-1011.00,Empathy,1.54
41-1011.00,Humility,0.87
41-1011.00,Initiative,1.86
41-1011.00,Innovation,0.87
41-1011.00,Integrity,1.96
41-1011.00,Intellectual Curiosity,0.49
41-1011.00,Leadership Orientation,2.43
41-1011.00,Optimism,1.94
41-1011.00,Perseverance,1.77
41-1011.00,Self-Confidence,1.7
41-1011.00,Self-Control,1.91
41-1011.00,Sincerity,1.16
41-1011.00,Social Orientation,2.29
41-1011.00,Stress Tolerance,1.8
41-1011.00,Tolerance for Ambiguity,0.99
41-1012.00,Achievement Orientation,2.24
41-1012.00,Adaptability,1.65
41-1012.00,Attention to Detail,1.92
41-1012.00,Cautiousness,1.03
41-1012.00,Cooperation,2.1
41-1012.00,Dependability,2.65
41-1012.00,Empathy,1.22
41-1012.00,Humility,0.32
41-1012.00,Initiative,1.66
41-1012.00,Innovation,1.04
41-1012.00,Integrity,1.54
41-1012.00,Intellectual Curiosity,0.87
41-1012.00,Leadership Orientation,2.96
41-1012.00,Optimism,1.16
41-1012.00,Perseverance,1.58
41-1012.00,Self-Confidence,1.76
41-1012.00,Self-Control,1.5
41-1012.00,Sincerity,1.23
41-1012.00,Social Orientation,2.31
41-1012.00,Stress Tolerance,1.73
41-1012.00,Tolerance for Ambiguity,1.2
41-2011.00,Achievement Orientation,0.32
41-2011.00,Adaptability,0.59
41-2011.00,Attention to Detail,1.92
41-2011.00,Cautiousness,1.0
41-2011.00,Cooperation,1.92
41-2011.00,Dependability,2.3
41-2011.00,Empathy,1.32
41-2011.00,Humility,0.84
41-2011.00,Initiative,0.3
41-2011.00,Innovation,-0.47
41-2011.00,Integrity,2.06
41-2011.00,Intellectual Curiosity,-0.27
41-2011.00,Leadership Orientation,-0.41
41-2011.00,Optimism,1.46
41-2011.00,Perseverance,0.55
41-2011.00,Self-Confidence,0.58
41-2011.00,Self-Control,1.5
41-2011.00,Sincerity,1.09
41-2011.00,Social Orientation,1.97
41-2011.00,Stress Tolerance,0.97
41-2011.00,Tolerance for Ambiguity,-0.36
41-2012.00,Achievement Orientation,0.23
41-2012.00,Adaptability,-0.17
41-2012.00,Attention to Detail,2.7
41-2012.00,Cautiousness,2.14
41-2012.00,Cooperation,1.26
41-2012.00,Dependability,2.65
41-2012.00,Empathy,0.18
41-2012.00,Humility,0.5
41-2012.00,Initiative,-0.28
41-2012.00,Innovation,-0.64
41-2012.00,Integrity,2.84
41-2012.00,Intellectual Curiosity,-0.32
41-2012.00,Leadership Orientation,-0.54
41-2012.00,Optimism,0.54
41-2012.00,Perseverance,0.46
41-2012.00,Self-Confidence,0.56
41-2012.00,Self-Control,1.53
41-2012.00,Sincerity,0.33
41-2012.00,Social Orientation,0.9
41-2012.00,Stress Tolerance,1.29
41-2012.00,Tolerance for Ambiguity,-0.73
41-2021.00,Achievement Orientation,0.62
41-2021.00,Adaptability,0.83
41-2021.00,Attention to Detail,1.81
41-2021.00,Cautiousness,0.74
41-2021.00,Cooperation,1.95
41-2021.00,Dependability,2.11
41-2021.00,Empathy,1.27
41-2021.00,Humility,0.7
41-2021.00,Initiative,0.74
41-2021.00,Innovation,-0.22
41-2021.00,Integrity,1.6
41-2021.00,Intellectual Curiosity,-0.1
41-2021.00,Leadership Orientation,0.02
41-2021.00,Optimism,1.46
41-2021.00,Perseverance,0.53
41-2021.00,Self-Confidence,1.05
41-2021.00,Self-Control,1.31
41-2021.00,Sincerity,1.16
41-2021.00,Social Orientation,2.31
41-2021.00,Stress Tolerance,1.04
41-2021.00,Tolerance for Ambiguity,-0.13
41-2022.00,Achievement Orientation,1.2
41-2022.00,Adaptability,0.81
41-2022.00,Attention to Detail,2.02
41-2022.00,Cautiousness,1.14
41-2022.00,Cooperation,1.77
41-2022.00,Dependability,2.11
41-2022.00,Empathy,1.22
41-2022.00,Humility,-0.5
41-2022.00,Initiative,1.13
41-2022.00,Innovation,0.22
41-2022.00,Integrity,1.7
41-2022.00,Intellectual Curiosity,0.74
41-2022.00,Leadership Orientation,0.76
41-2022.00,Optimism,1.19
41-2022.00,Perseverance,1.55
41-2022.00,Self-Confidence,1.26
41-2022.00,Self-Control,1.19
41-2022.00,Sincerity,1.07
41-2022.00,Social Orientation,2.06
41-2022.00,Stress Tolerance,1.02
41-2022.00,Tolerance for Ambiguity,0.64
41-2031.00,Achievement Orientation,1.58
41-2031.00,Adaptability,1.17
41-2031.00,Attention to Detail,1.49
41-2031.00,Cautiousness,0.06
41-2031.00,Cooperation,1.88
41-2031.00,Dependability,1.98
41-2031.00,Empathy,1.62
41-2031.00,Humility,-0.49
41-2031.00,Initiative,1.53
41-2031.00,Innovation,0.44
41-2031.00,Integrity,1.4
41-2031.00,Intellectual Curiosity,0.47
41-2031.00,Leadership Orientation,0.81
41-2031.00,Optimism,2.06
41-2031.00,Perseverance,1.78
41-2031.00,Self-Confidence,1.57
41-2031.00,Self-Control,1.5
41-2031.00,Sincerity,1.09
41-2031.00,Social Orientation,2.6
41-2031.00,Stress Tolerance,1.16
41-2031.00,Tolerance for Ambiguity,0.64
41-3011.00,Achievement Orientation,2.35
41-3011.00,Adaptability,1.75
41-3011.00,Attention to Detail,1.34
41-3011.00,Cautiousness,-0.57
41-3011.00,Cooperation,1.57
41-3011.00,Dependability,2.06
41-3011.00,Empathy,1.22
41-3011.00,Humility,-1.22
41-3011.00,Initiative,1.96
41-3011.00,Innovation,1.63
41-3011.00,Integrity,1.21
41-3011.00,Intellectual Curiosity,0.92
41-3011.00,Leadership Orientation,1.53
41-3011.00,Optimism,2.1
41-3011.00,Perseverance,2.75
41-3011.00,Self-Confidence,2.24
41-3011.00,Self-Control,1.6
41-3011.00,Sincerity,0.72
41-3011.00,Social Orientation,2.81
41-3011.00,Stress Tolerance,1.76
41-3011.00,Tolerance for Ambiguity,1.47
41-3021.00,Achievement Orientation,2.24
41-3021.00,Adaptability,1.68
41-3021.00,Attention to Detail,2.08
41-3021.00,Cautiousness,1.2
41-3021.00,Cooperation,1.63
41-3021.00,Dependability,2.56
41-3021.00,Empathy,1.54
41-3021.00,Humility,-0.59
41-3021.00,Initiative,2.03
41-3021.00,Innovation,1.17
41-3021.00,Integrity,2.21
41-3021.00,Intellectual Curiosity,0.81
41-3021.00,Leadership Orientation,1.29
41-3021.00,Optimism,1.98
41-3021.00,Perseverance,2.42
41-3021.00,Self-Confidence,2.2
41-3021.00,Self-Control,1.7
41-3021.00,Sincerity,1.31
41-3021.00,Social Orientation,2.74
41-3021.00,Stress Tolerance,1.58
41-3021.00,Tolerance for Ambiguity,1.31
41-3031.00,Achievement Orientation,2.38
41-3031.00,Adaptability,2.05
41-3031.00,Attention to Detail,2.67
41-3031.00,Cautiousness,1.03
41-3031.00,Cooperation,0.87
41-3031.00,Dependability,2.56
41-3031.00,Empathy,1.07
41-3031.00,Humility,-0.8
41-3031.00,Initiative,2.03
41-3031.00,Innovation,1.25
41-3031.00,Integrity,2.89
41-3031.00,Intellectual Curiosity,2.04
41-3031.00,Leadership Orientation,1.53
41-3031.00,Optimism,1.29
41-3031.00,Perseverance,2.26
41-3031.00,Self-Confidence,2.44
41-3031.00,Self-Control,1.98
41-3031.00,Sincerity,0.72
41-3031.00,Social Orientation,2.47
41-3031.00,Stress Tolerance,2.47
41-3031.00,Tolerance for Ambiguity,1.99
41-3041.00,Achievement Orientation,1.3
41-3041.00,Adaptability,1.58
41-3041.00,Attention to Detail,2.19
41-3041.00,Cautiousness,0.9
41-3041.00,Cooperation,2.03
41-3041.00,Dependability,2.33
41-3041.00,Empathy,1.44
41-3041.00,Humility,0.45
41-3041.00,Initiative,1.41
41-3041.00,Innovation,0.77
41-3041.00,Integrity,1.79
41-3041.00,Intellectual Curiosity,0.79
41-3041.00,Leadership Orientation,0.81
41-3041.00,Optimism,1.63
41-3041.00,Perseverance,1.37
41-3041.00,Self-Confidence,1.41
41-3041.00,Self-Control,1.37
41-3041.00,Sincerity,1.28
41-3041.00,Social Orientation,2.38
41-3041.00,Stress Tolerance,1.27
41-3041.00,Tolerance for Ambiguity,0.95
41-3091.00,Achievement Orientation,2.42
41-3091.00,Adaptability,1.72
41-3091.00,Attention to Detail,1.44
41-3091.00,Cautiousness,-0.19
41-3091.00,Cooperation,1.6
41-3091.00,Dependability,2.06
41-3091.00,Empathy,1.59
41-3091.00,Humility,-1.22
41-3091.00,Initiative,1.96
41-3091.00,Innovation,1.25
41-3091.00,Integrity,1.45
41-3091.00,Intellectual Curiosity,1.14
41-3091.00,Leadership Orientation,1.48
41-3091.00,Optimism,1.98
41-3091.00,Perseverance,3.0
41-3091.00,Self-Confidence,2.2
41-3091.00,Self-Control,1.66
41-3091.00,Sincerity,1.05
41-3091.00,Social Orientation,2.81
41-3091.00,Stress Tolerance,1.61
41-3091.00,Tolerance for Ambiguity,1.56
41-4011.00,Achievement Orientation,2.31
41-4011.00,Adaptability,1.79
41-4011.00,Attention to Detail,2.02
41-4011.00,Cautiousness,0.69
41-4011.00,Cooperation,1.53
41-4011.00,Dependability,2.19
41-4011.00,Empathy,1.27
41-4011.00,Humility,-1.16
41-4011.00,Initiative,1.96
41-4011.00,Innovation,1.39
41-4011.00,Integrity,1.6
41-4011.00,Intellectual Curiosity,1.86
41-4011.00,Leadership Orientation,1.53
41-4011.00,Optimism,1.63
41-4011.00,Perseverance,3.0
41-4011.00,Self-Confidence,2.36
41-4011.00,Self-Control,1.7
41-4011.00,Sincerity,0.98
41-4011.00,Social Orientation,2.81
41-4011.00,Stress Tolerance,1.61
41-4011.00,Tolerance for Ambiguity,1.43
41-4012.00,Achievement Orientation,2.31
41-4012.00,Adaptability,1.79
41-4012.00,Attention to Detail,1.3
41-4012.00,Cautiousness,-0.45
41-4012.00,Cooperation,1.47
41-4012.00,Dependability,2.06
41-4012.00,Empathy,1.57
41-4012.00,Humility,-1.25
41-4012.00,Initiative,2.03
41-4012.00,Innovation,1.25
41-4012.00,Integrity,1.23
41-4012.00,Intellectual Curiosity,0.97
41-4012.00,Leadership Orientation,1.45
41-4012.00,Optimism,2.1
41-4012.00,Perseverance,3.0
41-4012.00,Self-Confidence,2.4
41-4012.00,Self-Control,1.7
41-4012.00,Sincerity,0.98
41-4012.00,Social Orientation,2.81
41-4012.00,Stress Tolerance,1.61
41-4012.00,Tolerance for Ambiguity,1.31
41-9011.00,Achievement Orientation,1.27
41-9011.00,Adaptability,1.29
41-9011.00,Attention to Detail,1.34
41-9011.00,Cautiousness,-0.44
41-9011.00,Cooperation,1.92
41-9011.00,Dependability,1.83
41-9011.00,Empathy,1.19
41-9011.00,Humility,-0.65
41-9011.00,Initiative,1.69
41-9011.00,Innovation,0.65
41-9011.00,Integrity,1.03
41-9011.00,Intellectual Curiosity,0.49
41-9011.00,Leadership Orientation,0.78
41-9011.00,Optimism,2.14
41-9011.00,Perseverance,1.4
41-9011.00,Self-Confidence,1.8
41-9011.00,Self-Control,1.11
41-9011.00,Sincerity,1.07
41-9011.00,Social Orientation,2.67
41-9011.00,Stress Tolerance,0.95
41-9011.00,Tolerance for Ambiguity,0.66
41-9012.00,Achievement Orientation,0.3
41-9012.00,Adaptability,0.94
41-9012.00,Attention to Detail,0.79
41-9012.00,Cautiousness,-0.75
41-9012.00,Cooperation,0.8
41-9012.00,Dependability,1.31
41-9012.00,Empathy,0.28
41-9012.00,Humility,-1.09
41-9012.00,Initiative,-0.28
41-9012.00,Innovation,0.33
41-9012.00,Integrity,0.51
41-9012.00,Intellectual Curiosity,-0.28
41-9012.00,Leadership Orientation,-0.81
41-9012.00,Optimism,1.16
41-9012.00,Perseverance,0.39
41-9012.00,Self-Confidence,2.28
41-9012.00,Self-Control,1.0
41-9012.00,Sincerity,0.05
41-9012.00,Social Orientation,1.86
41-9012.00,Stress Tolerance,1.02
41-9012.00,Tolerance for Ambiguity,0.41
41-9021.00,Achievement Orientation,2.17
41-9021.00,Adaptability,1.68
41-9021.00,Attention to Detail,2.25
41-9021.00,Cautiousness,0.9
41-9021.00,Cooperation,1.84
41-9021.00,Dependability,2.44
41-9021.00,Empathy,1.3
41-9021.00,Humility,-0.6
41-9021.00,Initiative,2.14
41-9021.00,Innovation,1.28
41-9021.00,Integrity,2.21
41-9021.00,Intellectual Curiosity,1.17
41-9021.00,Leadership Orientation,2.19
41-9021.00,Optimism,1.63
41-9021.00,Perseverance,2.46
41-9021.00,Self-Confidence,2.28
41-9021.00,Self-Control,1.91
41-9021.00,Sincerity,1.09
41-9021.00,Social Orientation,2.54
41-9021.00,Stress Tolerance,1.8
41-9021.00,Tolerance for Ambiguity,1.43
41-9022.00,Achievement Orientation,2.35
41-9022.00,Adaptability,1.79
41-9022.00,Attention to Detail,2.14
41-9022.00,Cautiousness,0.48
41-9022.00,Cooperation,1.74
41-9022.00,Dependability,2.44
41-9022.00,Empathy,1.68
41-9022.00,Humility,-0.55
41-9022.00,Initiative,2.03
41-9022.00,Innovation,0.99
41-9022.00,Integrity,2.32
41-9022.00,Intellectual Curiosity,0.94
41-9022.00,Leadership Orientation,1.56
41-9022.00,Optimism,1.86
41-9022.00,Perseverance,2.19
41-9022.00,Self-Confidence,2.16
41-9022.00,Self-Control,1.7
41-9022.00,Sincerity,1.0
41-9022.00,Social Orientation,2.54
41-9022.00,Stress Tolerance,1.83
41-9022.00,Tolerance for Ambiguity,1.35
41-9031.00,Achievement Orientation,2.24
41-9031.00,Adaptability,2.05
41-9031.00,Attention to Detail,1.97
41-9031.00,Cautiousness,0.67
41-9031.00,Cooperation,1.84
41-9031.00,Dependability,2.53
41-9031.00,Empathy,1.35
41-9031.00,Humility,-0.16
41-9031.00,Initiative,2.03
41-9031.00,Innovation,2.09
41-9031.00,Integrity,1.79
41-9031.00,Intellectual Curiosity,2.16
41-9031.00,Leadership Orientation,1.75
41-9031.00,Optimism,1.6
41-9031.00,Perseverance,2.42
41-9031.00,Self-Confidence,2.2
41-9031.00,Self-Control,1.66
41-9031.00,Sincerity,1.0
41-9031.00,Social Orientation,2.47
41-9031.00,Stress Tolerance,1.8
41-9031.00,Tolerance for Ambiguity,1.51
41-9041.00,Achievement Orientation,1.89
41-9041.00,Adaptability,0.86
41-9041.00,Attention to Detail,1.25
41-9041.00,Cautiousness,-0.79
41-9041.00,Cooperation,0.87
41-9041.00,Dependability,1.78
41-9041.00,Empathy,0.67
41-9041.00,Humility,-1.21
41-9041.00,Initiative,0.47
41-9041.00,Innovation,-0.48
41-9041.00,Integrity,1.03
41-9041.00,Intellectual Curiosity,-0.4
41-9041.00,Leadership Orientation,-0.17
41-9041.00,Optimism,2.18
41-9041.00,Perseverance,2.04
41-9041.00,Self-Confidence,1.66
41-9041.00,Self-Control,1.91
41-9041.00,Sincerity,-0.25
41-9041.00,Social Orientation,2.67
41-9041.00,Stress Tolerance,1.8
41-9041.00,Tolerance for Ambiguity,-0.03
41-9091.00,Achievement Orientation,2.91
41-9091.00,Adaptability,1.75
41-9091.00,Attention to Detail,0.74
41-9091.00,Cautiousness,-0.7
41-9091.00,Cooperation,0.85
41-9091.00,Dependability,1.83
41-9091.00,Empathy,0.71
41-9091.00,Humility,-1.3
41-9091.00,Initiative,1.96
41-9091.00,Innovation,0.82
41-9091.00,Integrity,0.98
41-9091.00,Intellectual Curiosity,0.12
41-9091.00,Leadership Orientation,1.13
41-9091.00,Optimism,2.67
41-9091.00,Perseverance,2.93
41-9091.00,Self-Confidence,2.36
41-9091.00,Self-Control,0.82
41-9091.00,Sincerity,0.88
41-9091.00,Social Orientation,2.79
41-9091.00,Stress Tolerance,1.49
41-9091.00,Tolerance for Ambiguity,1.53
43-1011.00,Achievement Orientation,1.83
43-1011.00,Adaptability,1.51
43-1011.00,Attention to Detail,2.08
43-1011.00,Cautiousness,1.56
43-1011.00,Cooperation,2.26
43-1011.00,Dependability,2.65
43-1011.00,Empathy,1.38
43-1011.00,Humility,1.06
43-1011.00,Initiative,1.53
43-1011.00,Innovation,0.87
43-1011.00,Integrity,1.99
43-1011.00,Intellectual Curiosity,0.74
43-1011.00,Leadership Orientation,2.52
43-1011.00,Optimism,1.26
43-1011.00,Perseverance,1.67
43-1011.00,Self-Confidence,1.73
43-1011.00,Self-Control,2.02
43-1011.00,Sincerity,1.33
43-1011.00,Social Orientation,2.13
43-1011.00,Stress Tolerance,1.73
43-1011.00,Tolerance for Ambiguity,1.08
43-2011.00,Achievement Orientation,0.27
43-2011.00,Adaptability,0.86
43-2011.00,Attention to Detail,1.86
43-2011.00,Cautiousness,0.32
43-2011.00,Cooperation,2.07
43-2011.00,Dependability,2.36
43-2011.00,Empathy,1.19
43-2011.00,Humility,0.9
43-2011.00,Initiative,0.14
43-2011.00,Innovation,-0.48
43-2011.00,Integrity,1.51
43-2011.00,Intellectual Curiosity,-0.28
43-2011.00,Leadership Orientation,-0.66
43-2011.00,Optimism,1.36
43-2011.00,Perseverance,0.2
43-2011.00,Self-Confidence,0.52
43-2011.00,Self-Control,1.8
43-2011.00,Sincerity,1.19
43-2011.00,Social Orientation,1.92
43-2011.00,Stress Tolerance,1.43
43-2011.00,Tolerance for Ambiguity,-0.25
43-2021.00,Achievement Orientation,0.36
43-2021.00,Adaptability,0.91
43-2021.00,Attention to Detail,1.97
43-2021.00,Cautiousness,0.62
43-2021.00,Cooperation,2.22
43-2021.00,Dependability,2.27
43-2021.00,Empathy,1.54
43-2021.00,Humility,0.96
43-2021.00,Initiative,0.3
43-2021.00,Innovation,-0.71
43-2021.00,Integrity,1.7
43-2021.00,Intellectual Curiosity,-0.26
43-2021.00,Leadership Orientation,-0.71
43-2021.00,Optimism,1.39
43-2021.00,Perseverance,0.59
43-2021.00,Self-Confidence,0.46
43-2021.00,Self-Control,1.84
43-2021.00,Sincerity,1.26
43-2021.00,Social Orientation,1.79
43-2021.00,Stress Tolerance,1.76
43-2021.00,Tolerance for Ambiguity,0.04
43-3011.00,Achievement Orientation,1.5
43-3011.00,Adaptability,0.94
43-3011.00,Attention to Detail,2.28
43-3011.00,Cautiousness,0.98
43-3011.00,Cooperation,0.49
43-3011.00,Dependability,2.47
43-3011.00,Empathy,0.62
43-3011.00,Humility,-0.7
43-3011.00,Initiative,1.13
43-3011.00,Innovation,-0.24
43-3011.00,Integrity,2.17
43-3011.00,Intellectual Curiosity,-0.02
43-3011.00,Leadership Orientation,0.32
43-3011.00,Optimism,0.45
43-3011.00,Perseverance,2.12
43-3011.00,Self-Confidence,1.57
43-3011.00,Self-Control,2.26
43-3011.00,Sincerity,0.27
43-3011.00,Social Orientation,1.92
43-3011.00,Stress Tolerance,2.1
43-3011.00,Tolerance for Ambiguity,0.31
43-3021.00,Achievement Orientation,0.77
43-3021.00,Adaptability,0.09
43-3021.00,Attention to Detail,2.74
43-3021.00,Cautiousness,1.79
43-3021.00,Cooperation,0.8
43-3021.00,Dependability,2.47
43-3021.00,Empathy,-0.01
43-3021.00,Humility,0.17
43-3021.00,Initiative,0.25
43-3021.00,Innovation,-0.37
43-3021.00,Integrity,2.1
43-3021.00,Intellectual Curiosity,-0.09
43-3021.00,Leadership Orientation,-0.49
43-3021.00,Optimism,0.02
43-3021.00,Perseverance,0.86
43-3021.00,Self-Confidence,0.34
43-3021.00,Self-Control,0.75
43-3021.00,Sincerity,0.53
43-3021.00,Social Orientation,0.2
43-3021.00,Stress Tolerance,0.66
43-3021.00,Tolerance for Ambiguity,-0.73
43-3031.00,Achievement Orientation,1.18
43-3031.00,Adaptability,0.11
43-3031.00,Attention to Detail,3.0
43-3031.00,Cautiousness,2.28
43-3031.00,Cooperation,0.55
43-3031.00,Dependability,2.65
43-3031.00,Empathy,-0.1
43-3031.00,Humility,0.24
43-3031.00,Initiative,0.26
43-3031.00,Innovation,-0.43
43-3031.00,Integrity,2.28
43-3031.00,Intellectual Curiosity,0.24
43-3031.00,Leadership Orientation,-0.54
43-3031.00,Optimism,-0.1
43-3031.00,Perseverance,0.97
43-3031.00,Self-Confidence,0.41
43-3031.00,Self-Control,0.68
43-3031.00,Sincerity,0.44
43-3031.00,Social Orientation,0.0
43-3031.00,Stress Tolerance,0.7
43-3031.00,Tolerance for Ambiguity,-0.92
43-3041.00,Achievement Orientation,0.49
43-3041.00,Adaptability,0.25
43-3041.00,Attention to Detail,2.77
43-3041.00,Cautiousness,2.54
43-3041.00,Cooperation,1.08
43-3041.00,Dependability,2.65
43-3041.00,Empathy,0.5
43-3041.00,Humility,0.53
43-3041.00,Initiative,-0.08
43-3041.00,Innovation,-0.68
43-3041.00,Integrity,2.8
43-3041.00,Intellectual Curiosity,-0.33
43-3041.00,Leadership Orientation,-0.41
43-3041.00,Optimism,0.64
43-3041.00,Perseverance,0.79
43-3041.00,Self-Confidence,0.97
43-3041.00,Self-Control,1.87
43-3041.00,Sincerity,0.8
43-3041.00,Social Orientation,1.18
43-3041.00,Stress Tolerance,1.55
43-3041.00,Tolerance for Ambiguity,-0.61
43-3051.00,Achievement Orientation,0.85
43-3051.00,Adaptability,0.25
43-3051.00,Attention to Detail,3.0
43-3051.00,Cautiousness,2.24
43-3051.00,Cooperation,0.95
43-3051.00,Dependability,2.65
43-3051.00,Empathy,0.2
43-3051.00,Humility,0.42
43-3051.00,Initiative,0.3
43-3051.00,Innovation,-0.34
43-3051.00,Integrity,2.28
43-3051.00,Intellectual Curiosity,0.2
43-3051.00,Leadership Orientation,-0.5
43-3051.00,Optimism,-0.07
43-3051.00,Perseverance,0.97
43-3051.00,Self-Confidence,0.41
43-3051.00,Self-Control,0.95
43-3051.00,Sincerity,0.65
43-3051.00,Social Orientation,0.25
43-3051.00,Stress Tolerance,0.8
43-3051.00,Tolerance for Ambiguity,-0.92
43-3061.00,Achievement Orientation,1.18
43-3061.00,Adaptability,0.78
43-3061.00,Attention to Detail,2.37
43-3061.00,Cautiousness,1.79
43-3061.00,Cooperation,1.17
43-3061.00,Dependability,2.47
43-3061.00,Empathy,0.32
43-3061.00,Humility,0.45
43-3061.00,Initiative,0.57
43-3061.00,Innovation,0.11
43-3061.00,Integrity,2.1
43-3061.00,Intellectual Curiosity,0.51
43-3061.00,Leadership Orientation,0.08
43-3061.00,Optimism,0.15
43-3061.00,Perseverance,0.95
43-3061.00,Self-Confidence,1.1
43-3061.00,Self-Control,0.66
43-3061.00,Sincerity,0.78
43-3061.00,Social Orientation,1.09
43-3061.00,Stress Tolerance,0.84
43-3061.00,Tolerance for Ambiguity,0.08
43-3071.00,Achievement Orientation,0.97
43-3071.00,Adaptability,0.66
43-3071.00,Attention to Detail,3.0
43-3071.00,Cautiousness,2.47
43-3071.00,Cooperation,1.92
43-3071.00,Dependability,2.65
43-3071.00,Empathy,1.0
43-3071.00,Humility,0.75
43-3071.00,Initiative,0.57
43-3071.00,Innovation,-0.35
43-3071.00,Integrity,2.72
43-3071.00,Intellectual Curiosity,0.04
43-3071.00,Leadership Orientation,-0.32
43-3071.00,Optimism,1.32
43-3071.00,Perseverance,0.93
43-3071.00,Self-Confidence,1.26
43-3071.00,Self-Control,1.56
43-3071.00,Sincerity,1.36
43-3071.00,Social Orientation,1.74
43-3071.00,Stress Tolerance,1.27
43-3071.00,Tolerance for Ambiguity,-0.86
43-4011.00,Achievement Orientation,1.12
43-4011.00,Adaptability,1.11
43-4011.00,Attention to Detail,2.67
43-4011.00,Cautiousness,0.84
43-4011.00,Cooperation,0.64
43-4011.00,Dependability,2.65
43-4011.00,Empathy,0.48
43-4011.00,Humility,0.42
43-4011.00,Initiative,0.43
43-4011.00,Innovation,-0.22
43-4011.00,Integrity,1.99
43-4011.00,Intellectual Curiosity,0.1
43-4011.00,Leadership Orientation,-0.34
43-4011.00,Optimism,0.59
43-4011.00,Perseverance,1.02
43-4011.00,Self-Confidence,0.5
43-4011.00,Self-Control,1.43
43-4011.00,Sincerity,0.88
43-4011.00,Social Orientation,1.18
43-4011.00,Stress Tolerance,0.72
43-4011.00,Tolerance for Ambiguity,-0.21
43-4021.00,Achievement Orientation,0.82
43-4021.00,Adaptability,0.46
43-4021.00,Attention to Detail,2.5
43-4021.00,Cautiousness,1.32
43-4021.00,Cooperation,1.57
43-4021.00,Dependability,2.36
43-4021.00,Empathy,1.0
43-4021.00,Humility,0.72
43-4021.00,Initiative,0.43
43-4021.00,Innovation,-0.3
43-4021.00,Integrity,1.73
43-4021.00,Intellectual Curiosity,0.29
43-4021.00,Leadership Orientation,-0.36
43-4021.00,Optimism,0.66
43-4021.00,Perseverance,0.93
43-4021.00,Self-Confidence,0.62
43-4021.00,Self-Control,1.37
43-4021.00,Sincerity,1.09
43-4021.00,Social Orientation,-0.03
43-4021.00,Stress Tolerance,0.97
43-4021.00,Tolerance for Ambiguity,0.1
43-4031.00,Achievement Orientation,0.89
43-4031.00,Adaptability,0.83
43-4031.00,Attention to Detail,2.67
43-4031.00,Cautiousness,2.03
43-4031.00,Cooperation,1.67
43-4031.00,Dependability,2.65
43-4031.00,Empathy,0.79
43-4031.00,Humility,0.64
43-4031.00,Initiative,0.55
43-4031.00,Innovation,-0.35
43-4031.00,Integrity,2.36
43-4031.00,Intellectual Curiosity,0.26
43-4031.00,Leadership Orientation,-0.34
43-4031.00,Optimism,0.59
43-4031.00,Perseverance,0.93
43-4031.00,Self-Confidence,0.82
43-4031.00,Self-Control,1.5
43-4031.00,Sincerity,1.31
43-4031.00,Social Orientation,1.52
43-4031.00,Stress Tolerance,1.32
43-4031.00,Tolerance for Ambiguity,-0.07
43-4041.00,Achievement Orientation,1.3
43-4041.00,Adaptability,0.48
43-4041.00,Attention to Detail,2.67
43-4041.00,Cautiousness,2.17
43-4041.00,Cooperation,0.98
43-4041.00,Dependability,2.38
43-4041.00,Empathy,0.64
43-4041.00,Humility,0.53
43-4041.00,Initiative,0.76
43-4041.00,Innovation,-0.2
43-4041.00,Integrity,2.21
43-4041.00,Intellectual Curiosity,0.76
43-4041.00,Leadership Orientation,-0.07
43-4041.00,Optimism,-0.13
43-4041.00,Perseverance,1.1
43-4041.00,Self-Confidence,1.02
43-4041.00,Self-Control,1.37
43-4041.00,Sincerity,0.76
43-4041.00,Social Orientation,1.27
43-4041.00,Stress Tolerance,1.02
43-4041.00,Tolerance for Ambiguity,0.39
43-4051.00,Achievement Orientation,0.81
43-4051.00,Adaptability,1.14
43-4051.00,Attention to Detail,1.86
43-4051.00,Cautiousness,0.77
43-4051.00,Cooperation,2.34
43-4051.00,Dependability,2.41
43-4051.00,Empathy,2.14
43-4051.00,Humility,1.25
43-4051.00,Initiative,0.55
43-4051.00,Innovation,-0.34
43-4051.00,Integrity,1.7
43-4051.00,Intellectual Curiosity,-0.11
43-4051.00,Leadership Orientation,-0.38
43-4051.00,Optimism,2.06
43-4051.00,Perseverance,1.34
43-4051.00,Self-Confidence,1.05
43-4051.00,Self-Control,2.38
43-4051.00,Sincerity,1.6
43-4051.00,Social Orientation,2.26
43-4051.00,Stress Tolerance,1.8
43-4051.00,Tolerance for Ambiguity,0.27
43-4061.00,Achievement Orientation,0.87
43-4061.00,Adaptability,0.99
43-4061.00,Attention to Detail,2.63
43-4061.00,Cautiousness,1.76
43-4061.00,Cooperation,1.77
43-4061.00,Dependability,2.62
43-4061.00,Empathy,1.71
43-4061.00,Humility,1.09
43-4061.00,Initiative,0.72
43-4061.00,Innovation,-0.41
43-4061.00,Integrity,2.47
43-4061.00,Intellectual Curiosity,0.37
43-4061.00,Leadership Orientation,0.06
43-4061.00,Optimism,0.76
43-4061.00,Perseverance,1.1
43-4061.00,Self-Confidence,1.1
43-4061.00,Self-Control,1.87
43-4061.00,Sincerity,1.55
43-4061.00,Social Orientation,1.45
43-4061.00,Stress Tolerance,1.38
43-4061.00,Tolerance for Ambiguity,0.08
43-4071.00,Achievement Orientation,0.28
43-4071.00,Adaptability,0.16
43-4071.00,Attention to Detail,2.53
43-4071.00,Cautiousness,1.17
43-4071.00,Cooperation,1.0
43-4071.00,Dependability,2.25
43-4071.00,Empathy,-0.05
43-4071.00,Humility,0.29
43-4071.00,Initiative,0.25
43-4071.00,Innovation,-0.34
43-4071.00,Integrity,1.66
43-4071.00,Intellectual Curiosity,-0.12
43-4071.00,Leadership Orientation,-0.64
43-4071.00,Optimism,0.01
43-4071.00,Perseverance,0.4
43-4071.00,Self-Confidence,0.0
43-4071.00,Self-Control,0.33
43-4071.00,Sincerity,0.28
43-4071.00,Social Orientation,0.2
43-4071.00,Stress Tolerance,0.24
43-4071.00,Tolerance for Ambiguity,-0.73
43-4081.00,Achievement Orientation,0.7
43-4081.00,Adaptability,1.38
43-4081.00,Attention to Detail,2.02
43-4081.00,Cautiousness,1.0
43-4081.00,Cooperation,2.51
43-4081.00,Dependability,2.53
43-4081.00,Empathy,1.74
43-4081.00,Humility,1.06
43-4081.00,Initiative,1.1
43-4081.00,Innovation,-0.14
43-4081.00,Integrity,1.73
43-4081.00,Intellectual Curiosity,0.0
43-4081.00,Leadership Orientation,0.19
43-4081.00,Optimism,1.9
43-4081.00,Perseverance,0.93
43-4081.00,Self-Confidence,1.18
43-4081.00,Self-Control,1.73
43-4081.00,Sincerity,1.58
43-4081.00,Social Orientation,2.33
43-4081.00,Stress Tolerance,1.8
43-4081.00,Tolerance for Ambiguity,0.74
43-4111.00,Achievement Orientation,0.73
43-4111.00,Adaptability,0.95
43-4111.00,Attention to Detail,2.19
43-4111.00,Cautiousness,1.0
43-4111.00,Cooperation,2.14
43-4111.00,Dependability,2.16
43-4111.00,Empathy,1.43
43-4111.00,Humility,0.78
43-4111.00,Initiative,0.72
43-4111.00,Innovation,-0.26
43-4111.00,Integrity,1.73
43-4111.00,Intellectual Curiosity,0.1
43-4111.00,Leadership Orientation,0.47
43-4111.00,Optimism,1.42
43-4111.00,Perseverance,0.88
43-4111.00,Self-Confidence,0.97
43-4111.00,Self-Control,1.37
43-4111.00,Sincerity,1.44
43-4111.00,Social Orientation,2.22
43-4111.00,Stress Tolerance,1.02
43-4111.00,Tolerance for Ambiguity,0.29
43-4121.00,Achievement Orientation,0.62
43-4121.00,Adaptability,0.5
43-4121.00,Attention to Detail,2.41
43-4121.00,Cautiousness,1.06
43-4121.00,Cooperation,2.07
43-4121.00,Dependability,2.25
43-4121.00,Empathy,1.05
43-4121.00,Humility,0.9
43-4121.00,Initiative,0.67
43-4121.00,Innovation,-0.08
43-4121.00,Integrity,1.37
43-4121.00,Intellectual Curiosity,0.58
43-4121.00,Leadership Orientation,-0.13
43-4121.00,Optimism,0.84
43-4121.00,Perseverance,0.47
43-4121.00,Self-Confidence,0.44
43-4121.00,Self-Control,1.28
43-4121.00,Sincerity,1.23
43-4121.00,Social Orientation,1.58
43-4121.00,Stress Tolerance,0.66
43-4121.00,Tolerance for Ambiguity,-0.27
43-4131.00,Achievement Orientation,1.3
43-4131.00,Adaptability,0.69
43-4131.00,Attention to Detail,2.84
43-4131.00,Cautiousness,2.17
43-4131.00,Cooperation,1.35
43-4131.00,Dependability,2.65
43-4131.00,Empathy,0.86
43-4131.00,Humility,0.53
43-4131.00,Initiative,0.65
43-4131.00,Innovation,-0.43
43-4131.00,Integrity,2.17
43-4131.00,Intellectual Curiosity,0.33
43-4131.00,Leadership Orientation,0.02
43-4131.00,Optimism,0.56
43-4131.00,Perseverance,1.2
43-4131.00,Self-Confidence,1.21
43-4131.00,Self-Control,1.43
43-4131.00,Sincerity,1.23
43-4131.00,Social Orientation,1.52
43-4131.00,Stress Tolerance,1.02
43-4131.00,Tolerance for Ambiguity,-0.15
43-4141.00,Achievement Orientation,0.99
43-4141.00,Adaptability,1.05
43-4141.00,Attention to Detail,2.44
43-4141.00,Cautiousness,1.69
43-4141.00,Cooperation,2.26
43-4141.00,Dependability,2.65
43-4141.00,Empathy,1.43
43-4141.00,Humility,0.78
43-4141.00,Initiative,1.07
43-4141.00,Innovation,-0.32
43-4141.00,Integrity,2.24
43-4141.00,Intellectual Curiosity,0.33
43-4141.00,Leadership Orientation,0.34
43-4141.00,Optimism,1.39
43-4141.00,Perseverance,0.93
43-4141.00,Self-Confidence,1.18
43-4141.00,Self-Control,1.7
43-4141.00,Sincerity,1.6
43-4141.00,Social Orientation,2.24
43-4141.00,Stress Tolerance,1.07
43-4141.00,Tolerance for Ambiguity,0.1
43-4151.00,Achievement Orientation,0.71
43-4151.00,Adaptability,0.57
43-4151.00,Attention to Detail,2.34
43-4151.00,Cautiousness,1.23
43-4151.00,Cooperation,1.67
43-4151.00,Dependability,2.22
43-4151.00,Empathy,1.1
43-4151.00,Humility,0.61
43-4151.00,Initiative,0.49
43-4151.00,Innovation,0.11
43-4151.00,Integrity,1.66
43-4151.00,Intellectual Curiosity,-0.12
43-4151.00,Leadership Orientation,-0.34
43-4151.00,Optimism,1.04
43-4151.00,Perseverance,0.88
43-4151.00,Self-Confidence,0.62
43-4151.00,Self-Control,1.16
43-4151.00,Sincerity,1.14
43-4151.00,Social Orientation,1.58
43-4151.00,Stress Tolerance,1.0
43-4151.00,Tolerance for Ambiguity,-0.03
43-4161.00,Achievement Orientation,0.71
43-4161.00,Adaptability,0.64
43-4161.00,Attention to Detail,2.57
43-4161.00,Cautiousness,1.35
43-4161.00,Cooperation,2.07
43-4161.00,Dependability,2.65
43-4161.00,Empathy,1.17
43-4161.00,Humility,1.06
43-4161.00,Initiative,0.45
43-4161.00,Innovation,-0.14
43-4161.00,Integrity,2.36
43-4161.00,Intellectual Curiosity,0.29
43-4161.00,Leadership Orientation,0.12
43-4161.00,Optimism,0.79
43-4161.00,Perseverance,0.68
43-4161.00,Self-Confidence,0.6
43-4161.00,Self-Control,1.37
43-4161.00,Sincerity,1.28
43-4161.00,Social Orientation,1.38
43-4161.00,Stress Tolerance,0.93
43-4161.00,Tolerance for Ambiguity,0.06
43-4171.00,Achievement Orientation,0.54
43-4171.00,Adaptability,1.14
43-4171.00,Attention to Detail,1.89
43-4171.00,Cautiousness,0.77
43-4171.00,Cooperation,2.47
43-4171.00,Dependability,2.45
43-4171.00,Empathy,1.86
43-4171.00,Humility,1.22
43-4171.00,Initiative,0.83
43-4171.00,Innovation,-0.24
43-4171.00,Integrity,1.63
43-4171.00,Intellectual Curiosity,-0.06
43-4171.00,Leadership Orientation,-0.26
43-4171.00,Optimism,1.82
43-4171.00,Perseverance,0.47
43-4171.00,Self-Confidence,1.13
43-4171.00,Self-Control,1.84
43-4171.00,Sincerity,1.72
43-4171.00,Social Orientation,2.29
43-4171.00,Stress Tolerance,1.19
43-4171.00,Tolerance for Ambiguity,0.45
43-4181.00,Achievement Orientation,0.77
43-4181.00,Adaptability,1.54
43-4181.00,Attention to Detail,2.16
43-4181.00,Cautiousness,1.29
43-4181.00,Cooperation,2.3
43-4181.00,Dependability,2.59
43-4181.00,Empathy,1.54
43-4181.00,Humility,0.75
43-4181.00,Initiative,0.95
43-4181.00,Innovation,-0.3
43-4181.00,Integrity,1.76
43-4181.00,Intellectual Curiosity,0.15
43-4181.00,Leadership Orientation,-0.09
43-4181.00,Optimism,1.42
43-4181.00,Perseverance,0.97
43-4181.00,Self-Confidence,1.05
43-4181.00,Self-Control,1.8
43-4181.00,Sincerity,1.23
43-4181.00,Social Orientation,2.22
43-4181.00,Stress Tolerance,1.61
43-4181.00,Tolerance for Ambiguity,0.62
43-5011.00,Achievement Orientation,1.16
43-5011.00,Adaptability,1.41
43-5011.00,Attention to Detail,2.37
43-5011.00,Cautiousness,1.32
43-5011.00,Cooperation,1.38
43-5011.00,Dependability,2.65
43-5011.00,Empathy,0.35
43-5011.00,Humility,0.47
43-5011.00,Initiative,1.1
43-5011.00,Innovation,0.07
43-5011.00,Integrity,1.73
43-5011.00,Intellectual Curiosity,0.33
43-5011.00,Leadership Orientation,0.52
43-5011.00,Optimism,0.69
43-5011.00,Perseverance,1.15
43-5011.00,Self-Confidence,1.18
43-5011.00,Self-Control,1.31
43-5011.00,Sincerity,0.65
43-5011.00,Social Orientation,1.27
43-5011.00,Stress Tolerance,1.29
43-5011.00,Tolerance for Ambiguity,0.97
43-5011.01,Achievement Orientation,1.66
43-5011.01,Adaptability,1.75
43-5011.01,Attention to Detail,2.5
43-5011.01,Cautiousness,2.14
43-5011.01,Cooperation,1.63
43-5011.01,Dependability,2.65
43-5011.01,Empathy,0.41
43-5011.01,Humility,0.29
43-5011.01,Initiative,1.59
43-5011.01,Innovation,0.89
43-5011.01,Integrity,2.1
43-5011.01,Intellectual Curiosity,1.17
43-5011.01,Leadership Orientation,1.0
43-5011.01,Optimism,0.66
43-5011.01,Perseverance,1.77
43-5011.01,Self-Confidence,1.54
43-5011.01,Self-Control,1.37
43-5011.01,Sincerity,0.76
43-5011.01,Social Orientation,1.18
43-5011.01,Stress Tolerance,1.61
43-5011.01,Tolerance for Ambiguity,1.31
43-5021.00,Achievement Orientation,0.31
43-5021.00,Adaptability,0.99
43-5021.00,Attention to Detail,1.84
43-5021.00,Cautiousness,1.38
43-5021.00,Cooperation,1.14
43-5021.00,Dependability,2.56
43-5021.00,Empathy,0.56
43-5021.00,Humility,0.37
43-5021.00,Initiative,0.72
43-5021.00,Innovation,-0.24
43-5021.00,Integrity,1.73
43-5021.00,Intellectual Curiosity,-0.24
43-5021.00,Leadership Orientation,-0.43
43-5021.00,Optimism,0.71
43-5021.00,Perseverance,1.12
43-5021.00,Self-Confidence,0.56
43-5021.00,Self-Control,0.85
43-5021.00,Sincerity,0.84
43-5021.00,Social Orientation,1.18
43-5021.00,Stress Tolerance,1.14
43-5021.00,Tolerance for Ambiguity,-0.21
43-5031.00,Achievement Orientation,1.55
43-5031.00,Adaptability,1.0
43-5031.00,Attention to Detail,2.77
43-5031.00,Cautiousness,2.58
43-5031.00,Cooperation,2.3
43-5031.00,Dependability,2.93
43-5031.00,Empathy,1.71
43-5031.00,Humility,0.53
43-5031.00,Initiative,0.83
43-5031.00,Innovation,-0.68
43-5031.00,Integrity,2.93
43-5031.00,Intellectual Curiosity,0.76
43-5031.00,Leadership Orientation,0.76
43-5031.00,Optimism,0.93
43-5031.00,Perseverance,1.31
43-5031.00,Self-Confidence,1.83
43-5031.00,Self-Control,3.0
43-5031.00,Sincerity,1.55
43-5031.00,Social Orientation,1.33
43-5031.00,Stress Tolerance,3.0
43-5031.00,Tolerance for Ambiguity,1.14
43-5032.00,Achievement Orientation,1.14
43-5032.00,Adaptability,1.72
43-5032.00,Attention to Detail,2.14
43-5032.00,Cautiousness,1.53
43-5032.00,Cooperation,1.84
43-5032.00,Dependability,2.65
43-5032.00,Empathy,0.82
43-5032.00,Humility,0.42
43-5032.00,Initiative,0.95
43-5032.00,Innovation,-0.18
43-5032.00,Integrity,1.7
43-5032.00,Intellectual Curiosity,0.1
43-5032.00,Leadership Orientation,1.31
43-5032.00,Optimism,1.04
43-5032.00,Perseverance,1.34
43-5032.00,Self-Confidence,1.1
43-5032.00,Self-Control,1.77
43-5032.00,Sincerity,0.76
43-5032.00,Social Orientation,1.47
43-5032.00,Stress Tolerance,1.96
43-5032.00,Tolerance for Ambiguity,1.12
43-5041.00,Achievement Orientation,0.33
43-5041.00,Adaptability,0.34
43-5041.00,Attention to Detail,2.05
43-5041.00,Cautiousness,1.2
43-5041.00,Cooperation,0.68
43-5041.00,Dependability,2.27
43-5041.00,Empathy,0.3
43-5041.00,Humility,0.34
43-5041.00,Initiative,0.36
43-5041.00,Innovation,-0.39
43-5041.00,Integrity,1.73
43-5041.00,Intellectual Curiosity,-0.21
43-5041.00,Leadership Orientation,-0.4
43-5041.00,Optimism,0.36
43-5041.00,Perseverance,0.79
43-5041.00,Self-Confidence,0.52
43-5041.00,Self-Control,0.85
43-5041.00,Sincerity,0.72
43-5041.00,Social Orientation,0.09
43-5041.00,Stress Tolerance,0.78
43-5041.00,Tolerance for Ambiguity,-0.65
43-5051.00,Achievement Orientation,0.66
43-5051.00,Adaptability,0.3
43-5051.00,Attention to Detail,2.41
43-5051.00,Cautiousness,1.53
43-5051.00,Cooperation,1.57
43-5051.00,Dependability,2.46
43-5051.00,Empathy,0.73
43-5051.00,Humility,0.7
43-5051.00,Initiative,0.11
43-5051.00,Innovation,-0.66
43-5051.00,Integrity,1.99
43-5051.00,Intellectual Curiosity,-0.22
43-5051.00,Leadership Orientation,-0.38
43-5051.00,Optimism,0.98
43-5051.00,Perseverance,0.79
43-5051.00,Self-Confidence,0.6
43-5051.00,Self-Control,1.43
43-5051.00,Sincerity,0.78
43-5051.00,Social Orientation,1.29
43-5051.00,Stress Tolerance,1.14
43-5051.00,Tolerance for Ambiguity,-0.67
43-5052.00,Achievement Orientation,0.78
43-5052.00,Adaptability,0.64
43-5052.00,Attention to Detail,2.16
43-5052.00,Cautiousness,1.29
43-5052.00,Cooperation,1.53
43-5052.00,Dependability,2.65
43-5052.00,Empathy,0.71
43-5052.00,Humility,0.61
43-5052.00,Initiative,0.38
43-5052.00,Innovation,-0.37
43-5052.00,Integrity,2.06
43-5052.00,Intellectual Curiosity,-0.3
43-5052.00,Leadership Orientation,-0.32
43-5052.00,Optimism,0.98
43-5052.00,Perseverance,1.58
43-5052.00,Self-Confidence,0.6
43-5052.00,Self-Control,1.31
43-5052.00,Sincerity,1.05
43-5052.00,Social Orientation,1.22
43-5052.00,Stress Tolerance,1.38
43-5052.00,Tolerance for Ambiguity,-0.23
43-5053.00,Achievement Orientation,0.54
43-5053.00,Adaptability,0.64
43-5053.00,Attention to Detail,2.41
43-5053.00,Cautiousness,0.95
43-5053.00,Cooperation,0.66
43-5053.00,Dependability,2.27
43-5053.00,Empathy,-0.12
43-5053.00,Humility,-0.4
43-5053.00,Initiative,0.19
43-5053.00,Innovation,-0.39
43-5053.00,Integrity,1.37
43-5053.00,Intellectual Curiosity,-0.24
43-5053.00,Leadership Orientation,-0.54
43-5053.00,Optimism,-0.02
43-5053.00,Perseverance,0.84
43-5053.00,Self-Confidence,0.07
43-5053.00,Self-Control,0.59
43-5053.00,Sincerity,0.07
43-5053.00,Social Orientation,-0.37
43-5053.00,Stress Tolerance,0.97
43-5053.00,Tolerance for Ambiguity,-0.44
43-5061.00,Achievement Orientation,1.52
43-5061.00,Adaptability,1.61
43-5061.00,Attention to Detail,2.5
43-5061.00,Cautiousness,1.5
43-5061.00,Cooperation,1.77
43-5061.00,Dependability,2.62
43-5061.00,Empathy,0.54
43-5061.00,Humility,0.42
43-5061.00,Initiative,1.32
43-5061.00,Innovation,0.15
43-5061.00,Integrity,1.54
43-5061.00,Intellectual Curiosity,0.45
43-5061.00,Leadership Orientation,1.06
43-5061.00,Optimism,0.61
43-5061.00,Perseverance,1.43
43-5061.00,Self-Confidence,0.99
43-5061.00,Self-Control,1.0
43-5061.00,Sincerity,0.7
43-5061.00,Social Orientation,1.38
43-5061.00,Stress Tolerance,1.11
43-5061.00,Tolerance for Ambiguity,0.58
43-5071.00,Achievement Orientation,0.84
43-5071.00,Adaptability,0.59
43-5071.00,Attention to Detail,2.37
43-5071.00,Cautiousness,1.47
43-5071.00,Cooperation,1.11
43-5071.00,Dependability,2.47
43-5071.00,Empathy,0.01
43-5071.00,Humility,0.24
43-5071.00,Initiative,0.43
43-5071.00,Innovation,-0.34
43-5071.00,Integrity,1.73
43-5071.00,Intellectual Curiosity,-0.06
43-5071.00,Leadership Orientation,-0.19
43-5071.00,Optimism,0.11
43-5071.00,Perseverance,0.86
43-5071.00,Self-Confidence,0.35
43-5071.00,Self-Control,0.63
43-5071.00,Sincerity,0.55
43-5071.00,Social Orientation,0.34
43-5071.00,Stress Tolerance,0.9
43-5071.00,Tolerance for Ambiguity,-0.38
43-5111.00,Achievement Orientation,0.56
43-5111.00,Adaptability,-0.01
43-5111.00,Attention to Detail,2.6
43-5111.00,Cautiousness,1.93
43-5111.00,Cooperation,0.55
43-5111.00,Dependability,2.3
43-5111.00,Empathy,-0.14
43-5111.00,Humility,-0.04
43-5111.00,Initiative,0.1
43-5111.00,Innovation,-0.71
43-5111.00,Integrity,1.7
43-5111.00,Intellectual Curiosity,-0.23
43-5111.00,Leadership Orientation,-0.4
43-5111.00,Optimism,-0.1
43-5111.00,Perseverance,0.32
43-5111.00,Self-Confidence,0.17
43-5111.00,Self-Control,0.39
43-5111.00,Sincerity,0.24
43-5111.00,Social Orientation,-0.12
43-5111.00,Stress Tolerance,0.38
43-5111.00,Tolerance for Ambiguity,-0.67
43-6011.00,Achievement Orientation,1.52
43-6011.00,Adaptability,1.48
43-6011.00,Attention to Detail,2.63
43-6011.00,Cautiousness,1.29
43-6011.00,Cooperation,2.14
43-6011.00,Dependability,2.65
43-6011.00,Empathy,1.05
43-6011.00,Humility,0.84
43-6011.00,Initiative,1.38
43-6011.00,Innovation,0.37
43-6011.00,Integrity,1.89
43-6011.00,Intellectual Curiosity,0.6
43-6011.00,Leadership Orientation,0.78
43-6011.00,Optimism,1.23
43-6011.00,Perseverance,1.49
43-6011.00,Self-Confidence,1.13
43-6011.00,Self-Control,1.63
43-6011.00,Sincerity,1.09
43-6011.00,Social Orientation,1.9
43-6011.00,Stress Tolerance,1.61
43-6011.00,Tolerance for Ambiguity,0.85
43-6012.00,Achievement Orientation,1.27
43-6012.00,Adaptability,0.83
43-6012.00,Attention to Detail,2.77
43-6012.00,Cautiousness,1.86
43-6012.00,Cooperation,1.92
43-6012.00,Dependability,2.65
43-6012.00,Empathy,0.58
43-6012.00,Humility,0.78
43-6012.00,Initiative,1.05
43-6012.00,Innovation,-0.39
43-6012.00,Integrity,2.4
43-6012.00,Intellectual Curiosity,0.53
43-6012.00,Leadership Orientation,-0.5
43-6012.00,Optimism,0.49
43-6012.00,Perseverance,1.43
43-6012.00,Self-Confidence,0.64
43-6012.00,Self-Control,1.6
43-6012.00,Sincerity,1.14
43-6012.00,Social Orientation,1.04
43-6012.00,Stress Tolerance,1.49
43-6012.00,Tolerance for Ambiguity,0.0
43-6013.00,Achievement Orientation,0.97
43-6013.00,Adaptability,1.19
43-6013.00,Attention to Detail,2.77
43-6013.00,Cautiousness,1.56
43-6013.00,Cooperation,2.1
43-6013.00,Dependability,2.65
43-6013.00,Empathy,1.74
43-6013.00,Humility,0.87
43-6013.00,Initiative,1.02
43-6013.00,Innovation,-0.04
43-6013.00,Integrity,1.96
43-6013.00,Intellectual Curiosity,0.39
43-6013.00,Leadership Orientation,-0.38
43-6013.00,Optimism,1.53
43-6013.00,Perseverance,1.12
43-6013.00,Self-Confidence,0.27
43-6013.00,Self-Control,1.53
43-6013.00,Sincerity,1.49
43-6013.00,Social Orientation,1.88
43-6013.00,Stress Tolerance,1.52
43-6013.00,Tolerance for Ambiguity,0.56
43-6014.00,Achievement Orientation,0.77
43-6014.00,Adaptability,1.05
43-6014.00,Attention to Detail,2.34
43-6014.00,Cautiousness,1.17
43-6014.00,Cooperation,2.07
43-6014.00,Dependability,2.59
43-6014.00,Empathy,1.05
43-6014.00,Humility,0.93
43-6014.00,Initiative,1.05
43-6014.00,Innovation,0.15
43-6014.00,Integrity,1.54
43-6014.00,Intellectual Curiosity,0.15
43-6014.00,Leadership Orientation,-0.32
43-6014.00,Optimism,1.23
43-6014.00,Perseverance,0.75
43-6014.00,Self-Confidence,0.5
43-6014.00,Self-Control,1.43
43-6014.00,Sincerity,1.09
43-6014.00,Social Orientation,1.92
43-6014.00,Stress Tolerance,0.95
43-6014.00,Tolerance for Ambiguity,-0.17
43-9021.00,Achievement Orientation,0.87
43-9021.00,Adaptability,-0.27
43-9021.00,Attention to Detail,2.77
43-9021.00,Cautiousness,1.79
43-9021.00,Cooperation,0.45
43-9021.00,Dependability,2.22
43-9021.00,Empathy,-0.16
43-9021.00,Humility,-0.2
43-9021.00,Initiative,-0.03
43-9021.00,Innovation,-0.71
43-9021.00,Integrity,1.34
43-9021.00,Intellectual Curiosity,-0.34
43-9021.00,Leadership Orientation,-0.63
43-9021.00,Optimism,-0.1
43-9021.00,Perseverance,0.57
43-9021.00,Self-Confidence,0.0
43-9021.00,Self-Control,0.44
43-9021.00,Sincerity,0.08
43-9021.00,Social Orientation,-0.39
43-9021.00,Stress Tolerance,0.49
43-9021.00,Tolerance for Ambiguity,-0.98
43-9022.00,Achievement Orientation,0.59
43-9022.00,Adaptability,0.01
43-9022.00,Attention to Detail,2.77
43-9022.00,Cautiousness,1.29
43-9022.00,Cooperation,0.68
43-9022.00,Dependability,2.36
43-9022.00,Empathy,-0.06
43-9022.00,Humility,-0.06
43-9022.00,Initiative,0.14
43-9022.00,Innovation,-0.34
43-9022.00,Integrity,1.34
43-9022.00,Intellectual Curiosity,-0.17
43-9022.00,Leadership Orientation,-0.61
43-9022.00,Optimism,-0.07
43-9022.00,Perseverance,0.44
43-9022.00,Self-Confidence,0.1
43-9022.00,Self-Control,0.51
43-9022.00,Sincerity,0.11
43-9022.00,Social Orientation,-0.27
43-9022.00,Stress Tolerance,0.49
43-9022.00,Tolerance for Ambiguity,-0.61
43-9031.00,Achievement Orientation,0.93
43-9031.00,Adaptability,0.81
43-9031.00,Attention to Detail,2.77
43-9031.00,Cautiousness,1.06
43-9031.00,Cooperation,0.55
43-9031.00,Dependability,2.22
43-9031.00,Empathy,-0.12
43-9031.00,Humility,-0.42
43-9031.00,Initiative,0.19
43-9031.00,Innovation,1.1
43-9031.00,Integrity,0.55
43-9031.00,Intellectual Curiosity,0.53
43-9031.00,Leadership Orientation,-0.38
43-9031.00,Optimism,-0.07
43-9031.00,Perseverance,0.88
43-9031.00,Self-Confidence,0.52
43-9031.00,Self-Control,0.39
43-9031.00,Sincerity,0.09
43-9031.00,Social Orientation,-0.14
43-9031.00,Stress Tolerance,0.7
43-9031.00,Tolerance for Ambiguity,-0.07
43-9041.00,Achievement Orientation,0.75
43-9041.00,Adaptability,0.55
43-9041.00,Attention to Detail,2.74
43-9041.00,Cautiousness,1.86
43-9041.00,Cooperation,1.41
43-9041.00,Dependability,2.62
43-9041.00,Empathy,0.79
43-9041.00,Humility,0.64
43-9041.00,Initiative,0.33
43-9041.00,Innovation,-0.52
43-9041.00,Integrity,2.1
43-9041.00,Intellectual Curiosity,0.12
43-9041.00,Leadership Orientation,-0.52
43-9041.00,Optimism,0.43
43-9041.00,Perseverance,0.9
43-9041.00,Self-Confidence,0.48
43-9041.00,Self-Control,1.25
43-9041.00,Sincerity,1.05
43-9041.00,Social Orientation,0.81
43-9041.00,Stress Tolerance,1.07
43-9041.00,Tolerance for Ambiguity,-0.32
43-9051.00,Achievement Orientation,0.31
43-9051.00,Adaptability,0.03
43-9051.00,Attention to Detail,2.11
43-9051.00,Cautiousness,1.0
43-9051.00,Cooperation,0.82
43-9051.00,Dependability,2.16
43-9051.00,Empathy,-0.08
43-9051.00,Humility,0.18
43-9051.00,Initiative,0.14
43-9051.00,Innovation,-0.54
43-9051.00,Integrity,1.15
43-9051.00,Intellectual Curiosity,-0.29
43-9051.00,Leadership Orientation,-0.52
43-9051.00,Optimism,-0.01
43-9051.00,Perseverance,0.39
43-9051.00,Self-Confidence,0.09
43-9051.00,Self-Control,0.44
43-9051.00,Sincerity,0.15
43-9051.00,Social Orientation,0.0
43-9051.00,Stress Tolerance,0.64
43-9051.00,Tolerance for Ambiguity,-0.48
43-9061.00,Achievement Orientation,0.7
43-9061.00,Adaptability,1.02
43-9061.00,Attention to Detail,2.14
43-9061.00,Cautiousness,0.95
43-9061.00,Cooperation,1.63
43-9061.00,Dependability,2.36
43-9061.00,Empathy,0.82
43-9061.00,Humility,0.7
43-9061.00,Initiative,0.85
43-9061.00,Innovation,-0.2
43-9061.00,Integrity,1.48
43-9061.00,Intellectual Curiosity,0.09
43-9061.00,Leadership Orientation,-0.41
43-9061.00,Optimism,0.74
43-9061.00,Perseverance,0.57
43-9061.00,Self-Confidence,0.44
43-9061.00,Self-Control,1.03
43-9061.00,Sincerity,0.98
43-9061.00,Social Orientation,1.45
43-9061.00,Stress Tolerance,0.74
43-9061.00,Tolerance for Ambiguity,0.02
43-9071.00,Achievement Orientation,0.57
43-9071.00,Adaptability,0.25
43-9071.00,Attention to Detail,2.25
43-9071.00,Cautiousness,1.06
43-9071.00,Cooperation,0.47
43-9071.00,Dependability,2.08
43-9071.00,Empathy,-0.12
43-9071.00,Humility,-0.27
43-9071.00,Initiative,0.14
43-9071.00,Innovation,-0.45
43-9071.00,Integrity,0.66
43-9071.00,Intellectual Curiosity,-0.23
43-9071.00,Leadership Orientation,-0.63
43-9071.00,Optimism,-0.06
43-9071.00,Perseverance,0.39
43-9071.00,Self-Confidence,0.12
43-9071.00,Self-Control,0.55
43-9071.00,Sincerity,0.08
43-9071.00,Social Orientation,-0.25
43-9071.00,Stress Tolerance,0.46
43-9071.00,Tolerance for Ambiguity,-0.27
43-9081.00,Achievement Orientation,1.07
43-9081.00,Adaptability,-0.01
43-9081.00,Attention to Detail,3.0
43-9081.00,Cautiousness,2.25
43-9081.00,Cooperation,0.82
43-9081.00,Dependability,2.93
43-9081.00,Empathy,-0.14
43-9081.00,Humility,0.53
43-9081.00,Initiative,0.51
43-9081.00,Innovation,-0.47
43-9081.00,Integrity,0.64
43-9081.00,Intellectual Curiosity,0.43
43-9081.00,Leadership Orientation,-0.68
43-9081.00,Optimism,-0.11
43-9081.00,Perseverance,1.1
43-9081.00,Self-Confidence,0.54
43-9081.00,Self-Control,0.57
43-9081.00,Sincerity,0.15
43-9081.00,Social Orientation,-0.14
43-9081.00,Stress Tolerance,0.66
43-9081.00,Tolerance for Ambiguity,-0.86
43-9111.00,Achievement Orientation,1.32
43-9111.00,Adaptability,0.23
43-9111.00,Attention to Detail,3.0
43-9111.00,Cautiousness,1.82
43-9111.00,Cooperation,0.47
43-9111.00,Dependability,2.44
43-9111.00,Empathy,-0.16
43-9111.00,Humility,0.1
43-9111.00,Initiative,0.36
43-9111.00,Innovation,-0.34
43-9111.00,Integrity,1.54
43-9111.00,Intellectual Curiosity,1.11
43-9111.00,Leadership Orientation,-0.45
43-9111.00,Optimism,-0.1
43-9111.00,Perseverance,0.93
43-9111.00,Self-Confidence,0.62
43-9111.00,Self-Control,0.44
43-9111.00,Sincerity,0.13
43-9111.00,Social Orientation,-0.16
43-9111.00,Stress Tolerance,0.66
43-9111.00,Tolerance for Ambiguity,0.06
45-1011.00,Achievement Orientation,1.58
45-1011.00,Adaptability,1.05
45-1011.00,Attention to Detail,1.86
45-1011.00,Cautiousness,1.29
45-1011.00,Cooperation,1.88
45-1011.00,Dependability,2.53
45-1011.00,Empathy,0.79
45-1011.00,Humility,0.87
45-1011.00,Initiative,0.95
45-1011.00,Innovation,-0.12
45-1011.00,Integrity,1.73
45-1011.00,Intellectual Curiosity,0.43
45-1011.00,Leadership Orientation,3.0
45-1011.00,Optimism,0.98
45-1011.00,Perseverance,2.01
45-1011.00,Self-Confidence,1.6
45-1011.00,Self-Control,1.66
45-1011.00,Sincerity,0.62
45-1011.00,Social Orientation,1.38
45-1011.00,Stress Tolerance,1.43
45-1011.00,Tolerance for Ambiguity,1.04
45-2011.00,Achievement Orientation,1.42
45-2011.00,Adaptability,0.91
45-2011.00,Attention to Detail,2.77
45-2011.00,Cautiousness,2.24
45-2011.00,Cooperation,1.08
45-2011.00,Dependability,2.65
45-2011.00,Empathy,0.12
45-2011.00,Humility,0.22
45-2011.00,Initiative,0.8
45-2011.00,Innovation,-0.32
45-2011.00,Integrity,2.55
45-2011.00,Intellectual Curiosity,1.08
45-2011.00,Leadership Orientation,1.21
45-2011.00,Optimism,0.22
45-2011.00,Perseverance,1.52
45-2011.00,Self-Confidence,1.24
45-2011.00,Self-Control,1.66
45-2011.00,Sincerity,1.46
45-2011.00,Social Orientation,0.77
45-2011.00,Stress Tolerance,1.29
45-2011.00,Tolerance for Ambiguity,-0.03
45-2021.00,Achievement Orientation,1.3
45-2021.00,Adaptability,0.83
45-2021.00,Attention to Detail,2.19
45-2021.00,Cautiousness,1.56
45-2021.00,Cooperation,0.64
45-2021.00,Dependability,2.44
45-2021.00,Empathy,0.75
45-2021.00,Humility,0.5
45-2021.00,Initiative,1.02
45-2021.00,Innovation,0.6
45-2021.00,Integrity,1.45
45-2021.00,Intellectual Curiosity,0.89
45-2021.00,Leadership Orientation,0.32
45-2021.00,Optimism,0.87
45-2021.00,Perseverance,1.7
45-2021.00,Self-Confidence,1.05
45-2021.00,Self-Control,1.31
45-2021.00,Sincerity,0.7
45-2021.00,Social Orientation,-0.25
45-2021.00,Stress Tolerance,1.11
45-2021.00,Tolerance for Ambiguity,0.54
45-2041.00,Achievement Orientation,0.27
45-2041.00,Adaptability,0.01
45-2041.00,Attention to Detail,2.2
45-2041.00,Cautiousness,1.11
45-2041.00,Cooperation,0.34
45-2041.00,Dependability,2.14
45-2041.00,Empathy,-0.21
45-2041.00,Humility,-0.42
45-2041.00,Initiative,-0.17
45-2041.00,Innovation,-0.7
45-2041.00,Integrity,0.7
45-2041.00,Intellectual Curiosity,-0.38
45-2041.00,Leadership Orientation,-0.64
45-2041.00,Optimism,-0.16
45-2041.00,Perseverance,0.35
45-2041.00,Self-Confidence,-0.02
45-2041.00,Self-Control,0.21
45-2041.00,Sincerity,0.01
45-2041.00,Social Orientation,-0.18
45-2041.00,Stress Tolerance,0.36
45-2041.00,Tolerance for Ambiguity,-0.65
45-2091.00,Achievement Orientation,1.03
45-2091.00,Adaptability,0.89
45-2091.00,Attention to Detail,1.76
45-2091.00,Cautiousness,1.5
45-2091.00,Cooperation,0.45
45-2091.00,Dependability,2.33
45-2091.00,Empathy,-0.13
45-2091.00,Humility,-0.06
45-2091.00,Initiative,0.74
45-2091.00,Innovation,0.13
45-2091.00,Integrity,1.15
45-2091.00,Intellectual Curiosity,0.62
45-2091.00,Leadership Orientation,-0.13
45-2091.00,Optimism,0.34
45-2091.00,Perseverance,1.31
45-2091.00,Self-Confidence,0.85
45-2091.00,Self-Control,0.75
45-2091.00,Sincerity,0.1
45-2091.00,Social Orientation,-0.23
45-2091.00,Stress Tolerance,1.24
45-2091.00,Tolerance for Ambiguity,0.14
45-2092.00,Achievement Orientation,0.7
45-2092.00,Adaptability,0.81
45-2092.00,Attention to Detail,1.57
45-2092.00,Cautiousness,0.9
45-2092.00,Cooperation,0.85
45-2092.00,Dependability,2.3
45-2092.00,Empathy,-0.05
45-2092.00,Humility,0.61
45-2092.00,Initiative,0.72
45-2092.00,Innovation,-0.2
45-2092.00,Integrity,1.13
45-2092.00,Intellectual Curiosity,0.33
45-2092.00,Leadership Orientation,0.23
45-2092.00,Optimism,0.76
45-2092.00,Perseverance,1.74
45-2092.00,Self-Confidence,0.41
45-2092.00,Self-Control,0.63
45-2092.00,Sincerity,0.38
45-2092.00,Social Orientation,-0.37
45-2092.00,Stress Tolerance,1.11
45-2092.00,Tolerance for Ambiguity,-0.25
45-2093.00,Achievement Orientation,0.73
45-2093.00,Adaptability,0.97
45-2093.00,Attention to Detail,1.57
45-2093.00,Cautiousness,1.26
45-2093.00,Cooperation,0.64
45-2093.00,Dependability,2.36
45-2093.00,Empathy,0.67
45-2093.00,Humility,0.72
45-2093.00,Initiative,0.95
45-2093.00,Innovation,-0.1
45-2093.00,Integrity,1.43
45-2093.00,Intellectual Curiosity,0.35
45-2093.00,Leadership Orientation,0.14
45-2093.00,Optimism,0.87
45-2093.00,Perseverance,1.77
45-2093.00,Self-Confidence,0.85
45-2093.00,Self-Control,1.14
45-2093.00,Sincerity,0.63
45-2093.00,Social Orientation,-0.3
45-2093.00,Stress Tolerance,1.86
45-2093.00,Tolerance for Ambiguity,0.31
45-3031.00,Achievement Orientation,0.39
45-3031.00,Adaptability,1.48
45-3031.00,Attention to Detail,0.96
45-3031.00,Cautiousness,1.14
45-3031.00,Cooperation,0.41
45-3031.00,Dependability,1.83
45-3031.00,Empathy,-0.39
45-3031.00,Humility,-0.67
45-3031.00,Initiative,0.97
45-3031.00,Innovation,0.11
45-3031.00,Integrity,1.29
45-3031.00,Intellectual Curiosity,0.1
45-3031.00,Leadership Orientation,0.0
45-3031.00,Optimism,0.76
45-3031.00,Perseverance,2.01
45-3031.00,Self-Confidence,0.32
45-3031.00,Self-Control,1.14
45-3031.00,Sincerity,0.23
45-3031.00,Social Orientation,-0.75
45-3031.00,Stress Tolerance,0.51
45-3031.00,Tolerance for Ambiguity,1.14
45-4011.00,Achievement Orientation,0.75
45-4011.00,Adaptability,1.11
45-4011.00,Attention to Detail,1.3
45-4011.00,Cautiousness,1.38
45-4011.00,Cooperation,1.63
45-4011.00,Dependability,2.41
45-4011.00,Empathy,-0.01
45-4011.00,Humility,-0.14
45-4011.00,Initiative,0.43
45-4011.00,Innovation,-0.24
45-4011.00,Integrity,1.51
45-4011.00,Intellectual Curiosity,0.26
45-4011.00,Leadership Orientation,0.0
45-4011.00,Optimism,0.06
45-4011.00,Perseverance,1.97
45-4011.00,Self-Confidence,0.64
45-4011.00,Self-Control,1.25
45-4011.00,Sincerity,0.53
45-4011.00,Social Orientation,0.02
45-4011.00,Stress Tolerance,1.61
45-4011.00,Tolerance for Ambiguity,0.22
45-4021.00,Achievement Orientation,0.95
45-4021.00,Adaptability,0.97
45-4021.00,Attention to Detail,1.69
45-4021.00,Cautiousness,2.62
45-4021.00,Cooperation,-0.15
45-4021.00,Dependability,2.47
45-4021.00,Empathy,-0.23
45-4021.00,Humility,-0.52
45-4021.00,Initiative,0.19
45-4021.00,Innovation,-0.56
45-4021.00,Integrity,1.08
45-4021.00,Intellectual Curiosity,0.26
45-4021.00,Leadership Orientation,-0.52
45-4021.00,Optimism,-0.21
45-4021.00,Perseverance,1.8
45-4021.00,Self-Confidence,1.21
45-4021.00,Self-Control,1.95
45-4021.00,Sincerity,0.04
45-4021.00,Social Orientation,-0.77
45-4021.00,Stress Tolerance,1.58
45-4021.00,Tolerance for Ambiguity,-0.13
45-4022.00,Achievement Orientation,1.03
45-4022.00,Adaptability,1.02
45-4022.00,Attention to Detail,1.64
45-4022.00,Cautiousness,2.21
45-4022.00,Cooperation,0.3
45-4022.00,Dependability,2.44
45-4022.00,Empathy,-0.17
45-4022.00,Humility,-0.3
45-4022.00,Initiative,0.36
45-4022.00,Innovation,-0.34
45-4022.00,Integrity,1.15
45-4022.00,Intellectual Curiosity,-0.06
45-4022.00,Leadership Orientation,-0.32
45-4022.00,Optimism,-0.06
45-4022.00,Perseverance,1.46
45-4022.00,Self-Confidence,1.05
45-4022.00,Self-Control,1.14
45-4022.00,Sincerity,0.05
45-4022.00,Social Orientation,-0.39
45-4022.00,Stress Tolerance,1.8
45-4022.00,Tolerance for Ambiguity,-0.15
45-4023.00,Achievement Orientation,0.68
45-4023.00,Adaptability,0.12
45-4023.00,Attention to Detail,2.47
45-4023.00,Cautiousness,1.53
45-4023.00,Cooperation,0.18
45-4023.00,Dependability,2.08
45-4023.00,Empathy,-0.16
45-4023.00,Humility,-0.32
45-4023.00,Initiative,0.06
45-4023.00,Innovation,-0.45
45-4023.00,Integrity,1.51
45-4023.00,Intellectual Curiosity,0.15
45-4023.00,Leadership Orientation,-0.41
45-4023.00,Optimism,-0.2
45-4023.00,Perseverance,0.79
45-4023.00,Self-Confidence,0.62
45-4023.00,Self-Control,0.41
45-4023.00,Sincerity,0.15
45-4023.00,Social Orientation,-0.21
45-4023.00,Stress Tolerance,0.6
45-4023.00,Tolerance for Ambiguity,-0.05
47-1011.00,Achievement Orientation,1.92
47-1011.00,Adaptability,1.68
47-1011.00,Attention to Detail,2.02
47-1011.00,Cautiousness,2.28
47-1011.00,Cooperation,2.07
47-1011.00,Dependability,2.65
47-1011.00,Empathy,0.98
47-1011.00,Humility,0.75
47-1011.00,Initiative,1.75
47-1011.00,Innovation,0.84
47-1011.00,Integrity,1.96
47-1011.00,Intellectual Curiosity,0.84
47-1011.00,Leadership Orientation,3.0
47-1011.00,Optimism,1.01
47-1011.00,Perseverance,2.08
47-1011.00,Self-Confidence,1.76
47-1011.00,Self-Control,1.91
47-1011.00,Sincerity,1.0
47-1011.00,Social Orientation,1.56
47-1011.00,Stress Tolerance,2.06
47-1011.00,Tolerance for Ambiguity,0.99
47-2011.00,Achievement Orientation,1.32
47-2011.00,Adaptability,0.5
47-2011.00,Attention to Detail,2.5
47-2011.00,Cautiousness,2.39
47-2011.00,Cooperation,1.06
47-2011.00,Dependability,2.56
47-2011.00,Empathy,-0.21
47-2011.00,Humility,0.0
47-2011.00,Initiative,0.53
47-2011.00,Innovation,0.0
47-2011.00,Integrity,1.37
47-2011.00,Intellectual Curiosity,0.65
47-2011.00,Leadership Orientation,-0.05
47-2011.00,Optimism,0.09
47-2011.00,Perseverance,1.77
47-2011.00,Self-Confidence,0.87
47-2011.00,Self-Control,1.11
47-2011.00,Sincerity,0.12
47-2011.00,Social Orientation,-0.25
47-2011.00,Stress Tolerance,1.38
47-2011.00,Tolerance for Ambiguity,-0.32
47-2021.00,Achievement Orientation,1.14
47-2021.00,Adaptability,0.36
47-2021.00,Attention to Detail,2.11
47-2021.00,Cautiousness,1.56
47-2021.00,Cooperation,0.59
47-2021.00,Dependability,2.3
47-2021.00,Empathy,-0.12
47-2021.00,Humility,-0.28
47-2021.00,Initiative,-0.29
47-2021.00,Innovation,0.04
47-2021.00,Integrity,1.18
47-2021.00,Intellectual Curiosity,-0.21
47-2021.00,Leadership Orientation,-0.24
47-2021.00,Optimism,0.13
47-2021.00,Perseverance,1.37
47-2021.00,Self-Confidence,0.73
47-2021.00,Self-Control,0.75
47-2021.00,Sincerity,0.16
47-2021.00,Social Orientation,-0.16
47-2021.00,Stress Tolerance,1.0
47-2021.00,Tolerance for Ambiguity,-0.77
47-2022.00,Achievement Orientation,1.35
47-2022.00,Adaptability,0.14
47-2022.00,Attention to Detail,2.16
47-2022.00,Cautiousness,1.63
47-2022.00,Cooperation,0.51
47-2022.00,Dependability,2.3
47-2022.00,Empathy,-0.17
47-2022.00,Humility,-0.32
47-2022.00,Initiative,-0.02
47-2022.00,Innovation,0.09
47-2022.00,Integrity,0.98
47-2022.00,Intellectual Curiosity,-0.2
47-2022.00,Leadership Orientation,-0.3
47-2022.00,Optimism,-0.01
47-2022.00,Perseverance,1.64
47-2022.00,Self-Confidence,0.73
47-2022.00,Self-Control,0.82
47-2022.00,Sincerity,0.12
47-2022.00,Social Orientation,-0.18
47-2022.00,Stress Tolerance,1.02
47-2022.00,Tolerance for Ambiguity,-0.65
47-2031.00,Achievement Orientation,1.23
47-2031.00,Adaptability,0.91
47-2031.00,Attention to Detail,2.22
47-2031.00,Cautiousness,1.79
47-2031.00,Cooperation,0.73
47-2031.00,Dependability,2.44
47-2031.00,Empathy,0.04
47-2031.00,Humility,0.15
47-2031.00,Initiative,0.87
47-2031.00,Innovation,0.79
47-2031.00,Integrity,1.34
47-2031.00,Intellectual Curiosity,0.56
47-2031.00,Leadership Orientation,0.27
47-2031.00,Optimism,0.4
47-2031.00,Perseverance,1.55
47-2031.00,Self-Confidence,1.1
47-2031.00,Self-Control,0.85
47-2031.00,Sincerity,0.29
47-2031.00,Social Orientation,0.09
47-2031.00,Stress Tolerance,1.27
47-2031.00,Tolerance for Ambiguity,0.06
47-2041.00,Achievement Orientation,0.87
47-2041.00,Adaptability,0.32
47-2041.00,Attention to Detail,2.08
47-2041.00,Cautiousness,0.95
47-2041.00,Cooperation,0.47
47-2041.00,Dependability,2.08
47-2041.00,Empathy,-0.03
47-2041.00,Humility,-0.32
47-2041.00,Initiative,0.4
47-2041.00,Innovation,-0.08
47-2041.00,Integrity,0.85
47-2041.00,Intellectual Curiosity,-0.22
47-2041.00,Leadership Orientation,-0.4
47-2041.00,Optimism,-0.01
47-2041.00,Perseverance,1.12
47-2041.00,Self-Confidence,0.69
47-2041.00,Self-Control,0.61
47-2041.00,Sincerity,0.12
47-2041.00,Social Orientation,-0.12
47-2041.00,Stress Tolerance,0.7
47-2041.00,Tolerance for Ambiguity,-0.46
47-2042.00,Achievement Orientation,0.86
47-2042.00,Adaptability,0.3
47-2042.00,Attention to Detail,2.11
47-2042.00,Cautiousness,1.38
47-2042.00,Cooperation,0.39
47-2042.00,Dependability,2.14
47-2042.00,Empathy,-0.18
47-2042.00,Humility,-0.3
47-2042.00,Initiative,0.01
47-2042.00,Innovation,0.0
47-2042.00,Integrity,0.85
47-2042.00,Intellectual Curiosity,-0.1
47-2042.00,Leadership Orientation,-0.34
47-2042.00,Optimism,0.01
47-2042.00,Perseverance,1.07
47-2042.00,Self-Confidence,0.52
47-2042.00,Self-Control,0.41
47-2042.00,Sincerity,0.12
47-2042.00,Social Orientation,-0.39
47-2042.00,Stress Tolerance,0.53
47-2042.00,Tolerance for Ambiguity,-0.57
47-2043.00,Achievement Orientation,0.75
47-2043.00,Adaptability,-0.06
47-2043.00,Attention to Detail,2.11
47-2043.00,Cautiousness,1.38
47-2043.00,Cooperation,-0.01
47-2043.00,Dependability,2.06
47-2043.00,Empathy,-0.16
47-2043.00,Humility,-0.4
47-2043.00,Initiative,0.01
47-2043.00,Innovation,-0.18
47-2043.00,Integrity,0.51
47-2043.00,Intellectual Curiosity,-0.28
47-2043.00,Leadership Orientation,-0.59
47-2043.00,Optimism,-0.01
47-2043.00,Perseverance,0.95
47-2043.00,Self-Confidence,0.37
47-2043.00,Self-Control,0.46
47-2043.00,Sincerity,0.06
47-2043.00,Social Orientation,-0.37
47-2043.00,Stress Tolerance,0.53
47-2043.00,Tolerance for Ambiguity,-0.61
47-2044.00,Achievement Orientation,1.16
47-2044.00,Adaptability,0.46
47-2044.00,Attention to Detail,2.34
47-2044.00,Cautiousness,1.44
47-2044.00,Cooperation,0.41
47-2044.00,Dependability,2.11
47-2044.00,Empathy,-0.14
47-2044.00,Humility,-0.34
47-2044.00,Initiative,0.31
47-2044.00,Innovation,0.26
47-2044.00,Integrity,0.74
47-2044.00,Intellectual Curiosity,-0.03
47-2044.00,Leadership Orientation,-0.34
47-2044.00,Optimism,0.01
47-2044.00,Perseverance,1.34
47-2044.00,Self-Confidence,0.62
47-2044.00,Self-Control,0.7
47-2044.00,Sincerity,0.13
47-2044.00,Social Orientation,-0.34
47-2044.00,Stress Tolerance,0.78
47-2044.00,Tolerance for Ambiguity,-0.75
47-2051.00,Achievement Orientation,1.14
47-2051.00,Adaptability,0.5
47-2051.00,Attention to Detail,2.02
47-2051.00,Cautiousness,1.5
47-2051.00,Cooperation,0.73
47-2051.00,Dependability,2.3
47-2051.00,Empathy,-0.12
47-2051.00,Humility,-0.23
47-2051.00,Initiative,0.07
47-2051.00,Innovation,-0.2
47-2051.00,Integrity,0.96
47-2051.00,Intellectual Curiosity,-0.15
47-2051.00,Leadership Orientation,0.38
47-2051.00,Optimism,0.09
47-2051.00,Perseverance,1.28
47-2051.00,Self-Confidence,0.69
47-2051.00,Self-Control,0.85
47-2051.00,Sincerity,0.06
47-2051.00,Social Orientation,-0.21
47-2051.00,Stress Tolerance,1.35
47-2051.00,Tolerance for Ambiguity,-0.46
47-2053.00,Achievement Orientation,0.87
47-2053.00,Adaptability,0.5
47-2053.00,Attention to Detail,2.08
47-2053.00,Cautiousness,1.44
47-2053.00,Cooperation,0.27
47-2053.00,Dependability,2.19
47-2053.00,Empathy,-0.14
47-2053.00,Humility,-0.3
47-2053.00,Initiative,-0.12
47-2053.00,Innovation,0.09
47-2053.00,Integrity,0.42
47-2053.00,Intellectual Curiosity,-0.12
47-2053.00,Leadership Orientation,-0.21
47-2053.00,Optimism,0.01
47-2053.00,Perseverance,1.07
47-2053.00,Self-Confidence,0.54
47-2053.00,Self-Control,0.46
47-2053.00,Sincerity,0.12
47-2053.00,Social Orientation,-0.18
47-2053.00,Stress Tolerance,0.58
47-2053.00,Tolerance for Ambiguity,-0.42
47-2061.00,Achievement Orientation,0.82
47-2061.00,Adaptability,0.71
47-2061.00,Attention to Detail,1.25
47-2061.00,Cautiousness,1.5
47-2061.00,Cooperation,1.2
47-2061.00,Dependability,2.19
47-2061.00,Empathy,-0.03
47-2061.00,Humility,0.34
47-2061.00,Initiative,0.47
47-2061.00,Innovation,-0.1
47-2061.00,Integrity,0.96
47-2061.00,Intellectual Curiosity,-0.1
47-2061.00,Leadership Orientation,-0.22
47-2061.00,Optimism,0.59
47-2061.00,Perseverance,1.74
47-2061.00,Self-Confidence,0.58
47-2061.00,Self-Control,0.85
47-2061.00,Sincerity,0.21
47-2061.00,Social Orientation,0.13
47-2061.00,Stress Tolerance,1.46
47-2061.00,Tolerance for Ambiguity,-0.23
47-2071.00,Achievement Orientation,0.84
47-2071.00,Adaptability,0.46
47-2071.00,Attention to Detail,1.2
47-2071.00,Cautiousness,1.59
47-2071.00,Cooperation,0.71
47-2071.00,Dependability,2.27
47-2071.00,Empathy,-0.12
47-2071.00,Humility,-0.1
47-2071.00,Initiative,0.25
47-2071.00,Innovation,-0.39
47-2071.00,Integrity,0.91
47-2071.00,Intellectual Curiosity,-0.1
47-2071.00,Leadership Orientation,-0.13
47-2071.00,Optimism,0.13
47-2071.00,Perseverance,0.9
47-2071.00,Self-Confidence,0.64
47-2071.00,Self-Control,0.85
47-2071.00,Sincerity,0.13
47-2071.00,Social Orientation,-0.14
47-2071.00,Stress Tolerance,1.24
47-2071.00,Tolerance for Ambiguity,-0.42
47-2072.00,Achievement Orientation,0.7
47-2072.00,Adaptability,0.05
47-2072.00,Attention to Detail,1.55
47-2072.00,Cautiousness,2.14
47-2072.00,Cooperation,0.09
47-2072.00,Dependability,2.33
47-2072.00,Empathy,-0.17
47-2072.00,Humility,-0.28
47-2072.00,Initiative,0.07
47-2072.00,Innovation,-0.5
47-2072.00,Integrity,0.98
47-2072.00,Intellectual Curiosity,-0.2
47-2072.00,Leadership Orientation,-0.38
47-2072.00,Optimism,-0.07
47-2072.00,Perseverance,1.2
47-2072.00,Self-Confidence,0.67
47-2072.00,Self-Control,0.66
47-2072.00,Sincerity,0.05
47-2072.00,Social Orientation,-0.43
47-2072.00,Stress Tolerance,1.46
47-2072.00,Tolerance for Ambiguity,-0.61
47-2073.00,Achievement Orientation,1.2
47-2073.00,Adaptability,1.02
47-2073.00,Attention to Detail,1.47
47-2073.00,Cautiousness,2.5
47-2073.00,Cooperation,1.03
47-2073.00,Dependability,2.44
47-2073.00,Empathy,-0.17
47-2073.00,Humility,-0.01
47-2073.00,Initiative,0.74
47-2073.00,Innovation,-0.12
47-2073.00,Integrity,1.54
47-2073.00,Intellectual Curiosity,0.49
47-2073.00,Leadership Orientation,0.21
47-2073.00,Optimism,0.32
47-2073.00,Perseverance,1.61
47-2073.00,Self-Confidence,1.18
47-2073.00,Self-Control,1.31
47-2073.00,Sincerity,0.24
47-2073.00,Social Orientation,0.0
47-2073.00,Stress Tolerance,1.8
47-2073.00,Tolerance for Ambiguity,-0.34
47-2081.00,Achievement Orientation,0.6
47-2081.00,Adaptability,0.14
47-2081.00,Attention to Detail,1.86
47-2081.00,Cautiousness,1.23
47-2081.00,Cooperation,0.57
47-2081.00,Dependability,2.25
47-2081.00,Empathy,-0.16
47-2081.00,Humility,-0.27
47-2081.00,Initiative,-0.08
47-2081.00,Innovation,-0.08
47-2081.00,Integrity,0.55
47-2081.00,Intellectual Curiosity,-0.24
47-2081.00,Leadership Orientation,-0.5
47-2081.00,Optimism,-0.07
47-2081.00,Perseverance,1.12
47-2081.00,Self-Confidence,0.69
47-2081.00,Self-Control,0.41
47-2081.00,Sincerity,0.09
47-2081.00,Social Orientation,-0.23
47-2081.00,Stress Tolerance,0.88
47-2081.00,Tolerance for Ambiguity,-0.63
47-2082.00,Achievement Orientation,0.84
47-2082.00,Adaptability,-0.07
47-2082.00,Attention to Detail,2.25
47-2082.00,Cautiousness,0.95
47-2082.00,Cooperation,0.23
47-2082.00,Dependability,1.98
47-2082.00,Empathy,-0.16
47-2082.00,Humility,-0.49
47-2082.00,Initiative,-0.26
47-2082.00,Innovation,-0.5
47-2082.00,Integrity,0.39
47-2082.00,Intellectual Curiosity,-0.45
47-2082.00,Leadership Orientation,-0.7
47-2082.00,Optimism,-0.2
47-2082.00,Perseverance,0.66
47-2082.00,Self-Confidence,0.34
47-2082.00,Self-Control,-0.01
47-2082.00,Sincerity,0.03
47-2082.00,Social Orientation,-0.21
47-2082.00,Stress Tolerance,0.49
47-2082.00,Tolerance for Ambiguity,-1.29
47-2111.00,Achievement Orientation,1.35
47-2111.00,Adaptability,1.26
47-2111.00,Attention to Detail,2.5
47-2111.00,Cautiousness,2.5
47-2111.00,Cooperation,1.0
47-2111.00,Dependability,2.65
47-2111.00,Empathy,0.08
47-2111.00,Humility,-0.01
47-2111.00,Initiative,1.0
47-2111.00,Innovation,0.82
47-2111.00,Integrity,1.89
47-2111.00,Intellectual Curiosity,0.94
47-2111.00,Leadership Orientation,0.83
47-2111.00,Optimism,0.52
47-2111.00,Perseverance,1.77
47-2111.00,Self-Confidence,1.24
47-2111.00,Self-Control,1.31
47-2111.00,Sincerity,0.65
47-2111.00,Social Orientation,0.38
47-2111.00,Stress Tolerance,1.38
47-2111.00,Tolerance for Ambiguity,0.0
47-2121.00,Achievement Orientation,1.01
47-2121.00,Adaptability,0.81
47-2121.00,Attention to Detail,2.14
47-2121.00,Cautiousness,1.96
47-2121.00,Cooperation,0.71
47-2121.00,Dependability,2.25
47-2121.00,Empathy,-0.1
47-2121.00,Humility,-0.08
47-2121.00,Initiative,0.06
47-2121.00,Innovation,0.09
47-2121.00,Integrity,0.91
47-2121.00,Intellectual Curiosity,0.07
47-2121.00,Leadership Orientation,-0.22
47-2121.00,Optimism,-0.18
47-2121.00,Perseverance,1.07
47-2121.00,Self-Confidence,0.97
47-2121.00,Self-Control,0.95
47-2121.00,Sincerity,0.21
47-2121.00,Social Orientation,0.18
47-2121.00,Stress Tolerance,1.27
47-2121.00,Tolerance for Ambiguity,-0.4
47-2131.00,Achievement Orientation,0.78
47-2131.00,Adaptability,0.08
47-2131.00,Attention to Detail,1.92
47-2131.00,Cautiousness,1.56
47-2131.00,Cooperation,0.73
47-2131.00,Dependability,2.22
47-2131.00,Empathy,-0.1
47-2131.00,Humility,-0.18
47-2131.00,Initiative,0.14
47-2131.00,Innovation,-0.26
47-2131.00,Integrity,0.94
47-2131.00,Intellectual Curiosity,-0.17
47-2131.00,Leadership Orientation,-0.34
47-2131.00,Optimism,0.01
47-2131.00,Perseverance,0.88
47-2131.00,Self-Confidence,0.46
47-2131.00,Self-Control,0.55
47-2131.00,Sincerity,0.1
47-2131.00,Social Orientation,-0.3
47-2131.00,Stress Tolerance,0.97
47-2131.00,Tolerance for Ambiguity,-0.59
47-2132.00,Achievement Orientation,0.8
47-2132.00,Adaptability,0.4
47-2132.00,Attention to Detail,1.97
47-2132.00,Cautiousness,1.5
47-2132.00,Cooperation,0.66
47-2132.00,Dependability,2.14
47-2132.00,Empathy,-0.16
47-2132.00,Humility,-0.27
47-2132.00,Initiative,0.3
47-2132.00,Innovation,-0.06
47-2132.00,Integrity,0.78
47-2132.00,Intellectual Curiosity,0.2
47-2132.00,Leadership Orientation,-0.32
47-2132.00,Optimism,-0.01
47-2132.00,Perseverance,0.93
47-2132.00,Self-Confidence,0.58
47-2132.00,Self-Control,0.57
47-2132.00,Sincerity,0.17
47-2132.00,Social Orientation,-0.18
47-2132.00,Stress Tolerance,0.72
47-2132.00,Tolerance for Ambiguity,-0.52
47-2141.00,Achievement Orientation,0.89
47-2141.00,Adaptability,0.57
47-2141.00,Attention to Detail,1.89
47-2141.00,Cautiousness,1.38
47-2141.00,Cooperation,0.62
47-2141.00,Dependability,2.14
47-2141.00,Empathy,-0.06
47-2141.00,Humility,-0.23
47-2141.00,Initiative,0.38
47-2141.00,Innovation,0.28
47-2141.00,Integrity,0.82
47-2141.00,Intellectual Curiosity,0.09
47-2141.00,Leadership Orientation,-0.32
47-2141.00,Optimism,0.47
47-2141.00,Perseverance,1.07
47-2141.00,Self-Confidence,0.62
47-2141.00,Self-Control,0.75
47-2141.00,Sincerity,0.25
47-2141.00,Social Orientation,-0.16
47-2141.00,Stress Tolerance,0.88
47-2141.00,Tolerance for Ambiguity,-0.38
47-2142.00,Achievement Orientation,0.78
47-2142.00,Adaptability,0.08
47-2142.00,Attention to Detail,2.25
47-2142.00,Cautiousness,1.11
47-2142.00,Cooperation,0.27
47-2142.00,Dependability,2.11
47-2142.00,Empathy,-0.14
47-2142.00,Humility,-0.36
47-2142.00,Initiative,-0.1
47-2142.00,Innovation,-0.24
47-2142.00,Integrity,0.41
47-2142.00,Intellectual Curiosity,-0.15
47-2142.00,Leadership Orientation,-0.34
47-2142.00,Optimism,0.02
47-2142.00,Perseverance,0.93
47-2142.00,Self-Confidence,0.5
47-2142.00,Self-Control,0.46
47-2142.00,Sincerity,0.08
47-2142.00,Social Orientation,-0.3
47-2142.00,Stress Tolerance,0.41
47-2142.00,Tolerance for Ambiguity,-0.79
47-2151.00,Achievement Orientation,0.89
47-2151.00,Adaptability,0.42
47-2151.00,Attention to Detail,1.86
47-2151.00,Cautiousness,1.5
47-2151.00,Cooperation,1.06
47-2151.00,Dependability,2.27
47-2151.00,Empathy,-0.13
47-2151.00,Humility,-0.14
47-2151.00,Initiative,0.3
47-2151.00,Innovation,-0.39
47-2151.00,Integrity,1.03
47-2151.00,Intellectual Curiosity,0.0
47-2151.00,Leadership Orientation,0.23
47-2151.00,Optimism,0.09
47-2151.00,Perseverance,1.43
47-2151.00,Self-Confidence,0.69
47-2151.00,Self-Control,0.85
47-2151.00,Sincerity,0.16
47-2151.00,Social Orientation,0.13
47-2151.00,Stress Tolerance,1.0
47-2151.00,Tolerance for Ambiguity,-0.4
47-2152.00,Achievement Orientation,1.14
47-2152.00,Adaptability,0.97
47-2152.00,Attention to Detail,2.19
47-2152.00,Cautiousness,2.03
47-2152.00,Cooperation,0.82
47-2152.00,Dependability,2.56
47-2152.00,Empathy,0.18
47-2152.00,Humility,0.12
47-2152.00,Initiative,0.8
47-2152.00,Innovation,0.42
47-2152.00,Integrity,1.51
47-2152.00,Intellectual Curiosity,0.51
47-2152.00,Leadership Orientation,0.36
47-2152.00,Optimism,0.18
47-2152.00,Perseverance,1.77
47-2152.00,Self-Confidence,1.1
47-2152.00,Self-Control,0.92
47-2152.00,Sincerity,0.4
47-2152.00,Social Orientation,0.25
47-2152.00,Stress Tolerance,1.38
47-2152.00,Tolerance for Ambiguity,-0.11
47-2161.00,Achievement Orientation,0.99
47-2161.00,Adaptability,0.26
47-2161.00,Attention to Detail,1.86
47-2161.00,Cautiousness,1.59
47-2161.00,Cooperation,0.73
47-2161.00,Dependability,2.11
47-2161.00,Empathy,-0.12
47-2161.00,Humility,-0.08
47-2161.00,Initiative,0.28
47-2161.00,Innovation,0.19
47-2161.00,Integrity,0.7
47-2161.00,Intellectual Curiosity,-0.17
47-2161.00,Leadership Orientation,-0.15
47-2161.00,Optimism,0.16
47-2161.00,Perseverance,1.18
47-2161.00,Self-Confidence,0.67
47-2161.00,Self-Control,0.68
47-2161.00,Sincerity,0.13
47-2161.00,Social Orientation,-0.05
47-2161.00,Stress Tolerance,0.84
47-2161.00,Tolerance for Ambiguity,-0.48
47-2171.00,Achievement Orientation,0.84
47-2171.00,Adaptability,0.03
47-2171.00,Attention to Detail,2.05
47-2171.00,Cautiousness,1.76
47-2171.00,Cooperation,0.68
47-2171.00,Dependability,2.27
47-2171.00,Empathy,-0.22
47-2171.00,Humility,-0.25
47-2171.00,Initiative,-0.08
47-2171.00,Innovation,-0.45
47-2171.00,Integrity,1.01
47-2171.00,Intellectual Curiosity,-0.15
47-2171.00,Leadership Orientation,-0.38
47-2171.00,Optimism,-0.04
47-2171.00,Perseverance,1.26
47-2171.00,Self-Confidence,0.78
47-2171.00,Self-Control,0.8
47-2171.00,Sincerity,0.06
47-2171.00,Social Orientation,-0.37
47-2171.00,Stress Tolerance,1.27
47-2171.00,Tolerance for Ambiguity,-0.71
47-2181.00,Achievement Orientation,0.86
47-2181.00,Adaptability,0.5
47-2181.00,Attention to Detail,1.86
47-2181.00,Cautiousness,2.24
47-2181.00,Cooperation,0.62
47-2181.00,Dependability,2.25
47-2181.00,Empathy,-0.05
47-2181.00,Humility,-0.16
47-2181.00,Initiative,0.47
47-2181.00,Innovation,-0.16
47-2181.00,Integrity,1.08
47-2181.00,Intellectual Curiosity,-0.02
47-2181.00,Leadership Orientation,0.27
47-2181.00,Optimism,0.26
47-2181.00,Perseverance,1.74
47-2181.00,Self-Confidence,0.92
47-2181.00,Self-Control,0.8
47-2181.00,Sincerity,0.13
47-2181.00,Social Orientation,-0.27
47-2181.00,Stress Tolerance,1.58
47-2181.00,Tolerance for Ambiguity,-0.63
47-2211.00,Achievement Orientation,1.3
47-2211.00,Adaptability,0.97
47-2211.00,Attention to Detail,2.08
47-2211.00,Cautiousness,1.63
47-2211.00,Cooperation,0.73
47-2211.00,Dependability,2.14
47-2211.00,Empathy,-0.01
47-2211.00,Humility,0.1
47-2211.00,Initiative,0.74
47-2211.00,Innovation,0.77
47-2211.00,Integrity,1.08
47-2211.00,Intellectual Curiosity,0.51
47-2211.00,Leadership Orientation,0.41
47-2211.00,Optimism,0.16
47-2211.00,Perseverance,1.52
47-2211.00,Self-Confidence,0.98
47-2211.00,Self-Control,0.87
47-2211.00,Sincerity,0.2
47-2211.00,Social Orientation,0.18
47-2211.00,Stress Tolerance,1.16
47-2211.00,Tolerance for Ambiguity,-0.09
47-2221.00,Achievement Orientation,1.25
47-2221.00,Adaptability,0.57
47-2221.00,Attention to Detail,2.11
47-2221.00,Cautiousness,2.21
47-2221.00,Cooperation,0.98
47-2221.00,Dependability,2.41
47-2221.00,Empathy,-0.09
47-2221.00,Humility,-0.08
47-2221.00,Initiative,0.23
47-2221.00,Innovation,-0.28
47-2221.00,Integrity,1.15
47-2221.00,Intellectual Curiosity,-0.05
47-2221.00,Leadership Orientation,0.34
47-2221.00,Optimism,0.26
47-2221.00,Perseverance,1.77
47-2221.00,Self-Confidence,1.1
47-2221.00,Self-Control,1.05
47-2221.00,Sincerity,0.16
47-2221.00,Social Orientation,-0.05
47-2221.00,Stress Tolerance,1.86
47-2221.00,Tolerance for Ambiguity,-0.73
47-2231.00,Achievement Orientation,1.37
47-2231.00,Adaptability,1.38
47-2231.00,Attention to Detail,2.44
47-2231.00,Cautiousness,2.35
47-2231.00,Cooperation,1.23
47-2231.00,Dependability,2.65
47-2231.00,Empathy,-0.02
47-2231.00,Humility,0.24
47-2231.00,Initiative,0.85
47-2231.00,Innovation,0.75
47-2231.00,Integrity,1.73
47-2231.00,Intellectual Curiosity,0.92
47-2231.00,Leadership Orientation,0.32
47-2231.00,Optimism,0.56
47-2231.00,Perseverance,1.52
47-2231.00,Self-Confidence,1.26
47-2231.00,Self-Control,1.0
47-2231.00,Sincerity,0.38
47-2231.00,Social Orientation,0.16
47-2231.00,Stress Tolerance,1.29
47-2231.00,Tolerance for Ambiguity,0.45
47-3011.00,Achievement Orientation,0.57
47-3011.00,Adaptability,0.36
47-3011.00,Attention to Detail,1.67
47-3011.00,Cautiousness,1.44
47-3011.00,Cooperation,1.53
47-3011.00,Dependability,2.11
47-3011.00,Empathy,-0.06
47-3011.00,Humility,0.81
47-3011.00,Initiative,-0.1
47-3011.00,Innovation,-0.24
47-3011.00,Integrity,0.87
47-3011.00,Intellectual Curiosity,-0.22
47-3011.00,Leadership Orientation,-0.7
47-3011.00,Optimism,0.3
47-3011.00,Perseverance,1.12
47-3011.00,Self-Confidence,0.15
47-3011.00,Self-Control,0.68
47-3011.00,Sincerity,0.18
47-3011.00,Social Orientation,-0.21
47-3011.00,Stress Tolerance,0.93
47-3011.00,Tolerance for Ambiguity,-0.75
47-3012.00,Achievement Orientation,0.59
47-3012.00,Adaptability,0.36
47-3012.00,Attention to Detail,1.71
47-3012.00,Cautiousness,1.38
47-3012.00,Cooperation,1.44
47-3012.00,Dependability,2.03
47-3012.00,Empathy,-0.03
47-3012.00,Humility,0.78
47-3012.00,Initiative,0.06
47-3012.00,Innovation,-0.35
47-3012.00,Integrity,0.78
47-3012.00,Intellectual Curiosity,-0.26
47-3012.00,Leadership Orientation,-0.56
47-3012.00,Optimism,0.4
47-3012.00,Perseverance,0.9
47-3012.00,Self-Confidence,0.25
47-3012.00,Self-Control,0.66
47-3012.00,Sincerity,0.23
47-3012.00,Social Orientation,-0.05
47-3012.00,Stress Tolerance,0.66
47-3012.00,Tolerance for Ambiguity,-0.65
47-3013.00,Achievement Orientation,0.57
47-3013.00,Adaptability,0.57
47-3013.00,Attention to Detail,1.86
47-3013.00,Cautiousness,1.56
47-3013.00,Cooperation,1.57
47-3013.00,Dependability,2.14
47-3013.00,Empathy,0.05
47-3013.00,Humility,0.45
47-3013.00,Initiative,0.35
47-3013.00,Innovation,-0.28
47-3013.00,Integrity,1.01
47-3013.00,Intellectual Curiosity,0.14
47-3013.00,Leadership Orientation,-0.47
47-3013.00,Optimism,0.3
47-3013.00,Perseverance,1.07
47-3013.00,Self-Confidence,0.44
47-3013.00,Self-Control,0.75
47-3013.00,Sincerity,0.18
47-3013.00,Social Orientation,0.29
47-3013.00,Stress Tolerance,0.93
47-3013.00,Tolerance for Ambiguity,-0.46
47-3014.00,Achievement Orientation,0.32
47-3014.00,Adaptability,0.05
47-3014.00,Attention to Detail,1.38
47-3014.00,Cautiousness,1.23
47-3014.00,Cooperation,1.57
47-3014.00,Dependability,1.98
47-3014.00,Empathy,-0.02
47-3014.00,Humility,0.87
47-3014.00,Initiative,-0.09
47-3014.00,Innovation,-0.37
47-3014.00,Integrity,0.76
47-3014.00,Intellectual Curiosity,-0.31
47-3014.00,Leadership Orientation,-0.75
47-3014.00,Optimism,0.4
47-3014.00,Perseverance,0.39
47-3014.00,Self-Confidence,0.15
47-3014.00,Self-Control,0.53
47-3014.00,Sincerity,0.27
47-3014.00,Social Orientation,-0.03
47-3014.00,Stress Tolerance,0.55
47-3014.00,Tolerance for Ambiguity,-0.65
47-3015.00,Achievement Orientation,0.63
47-3015.00,Adaptability,0.57
47-3015.00,Attention to Detail,1.86
47-3015.00,Cautiousness,1.41
47-3015.00,Cooperation,1.7
47-3015.00,Dependability,2.14
47-3015.00,Empathy,-0.05
47-3015.00,Humility,0.56
47-3015.00,Initiative,0.2
47-3015.00,Innovation,-0.2
47-3015.00,Integrity,1.01
47-3015.00,Intellectual Curiosity,-0.07
47-3015.00,Leadership Orientation,-0.63
47-3015.00,Optimism,0.3
47-3015.00,Perseverance,1.02
47-3015.00,Self-Confidence,0.39
47-3015.00,Self-Control,0.57
47-3015.00,Sincerity,0.22
47-3015.00,Social Orientation,-0.03
47-3015.00,Stress Tolerance,1.02
47-3015.00,Tolerance for Ambiguity,-0.32
47-3016.00,Achievement Orientation,0.46
47-3016.00,Adaptability,0.06
47-3016.00,Attention to Detail,1.57
47-3016.00,Cautiousness,1.56
47-3016.00,Cooperation,1.26
47-3016.00,Dependability,2.11
47-3016.00,Empathy,-0.14
47-3016.00,Humility,0.32
47-3016.00,Initiative,0.22
47-3016.00,Innovation,-0.48
47-3016.00,Integrity,1.01
47-3016.00,Intellectual Curiosity,-0.3
47-3016.00,Leadership Orientation,-0.45
47-3016.00,Optimism,0.38
47-3016.00,Perseverance,0.93
47-3016.00,Self-Confidence,0.25
47-3016.00,Self-Control,0.7
47-3016.00,Sincerity,0.11
47-3016.00,Social Orientation,-0.25
47-3016.00,Stress Tolerance,1.16
47-3016.00,Tolerance for Ambiguity,-0.48
47-4011.00,Achievement Orientation,1.66
47-4011.00,Adaptability,1.14
47-4011.00,Attention to Detail,2.7
47-4011.00,Cautiousness,2.62
47-4011.00,Cooperation,1.26
47-4011.00,Dependability,2.65
47-4011.00,Empathy,0.16
47-4011.00,Humility,0.5
47-4011.00,Initiative,1.15
47-4011.00,Innovation,-0.32
47-4011.00,Integrity,2.55
47-4011.00,Intellectual Curiosity,1.26
47-4011.00,Leadership Orientation,1.78
47-4011.00,Optimism,0.02
47-4011.00,Perseverance,1.77
47-4011.00,Self-Confidence,1.57
47-4011.00,Self-Control,1.5
47-4011.00,Sincerity,1.14
47-4011.00,Social Orientation,0.88
47-4011.00,Stress Tolerance,1.49
47-4011.00,Tolerance for Ambiguity,0.35
47-4021.00,Achievement Orientation,1.25
47-4021.00,Adaptability,0.91
47-4021.00,Attention to Detail,2.74
47-4021.00,Cautiousness,2.62
47-4021.00,Cooperation,1.0
47-4021.00,Dependability,2.65
47-4021.00,Empathy,-0.06
47-4021.00,Humility,0.17
47-4021.00,Initiative,0.78
47-4021.00,Innovation,0.04
47-4021.00,Integrity,1.89
47-4021.00,Intellectual Curiosity,0.94
47-4021.00,Leadership Orientation,-0.13
47-4021.00,Optimism,0.26
47-4021.00,Perseverance,1.8
47-4021.00,Self-Confidence,1.21
47-4021.00,Self-Control,1.0
47-4021.00,Sincerity,0.32
47-4021.00,Social Orientation,0.07
47-4021.00,Stress Tolerance,1.64
47-4021.00,Tolerance for Ambiguity,0.18
47-4031.00,Achievement Orientation,0.78
47-4031.00,Adaptability,0.16
47-4031.00,Attention to Detail,1.71
47-4031.00,Cautiousness,1.32
47-4031.00,Cooperation,0.68
47-4031.00,Dependability,2.14
47-4031.00,Empathy,-0.05
47-4031.00,Humility,-0.28
47-4031.00,Initiative,0.28
47-4031.00,Innovation,-0.1
47-4031.00,Integrity,0.74
47-4031.00,Intellectual Curiosity,-0.21
47-4031.00,Leadership Orientation,-0.02
47-4031.00,Optimism,0.06
47-4031.00,Perseverance,0.95
47-4031.00,Self-Confidence,0.6
47-4031.00,Self-Control,0.48
47-4031.00,Sincerity,0.23
47-4031.00,Social Orientation,-0.05
47-4031.00,Stress Tolerance,0.58
47-4031.00,Tolerance for Ambiguity,-0.57
47-4041.00,Achievement Orientation,0.86
47-4041.00,Adaptability,1.26
47-4041.00,Attention to Detail,2.7
47-4041.00,Cautiousness,2.74
47-4041.00,Cooperation,1.15
47-4041.00,Dependability,2.65
47-4041.00,Empathy,-0.16
47-4041.00,Humility,0.29
47-4041.00,Initiative,0.38
47-4041.00,Innovation,-0.5
47-4041.00,Integrity,2.21
47-4041.00,Intellectual Curiosity,0.37
47-4041.00,Leadership Orientation,-0.38
47-4041.00,Optimism,-0.06
47-4041.00,Perseverance,1.97
47-4041.00,Self-Confidence,0.92
47-4041.00,Self-Control,1.8
47-4041.00,Sincerity,0.57
47-4041.00,Social Orientation,-0.23
47-4041.00,Stress Tolerance,2.24
47-4041.00,Tolerance for Ambiguity,0.18
47-4051.00,Achievement Orientation,0.66
47-4051.00,Adaptability,0.94
47-4051.00,Attention to Detail,1.49
47-4051.00,Cautiousness,1.76
47-4051.00,Cooperation,1.2
47-4051.00,Dependability,2.53
47-4051.00,Empathy,0.02
47-4051.00,Humility,-0.16
47-4051.00,Initiative,0.59
47-4051.00,Innovation,-0.37
47-4051.00,Integrity,0.96
47-4051.00,Intellectual Curiosity,-0.14
47-4051.00,Leadership Orientation,-0.11
47-4051.00,Optimism,0.52
47-4051.00,Perseverance,1.46
47-4051.00,Self-Confidence,0.52
47-4051.00,Self-Control,1.0
47-4051.00,Sincerity,0.14
47-4051.00,Social Orientation,-0.09
47-4051.00,Stress Tolerance,1.38
47-4051.00,Tolerance for Ambiguity,-0.5
47-4061.00,Achievement Orientation,0.8
47-4061.00,Adaptability,0.26
47-4061.00,Attention to Detail,2.19
47-4061.00,Cautiousness,2.28
47-4061.00,Cooperation,1.03
47-4061.00,Dependability,2.56
47-4061.00,Empathy,-0.12
47-4061.00,Humility,-0.16
47-4061.00,Initiative,0.28
47-4061.00,Innovation,-0.37
47-4061.00,Integrity,1.23
47-4061.00,Intellectual Curiosity,-0.03
47-4061.00,Leadership Orientation,-0.36
47-4061.00,Optimism,-0.01
47-4061.00,Perseverance,1.23
47-4061.00,Self-Confidence,0.58
47-4061.00,Self-Control,0.95
47-4061.00,Sincerity,0.13
47-4061.00,Social Orientation,-0.3
47-4061.00,Stress Tolerance,1.35
47-4061.00,Tolerance for Ambiguity,-0.71
47-4071.00,Achievement Orientation,0.65
47-4071.00,Adaptability,0.73
47-4071.00,Attention to Detail,1.71
47-4071.00,Cautiousness,1.99
47-4071.00,Cooperation,0.75
47-4071.00,Dependability,2.22
47-4071.00,Empathy,-0.1
47-4071.00,Humility,0.19
47-4071.00,Initiative,0.61
47-4071.00,Innovation,-0.28
47-4071.00,Integrity,1.01
47-4071.00,Intellectual Curiosity,0.01
47-4071.00,Leadership Orientation,-0.17
47-4071.00,Optimism,0.49
47-4071.00,Perseverance,1.64
47-4071.00,Self-Confidence,0.54
47-4071.00,Self-Control,1.03
47-4071.00,Sincerity,0.37
47-4071.00,Social Orientation,-0.16
47-4071.00,Stress Tolerance,1.46
47-4071.00,Tolerance for Ambiguity,0.12
47-4091.00,Achievement Orientation,0.99
47-4091.00,Adaptability,0.26
47-4091.00,Attention to Detail,2.0
47-4091.00,Cautiousness,1.38
47-4091.00,Cooperation,0.71
47-4091.00,Dependability,2.14
47-4091.00,Empathy,-0.08
47-4091.00,Humility,-0.01
47-4091.00,Initiative,0.23
47-4091.00,Innovation,0.15
47-4091.00,Integrity,0.82
47-4091.00,Intellectual Curiosity,-0.17
47-4091.00,Leadership Orientation,-0.15
47-4091.00,Optimism,0.06
47-4091.00,Perseverance,1.07
47-4091.00,Self-Confidence,0.58
47-4091.00,Self-Control,0.68
47-4091.00,Sincerity,0.23
47-4091.00,Social Orientation,0.07
47-4091.00,Stress Tolerance,0.82
47-4091.00,Tolerance for Ambiguity,-0.46
47-5011.00,Achievement Orientation,1.25
47-5011.00,Adaptability,1.22
47-5011.00,Attention to Detail,2.08
47-5011.00,Cautiousness,2.5
47-5011.00,Cooperation,1.11
47-5011.00,Dependability,2.47
47-5011.00,Empathy,-0.06
47-5011.00,Humility,0.12
47-5011.00,Initiative,0.74
47-5011.00,Innovation,-0.48
47-5011.00,Integrity,1.63
47-5011.00,Intellectual Curiosity,0.15
47-5011.00,Leadership Orientation,1.24
47-5011.00,Optimism,0.3
47-5011.00,Perseverance,1.74
47-5011.00,Self-Confidence,1.32
47-5011.00,Self-Control,1.47
47-5011.00,Sincerity,0.27
47-5011.00,Social Orientation,-0.07
47-5011.00,Stress Tolerance,1.99
47-5011.00,Tolerance for Ambiguity,-0.05
47-5012.00,Achievement Orientation,1.47
47-5012.00,Adaptability,1.35
47-5012.00,Attention to Detail,2.19
47-5012.00,Cautiousness,2.5
47-5012.00,Cooperation,1.44
47-5012.00,Dependability,2.56
47-5012.00,Empathy,-0.09
47-5012.00,Humility,0.1
47-5012.00,Initiative,1.0
47-5012.00,Innovation,-0.18
47-5012.00,Integrity,1.7
47-5012.00,Intellectual Curiosity,0.51
47-5012.00,Leadership Orientation,1.89
47-5012.00,Optimism,0.38
47-5012.00,Perseverance,1.97
47-5012.00,Self-Confidence,1.26
47-5012.00,Self-Control,1.47
47-5012.00,Sincerity,0.33
47-5012.00,Social Orientation,0.43
47-5012.00,Stress Tolerance,2.17
47-5012.00,Tolerance for Ambiguity,0.38
47-5013.00,Achievement Orientation,1.2
47-5013.00,Adaptability,1.38
47-5013.00,Attention to Detail,2.11
47-5013.00,Cautiousness,2.47
47-5013.00,Cooperation,0.92
47-5013.00,Dependability,2.47
47-5013.00,Empathy,-0.17
47-5013.00,Humility,-0.06
47-5013.00,Initiative,0.87
47-5013.00,Innovation,-0.3
47-5013.00,Integrity,1.21
47-5013.00,Intellectual Curiosity,0.51
47-5013.00,Leadership Orientation,0.32
47-5013.00,Optimism,0.15
47-5013.00,Perseverance,1.77
47-5013.00,Self-Confidence,1.26
47-5013.00,Self-Control,1.37
47-5013.00,Sincerity,0.23
47-5013.00,Social Orientation,-0.09
47-5013.00,Stress Tolerance,2.06
47-5013.00,Tolerance for Ambiguity,0.93
47-5022.00,Achievement Orientation,0.8
47-5022.00,Adaptability,0.42
47-5022.00,Attention to Detail,1.57
47-5022.00,Cautiousness,2.32
47-5022.00,Cooperation,0.37
47-5022.00,Dependability,2.44
47-5022.00,Empathy,-0.21
47-5022.00,Humility,-0.28
47-5022.00,Initiative,0.25
47-5022.00,Innovation,-0.45
47-5022.00,Integrity,0.78
47-5022.00,Intellectual Curiosity,-0.03
47-5022.00,Leadership Orientation,-0.26
47-5022.00,Optimism,0.06
47-5022.00,Perseverance,1.02
47-5022.00,Self-Confidence,0.89
47-5022.00,Self-Control,0.8
47-5022.00,Sincerity,0.05
47-5022.00,Social Orientation,-0.34
47-5022.00,Stress Tolerance,1.32
47-5022.00,Tolerance for Ambiguity,-0.55
47-5023.00,Achievement Orientation,1.01
47-5023.00,Adaptability,0.89
47-5023.00,Attention to Detail,2.05
47-5023.00,Cautiousness,2.24
47-5023.00,Cooperation,0.51
47-5023.00,Dependability,2.36
47-5023.00,Empathy,-0.16
47-5023.00,Humility,-0.16
47-5023.00,Initiative,0.53
47-5023.00,Innovation,-0.02
47-5023.00,Integrity,1.29
47-5023.00,Intellectual Curiosity,0.45
47-5023.00,Leadership Orientation,-0.11
47-5023.00,Optimism,0.3
47-5023.00,Perseverance,1.7
47-5023.00,Self-Confidence,1.13
47-5023.00,Self-Control,1.25
47-5023.00,Sincerity,0.06
47-5023.00,Social Orientation,-0.34
47-5023.00,Stress Tolerance,1.52
47-5023.00,Tolerance for Ambiguity,0.16
47-5032.00,Achievement Orientation,1.16
47-5032.00,Adaptability,0.89
47-5032.00,Attention to Detail,3.0
47-5032.00,Cautiousness,3.0
47-5032.00,Cooperation,0.9
47-5032.00,Dependability,2.93
47-5032.00,Empathy,-0.2
47-5032.00,Humility,0.1
47-5032.00,Initiative,0.19
47-5032.00,Innovation,-0.45
47-5032.00,Integrity,2.55
47-5032.00,Intellectual Curiosity,0.6
47-5032.00,Leadership Orientation,0.38
47-5032.00,Optimism,0.07
47-5032.00,Perseverance,1.9
47-5032.00,Self-Confidence,1.35
47-5032.00,Self-Control,2.55
47-5032.00,Sincerity,0.36
47-5032.00,Social Orientation,-0.48
47-5032.00,Stress Tolerance,3.0
47-5032.00,Tolerance for Ambiguity,-0.86
47-5041.00,Achievement Orientation,0.95
47-5041.00,Adaptability,0.81
47-5041.00,Attention to Detail,2.11
47-5041.00,Cautiousness,2.5
47-5041.00,Cooperation,0.55
47-5041.00,Dependability,2.65
47-5041.00,Empathy,-0.14
47-5041.00,Humility,-0.16
47-5041.00,Initiative,0.35
47-5041.00,Innovation,-0.68
47-5041.00,Integrity,1.54
47-5041.00,Intellectual Curiosity,0.04
47-5041.00,Leadership Orientation,-0.26
47-5041.00,Optimism,0.01
47-5041.00,Perseverance,1.9
47-5041.00,Self-Confidence,0.85
47-5041.00,Self-Control,1.6
47-5041.00,Sincerity,0.04
47-5041.00,Social Orientation,-0.52
47-5041.00,Stress Tolerance,2.06
47-5041.00,Tolerance for Ambiguity,-0.57
47-5043.00,Achievement Orientation,0.82
47-5043.00,Adaptability,-0.21
47-5043.00,Attention to Detail,2.22
47-5043.00,Cautiousness,2.39
47-5043.00,Cooperation,-0.17
47-5043.00,Dependability,2.65
47-5043.00,Empathy,-0.13
47-5043.00,Humility,-0.25
47-5043.00,Initiative,0.2
47-5043.00,Innovation,-0.71
47-5043.00,Integrity,1.34
47-5043.00,Intellectual Curiosity,-0.12
47-5043.00,Leadership Orientation,-0.36
47-5043.00,Optimism,0.04
47-5043.00,Perseverance,1.77
47-5043.00,Self-Confidence,0.8
47-5043.00,Self-Control,1.56
47-5043.00,Sincerity,-0.01
47-5043.00,Social Orientation,-0.55
47-5043.00,Stress Tolerance,2.1
47-5043.00,Tolerance for Ambiguity,-0.44
47-5044.00,Achievement Orientation,0.65
47-5044.00,Adaptability,0.44
47-5044.00,Attention to Detail,1.86
47-5044.00,Cautiousness,2.28
47-5044.00,Cooperation,0.66
47-5044.00,Dependability,2.65
47-5044.00,Empathy,-0.22
47-5044.00,Humility,-0.2
47-5044.00,Initiative,0.23
47-5044.00,Innovation,-0.57
47-5044.00,Integrity,1.37
47-5044.00,Intellectual Curiosity,0.01
47-5044.00,Leadership Orientation,-0.43
47-5044.00,Optimism,0.11
47-5044.00,Perseverance,1.49
47-5044.00,Self-Confidence,0.67
47-5044.00,Self-Control,1.19
47-5044.00,Sincerity,0.04
47-5044.00,Social Orientation,-0.52
47-5044.00,Stress Tolerance,2.1
47-5044.00,Tolerance for Ambiguity,-0.48
47-5051.00,Achievement Orientation,0.65
47-5051.00,Adaptability,-0.23
47-5051.00,Attention to Detail,1.51
47-5051.00,Cautiousness,1.63
47-5051.00,Cooperation,-0.17
47-5051.00,Dependability,1.88
47-5051.00,Empathy,-0.22
47-5051.00,Humility,-0.45
47-5051.00,Initiative,-0.23
47-5051.00,Innovation,-0.59
47-5051.00,Integrity,0.21
47-5051.00,Intellectual Curiosity,-0.28
47-5051.00,Leadership Orientation,-0.52
47-5051.00,Optimism,-0.18
47-5051.00,Perseverance,1.0
47-5051.00,Self-Confidence,0.32
47-5051.00,Self-Control,0.48
47-5051.00,Sincerity,0.0
47-5051.00,Social Orientation,-0.59
47-5051.00,Stress Tolerance,0.97
47-5051.00,Tolerance for Ambiguity,-0.79
47-5071.00,Achievement Orientation,0.77
47-5071.00,Adaptability,0.73
47-5071.00,Attention to Detail,1.84
47-5071.00,Cautiousness,1.86
47-5071.00,Cooperation,0.8
47-5071.00,Dependability,2.3
47-5071.00,Empathy,-0.14
47-5071.00,Humility,0.05
47-5071.00,Initiative,0.42
47-5071.00,Innovation,-0.61
47-5071.00,Integrity,1.21
47-5071.00,Intellectual Curiosity,-0.05
47-5071.00,Leadership Orientation,-0.11
47-5071.00,Optimism,0.18
47-5071.00,Perseverance,1.64
47-5071.00,Self-Confidence,0.92
47-5071.00,Self-Control,0.95
47-5071.00,Sincerity,0.14
47-5071.00,Social Orientation,-0.23
47-5071.00,Stress Tolerance,1.58
47-5071.00,Tolerance for Ambiguity,-0.3
47-5081.00,Achievement Orientation,0.57
47-5081.00,Adaptability,0.48
47-5081.00,Attention to Detail,1.71
47-5081.00,Cautiousness,1.79
47-5081.00,Cooperation,1.11
47-5081.00,Dependability,2.19
47-5081.00,Empathy,-0.1
47-5081.00,Humility,0.47
47-5081.00,Initiative,0.07
47-5081.00,Innovation,-0.52
47-5081.00,Integrity,1.21
47-5081.00,Intellectual Curiosity,-0.17
47-5081.00,Leadership Orientation,-0.45
47-5081.00,Optimism,0.22
47-5081.00,Perseverance,1.07
47-5081.00,Self-Confidence,0.19
47-5081.00,Self-Control,1.28
47-5081.00,Sincerity,0.12
47-5081.00,Social Orientation,-0.25
47-5081.00,Stress Tolerance,1.4
47-5081.00,Tolerance for Ambiguity,-0.36
49-1011.00,Achievement Orientation,1.89
49-1011.00,Adaptability,1.22
49-1011.00,Attention to Detail,2.19
49-1011.00,Cautiousness,2.03
49-1011.00,Cooperation,2.07
49-1011.00,Dependability,2.65
49-1011.00,Empathy,1.07
49-1011.00,Humility,0.87
49-1011.00,Initiative,1.5
49-1011.00,Innovation,0.97
49-1011.00,Integrity,1.99
49-1011.00,Intellectual Curiosity,0.89
49-1011.00,Leadership Orientation,2.64
49-1011.00,Optimism,0.93
49-1011.00,Perseverance,1.77
49-1011.00,Self-Confidence,1.66
49-1011.00,Self-Control,1.91
49-1011.00,Sincerity,1.02
49-1011.00,Social Orientation,1.52
49-1011.00,Stress Tolerance,1.8
49-1011.00,Tolerance for Ambiguity,0.87
49-2011.00,Achievement Orientation,1.25
49-2011.00,Adaptability,0.46
49-2011.00,Attention to Detail,2.5
49-2011.00,Cautiousness,1.99
49-2011.00,Cooperation,1.06
49-2011.00,Dependability,2.41
49-2011.00,Empathy,0.54
49-2011.00,Humility,0.19
49-2011.00,Initiative,0.78
49-2011.00,Innovation,0.7
49-2011.00,Integrity,1.57
49-2011.00,Intellectual Curiosity,1.17
49-2011.00,Leadership Orientation,-0.13
49-2011.00,Optimism,0.06
49-2011.00,Perseverance,1.58
49-2011.00,Self-Confidence,0.89
49-2011.00,Self-Control,0.95
49-2011.00,Sincerity,0.63
49-2011.00,Social Orientation,0.9
49-2011.00,Stress Tolerance,1.19
49-2011.00,Tolerance for Ambiguity,-0.21
49-2021.00,Achievement Orientation,1.3
49-2021.00,Adaptability,1.35
49-2021.00,Attention to Detail,2.37
49-2021.00,Cautiousness,2.17
49-2021.00,Cooperation,0.87
49-2021.00,Dependability,2.65
49-2021.00,Empathy,-0.13
49-2021.00,Humility,-0.12
49-2021.00,Initiative,0.74
49-2021.00,Innovation,0.58
49-2021.00,Integrity,1.57
49-2021.00,Intellectual Curiosity,0.92
49-2021.00,Leadership Orientation,-0.13
49-2021.00,Optimism,0.15
49-2021.00,Perseverance,1.77
49-2021.00,Self-Confidence,1.21
49-2021.00,Self-Control,1.14
49-2021.00,Sincerity,0.16
49-2021.00,Social Orientation,-0.23
49-2021.00,Stress Tolerance,1.35
49-2021.00,Tolerance for Ambiguity,0.06
49-2022.00,Achievement Orientation,1.27
49-2022.00,Adaptability,1.29
49-2022.00,Attention to Detail,2.53
49-2022.00,Cautiousness,1.96
49-2022.00,Cooperation,1.63
49-2022.00,Dependability,2.56
49-2022.00,Empathy,0.71
49-2022.00,Humility,0.34
49-2022.00,Initiative,0.95
49-2022.00,Innovation,0.72
49-2022.00,Integrity,1.6
49-2022.00,Intellectual Curiosity,0.92
49-2022.00,Leadership Orientation,0.1
49-2022.00,Optimism,0.59
49-2022.00,Perseverance,1.77
49-2022.00,Self-Confidence,1.1
49-2022.00,Self-Control,1.19
49-2022.00,Sincerity,0.76
49-2022.00,Social Orientation,1.02
49-2022.00,Stress Tolerance,1.38
49-2022.00,Tolerance for Ambiguity,0.74
49-2091.00,Achievement Orientation,1.74
49-2091.00,Adaptability,1.22
49-2091.00,Attention to Detail,3.0
49-2091.00,Cautiousness,2.58
49-2091.00,Cooperation,1.08
49-2091.00,Dependability,2.65
49-2091.00,Empathy,-0.12
49-2091.00,Humility,0.03
49-2091.00,Initiative,0.65
49-2091.00,Innovation,0.87
49-2091.00,Integrity,2.1
49-2091.00,Intellectual Curiosity,1.82
49-2091.00,Leadership Orientation,0.02
49-2091.00,Optimism,0.24
49-2091.00,Perseverance,1.77
49-2091.00,Self-Confidence,1.1
49-2091.00,Self-Control,1.28
49-2091.00,Sincerity,0.44
49-2091.00,Social Orientation,0.09
49-2091.00,Stress Tolerance,1.55
49-2091.00,Tolerance for Ambiguity,0.34
49-2092.00,Achievement Orientation,1.07
49-2092.00,Adaptability,0.78
49-2092.00,Attention to Detail,2.41
49-2092.00,Cautiousness,1.93
49-2092.00,Cooperation,0.55
49-2092.00,Dependability,2.3
49-2092.00,Empathy,-0.05
49-2092.00,Humility,-0.1
49-2092.00,Initiative,0.45
49-2092.00,Innovation,0.39
49-2092.00,Integrity,1.29
49-2092.00,Intellectual Curiosity,0.84
49-2092.00,Leadership Orientation,-0.19
49-2092.00,Optimism,-0.01
49-2092.00,Perseverance,1.23
49-2092.00,Self-Confidence,0.89
49-2092.00,Self-Control,0.68
49-2092.00,Sincerity,0.41
49-2092.00,Social Orientation,-0.07
49-2092.00,Stress Tolerance,1.0
49-2092.00,Tolerance for Ambiguity,-0.19
49-2093.00,Achievement Orientation,1.23
49-2093.00,Adaptability,1.26
49-2093.00,Attention to Detail,2.6
49-2093.00,Cautiousness,2.32
49-2093.00,Cooperation,0.71
49-2093.00,Dependability,2.65
49-2093.00,Empathy,-0.08
49-2093.00,Humility,0.05
49-2093.00,Initiative,0.55
49-2093.00,Innovation,0.46
49-2093.00,Integrity,1.76
49-2093.00,Intellectual Curiosity,0.97
49-2093.00,Leadership Orientation,-0.02
49-2093.00,Optimism,0.15
49-2093.00,Perseverance,1.7
49-2093.00,Self-Confidence,0.92
49-2093.00,Self-Control,1.19
49-2093.00,Sincerity,0.43
49-2093.00,Social Orientation,0.0
49-2093.00,Stress Tolerance,1.43
49-2093.00,Tolerance for Ambiguity,0.39
49-2094.00,Achievement Orientation,1.58
49-2094.00,Adaptability,1.22
49-2094.00,Attention to Detail,2.7
49-2094.00,Cautiousness,2.21
49-2094.00,Cooperation,1.0
49-2094.00,Dependability,2.65
49-2094.00,Empathy,0.05
49-2094.00,Humility,-0.12
49-2094.00,Initiative,0.23
49-2094.00,Innovation,1.12
49-2094.00,Integrity,1.7
49-2094.00,Intellectual Curiosity,1.71
49-2094.00,Leadership Orientation,0.19
49-2094.00,Optimism,0.34
49-2094.00,Perseverance,1.7
49-2094.00,Self-Confidence,1.07
49-2094.00,Self-Control,1.19
49-2094.00,Sincerity,0.53
49-2094.00,Social Orientation,0.41
49-2094.00,Stress Tolerance,1.35
49-2094.00,Tolerance for Ambiguity,0.66
49-2095.00,Achievement Orientation,1.47
49-2095.00,Adaptability,0.94
49-2095.00,Attention to Detail,2.7
49-2095.00,Cautiousness,2.62
49-2095.00,Cooperation,0.75
49-2095.00,Dependability,2.65
49-2095.00,Empathy,-0.08
49-2095.00,Humility,-0.04
49-2095.00,Initiative,0.49
49-2095.00,Innovation,0.72
49-2095.00,Integrity,1.89
49-2095.00,Intellectual Curiosity,1.86
49-2095.00,Leadership Orientation,-0.05
49-2095.00,Optimism,0.22
49-2095.00,Perseverance,1.61
49-2095.00,Self-Confidence,1.21
49-2095.00,Self-Control,1.4
49-2095.00,Sincerity,0.5
49-2095.00,Social Orientation,0.02
49-2095.00,Stress Tolerance,1.64
49-2095.00,Tolerance for Ambiguity,0.31
49-2096.00,Achievement Orientation,1.18
49-2096.00,Adaptability,1.05
49-2096.00,Attention to Detail,2.44
49-2096.00,Cautiousness,1.63
49-2096.00,Cooperation,0.75
49-2096.00,Dependability,2.19
49-2096.00,Empathy,0.12
49-2096.00,Humility,0.08
49-2096.00,Initiative,0.74
49-2096.00,Innovation,0.75
49-2096.00,Integrity,1.34
49-2096.00,Intellectual Curiosity,0.89
49-2096.00,Leadership Orientation,-0.11
49-2096.00,Optimism,0.32
49-2096.00,Perseverance,1.43
49-2096.00,Self-Confidence,0.75
49-2096.00,Self-Control,0.85
49-2096.00,Sincerity,0.6
49-2096.00,Social Orientation,0.65
49-2096.00,Stress Tolerance,1.02
49-2096.00,Tolerance for Ambiguity,0.25
49-2097.00,Achievement Orientation,1.16
49-2097.00,Adaptability,1.11
49-2097.00,Attention to Detail,2.37
49-2097.00,Cautiousness,1.76
49-2097.00,Cooperation,1.06
49-2097.00,Dependability,2.19
49-2097.00,Empathy,0.6
49-2097.00,Humility,0.4
49-2097.00,Initiative,0.67
49-2097.00,Innovation,0.63
49-2097.00,Integrity,1.08
49-2097.00,Intellectual Curiosity,0.92
49-2097.00,Leadership Orientation,0.02
49-2097.00,Optimism,0.54
49-2097.00,Perseverance,1.2
49-2097.00,Self-Confidence,0.94
49-2097.00,Self-Control,1.14
49-2097.00,Sincerity,0.65
49-2097.00,Social Orientation,0.93
49-2097.00,Stress Tolerance,0.97
49-2097.00,Tolerance for Ambiguity,0.08
49-2098.00,Achievement Orientation,1.3
49-2098.00,Adaptability,1.11
49-2098.00,Attention to Detail,2.67
49-2098.00,Cautiousness,2.1
49-2098.00,Cooperation,1.0
49-2098.00,Dependability,2.65
49-2098.00,Empathy,0.37
49-2098.00,Humility,0.15
49-2098.00,Initiative,0.97
49-2098.00,Innovation,0.42
49-2098.00,Integrity,2.28
49-2098.00,Intellectual Curiosity,0.84
49-2098.00,Leadership Orientation,0.19
49-2098.00,Optimism,0.32
49-2098.00,Perseverance,1.52
49-2098.00,Self-Confidence,1.1
49-2098.00,Self-Control,0.95
49-2098.00,Sincerity,0.72
49-2098.00,Social Orientation,0.63
49-2098.00,Stress Tolerance,1.32
49-2098.00,Tolerance for Ambiguity,0.1
49-3011.00,Achievement Orientation,1.74
49-3011.00,Adaptability,1.22
49-3011.00,Attention to Detail,3.0
49-3011.00,Cautiousness,2.62
49-3011.00,Cooperation,1.03
49-3011.00,Dependability,2.65
49-3011.00,Empathy,-0.02
49-3011.00,Humility,0.27
49-3011.00,Initiative,0.85
49-3011.00,Innovation,0.56
49-3011.00,Integrity,2.17
49-3011.00,Intellectual Curiosity,1.2
49-3011.00,Leadership Orientation,-0.07
49-3011.00,Optimism,0.26
49-3011.00,Perseverance,1.77
49-3011.00,Self-Confidence,1.1
49-3011.00,Self-Control,1.6
49-3011.00,Sincerity,0.84
49-3011.00,Social Orientation,0.18
49-3011.00,Stress Tolerance,1.96
49-3011.00,Tolerance for Ambiguity,0.22
49-3021.00,Achievement Orientation,1.16
49-3021.00,Adaptability,0.73
49-3021.00,Attention to Detail,2.44
49-3021.00,Cautiousness,1.66
49-3021.00,Cooperation,0.62
49-3021.00,Dependability,2.19
49-3021.00,Empathy,-0.08
49-3021.00,Humility,0.08
49-3021.00,Initiative,0.35
49-3021.00,Innovation,0.33
49-3021.00,Integrity,1.03
49-3021.00,Intellectual Curiosity,0.62
49-3021.00,Leadership Orientation,-0.38
49-3021.00,Optimism,0.28
49-3021.00,Perseverance,1.43
49-3021.00,Self-Confidence,0.92
49-3021.00,Self-Control,0.8
49-3021.00,Sincerity,0.49
49-3021.00,Social Orientation,-0.03
49-3021.00,Stress Tolerance,1.24
49-3021.00,Tolerance for Ambiguity,-0.34
49-3022.00,Achievement Orientation,0.8
49-3022.00,Adaptability,0.46
49-3022.00,Attention to Detail,2.37
49-3022.00,Cautiousness,1.96
49-3022.00,Cooperation,0.1
49-3022.00,Dependability,2.19
49-3022.00,Empathy,0.01
49-3022.00,Humility,-0.18
49-3022.00,Initiative,0.33
49-3022.00,Innovation,0.04
49-3022.00,Integrity,1.03
49-3022.00,Intellectual Curiosity,-0.03
49-3022.00,Leadership Orientation,-0.32
49-3022.00,Optimism,-0.01
49-3022.00,Perseverance,0.93
49-3022.00,Self-Confidence,0.6
49-3022.00,Self-Control,0.68
49-3022.00,Sincerity,0.47
49-3022.00,Social Orientation,-0.03
49-3022.00,Stress Tolerance,1.07
49-3022.00,Tolerance for Ambiguity,-0.4
49-3023.00,Achievement Orientation,1.27
49-3023.00,Adaptability,1.19
49-3023.00,Attention to Detail,2.5
49-3023.00,Cautiousness,1.56
49-3023.00,Cooperation,0.87
49-3023.00,Dependability,2.39
49-3023.00,Empathy,0.27
49-3023.00,Humility,0.17
49-3023.00,Initiative,0.43
49-3023.00,Innovation,0.82
49-3023.00,Integrity,1.63
49-3023.00,Intellectual Curiosity,1.0
49-3023.00,Leadership Orientation,0.08
49-3023.00,Optimism,0.36
49-3023.00,Perseverance,1.77
49-3023.00,Self-Confidence,0.5
49-3023.00,Self-Control,0.95
49-3023.00,Sincerity,0.62
49-3023.00,Social Orientation,0.43
49-3023.00,Stress Tolerance,1.4
49-3023.00,Tolerance for Ambiguity,0.93
49-3031.00,Achievement Orientation,1.12
49-3031.00,Adaptability,0.89
49-3031.00,Attention to Detail,2.44
49-3031.00,Cautiousness,1.96
49-3031.00,Cooperation,0.71
49-3031.00,Dependability,2.47
49-3031.00,Empathy,-0.03
49-3031.00,Humility,-0.08
49-3031.00,Initiative,0.76
49-3031.00,Innovation,0.84
49-3031.00,Integrity,1.23
49-3031.00,Intellectual Curiosity,0.97
49-3031.00,Leadership Orientation,-0.07
49-3031.00,Optimism,0.34
49-3031.00,Perseverance,1.77
49-3031.00,Self-Confidence,0.82
49-3031.00,Self-Control,0.75
49-3031.00,Sincerity,0.49
49-3031.00,Social Orientation,-0.14
49-3031.00,Stress Tolerance,1.27
49-3031.00,Tolerance for Ambiguity,0.25
49-3041.00,Achievement Orientation,1.23
49-3041.00,Adaptability,0.97
49-3041.00,Attention to Detail,2.37
49-3041.00,Cautiousness,1.79
49-3041.00,Cooperation,0.73
49-3041.00,Dependability,2.47
49-3041.00,Empathy,0.05
49-3041.00,Humility,0.19
49-3041.00,Initiative,0.97
49-3041.00,Innovation,0.75
49-3041.00,Integrity,1.21
49-3041.00,Intellectual Curiosity,0.94
49-3041.00,Leadership Orientation,0.0
49-3041.00,Optimism,0.47
49-3041.00,Perseverance,1.77
49-3041.00,Self-Confidence,0.87
49-3041.00,Self-Control,0.8
49-3041.00,Sincerity,0.65
49-3041.00,Social Orientation,0.11
49-3041.00,Stress Tolerance,1.19
49-3041.00,Tolerance for Ambiguity,0.6
49-3042.00,Achievement Orientation,1.32
49-3042.00,Adaptability,0.89
49-3042.00,Attention to Detail,2.5
49-3042.00,Cautiousness,2.03
49-3042.00,Cooperation,0.55
49-3042.00,Dependability,2.65
49-3042.00,Empathy,-0.06
49-3042.00,Humility,0.05
49-3042.00,Initiative,0.92
49-3042.00,Innovation,0.75
49-3042.00,Integrity,1.6
49-3042.00,Intellectual Curiosity,1.08
49-3042.00,Leadership Orientation,0.04
49-3042.00,Optimism,0.16
49-3042.00,Perseverance,1.77
49-3042.00,Self-Confidence,0.97
49-3042.00,Self-Control,0.95
49-3042.00,Sincerity,0.46
49-3042.00,Social Orientation,0.02
49-3042.00,Stress Tolerance,1.4
49-3042.00,Tolerance for Ambiguity,0.6
49-3043.00,Achievement Orientation,1.16
49-3043.00,Adaptability,0.73
49-3043.00,Attention to Detail,2.41
49-3043.00,Cautiousness,2.03
49-3043.00,Cooperation,0.68
49-3043.00,Dependability,2.47
49-3043.00,Empathy,-0.18
49-3043.00,Humility,-0.14
49-3043.00,Initiative,0.57
49-3043.00,Innovation,0.37
49-3043.00,Integrity,1.43
49-3043.00,Intellectual Curiosity,0.79
49-3043.00,Leadership Orientation,-0.22
49-3043.00,Optimism,0.06
49-3043.00,Perseverance,1.52
49-3043.00,Self-Confidence,0.6
49-3043.00,Self-Control,0.8
49-3043.00,Sincerity,0.5
49-3043.00,Social Orientation,-0.21
49-3043.00,Stress Tolerance,1.27
49-3043.00,Tolerance for Ambiguity,-0.07
49-3051.00,Achievement Orientation,1.16
49-3051.00,Adaptability,0.66
49-3051.00,Attention to Detail,2.37
49-3051.00,Cautiousness,1.99
49-3051.00,Cooperation,0.34
49-3051.00,Dependability,2.33
49-3051.00,Empathy,-0.09
49-3051.00,Humility,-0.14
49-3051.00,Initiative,0.74
49-3051.00,Innovation,0.44
49-3051.00,Integrity,1.15
49-3051.00,Intellectual Curiosity,0.87
49-3051.00,Leadership Orientation,-0.28
49-3051.00,Optimism,0.09
49-3051.00,Perseverance,1.58
49-3051.00,Self-Confidence,0.78
49-3051.00,Self-Control,0.7
49-3051.00,Sincerity,0.47
49-3051.00,Social Orientation,0.07
49-3051.00,Stress Tolerance,1.24
49-3051.00,Tolerance for Ambiguity,-0.09
49-3052.00,Achievement Orientation,1.09
49-3052.00,Adaptability,0.81
49-3052.00,Attention to Detail,2.47
49-3052.00,Cautiousness,1.63
49-3052.00,Cooperation,0.73
49-3052.00,Dependability,2.19
49-3052.00,Empathy,0.21
49-3052.00,Humility,-0.1
49-3052.00,Initiative,0.72
49-3052.00,Innovation,0.67
49-3052.00,Integrity,1.06
49-3052.00,Intellectual Curiosity,0.79
49-3052.00,Leadership Orientation,-0.19
49-3052.00,Optimism,0.24
49-3052.00,Perseverance,1.64
49-3052.00,Self-Confidence,0.82
49-3052.00,Self-Control,0.75
49-3052.00,Sincerity,0.55
49-3052.00,Social Orientation,0.25
49-3052.00,Stress Tolerance,1.27
49-3052.00,Tolerance for Ambiguity,0.41
49-3053.00,Achievement Orientation,1.12
49-3053.00,Adaptability,0.48
49-3053.00,Attention to Detail,2.37
49-3053.00,Cautiousness,1.63
49-3053.00,Cooperation,0.64
49-3053.00,Dependability,2.14
49-3053.00,Empathy,0.08
49-3053.00,Humility,-0.01
49-3053.00,Initiative,0.61
49-3053.00,Innovation,0.49
49-3053.00,Integrity,1.26
49-3053.00,Intellectual Curiosity,0.79
49-3053.00,Leadership Orientation,-0.22
49-3053.00,Optimism,0.32
49-3053.00,Perseverance,1.28
49-3053.00,Self-Confidence,0.87
49-3053.00,Self-Control,0.75
49-3053.00,Sincerity,0.6
49-3053.00,Social Orientation,0.45
49-3053.00,Stress Tolerance,0.93
49-3053.00,Tolerance for Ambiguity,0.0
49-3091.00,Achievement Orientation,1.05
49-3091.00,Adaptability,0.45
49-3091.00,Attention to Detail,2.25
49-3091.00,Cautiousness,1.5
49-3091.00,Cooperation,1.26
49-3091.00,Dependability,2.14
49-3091.00,Empathy,0.77
49-3091.00,Humility,0.64
49-3091.00,Initiative,0.74
49-3091.00,Innovation,0.37
49-3091.00,Integrity,1.13
49-3091.00,Intellectual Curiosity,0.74
49-3091.00,Leadership Orientation,-0.09
49-3091.00,Optimism,0.66
49-3091.00,Perseverance,1.18
49-3091.00,Self-Confidence,0.58
49-3091.00,Self-Control,0.61
49-3091.00,Sincerity,0.74
49-3091.00,Social Orientation,1.11
49-3091.00,Stress Tolerance,0.66
49-3091.00,Tolerance for Ambiguity,-0.23
49-3092.00,Achievement Orientation,1.18
49-3092.00,Adaptability,1.11
49-3092.00,Attention to Detail,2.44
49-3092.00,Cautiousness,1.93
49-3092.00,Cooperation,1.0
49-3092.00,Dependability,2.25
49-3092.00,Empathy,0.48
49-3092.00,Humility,0.1
49-3092.00,Initiative,0.83
49-3092.00,Innovation,0.65
49-3092.00,Integrity,1.63
49-3092.00,Intellectual Curiosity,0.94
49-3092.00,Leadership Orientation,0.02
49-3092.00,Optimism,0.59
49-3092.00,Perseverance,1.67
49-3092.00,Self-Confidence,0.85
49-3092.00,Self-Control,1.37
49-3092.00,Sincerity,0.74
49-3092.00,Social Orientation,0.77
49-3092.00,Stress Tolerance,1.29
49-3092.00,Tolerance for Ambiguity,0.62
49-3093.00,Achievement Orientation,0.56
49-3093.00,Adaptability,0.08
49-3093.00,Attention to Detail,1.86
49-3093.00,Cautiousness,1.56
49-3093.00,Cooperation,0.71
49-3093.00,Dependability,2.06
49-3093.00,Empathy,-0.05
49-3093.00,Humility,-0.14
49-3093.00,Initiative,0.3
49-3093.00,Innovation,-0.5
49-3093.00,Integrity,0.96
49-3093.00,Intellectual Curiosity,0.06
49-3093.00,Leadership Orientation,-0.43
49-3093.00,Optimism,0.16
49-3093.00,Perseverance,0.88
49-3093.00,Self-Confidence,0.39
49-3093.00,Self-Control,0.68
49-3093.00,Sincerity,0.34
49-3093.00,Social Orientation,-0.07
49-3093.00,Stress Tolerance,1.09
49-3093.00,Tolerance for Ambiguity,-0.59
49-9011.00,Achievement Orientation,1.05
49-9011.00,Adaptability,0.59
49-9011.00,Attention to Detail,2.05
49-9011.00,Cautiousness,1.66
49-9011.00,Cooperation,0.71
49-9011.00,Dependability,2.25
49-9011.00,Empathy,0.07
49-9011.00,Humility,0.03
49-9011.00,Initiative,0.76
49-9011.00,Innovation,0.3
49-9011.00,Integrity,1.37
49-9011.00,Intellectual Curiosity,0.62
49-9011.00,Leadership Orientation,-0.02
49-9011.00,Optimism,0.13
49-9011.00,Perseverance,1.1
49-9011.00,Self-Confidence,0.75
49-9011.00,Self-Control,0.7
49-9011.00,Sincerity,0.57
49-9011.00,Social Orientation,0.18
49-9011.00,Stress Tolerance,0.97
49-9011.00,Tolerance for Ambiguity,-0.15
49-9012.00,Achievement Orientation,1.09
49-9012.00,Adaptability,0.44
49-9012.00,Attention to Detail,2.47
49-9012.00,Cautiousness,2.21
49-9012.00,Cooperation,0.66
49-9012.00,Dependability,2.47
49-9012.00,Empathy,-0.13
49-9012.00,Humility,-0.06
49-9012.00,Initiative,0.35
49-9012.00,Innovation,-0.04
49-9012.00,Integrity,1.79
49-9012.00,Intellectual Curiosity,0.87
49-9012.00,Leadership Orientation,-0.21
49-9012.00,Optimism,0.01
49-9012.00,Perseverance,1.15
49-9012.00,Self-Confidence,0.6
49-9012.00,Self-Control,0.66
49-9012.00,Sincerity,0.3
49-9012.00,Social Orientation,-0.16
49-9012.00,Stress Tolerance,1.22
49-9012.00,Tolerance for Ambiguity,-0.42
49-9021.00,Achievement Orientation,1.16
49-9021.00,Adaptability,1.19
49-9021.00,Attention to Detail,2.5
49-9021.00,Cautiousness,2.06
49-9021.00,Cooperation,1.08
49-9021.00,Dependability,2.65
49-9021.00,Empathy,0.16
49-9021.00,Humility,0.29
49-9021.00,Initiative,0.95
49-9021.00,Innovation,0.33
49-9021.00,Integrity,1.51
49-9021.00,Intellectual Curiosity,0.92
49-9021.00,Leadership Orientation,0.38
49-9021.00,Optimism,0.52
49-9021.00,Perseverance,1.74
49-9021.00,Self-Confidence,0.97
49-9021.00,Self-Control,1.25
49-9021.00,Sincerity,0.74
49-9021.00,Social Orientation,0.45
49-9021.00,Stress Tolerance,1.49
49-9021.00,Tolerance for Ambiguity,-0.11
49-9031.00,Achievement Orientation,1.14
49-9031.00,Adaptability,1.08
49-9031.00,Attention to Detail,2.31
49-9031.00,Cautiousness,2.06
49-9031.00,Cooperation,1.08
49-9031.00,Dependability,2.47
49-9031.00,Empathy,0.82
49-9031.00,Humility,0.56
49-9031.00,Initiative,1.0
49-9031.00,Innovation,0.49
49-9031.00,Integrity,1.73
49-9031.00,Intellectual Curiosity,0.87
49-9031.00,Leadership Orientation,0.19
49-9031.00,Optimism,0.78
49-9031.00,Perseverance,1.61
49-9031.00,Self-Confidence,0.92
49-9031.00,Self-Control,1.19
49-9031.00,Sincerity,1.09
49-9031.00,Social Orientation,0.9
49-9031.00,Stress Tolerance,1.11
49-9031.00,Tolerance for Ambiguity,0.37
49-9041.00,Achievement Orientation,1.2
49-9041.00,Adaptability,0.91
49-9041.00,Attention to Detail,2.57
49-9041.00,Cautiousness,2.1
49-9041.00,Cooperation,0.71
49-9041.00,Dependability,2.65
49-9041.00,Empathy,-0.06
49-9041.00,Humility,0.05
49-9041.00,Initiative,0.92
49-9041.00,Innovation,0.84
49-9041.00,Integrity,1.48
49-9041.00,Intellectual Curiosity,0.84
49-9041.00,Leadership Orientation,-0.05
49-9041.00,Optimism,0.34
49-9041.00,Perseverance,1.77
49-9041.00,Self-Confidence,0.94
49-9041.00,Self-Control,1.08
49-9041.00,Sincerity,0.5
49-9041.00,Social Orientation,0.04
49-9041.00,Stress Tolerance,1.35
49-9041.00,Tolerance for Ambiguity,0.22
49-9043.00,Achievement Orientation,0.82
49-9043.00,Adaptability,0.59
49-9043.00,Attention to Detail,2.19
49-9043.00,Cautiousness,1.89
49-9043.00,Cooperation,0.92
49-9043.00,Dependability,2.5
49-9043.00,Empathy,-0.06
49-9043.00,Humility,-0.14
49-9043.00,Initiative,0.53
49-9043.00,Innovation,-0.2
49-9043.00,Integrity,0.94
49-9043.00,Intellectual Curiosity,0.6
49-9043.00,Leadership Orientation,-0.4
49-9043.00,Optimism,0.07
49-9043.00,Perseverance,1.43
49-9043.00,Self-Confidence,0.62
49-9043.00,Self-Control,0.8
49-9043.00,Sincerity,0.27
49-9043.00,Social Orientation,0.11
49-9043.00,Stress Tolerance,1.19
49-9043.00,Tolerance for Ambiguity,-0.23
49-9044.00,Achievement Orientation,1.25
49-9044.00,Adaptability,0.99
49-9044.00,Attention to Detail,2.47
49-9044.00,Cautiousness,1.96
49-9044.00,Cooperation,0.85
49-9044.00,Dependability,2.59
49-9044.00,Empathy,-0.1
49-9044.00,Humility,-0.01
49-9044.00,Initiative,0.9
49-9044.00,Innovation,0.39
49-9044.00,Integrity,1.1
49-9044.00,Intellectual Curiosity,0.81
49-9044.00,Leadership Orientation,0.36
49-9044.00,Optimism,-0.01
49-9044.00,Perseverance,1.58
49-9044.00,Self-Confidence,1.13
49-9044.00,Self-Control,0.75
49-9044.00,Sincerity,0.18
49-9044.00,Social Orientation,0.02
49-9044.00,Stress Tolerance,1.27
49-9044.00,Tolerance for Ambiguity,-0.3
49-9045.00,Achievement Orientation,0.97
49-9045.00,Adaptability,-0.32
49-9045.00,Attention to Detail,1.92
49-9045.00,Cautiousness,2.03
49-9045.00,Cooperation,0.32
49-9045.00,Dependability,2.3
49-9045.00,Empathy,-0.14
49-9045.00,Humility,-0.27
49-9045.00,Initiative,0.05
49-9045.00,Innovation,-0.24
49-9045.00,Integrity,0.98
49-9045.00,Intellectual Curiosity,-0.03
49-9045.00,Leadership Orientation,-0.45
49-9045.00,Optimism,0.01
49-9045.00,Perseverance,0.66
49-9045.00,Self-Confidence,0.46
49-9045.00,Self-Control,0.7
49-9045.00,Sincerity,0.09
49-9045.00,Social Orientation,-0.73
49-9045.00,Stress Tolerance,1.24
49-9045.00,Tolerance for Ambiguity,-0.55
49-9051.00,Achievement Orientation,1.2
49-9051.00,Adaptability,1.38
49-9051.00,Attention to Detail,2.41
49-9051.00,Cautiousness,2.74
49-9051.00,Cooperation,1.35
49-9051.00,Dependability,2.65
49-9051.00,Empathy,-0.08
49-9051.00,Humility,0.12
49-9051.00,Initiative,0.65
49-9051.00,Innovation,-0.32
49-9051.00,Integrity,1.86
49-9051.00,Intellectual Curiosity,0.53
49-9051.00,Leadership Orientation,0.47
49-9051.00,Optimism,0.47
49-9051.00,Perseverance,2.04
49-9051.00,Self-Confidence,1.44
49-9051.00,Self-Control,1.8
49-9051.00,Sincerity,0.21
49-9051.00,Social Orientation,-0.09
49-9051.00,Stress Tolerance,2.36
49-9051.00,Tolerance for Ambiguity,-0.09
49-9052.00,Achievement Orientation,0.91
49-9052.00,Adaptability,1.26
49-9052.00,Attention to Detail,2.14
49-9052.00,Cautiousness,1.93
49-9052.00,Cooperation,1.03
49-9052.00,Dependability,2.39
49-9052.00,Empathy,0.08
49-9052.00,Humility,0.12
49-9052.00,Initiative,0.83
49-9052.00,Innovation,0.13
49-9052.00,Integrity,1.08
49-9052.00,Intellectual Curiosity,0.58
49-9052.00,Leadership Orientation,-0.09
49-9052.00,Optimism,0.32
49-9052.00,Perseverance,1.7
49-9052.00,Self-Confidence,0.92
49-9052.00,Self-Control,0.95
49-9052.00,Sincerity,0.52
49-9052.00,Social Orientation,0.22
49-9052.00,Stress Tolerance,1.4
49-9052.00,Tolerance for Ambiguity,0.31
49-9061.00,Achievement Orientation,1.45
49-9061.00,Adaptability,0.89
49-9061.00,Attention to Detail,2.77
49-9061.00,Cautiousness,1.89
49-9061.00,Cooperation,0.09
49-9061.00,Dependability,2.19
49-9061.00,Empathy,-0.08
49-9061.00,Humility,-0.18
49-9061.00,Initiative,0.49
49-9061.00,Innovation,0.94
49-9061.00,Integrity,0.82
49-9061.00,Intellectual Curiosity,1.2
49-9061.00,Leadership Orientation,-0.36
49-9061.00,Optimism,0.04
49-9061.00,Perseverance,1.43
49-9061.00,Self-Confidence,0.87
49-9061.00,Self-Control,0.61
49-9061.00,Sincerity,0.22
49-9061.00,Social Orientation,-0.27
49-9061.00,Stress Tolerance,0.8
49-9061.00,Tolerance for Ambiguity,0.0
49-9062.00,Achievement Orientation,1.71
49-9062.00,Adaptability,1.29
49-9062.00,Attention to Detail,2.81
49-9062.00,Cautiousness,2.47
49-9062.00,Cooperation,1.31
49-9062.00,Dependability,2.65
49-9062.00,Empathy,0.39
49-9062.00,Humility,0.61
49-9062.00,Initiative,1.0
49-9062.00,Innovation,1.23
49-9062.00,Integrity,2.13
49-9062.00,Intellectual Curiosity,1.93
49-9062.00,Leadership Orientation,0.04
49-9062.00,Optimism,0.47
49-9062.00,Perseverance,1.77
49-9062.00,Self-Confidence,1.05
49-9062.00,Self-Control,1.31
49-9062.00,Sincerity,0.86
49-9062.00,Social Orientation,0.52
49-9062.00,Stress Tolerance,1.43
49-9062.00,Tolerance for Ambiguity,0.89
49-9063.00,Achievement Orientation,1.32
49-9063.00,Adaptability,0.73
49-9063.00,Attention to Detail,2.63
49-9063.00,Cautiousness,1.76
49-9063.00,Cooperation,0.53
49-9063.00,Dependability,2.14
49-9063.00,Empathy,0.13
49-9063.00,Humility,0.03
49-9063.00,Initiative,0.72
49-9063.00,Innovation,1.15
49-9063.00,Integrity,1.01
49-9063.00,Intellectual Curiosity,1.11
49-9063.00,Leadership Orientation,-0.34
49-9063.00,Optimism,0.24
49-9063.00,Perseverance,1.49
49-9063.00,Self-Confidence,0.97
49-9063.00,Self-Control,0.66
49-9063.00,Sincerity,0.67
49-9063.00,Social Orientation,-0.16
49-9063.00,Stress Tolerance,0.62
49-9063.00,Tolerance for Ambiguity,0.25
49-9064.00,Achievement Orientation,1.27
49-9064.00,Adaptability,0.28
49-9064.00,Attention to Detail,3.0
49-9064.00,Cautiousness,2.39
49-9064.00,Cooperation,0.21
49-9064.00,Dependability,2.3
49-9064.00,Empathy,-0.03
49-9064.00,Humility,-0.08
49-9064.00,Initiative,0.3
49-9064.00,Innovation,0.37
49-9064.00,Integrity,1.45
49-9064.00,Intellectual Curiosity,1.02
49-9064.00,Leadership Orientation,-0.52
49-9064.00,Optimism,-0.02
49-9064.00,Perseverance,1.4
49-9064.00,Self-Confidence,0.71
49-9064.00,Self-Control,0.8
49-9064.00,Sincerity,0.62
49-9064.00,Social Orientation,-0.05
49-9064.00,Stress Tolerance,0.64
49-9064.00,Tolerance for Ambiguity,-0.61
49-9071.00,Achievement Orientation,1.12
49-9071.00,Adaptability,1.44
49-9071.00,Attention to Detail,2.25
49-9071.00,Cautiousness,1.76
49-9071.00,Cooperation,0.98
49-9071.00,Dependability,2.65
49-9071.00,Empathy,0.08
49-9071.00,Humility,0.1
49-9071.00,Initiative,1.32
49-9071.00,Innovation,1.12
49-9071.00,Integrity,1.45
49-9071.00,Intellectual Curiosity,1.02
49-9071.00,Leadership Orientation,0.25
49-9071.00,Optimism,0.52
49-9071.00,Perseverance,1.74
49-9071.00,Self-Confidence,0.94
49-9071.00,Self-Control,1.19
49-9071.00,Sincerity,0.44
49-9071.00,Social Orientation,0.18
49-9071.00,Stress Tolerance,1.29
49-9071.00,Tolerance for Ambiguity,0.74
49-9081.00,Achievement Orientation,1.63
49-9081.00,Adaptability,2.02
49-9081.00,Attention to Detail,2.44
49-9081.00,Cautiousness,2.47
49-9081.00,Cooperation,0.95
49-9081.00,Dependability,2.65
49-9081.00,Empathy,-0.08
49-9081.00,Humility,0.15
49-9081.00,Initiative,1.35
49-9081.00,Innovation,1.12
49-9081.00,Integrity,1.7
49-9081.00,Intellectual Curiosity,1.38
49-9081.00,Leadership Orientation,0.12
49-9081.00,Optimism,0.56
49-9081.00,Perseverance,2.15
49-9081.00,Self-Confidence,1.26
49-9081.00,Self-Control,1.4
49-9081.00,Sincerity,0.53
49-9081.00,Social Orientation,0.2
49-9081.00,Stress Tolerance,1.83
49-9081.00,Tolerance for Ambiguity,1.12
49-9091.00,Achievement Orientation,0.68
49-9091.00,Adaptability,0.71
49-9091.00,Attention to Detail,2.08
49-9091.00,Cautiousness,1.38
49-9091.00,Cooperation,0.57
49-9091.00,Dependability,2.16
49-9091.00,Empathy,-0.14
49-9091.00,Humility,-0.1
49-9091.00,Initiative,0.55
49-9091.00,Innovation,0.0
49-9091.00,Integrity,1.51
49-9091.00,Intellectual Curiosity,0.53
49-9091.00,Leadership Orientation,-0.36
49-9091.00,Optimism,0.15
49-9091.00,Perseverance,1.07
49-9091.00,Self-Confidence,0.54
49-9091.00,Self-Control,0.73
49-9091.00,Sincerity,0.38
49-9091.00,Social Orientation,-0.21
49-9091.00,Stress Tolerance,0.9
49-9091.00,Tolerance for Ambiguity,-0.27
49-9092.00,Achievement Orientation,1.74
49-9092.00,Adaptability,1.98
49-9092.00,Attention to Detail,2.7
49-9092.00,Cautiousness,2.7
49-9092.00,Cooperation,1.44
49-9092.00,Dependability,2.93
49-9092.00,Empathy,0.01
49-9092.00,Humility,0.4
49-9092.00,Initiative,1.35
49-9092.00,Innovation,0.51
49-9092.00,Integrity,1.89
49-9092.00,Intellectual Curiosity,0.76
49-9092.00,Leadership Orientation,1.0
49-9092.00,Optimism,0.76
49-9092.00,Perseverance,2.3
49-9092.00,Self-Confidence,1.83
49-9092.00,Self-Control,2.38
49-9092.00,Sincerity,0.55
49-9092.00,Social Orientation,-0.03
49-9092.00,Stress Tolerance,2.67
49-9092.00,Tolerance for Ambiguity,1.6
49-9094.00,Achievement Orientation,0.95
49-9094.00,Adaptability,0.73
49-9094.00,Attention to Detail,2.63
49-9094.00,Cautiousness,2.28
49-9094.00,Cooperation,0.51
49-9094.00,Dependability,2.56
49-9094.00,Empathy,0.13
49-9094.00,Humility,0.32
49-9094.00,Initiative,1.0
49-9094.00,Innovation,0.6
49-9094.00,Integrity,2.51
49-9094.00,Intellectual Curiosity,0.87
49-9094.00,Leadership Orientation,-0.36
49-9094.00,Optimism,-0.01
49-9094.00,Perseverance,1.64
49-9094.00,Self-Confidence,1.13
49-9094.00,Self-Control,1.25
49-9094.00,Sincerity,0.67
49-9094.00,Social Orientation,0.04
49-9094.00,Stress Tolerance,1.0
49-9094.00,Tolerance for Ambiguity,-0.07
49-9095.00,Achievement Orientation,0.78
49-9095.00,Adaptability,0.91
49-9095.00,Attention to Detail,1.97
49-9095.00,Cautiousness,1.5
49-9095.00,Cooperation,0.92
49-9095.00,Dependability,2.25
49-9095.00,Empathy,0.01
49-9095.00,Humility,0.01
49-9095.00,Initiative,0.72
49-9095.00,Innovation,0.02
49-9095.00,Integrity,1.12
49-9095.00,Intellectual Curiosity,0.31
49-9095.00,Leadership Orientation,0.0
49-9095.00,Optimism,0.32
49-9095.00,Perseverance,1.23
49-9095.00,Self-Confidence,0.67
49-9095.00,Self-Control,0.63
49-9095.00,Sincerity,0.3
49-9095.00,Social Orientation,0.04
49-9095.00,Stress Tolerance,1.02
49-9095.00,Tolerance for Ambiguity,0.1
49-9096.00,Achievement Orientation,1.12
49-9096.00,Adaptability,1.11
49-9096.00,Attention to Detail,2.25
49-9096.00,Cautiousness,2.62
49-9096.00,Cooperation,1.3
49-9096.00,Dependability,2.65
49-9096.00,Empathy,-0.03
49-9096.00,Humility,0.17
49-9096.00,Initiative,0.59
49-9096.00,Innovation,-0.2
49-9096.00,Integrity,1.79
49-9096.00,Intellectual Curiosity,0.26
49-9096.00,Leadership Orientation,0.98
49-9096.00,Optimism,0.18
49-9096.00,Perseverance,1.74
49-9096.00,Self-Confidence,1.35
49-9096.00,Self-Control,1.37
49-9096.00,Sincerity,0.34
49-9096.00,Social Orientation,0.45
49-9096.00,Stress Tolerance,1.89
49-9096.00,Tolerance for Ambiguity,0.04
49-9097.00,Achievement Orientation,1.23
49-9097.00,Adaptability,0.78
49-9097.00,Attention to Detail,2.44
49-9097.00,Cautiousness,2.62
49-9097.00,Cooperation,0.68
49-9097.00,Dependability,2.5
49-9097.00,Empathy,-0.16
49-9097.00,Humility,-0.14
49-9097.00,Initiative,0.63
49-9097.00,Innovation,-0.2
49-9097.00,Integrity,1.79
49-9097.00,Intellectual Curiosity,0.81
49-9097.00,Leadership Orientation,-0.34
49-9097.00,Optimism,0.02
49-9097.00,Perseverance,1.67
49-9097.00,Self-Confidence,1.05
49-9097.00,Self-Control,1.22
49-9097.00,Sincerity,0.18
49-9097.00,Social Orientation,-0.25
49-9097.00,Stress Tolerance,1.38
49-9097.00,Tolerance for Ambiguity,0.04
49-9098.00,Achievement Orientation,0.68
49-9098.00,Adaptability,0.89
49-9098.00,Attention to Detail,1.86
49-9098.00,Cautiousness,1.44
49-9098.00,Cooperation,1.95
49-9098.00,Dependability,2.14
49-9098.00,Empathy,0.2
49-9098.00,Humility,0.7
49-9098.00,Initiative,0.4
49-9098.00,Innovation,0.02
49-9098.00,Integrity,1.18
49-9098.00,Intellectual Curiosity,0.45
49-9098.00,Leadership Orientation,-0.56
49-9098.00,Optimism,0.36
49-9098.00,Perseverance,1.05
49-9098.00,Self-Confidence,0.43
49-9098.00,Self-Control,0.73
49-9098.00,Sincerity,0.58
49-9098.00,Social Orientation,0.61
49-9098.00,Stress Tolerance,1.0
49-9098.00,Tolerance for Ambiguity,-0.25
51-1011.00,Achievement Orientation,1.98
51-1011.00,Adaptability,1.41
51-1011.00,Attention to Detail,2.14
51-1011.00,Cautiousness,1.93
51-1011.00,Cooperation,1.84
51-1011.00,Dependability,2.65
51-1011.00,Empathy,1.07
51-1011.00,Humility,0.93
51-1011.00,Initiative,1.56
51-1011.00,Innovation,1.23
51-1011.00,Integrity,1.92
51-1011.00,Intellectual Curiosity,0.87
51-1011.00,Leadership Orientation,2.77
51-1011.00,Optimism,0.98
51-1011.00,Perseverance,1.94
51-1011.00,Self-Confidence,1.76
51-1011.00,Self-Control,1.84
51-1011.00,Sincerity,0.96
51-1011.00,Social Orientation,1.74
51-1011.00,Stress Tolerance,1.8
51-1011.00,Tolerance for Ambiguity,0.93
51-2011.00,Achievement Orientation,1.32
51-2011.00,Adaptability,0.66
51-2011.00,Attention to Detail,2.77
51-2011.00,Cautiousness,2.62
51-2011.00,Cooperation,0.8
51-2011.00,Dependability,2.62
51-2011.00,Empathy,-0.1
51-2011.00,Humility,0.1
51-2011.00,Initiative,0.28
51-2011.00,Innovation,-0.16
51-2011.00,Integrity,2.1
51-2011.00,Intellectual Curiosity,0.58
51-2011.00,Leadership Orientation,-0.38
51-2011.00,Optimism,0.04
51-2011.00,Perseverance,1.46
51-2011.00,Self-Confidence,0.67
51-2011.00,Self-Control,0.95
51-2011.00,Sincerity,0.14
51-2011.00,Social Orientation,-0.18
51-2011.00,Stress Tolerance,1.24
51-2011.00,Tolerance for Ambiguity,-0.67
51-2021.00,Achievement Orientation,0.42
51-2021.00,Adaptability,0.0
51-2021.00,Attention to Detail,2.5
51-2021.00,Cautiousness,1.56
51-2021.00,Cooperation,0.18
51-2021.00,Dependability,2.11
51-2021.00,Empathy,-0.18
51-2021.00,Humility,-0.34
51-2021.00,Initiative,-0.1
51-2021.00,Innovation,-0.73
51-2021.00,Integrity,0.55
51-2021.00,Intellectual Curiosity,-0.19
51-2021.00,Leadership Orientation,-0.58
51-2021.00,Optimism,-0.14
51-2021.00,Perseverance,0.75
51-2021.00,Self-Confidence,0.02
51-2021.00,Self-Control,0.26
51-2021.00,Sincerity,0.03
51-2021.00,Social Orientation,-0.21
51-2021.00,Stress Tolerance,0.44
51-2021.00,Tolerance for Ambiguity,-0.71
51-2022.00,Achievement Orientation,1.16
51-2022.00,Adaptability,0.62
51-2022.00,Attention to Detail,2.67
51-2022.00,Cautiousness,1.89
51-2022.00,Cooperation,0.8
51-2022.00,Dependability,2.3
51-2022.00,Empathy,-0.06
51-2022.00,Humility,-0.01
51-2022.00,Initiative,0.22
51-2022.00,Innovation,-0.1
51-2022.00,Integrity,0.87
51-2022.00,Intellectual Curiosity,0.65
51-2022.00,Leadership Orientation,-0.28
51-2022.00,Optimism,0.09
51-2022.00,Perseverance,0.9
51-2022.00,Self-Confidence,0.52
51-2022.00,Self-Control,0.63
51-2022.00,Sincerity,0.15
51-2022.00,Social Orientation,-0.07
51-2022.00,Stress Tolerance,0.88
51-2022.00,Tolerance for Ambiguity,-0.36
51-2023.00,Achievement Orientation,1.09
51-2023.00,Adaptability,0.64
51-2023.00,Attention to Detail,2.6
51-2023.00,Cautiousness,1.96
51-2023.00,Cooperation,0.64
51-2023.00,Dependability,2.25
51-2023.00,Empathy,-0.14
51-2023.00,Humility,-0.14
51-2023.00,Initiative,0.19
51-2023.00,Innovation,-0.34
51-2023.00,Integrity,1.1
51-2023.00,Intellectual Curiosity,0.65
51-2023.00,Leadership Orientation,-0.58
51-2023.00,Optimism,-0.01
51-2023.00,Perseverance,1.02
51-2023.00,Self-Confidence,0.52
51-2023.00,Self-Control,0.68
51-2023.00,Sincerity,0.11
51-2023.00,Social Orientation,-0.27
51-2023.00,Stress Tolerance,0.78
51-2023.00,Tolerance for Ambiguity,-0.79
51-2031.00,Achievement Orientation,1.18
51-2031.00,Adaptability,0.42
51-2031.00,Attention to Detail,2.5
51-2031.00,Cautiousness,1.96
51-2031.00,Cooperation,0.68
51-2031.00,Dependability,2.25
51-2031.00,Empathy,-0.16
51-2031.00,Humility,-0.04
51-2031.00,Initiative,0.35
51-2031.00,Innovation,-0.22
51-2031.00,Integrity,1.1
51-2031.00,Intellectual Curiosity,0.6
51-2031.00,Leadership Orientation,-0.49
51-2031.00,Optimism,-0.01
51-2031.00,Perseverance,1.0
51-2031.00,Self-Confidence,0.64
51-2031.00,Self-Control,0.68
51-2031.00,Sincerity,0.11
51-2031.00,Social Orientation,-0.27
51-2031.00,Stress Tolerance,1.04
51-2031.00,Tolerance for Ambiguity,-0.46
51-2041.00,Achievement Orientation,1.07
51-2041.00,Adaptability,0.19
51-2041.00,Attention to Detail,2.47
51-2041.00,Cautiousness,1.96
51-2041.00,Cooperation,0.71
51-2041.00,Dependability,2.37
51-2041.00,Empathy,-0.16
51-2041.00,Humility,-0.28
51-2041.00,Initiative,0.26
51-2041.00,Innovation,0.13
51-2041.00,Integrity,1.08
51-2041.00,Intellectual Curiosity,0.35
51-2041.00,Leadership Orientation,-0.3
51-2041.00,Optimism,-0.07
51-2041.00,Perseverance,1.12
51-2041.00,Self-Confidence,0.67
51-2041.00,Self-Control,0.77
51-2041.00,Sincerity,0.05
51-2041.00,Social Orientation,-0.3
51-2041.00,Stress Tolerance,1.09
51-2041.00,Tolerance for Ambiguity,-0.71
51-2051.00,Achievement Orientation,0.63
51-2051.00,Adaptability,0.19
51-2051.00,Attention to Detail,2.11
51-2051.00,Cautiousness,1.5
51-2051.00,Cooperation,0.27
51-2051.00,Dependability,2.01
51-2051.00,Empathy,-0.2
51-2051.00,Humility,-0.43
51-2051.00,Initiative,0.06
51-2051.00,Innovation,-0.57
51-2051.00,Integrity,0.41
51-2051.00,Intellectual Curiosity,-0.15
51-2051.00,Leadership Orientation,-0.47
51-2051.00,Optimism,-0.02
51-2051.00,Perseverance,0.88
51-2051.00,Self-Confidence,0.35
51-2051.00,Self-Control,0.61
51-2051.00,Sincerity,-0.02
51-2051.00,Social Orientation,-0.27
51-2051.00,Stress Tolerance,0.88
51-2051.00,Tolerance for Ambiguity,-0.52
51-2061.00,Achievement Orientation,1.27
51-2061.00,Adaptability,-0.11
51-2061.00,Attention to Detail,3.0
51-2061.00,Cautiousness,2.35
51-2061.00,Cooperation,0.0
51-2061.00,Dependability,2.3
51-2061.00,Empathy,-0.2
51-2061.00,Humility,-0.32
51-2061.00,Initiative,0.03
51-2061.00,Innovation,-0.34
51-2061.00,Integrity,1.06
51-2061.00,Intellectual Curiosity,0.76
51-2061.00,Leadership Orientation,-0.66
51-2061.00,Optimism,-0.1
51-2061.00,Perseverance,1.4
51-2061.00,Self-Confidence,0.54
51-2061.00,Self-Control,0.66
51-2061.00,Sincerity,0.02
51-2061.00,Social Orientation,-0.59
51-2061.00,Stress Tolerance,0.53
51-2061.00,Tolerance for Ambiguity,-0.55
51-2092.00,Achievement Orientation,1.03
51-2092.00,Adaptability,1.26
51-2092.00,Attention to Detail,2.02
51-2092.00,Cautiousness,1.29
51-2092.00,Cooperation,2.07
51-2092.00,Dependability,2.33
51-2092.00,Empathy,0.75
51-2092.00,Humility,1.03
51-2092.00,Initiative,0.8
51-2092.00,Innovation,0.07
51-2092.00,Integrity,1.29
51-2092.00,Intellectual Curiosity,0.17
51-2092.00,Leadership Orientation,1.24
51-2092.00,Optimism,0.82
51-2092.00,Perseverance,1.15
51-2092.00,Self-Confidence,0.78
51-2092.00,Self-Control,1.03
51-2092.00,Sincerity,0.74
51-2092.00,Social Orientation,1.38
51-2092.00,Stress Tolerance,1.16
51-2092.00,Tolerance for Ambiguity,0.09
51-3011.00,Achievement Orientation,1.12
51-3011.00,Adaptability,0.69
51-3011.00,Attention to Detail,2.6
51-3011.00,Cautiousness,1.44
51-3011.00,Cooperation,0.73
51-3011.00,Dependability,2.3
51-3011.00,Empathy,0.05
51-3011.00,Humility,0.1
51-3011.00,Initiative,0.67
51-3011.00,Innovation,0.82
51-3011.00,Integrity,0.78
51-3011.00,Intellectual Curiosity,0.41
51-3011.00,Leadership Orientation,-0.26
51-3011.00,Optimism,0.52
51-3011.00,Perseverance,1.1
51-3011.00,Self-Confidence,0.52
51-3011.00,Self-Control,0.87
51-3011.00,Sincerity,0.3
51-3011.00,Social Orientation,0.02
51-3011.00,Stress Tolerance,1.0
51-3011.00,Tolerance for Ambiguity,-0.48
51-3021.00,Achievement Orientation,0.82
51-3021.00,Adaptability,0.36
51-3021.00,Attention to Detail,2.11
51-3021.00,Cautiousness,1.11
51-3021.00,Cooperation,0.71
51-3021.00,Dependability,2.14
51-3021.00,Empathy,0.08
51-3021.00,Humility,0.1
51-3021.00,Initiative,0.65
51-3021.00,Innovation,0.17
51-3021.00,Integrity,1.51
51-3021.00,Intellectual Curiosity,0.29
51-3021.00,Leadership Orientation,-0.07
51-3021.00,Optimism,0.28
51-3021.00,Perseverance,0.86
51-3021.00,Self-Confidence,0.62
51-3021.00,Self-Control,1.05
51-3021.00,Sincerity,0.62
51-3021.00,Social Orientation,0.88
51-3021.00,Stress Tolerance,1.14
51-3021.00,Tolerance for Ambiguity,-0.4
51-3022.00,Achievement Orientation,0.3
51-3022.00,Adaptability,-0.2
51-3022.00,Attention to Detail,2.0
51-3022.00,Cautiousness,1.59
51-3022.00,Cooperation,0.12
51-3022.00,Dependability,2.16
51-3022.00,Empathy,-0.18
51-3022.00,Humility,-0.43
51-3022.00,Initiative,-0.22
51-3022.00,Innovation,-0.64
51-3022.00,Integrity,0.82
51-3022.00,Intellectual Curiosity,-0.32
51-3022.00,Leadership Orientation,-0.56
51-3022.00,Optimism,-0.13
51-3022.00,Perseverance,0.51
51-3022.00,Self-Confidence,-0.03
51-3022.00,Self-Control,0.75
51-3022.00,Sincerity,0.02
51-3022.00,Social Orientation,-0.3
51-3022.00,Stress Tolerance,1.0
51-3022.00,Tolerance for Ambiguity,-0.65
51-3023.00,Achievement Orientation,0.46
51-3023.00,Adaptability,-0.2
51-3023.00,Attention to Detail,1.81
51-3023.00,Cautiousness,1.17
51-3023.00,Cooperation,0.49
51-3023.00,Dependability,1.76
51-3023.00,Empathy,-0.38
51-3023.00,Humility,-0.38
51-3023.00,Initiative,-0.02
51-3023.00,Innovation,-0.52
51-3023.00,Integrity,0.87
51-3023.00,Intellectual Curiosity,-0.26
51-3023.00,Leadership Orientation,-0.47
51-3023.00,Optimism,-0.22
51-3023.00,Perseverance,0.75
51-3023.00,Self-Confidence,0.21
51-3023.00,Self-Control,0.95
51-3023.00,Sincerity,0.04
51-3023.00,Social Orientation,-0.46
51-3023.00,Stress Tolerance,1.43
51-3023.00,Tolerance for Ambiguity,-0.63
51-3091.00,Achievement Orientation,0.7
51-3091.00,Adaptability,0.26
51-3091.00,Attention to Detail,2.16
51-3091.00,Cautiousness,1.96
51-3091.00,Cooperation,0.37
51-3091.00,Dependability,2.16
51-3091.00,Empathy,-0.2
51-3091.00,Humility,-0.3
51-3091.00,Initiative,0.11
51-3091.00,Innovation,-0.57
51-3091.00,Integrity,0.7
51-3091.00,Intellectual Curiosity,-0.07
51-3091.00,Leadership Orientation,-0.49
51-3091.00,Optimism,-0.01
51-3091.00,Perseverance,0.75
51-3091.00,Self-Confidence,0.41
51-3091.00,Self-Control,0.63
51-3091.00,Sincerity,0.05
51-3091.00,Social Orientation,-0.34
51-3091.00,Stress Tolerance,0.95
51-3091.00,Tolerance for Ambiguity,-0.57
51-3092.00,Achievement Orientation,0.97
51-3092.00,Adaptability,0.94
51-3092.00,Attention to Detail,2.41
51-3092.00,Cautiousness,1.82
51-3092.00,Cooperation,0.75
51-3092.00,Dependability,2.59
51-3092.00,Empathy,-0.08
51-3092.00,Humility,-0.04
51-3092.00,Initiative,0.53
51-3092.00,Innovation,-0.28
51-3092.00,Integrity,1.26
51-3092.00,Intellectual Curiosity,0.39
51-3092.00,Leadership Orientation,0.34
51-3092.00,Optimism,0.22
51-3092.00,Perseverance,0.88
51-3092.00,Self-Confidence,0.52
51-3092.00,Self-Control,0.97
51-3092.00,Sincerity,0.18
51-3092.00,Social Orientation,0.02
51-3092.00,Stress Tolerance,1.09
51-3092.00,Tolerance for Ambiguity,-0.17
51-3093.00,Achievement Orientation,0.57
51-3093.00,Adaptability,0.38
51-3093.00,Attention to Detail,2.02
51-3093.00,Cautiousness,1.82
51-3093.00,Cooperation,0.45
51-3093.00,Dependability,2.14
51-3093.00,Empathy,-0.17
51-3093.00,Humility,-0.3
51-3093.00,Initiative,0.05
51-3093.00,Innovation,-0.47
51-3093.00,Integrity,0.78
51-3093.00,Intellectual Curiosity,-0.17
51-3093.00,Leadership Orientation,-0.54
51-3093.00,Optimism,-0.01
51-3093.00,Perseverance,0.64
51-3093.00,Self-Confidence,0.16
51-3093.00,Self-Control,0.92
51-3093.00,Sincerity,0.06
51-3093.00,Social Orientation,-0.27
51-3093.00,Stress Tolerance,1.16
51-3093.00,Tolerance for Ambiguity,-0.69
51-4021.00,Achievement Orientation,0.97
51-4021.00,Adaptability,0.66
51-4021.00,Attention to Detail,2.41
51-4021.00,Cautiousness,1.99
51-4021.00,Cooperation,0.32
51-4021.00,Dependability,2.06
51-4021.00,Empathy,-0.2
51-4021.00,Humility,-0.27
51-4021.00,Initiative,0.16
51-4021.00,Innovation,-0.3
51-4021.00,Integrity,0.74
51-4021.00,Intellectual Curiosity,0.31
51-4021.00,Leadership Orientation,-0.43
51-4021.00,Optimism,-0.04
51-4021.00,Perseverance,0.81
51-4021.00,Self-Confidence,0.39
51-4021.00,Self-Control,0.57
51-4021.00,Sincerity,0.04
51-4021.00,Social Orientation,-0.37
51-4021.00,Stress Tolerance,0.93
51-4021.00,Tolerance for Ambiguity,-0.3
51-4022.00,Achievement Orientation,1.14
51-4022.00,Adaptability,0.36
51-4022.00,Attention to Detail,2.34
51-4022.00,Cautiousness,2.03
51-4022.00,Cooperation,0.39
51-4022.00,Dependability,2.47
51-4022.00,Empathy,-0.18
51-4022.00,Humility,-0.08
51-4022.00,Initiative,0.23
51-4022.00,Innovation,-0.24
51-4022.00,Integrity,0.78
51-4022.00,Intellectual Curiosity,0.31
51-4022.00,Leadership Orientation,-0.36
51-4022.00,Optimism,-0.13
51-4022.00,Perseverance,0.84
51-4022.00,Self-Confidence,0.56
51-4022.00,Self-Control,1.03
51-4022.00,Sincerity,0.05
51-4022.00,Social Orientation,-0.25
51-4022.00,Stress Tolerance,1.24
51-4022.00,Tolerance for Ambiguity,-0.55
51-4023.00,Achievement Orientation,1.14
51-4023.00,Adaptability,0.55
51-4023.00,Attention to Detail,2.34
51-4023.00,Cautiousness,1.96
51-4023.00,Cooperation,0.47
51-4023.00,Dependability,2.39
51-4023.00,Empathy,-0.08
51-4023.00,Humility,-0.12
51-4023.00,Initiative,0.42
51-4023.00,Innovation,-0.34
51-4023.00,Integrity,0.7
51-4023.00,Intellectual Curiosity,0.37
51-4023.00,Leadership Orientation,0.25
51-4023.00,Optimism,-0.09
51-4023.00,Perseverance,0.86
51-4023.00,Self-Confidence,0.54
51-4023.00,Self-Control,0.92
51-4023.00,Sincerity,0.06
51-4023.00,Social Orientation,-0.14
51-4023.00,Stress Tolerance,0.95
51-4023.00,Tolerance for Ambiguity,-0.61
51-4031.00,Achievement Orientation,0.7
51-4031.00,Adaptability,0.14
51-4031.00,Attention to Detail,2.44
51-4031.00,Cautiousness,1.96
51-4031.00,Cooperation,0.27
51-4031.00,Dependability,2.25
51-4031.00,Empathy,-0.18
51-4031.00,Humility,-0.25
51-4031.00,Initiative,0.03
51-4031.00,Innovation,-0.48
51-4031.00,Integrity,0.72
51-4031.00,Intellectual Curiosity,-0.03
51-4031.00,Leadership Orientation,-0.56
51-4031.00,Optimism,-0.14
51-4031.00,Perseverance,0.73
51-4031.00,Self-Confidence,0.43
51-4031.00,Self-Control,0.73
51-4031.00,Sincerity,0.05
51-4031.00,Social Orientation,-0.3
51-4031.00,Stress Tolerance,0.95
51-4031.00,Tolerance for Ambiguity,-0.67
51-4032.00,Achievement Orientation,1.09
51-4032.00,Adaptability,0.2
51-4032.00,Attention to Detail,2.53
51-4032.00,Cautiousness,1.82
51-4032.00,Cooperation,0.39
51-4032.00,Dependability,2.19
51-4032.00,Empathy,-0.17
51-4032.00,Humility,-0.2
51-4032.00,Initiative,0.26
51-4032.00,Innovation,-0.32
51-4032.00,Integrity,0.78
51-4032.00,Intellectual Curiosity,0.67
51-4032.00,Leadership Orientation,-0.41
51-4032.00,Optimism,0.07
51-4032.00,Perseverance,0.88
51-4032.00,Self-Confidence,0.54
51-4032.00,Self-Control,0.7
51-4032.00,Sincerity,0.07
51-4032.00,Social Orientation,-0.3
51-4032.00,Stress Tolerance,0.9
51-4032.00,Tolerance for Ambiguity,-0.71
51-4033.00,Achievement Orientation,1.05
51-4033.00,Adaptability,0.19
51-4033.00,Attention to Detail,2.57
51-4033.00,Cautiousness,1.99
51-4033.00,Cooperation,0.13
51-4033.00,Dependability,2.14
51-4033.00,Empathy,-0.23
51-4033.00,Humility,-0.27
51-4033.00,Initiative,0.33
51-4033.00,Innovation,-0.37
51-4033.00,Integrity,1.03
51-4033.00,Intellectual Curiosity,0.31
51-4033.00,Leadership Orientation,-0.4
51-4033.00,Optimism,-0.1
51-4033.00,Perseverance,0.79
51-4033.00,Self-Confidence,0.48
51-4033.00,Self-Control,0.66
51-4033.00,Sincerity,0.04
51-4033.00,Social Orientation,-0.27
51-4033.00,Stress Tolerance,0.86
51-4033.00,Tolerance for Ambiguity,-0.75
51-4034.00,Achievement Orientation,1.09
51-4034.00,Adaptability,0.46
51-4034.00,Attention to Detail,2.53
51-4034.00,Cautiousness,1.99
51-4034.00,Cooperation,0.32
51-4034.00,Dependability,2.33
51-4034.00,Empathy,-0.25
51-4034.00,Humility,-0.27
51-4034.00,Initiative,0.25
51-4034.00,Innovation,-0.22
51-4034.00,Integrity,0.78
51-4034.00,Intellectual Curiosity,0.56
51-4034.00,Leadership Orientation,-0.45
51-4034.00,Optimism,-0.09
51-4034.00,Perseverance,0.93
51-4034.00,Self-Confidence,0.58
51-4034.00,Self-Control,0.68
51-4034.00,Sincerity,0.04
51-4034.00,Social Orientation,-0.57
51-4034.00,Stress Tolerance,0.86
51-4034.00,Tolerance for Ambiguity,-0.57
51-4035.00,Achievement Orientation,1.12
51-4035.00,Adaptability,0.28
51-4035.00,Attention to Detail,2.67
51-4035.00,Cautiousness,1.96
51-4035.00,Cooperation,0.32
51-4035.00,Dependability,2.19
51-4035.00,Empathy,-0.26
51-4035.00,Humility,-0.27
51-4035.00,Initiative,0.14
51-4035.00,Innovation,-0.22
51-4035.00,Integrity,0.76
51-4035.00,Intellectual Curiosity,0.49
51-4035.00,Leadership Orientation,-0.56
51-4035.00,Optimism,-0.13
51-4035.00,Perseverance,0.73
51-4035.00,Self-Confidence,0.5
51-4035.00,Self-Control,0.55
51-4035.00,Sincerity,0.04
51-4035.00,Social Orientation,-0.41
51-4035.00,Stress Tolerance,0.84
51-4035.00,Tolerance for Ambiguity,-0.73
51-4041.00,Achievement Orientation,1.71
51-4041.00,Adaptability,0.78
51-4041.00,Attention to Detail,2.88
51-4041.00,Cautiousness,2.17
51-4041.00,Cooperation,0.66
51-4041.00,Dependability,2.65
51-4041.00,Empathy,-0.1
51-4041.00,Humility,-0.1
51-4041.00,Initiative,0.67
51-4041.00,Innovation,1.1
51-4041.00,Integrity,1.34
51-4041.00,Intellectual Curiosity,0.89
51-4041.00,Leadership Orientation,-0.38
51-4041.00,Optimism,0.24
51-4041.00,Perseverance,1.58
51-4041.00,Self-Confidence,0.99
51-4041.00,Self-Control,0.82
51-4041.00,Sincerity,0.32
51-4041.00,Social Orientation,-0.05
51-4041.00,Stress Tolerance,1.07
51-4041.00,Tolerance for Ambiguity,-0.44
51-4051.00,Achievement Orientation,1.01
51-4051.00,Adaptability,0.48
51-4051.00,Attention to Detail,2.16
51-4051.00,Cautiousness,2.5
51-4051.00,Cooperation,0.47
51-4051.00,Dependability,2.56
51-4051.00,Empathy,-0.2
51-4051.00,Humility,-0.1
51-4051.00,Initiative,0.23
51-4051.00,Innovation,-0.64
51-4051.00,Integrity,1.06
51-4051.00,Intellectual Curiosity,0.29
51-4051.00,Leadership Orientation,-0.24
51-4051.00,Optimism,-0.09
51-4051.00,Perseverance,1.12
51-4051.00,Self-Confidence,0.6
51-4051.00,Self-Control,1.03
51-4051.00,Sincerity,0.02
51-4051.00,Social Orientation,-0.43
51-4051.00,Stress Tolerance,1.61
51-4051.00,Tolerance for Ambiguity,-0.36
51-4052.00,Achievement Orientation,0.77
51-4052.00,Adaptability,0.01
51-4052.00,Attention to Detail,1.86
51-4052.00,Cautiousness,2.43
51-4052.00,Cooperation,0.55
51-4052.00,Dependability,2.3
51-4052.00,Empathy,-0.2
51-4052.00,Humility,-0.36
51-4052.00,Initiative,-0.17
51-4052.00,Innovation,-0.71
51-4052.00,Integrity,0.8
51-4052.00,Intellectual Curiosity,-0.16
51-4052.00,Leadership Orientation,-0.63
51-4052.00,Optimism,-0.17
51-4052.00,Perseverance,0.88
51-4052.00,Self-Confidence,0.58
51-4052.00,Self-Control,1.4
51-4052.00,Sincerity,0.05
51-4052.00,Social Orientation,-0.57
51-4052.00,Stress Tolerance,1.46
51-4052.00,Tolerance for Ambiguity,-0.71
51-4061.00,Achievement Orientation,1.6
51-4061.00,Adaptability,0.83
51-4061.00,Attention to Detail,2.67
51-4061.00,Cautiousness,1.96
51-4061.00,Cooperation,0.35
51-4061.00,Dependability,2.19
51-4061.00,Empathy,-0.17
51-4061.00,Humility,-0.2
51-4061.00,Initiative,0.74
51-4061.00,Innovation,0.79
51-4061.00,Integrity,0.8
51-4061.00,Intellectual Curiosity,1.17
51-4061.00,Leadership Orientation,-0.34
51-4061.00,Optimism,-0.02
51-4061.00,Perseverance,1.58
51-4061.00,Self-Confidence,0.92
51-4061.00,Self-Control,0.61
51-4061.00,Sincerity,0.1
51-4061.00,Social Orientation,0.0
51-4061.00,Stress Tolerance,0.95
51-4061.00,Tolerance for Ambiguity,-0.07
51-4062.00,Achievement Orientation,1.3
51-4062.00,Adaptability,0.08
51-4062.00,Attention to Detail,2.67
51-4062.00,Cautiousness,1.96
51-4062.00,Cooperation,0.25
51-4062.00,Dependability,2.14
51-4062.00,Empathy,-0.17
51-4062.00,Humility,-0.14
51-4062.00,Initiative,0.28
51-4062.00,Innovation,0.44
51-4062.00,Integrity,0.82
51-4062.00,Intellectual Curiosity,0.6
51-4062.00,Leadership Orientation,-0.54
51-4062.00,Optimism,-0.11
51-4062.00,Perseverance,1.12
51-4062.00,Self-Confidence,0.67
51-4062.00,Self-Control,0.55
51-4062.00,Sincerity,0.04
51-4062.00,Social Orientation,-0.34
51-4062.00,Stress Tolerance,0.68
51-4062.00,Tolerance for Ambiguity,-0.69
51-4071.00,Achievement Orientation,0.43
51-4071.00,Adaptability,-0.21
51-4071.00,Attention to Detail,2.19
51-4071.00,Cautiousness,1.5
51-4071.00,Cooperation,0.32
51-4071.00,Dependability,2.14
51-4071.00,Empathy,-0.21
51-4071.00,Humility,-0.32
51-4071.00,Initiative,-0.08
51-4071.00,Innovation,-0.59
51-4071.00,Integrity,0.3
51-4071.00,Intellectual Curiosity,-0.16
51-4071.00,Leadership Orientation,-0.38
51-4071.00,Optimism,-0.17
51-4071.00,Perseverance,0.81
51-4071.00,Self-Confidence,0.24
51-4071.00,Self-Control,0.55
51-4071.00,Sincerity,0.03
51-4071.00,Social Orientation,-0.32
51-4071.00,Stress Tolerance,0.95
51-4071.00,Tolerance for Ambiguity,-0.63
51-4072.00,Achievement Orientation,0.91
51-4072.00,Adaptability,0.59
51-4072.00,Attention to Detail,2.37
51-4072.00,Cautiousness,1.86
51-4072.00,Cooperation,0.41
51-4072.00,Dependability,2.19
51-4072.00,Empathy,-0.18
51-4072.00,Humility,-0.18
51-4072.00,Initiative,0.23
51-4072.00,Innovation,-0.45
51-4072.00,Integrity,0.74
51-4072.00,Intellectual Curiosity,0.1
51-4072.00,Leadership Orientation,-0.54
51-4072.00,Optimism,-0.07
51-4072.00,Perseverance,0.81
51-4072.00,Self-Confidence,0.43
51-4072.00,Self-Control,0.61
51-4072.00,Sincerity,0.04
51-4072.00,Social Orientation,-0.21
51-4072.00,Stress Tolerance,1.04
51-4072.00,Tolerance for Ambiguity,-0.65
51-4081.00,Achievement Orientation,1.18
51-4081.00,Adaptability,0.83
51-4081.00,Attention to Detail,2.57
51-4081.00,Cautiousness,1.96
51-4081.00,Cooperation,0.55
51-4081.00,Dependability,2.47
51-4081.00,Empathy,-0.12
51-4081.00,Humility,-0.14
51-4081.00,Initiative,0.59
51-4081.00,Innovation,0.09
51-4081.00,Integrity,0.96
51-4081.00,Intellectual Curiosity,0.81
51-4081.00,Leadership Orientation,-0.19
51-4081.00,Optimism,0.2
51-4081.00,Perseverance,1.12
51-4081.00,Self-Confidence,0.82
51-4081.00,Self-Control,0.97
51-4081.00,Sincerity,0.09
51-4081.00,Social Orientation,-0.37
51-4081.00,Stress Tolerance,0.97
51-4081.00,Tolerance for Ambiguity,-0.42
51-4111.00,Achievement Orientation,1.74
51-4111.00,Adaptability,0.69
51-4111.00,Attention to Detail,3.0
51-4111.00,Cautiousness,2.21
51-4111.00,Cooperation,0.35
51-4111.00,Dependability,2.62
51-4111.00,Empathy,-0.2
51-4111.00,Humility,-0.08
51-4111.00,Initiative,0.74
51-4111.00,Innovation,1.28
51-4111.00,Integrity,1.13
51-4111.00,Intellectual Curiosity,1.17
51-4111.00,Leadership Orientation,-0.21
51-4111.00,Optimism,-0.07
51-4111.00,Perseverance,1.64
51-4111.00,Self-Confidence,0.89
51-4111.00,Self-Control,0.85
51-4111.00,Sincerity,0.09
51-4111.00,Social Orientation,-0.09
51-4111.00,Stress Tolerance,1.0
51-4111.00,Tolerance for Ambiguity,-0.27
51-4121.00,Achievement Orientation,0.97
51-4121.00,Adaptability,0.44
51-4121.00,Attention to Detail,2.28
51-4121.00,Cautiousness,2.03
51-4121.00,Cooperation,0.35
51-4121.00,Dependability,2.33
51-4121.00,Empathy,-0.14
51-4121.00,Humility,-0.2
51-4121.00,Initiative,0.33
51-4121.00,Innovation,0.33
51-4121.00,Integrity,0.96
51-4121.00,Intellectual Curiosity,0.49
51-4121.00,Leadership Orientation,-0.36
51-4121.00,Optimism,-0.01
51-4121.00,Perseverance,1.34
51-4121.00,Self-Confidence,0.8
51-4121.00,Self-Control,0.87
51-4121.00,Sincerity,0.09
51-4121.00,Social Orientation,-0.27
51-4121.00,Stress Tolerance,1.22
51-4121.00,Tolerance for Ambiguity,-0.63
51-4122.00,Achievement Orientation,0.97
51-4122.00,Adaptability,0.46
51-4122.00,Attention to Detail,2.34
51-4122.00,Cautiousness,1.93
51-4122.00,Cooperation,0.45
51-4122.00,Dependability,2.33
51-4122.00,Empathy,-0.16
51-4122.00,Humility,-0.14
51-4122.00,Initiative,0.38
51-4122.00,Innovation,0.35
51-4122.00,Integrity,1.03
51-4122.00,Intellectual Curiosity,0.37
51-4122.00,Leadership Orientation,-0.3
51-4122.00,Optimism,0.06
51-4122.00,Perseverance,0.97
51-4122.00,Self-Confidence,0.58
51-4122.00,Self-Control,0.75
51-4122.00,Sincerity,0.08
51-4122.00,Social Orientation,-0.14
51-4122.00,Stress Tolerance,1.02
51-4122.00,Tolerance for Ambiguity,-0.48
51-4191.00,Achievement Orientation,0.82
51-4191.00,Adaptability,0.32
51-4191.00,Attention to Detail,2.16
51-4191.00,Cautiousness,2.35
51-4191.00,Cooperation,0.43
51-4191.00,Dependability,2.44
51-4191.00,Empathy,-0.17
51-4191.00,Humility,-0.12
51-4191.00,Initiative,0.14
51-4191.00,Innovation,-0.39
51-4191.00,Integrity,0.91
51-4191.00,Intellectual Curiosity,0.31
51-4191.00,Leadership Orientation,-0.32
51-4191.00,Optimism,-0.11
51-4191.00,Perseverance,0.77
51-4191.00,Self-Confidence,0.56
51-4191.00,Self-Control,0.7
51-4191.00,Sincerity,0.11
51-4191.00,Social Orientation,-0.23
51-4191.00,Stress Tolerance,1.09
51-4191.00,Tolerance for Ambiguity,-0.61
51-4192.00,Achievement Orientation,1.35
51-4192.00,Adaptability,0.19
51-4192.00,Attention to Detail,2.67
51-4192.00,Cautiousness,1.96
51-4192.00,Cooperation,0.51
51-4192.00,Dependability,2.16
51-4192.00,Empathy,-0.13
51-4192.00,Humility,-0.27
51-4192.00,Initiative,0.3
51-4192.00,Innovation,0.53
51-4192.00,Integrity,0.87
51-4192.00,Intellectual Curiosity,0.79
51-4192.00,Leadership Orientation,-0.34
51-4192.00,Optimism,-0.07
51-4192.00,Perseverance,1.02
51-4192.00,Self-Confidence,0.8
51-4192.00,Self-Control,0.51
51-4192.00,Sincerity,0.04
51-4192.00,Social Orientation,-0.27
51-4192.00,Stress Tolerance,0.84
51-4192.00,Tolerance for Ambiguity,-0.52
51-4193.00,Achievement Orientation,0.78
51-4193.00,Adaptability,0.25
51-4193.00,Attention to Detail,2.22
51-4193.00,Cautiousness,2.06
51-4193.00,Cooperation,0.18
51-4193.00,Dependability,2.22
51-4193.00,Empathy,-0.23
51-4193.00,Humility,-0.25
51-4193.00,Initiative,0.16
51-4193.00,Innovation,-0.39
51-4193.00,Integrity,0.89
51-4193.00,Intellectual Curiosity,-0.05
51-4193.00,Leadership Orientation,-0.38
51-4193.00,Optimism,-0.09
51-4193.00,Perseverance,0.79
51-4193.00,Self-Confidence,0.37
51-4193.00,Self-Control,0.68
51-4193.00,Sincerity,0.03
51-4193.00,Social Orientation,-0.25
51-4193.00,Stress Tolerance,1.0
51-4193.00,Tolerance for Ambiguity,-0.55
51-4194.00,Achievement Orientation,1.12
51-4194.00,Adaptability,0.3
51-4194.00,Attention to Detail,2.67
51-4194.00,Cautiousness,2.03
51-4194.00,Cooperation,0.0
51-4194.00,Dependability,2.14
51-4194.00,Empathy,-0.22
51-4194.00,Humility,-0.34
51-4194.00,Initiative,0.11
51-4194.00,Innovation,-0.18
51-4194.00,Integrity,0.72
51-4194.00,Intellectual Curiosity,0.39
51-4194.00,Leadership Orientation,-0.41
51-4194.00,Optimism,-0.1
51-4194.00,Perseverance,1.02
51-4194.00,Self-Confidence,0.44
51-4194.00,Self-Control,0.59
51-4194.00,Sincerity,0.03
51-4194.00,Social Orientation,-0.32
51-4194.00,Stress Tolerance,0.86
51-4194.00,Tolerance for Ambiguity,-0.59
51-5111.00,Achievement Orientation,0.7
51-5111.00,Adaptability,0.76
51-5111.00,Attention to Detail,3.0
51-5111.00,Cautiousness,1.23
51-5111.00,Cooperation,0.73
51-5111.00,Dependability,2.3
51-5111.00,Empathy,-0.14
51-5111.00,Humility,-0.28
51-5111.00,Initiative,0.05
51-5111.00,Innovation,0.28
51-5111.00,Integrity,0.31
51-5111.00,Intellectual Curiosity,0.65
51-5111.00,Leadership Orientation,-0.68
51-5111.00,Optimism,-0.1
51-5111.00,Perseverance,0.88
51-5111.00,Self-Confidence,0.43
51-5111.00,Self-Control,0.59
51-5111.00,Sincerity,0.1
51-5111.00,Social Orientation,-0.12
51-5111.00,Stress Tolerance,0.22
51-5111.00,Tolerance for Ambiguity,-0.4
51-5112.00,Achievement Orientation,1.12
51-5112.00,Adaptability,0.69
51-5112.00,Attention to Detail,2.67
51-5112.00,Cautiousness,1.96
51-5112.00,Cooperation,0.53
51-5112.00,Dependability,2.27
51-5112.00,Empathy,-0.14
51-5112.00,Humility,-0.28
51-5112.00,Initiative,0.26
51-5112.00,Innovation,-0.24
51-5112.00,Integrity,0.64
51-5112.00,Intellectual Curiosity,0.43
51-5112.00,Leadership Orientation,-0.4
51-5112.00,Optimism,-0.02
51-5112.00,Perseverance,1.07
51-5112.00,Self-Confidence,0.58
51-5112.00,Self-Control,0.61
51-5112.00,Sincerity,0.09
51-5112.00,Social Orientation,-0.09
51-5112.00,Stress Tolerance,1.02
51-5112.00,Tolerance for Ambiguity,-0.55
51-5113.00,Achievement Orientation,0.71
51-5113.00,Adaptability,0.28
51-5113.00,Attention to Detail,2.77
51-5113.00,Cautiousness,1.56
51-5113.00,Cooperation,0.51
51-5113.00,Dependability,2.16
51-5113.00,Empathy,-0.12
51-5113.00,Humility,-0.3
51-5113.00,Initiative,0.31
51-5113.00,Innovation,-0.5
51-5113.00,Integrity,0.64
51-5113.00,Intellectual Curiosity,-0.11
51-5113.00,Leadership Orientation,-0.32
51-5113.00,Optimism,-0.02
51-5113.00,Perseverance,0.75
51-5113.00,Self-Confidence,0.35
51-5113.00,Self-Control,0.53
51-5113.00,Sincerity,0.05
51-5113.00,Social Orientation,-0.16
51-5113.00,Stress Tolerance,0.55
51-5113.00,Tolerance for Ambiguity,-0.69
51-6011.00,Achievement Orientation,0.28
51-6011.00,Adaptability,-0.07
51-6011.00,Attention to Detail,1.71
51-6011.00,Cautiousness,1.17
51-6011.00,Cooperation,0.62
51-6011.00,Dependability,2.16
51-6011.00,Empathy,-0.09
51-6011.00,Humility,-0.32
51-6011.00,Initiative,0.07
51-6011.00,Innovation,-0.47
51-6011.00,Integrity,0.72
51-6011.00,Intellectual Curiosity,-0.34
51-6011.00,Leadership Orientation,-0.68
51-6011.00,Optimism,-0.01
51-6011.00,Perseverance,0.34
51-6011.00,Self-Confidence,-0.1
51-6011.00,Self-Control,-0.05
51-6011.00,Sincerity,-0.03
51-6011.00,Social Orientation,-0.16
51-6011.00,Stress Tolerance,0.46
51-6011.00,Tolerance for Ambiguity,-0.48
51-6021.00,Achievement Orientation,0.32
51-6021.00,Adaptability,-0.03
51-6021.00,Attention to Detail,2.14
51-6021.00,Cautiousness,1.11
51-6021.00,Cooperation,-0.01
51-6021.00,Dependability,1.8
51-6021.00,Empathy,-0.14
51-6021.00,Humility,-0.36
51-6021.00,Initiative,0.01
51-6021.00,Innovation,-0.68
51-6021.00,Integrity,0.6
51-6021.00,Intellectual Curiosity,-0.3
51-6021.00,Leadership Orientation,-0.71
51-6021.00,Optimism,-0.07
51-6021.00,Perseverance,0.55
51-6021.00,Self-Confidence,0.03
51-6021.00,Self-Control,0.14
51-6021.00,Sincerity,0.03
51-6021.00,Social Orientation,-0.34
51-6021.00,Stress Tolerance,0.52
51-6021.00,Tolerance for Ambiguity,-0.61
51-6031.00,Achievement Orientation,0.46
51-6031.00,Adaptability,-0.09
51-6031.00,Attention to Detail,2.34
51-6031.00,Cautiousness,1.56
51-6031.00,Cooperation,0.47
51-6031.00,Dependability,2.22
51-6031.00,Empathy,-0.13
51-6031.00,Humility,-0.34
51-6031.00,Initiative,-0.01
51-6031.00,Innovation,-0.45
51-6031.00,Integrity,0.44
51-6031.00,Intellectual Curiosity,-0.22
51-6031.00,Leadership Orientation,-0.58
51-6031.00,Optimism,0.01
51-6031.00,Perseverance,0.79
51-6031.00,Self-Confidence,0.17
51-6031.00,Self-Control,0.41
51-6031.00,Sincerity,0.04
51-6031.00,Social Orientation,-0.21
51-6031.00,Stress Tolerance,0.56
51-6031.00,Tolerance for Ambiguity,-0.84
51-6041.00,Achievement Orientation,0.97
51-6041.00,Adaptability,0.21
51-6041.00,Attention to Detail,2.32
51-6041.00,Cautiousness,1.47
51-6041.00,Cooperation,0.12
51-6041.00,Dependability,1.98
51-6041.00,Empathy,-0.12
51-6041.00,Humility,-0.2
51-6041.00,Initiative,0.51
51-6041.00,Innovation,0.75
51-6041.00,Integrity,0.74
51-6041.00,Intellectual Curiosity,0.17
51-6041.00,Leadership Orientation,-0.38
51-6041.00,Optimism,0.15
51-6041.00,Perseverance,1.05
51-6041.00,Self-Confidence,0.41
51-6041.00,Self-Control,0.51
51-6041.00,Sincerity,0.17
51-6041.00,Social Orientation,-0.3
51-6041.00,Stress Tolerance,0.4
51-6041.00,Tolerance for Ambiguity,-0.23
51-6042.00,Achievement Orientation,0.56
51-6042.00,Adaptability,0.0
51-6042.00,Attention to Detail,2.34
51-6042.00,Cautiousness,1.56
51-6042.00,Cooperation,0.27
51-6042.00,Dependability,2.06
51-6042.00,Empathy,-0.22
51-6042.00,Humility,-0.34
51-6042.00,Initiative,-0.02
51-6042.00,Innovation,-0.43
51-6042.00,Integrity,0.55
51-6042.00,Intellectual Curiosity,-0.28
51-6042.00,Leadership Orientation,-0.61
51-6042.00,Optimism,-0.18
51-6042.00,Perseverance,0.57
51-6042.00,Self-Confidence,0.13
51-6042.00,Self-Control,0.28
51-6042.00,Sincerity,0.04
51-6042.00,Social Orientation,-0.21
51-6042.00,Stress Tolerance,0.41
51-6042.00,Tolerance for Ambiguity,-0.69
51-6051.00,Achievement Orientation,0.66
51-6051.00,Adaptability,-0.04
51-6051.00,Attention to Detail,2.67
51-6051.00,Cautiousness,1.41
51-6051.00,Cooperation,0.12
51-6051.00,Dependability,2.11
51-6051.00,Empathy,-0.13
51-6051.00,Humility,-0.28
51-6051.00,Initiative,-0.04
51-6051.00,Innovation,-0.08
51-6051.00,Integrity,0.49
51-6051.00,Intellectual Curiosity,-0.23
51-6051.00,Leadership Orientation,-0.63
51-6051.00,Optimism,-0.07
51-6051.00,Perseverance,0.86
51-6051.00,Self-Confidence,0.37
51-6051.00,Self-Control,0.41
51-6051.00,Sincerity,0.04
51-6051.00,Social Orientation,-0.39
51-6051.00,Stress Tolerance,0.33
51-6051.00,Tolerance for Ambiguity,-0.84
51-6052.00,Achievement Orientation,1.07
51-6052.00,Adaptability,0.57
51-6052.00,Attention to Detail,2.63
51-6052.00,Cautiousness,1.56
51-6052.00,Cooperation,0.8
51-6052.00,Dependability,2.16
51-6052.00,Empathy,0.67
51-6052.00,Humility,0.5
51-6052.00,Initiative,0.83
51-6052.00,Innovation,1.12
51-6052.00,Integrity,0.87
51-6052.00,Intellectual Curiosity,0.45
51-6052.00,Leadership Orientation,-0.4
51-6052.00,Optimism,0.43
51-6052.00,Perseverance,1.18
51-6052.00,Self-Confidence,1.05
51-6052.00,Self-Control,0.7
51-6052.00,Sincerity,0.78
51-6052.00,Social Orientation,0.79
51-6052.00,Stress Tolerance,0.53
51-6052.00,Tolerance for Ambiguity,0.06
51-6061.00,Achievement Orientation,0.62
51-6061.00,Adaptability,0.5
51-6061.00,Attention to Detail,2.11
51-6061.00,Cautiousness,1.99
51-6061.00,Cooperation,0.45
51-6061.00,Dependability,2.14
51-6061.00,Empathy,-0.12
51-6061.00,Humility,-0.28
51-6061.00,Initiative,0.25
51-6061.00,Innovation,-0.5
51-6061.00,Integrity,0.64
51-6061.00,Intellectual Curiosity,-0.03
51-6061.00,Leadership Orientation,-0.45
51-6061.00,Optimism,-0.07
51-6061.00,Perseverance,0.73
51-6061.00,Self-Confidence,0.29
51-6061.00,Self-Control,0.68
51-6061.00,Sincerity,0.08
51-6061.00,Social Orientation,-0.05
51-6061.00,Stress Tolerance,0.9
51-6061.00,Tolerance for Ambiguity,-0.73
51-6062.00,Achievement Orientation,0.7
51-6062.00,Adaptability,0.25
51-6062.00,Attention to Detail,1.67
51-6062.00,Cautiousness,2.17
51-6062.00,Cooperation,0.45
51-6062.00,Dependability,2.11
51-6062.00,Empathy,-0.16
51-6062.00,Humility,-0.16
51-6062.00,Initiative,0.17
51-6062.00,Innovation,-0.43
51-6062.00,Integrity,0.7
51-6062.00,Intellectual Curiosity,-0.11
51-6062.00,Leadership Orientation,-0.41
51-6062.00,Optimism,-0.13
51-6062.00,Perseverance,0.75
51-6062.00,Self-Confidence,0.37
51-6062.00,Self-Control,0.51
51-6062.00,Sincerity,0.05
51-6062.00,Social Orientation,-0.16
51-6062.00,Stress Tolerance,0.88
51-6062.00,Tolerance for Ambiguity,-0.79
51-6063.00,Achievement Orientation,0.57
51-6063.00,Adaptability,0.42
51-6063.00,Attention to Detail,2.14
51-6063.00,Cautiousness,1.96
51-6063.00,Cooperation,0.45
51-6063.00,Dependability,2.06
51-6063.00,Empathy,-0.14
51-6063.00,Humility,-0.16
51-6063.00,Initiative,0.16
51-6063.00,Innovation,-0.41
51-6063.00,Integrity,0.64
51-6063.00,Intellectual Curiosity,-0.05
51-6063.00,Leadership Orientation,-0.43
51-6063.00,Optimism,-0.1
51-6063.00,Perseverance,0.79
51-6063.00,Self-Confidence,0.29
51-6063.00,Self-Control,0.46
51-6063.00,Sincerity,0.05
51-6063.00,Social Orientation,-0.14
51-6063.00,Stress Tolerance,0.8
51-6063.00,Tolerance for Ambiguity,-0.52
51-6064.00,Achievement Orientation,0.5
51-6064.00,Adaptability,0.16
51-6064.00,Attention to Detail,2.02
51-6064.00,Cautiousness,1.96
51-6064.00,Cooperation,0.47
51-6064.00,Dependability,2.11
51-6064.00,Empathy,-0.17
51-6064.00,Humility,-0.32
51-6064.00,Initiative,0.01
51-6064.00,Innovation,-0.3
51-6064.00,Integrity,0.55
51-6064.00,Intellectual Curiosity,-0.12
51-6064.00,Leadership Orientation,-0.52
51-6064.00,Optimism,-0.13
51-6064.00,Perseverance,0.66
51-6064.00,Self-Confidence,0.34
51-6064.00,Self-Control,0.41
51-6064.00,Sincerity,0.04
51-6064.00,Social Orientation,-0.25
51-6064.00,Stress Tolerance,0.46
51-6064.00,Tolerance for Ambiguity,-0.67
51-6091.00,Achievement Orientation,0.66
51-6091.00,Adaptability,0.4
51-6091.00,Attention to Detail,2.02
51-6091.00,Cautiousness,1.99
51-6091.00,Cooperation,0.51
51-6091.00,Dependability,2.14
51-6091.00,Empathy,-0.16
51-6091.00,Humility,-0.4
51-6091.00,Initiative,0.02
51-6091.00,Innovation,-0.59
51-6091.00,Integrity,0.56
51-6091.00,Intellectual Curiosity,-0.03
51-6091.00,Leadership Orientation,-0.11
51-6091.00,Optimism,-0.14
51-6091.00,Perseverance,0.84
51-6091.00,Self-Confidence,0.44
51-6091.00,Self-Control,0.75
51-6091.00,Sincerity,0.04
51-6091.00,Social Orientation,-0.43
51-6091.00,Stress Tolerance,0.93
51-6091.00,Tolerance for Ambiguity,-0.63
51-6092.00,Achievement Orientation,1.3
51-6092.00,Adaptability,0.94
51-6092.00,Attention to Detail,2.77
51-6092.00,Cautiousness,1.66
51-6092.00,Cooperation,0.8
51-6092.00,Dependability,2.25
51-6092.00,Empathy,-0.06
51-6092.00,Humility,-0.14
51-6092.00,Initiative,0.69
51-6092.00,Innovation,1.47
51-6092.00,Integrity,0.64
51-6092.00,Intellectual Curiosity,0.89
51-6092.00,Leadership Orientation,-0.34
51-6092.00,Optimism,-0.01
51-6092.00,Perseverance,1.18
51-6092.00,Self-Confidence,0.87
51-6092.00,Self-Control,0.44
51-6092.00,Sincerity,0.06
51-6092.00,Social Orientation,-0.12
51-6092.00,Stress Tolerance,0.44
51-6092.00,Tolerance for Ambiguity,-0.38
51-6093.00,Achievement Orientation,0.8
51-6093.00,Adaptability,0.38
51-6093.00,Attention to Detail,2.22
51-6093.00,Cautiousness,1.11
51-6093.00,Cooperation,0.04
51-6093.00,Dependability,1.98
51-6093.00,Empathy,-0.09
51-6093.00,Humility,-0.34
51-6093.00,Initiative,0.43
51-6093.00,Innovation,0.67
51-6093.00,Integrity,0.78
51-6093.00,Intellectual Curiosity,0.33
51-6093.00,Leadership Orientation,-0.61
51-6093.00,Optimism,-0.06
51-6093.00,Perseverance,1.07
51-6093.00,Self-Confidence,0.58
51-6093.00,Self-Control,0.33
51-6093.00,Sincerity,0.1
51-6093.00,Social Orientation,-0.14
51-6093.00,Stress Tolerance,0.41
51-6093.00,Tolerance for Ambiguity,-0.3
51-7011.00,Achievement Orientation,1.27
51-7011.00,Adaptability,0.23
51-7011.00,Attention to Detail,2.57
51-7011.00,Cautiousness,1.76
51-7011.00,Cooperation,0.13
51-7011.00,Dependability,2.14
51-7011.00,Empathy,-0.13
51-7011.00,Humility,-0.2
51-7011.00,Initiative,0.43
51-7011.00,Innovation,0.82
51-7011.00,Integrity,0.94
51-7011.00,Intellectual Curiosity,0.49
51-7011.00,Leadership Orientation,-0.36
51-7011.00,Optimism,0.04
51-7011.00,Perseverance,1.37
51-7011.00,Self-Confidence,0.5
51-7011.00,Self-Control,0.7
51-7011.00,Sincerity,0.08
51-7011.00,Social Orientation,-0.23
51-7011.00,Stress Tolerance,0.62
51-7011.00,Tolerance for Ambiguity,-0.38
51-7021.00,Achievement Orientation,0.95
51-7021.00,Adaptability,0.21
51-7021.00,Attention to Detail,2.5
51-7021.00,Cautiousness,1.38
51-7021.00,Cooperation,0.17
51-7021.00,Dependability,2.01
51-7021.00,Empathy,-0.14
51-7021.00,Humility,-0.3
51-7021.00,Initiative,0.38
51-7021.00,Innovation,0.92
51-7021.00,Integrity,0.78
51-7021.00,Intellectual Curiosity,0.47
51-7021.00,Leadership Orientation,-0.32
51-7021.00,Optimism,-0.01
51-7021.00,Perseverance,1.18
51-7021.00,Self-Confidence,0.48
51-7021.00,Self-Control,0.57
51-7021.00,Sincerity,0.07
51-7021.00,Social Orientation,-0.37
51-7021.00,Stress Tolerance,0.55
51-7021.00,Tolerance for Ambiguity,-0.21
51-7031.00,Achievement Orientation,1.32
51-7031.00,Adaptability,0.64
51-7031.00,Attention to Detail,2.67
51-7031.00,Cautiousness,1.69
51-7031.00,Cooperation,0.41
51-7031.00,Dependability,2.16
51-7031.00,Empathy,-0.16
51-7031.00,Humility,-0.2
51-7031.00,Initiative,0.59
51-7031.00,Innovation,1.15
51-7031.00,Integrity,0.8
51-7031.00,Intellectual Curiosity,0.81
51-7031.00,Leadership Orientation,-0.32
51-7031.00,Optimism,0.09
51-7031.00,Perseverance,1.34
51-7031.00,Self-Confidence,0.89
51-7031.00,Self-Control,0.59
51-7031.00,Sincerity,0.11
51-7031.00,Social Orientation,-0.21
51-7031.00,Stress Tolerance,0.44
51-7031.00,Tolerance for Ambiguity,0.06
51-7032.00,Achievement Orientation,1.32
51-7032.00,Adaptability,0.19
51-7032.00,Attention to Detail,2.67
51-7032.00,Cautiousness,1.93
51-7032.00,Cooperation,0.13
51-7032.00,Dependability,2.19
51-7032.00,Empathy,-0.16
51-7032.00,Humility,-0.3
51-7032.00,Initiative,0.47
51-7032.00,Innovation,0.79
51-7032.00,Integrity,0.82
51-7032.00,Intellectual Curiosity,0.62
51-7032.00,Leadership Orientation,-0.32
51-7032.00,Optimism,-0.11
51-7032.00,Perseverance,1.07
51-7032.00,Self-Confidence,0.75
51-7032.00,Self-Control,0.29
51-7032.00,Sincerity,0.04
51-7032.00,Social Orientation,-0.23
51-7032.00,Stress Tolerance,0.44
51-7032.00,Tolerance for Ambiguity,-0.38
51-7041.00,Achievement Orientation,0.7
51-7041.00,Adaptability,0.12
51-7041.00,Attention to Detail,2.34
51-7041.00,Cautiousness,1.96
51-7041.00,Cooperation,0.28
51-7041.00,Dependability,2.11
51-7041.00,Empathy,-0.14
51-7041.00,Humility,-0.32
51-7041.00,Initiative,0.1
51-7041.00,Innovation,-0.5
51-7041.00,Integrity,0.72
51-7041.00,Intellectual Curiosity,-0.1
51-7041.00,Leadership Orientation,-0.34
51-7041.00,Optimism,-0.07
51-7041.00,Perseverance,0.77
51-7041.00,Self-Confidence,0.48
51-7041.00,Self-Control,0.66
51-7041.00,Sincerity,0.05
51-7041.00,Social Orientation,-0.32
51-7041.00,Stress Tolerance,1.16
51-7041.00,Tolerance for Ambiguity,-0.67
51-7042.00,Achievement Orientation,0.87
51-7042.00,Adaptability,0.53
51-7042.00,Attention to Detail,2.53
51-7042.00,Cautiousness,1.89
51-7042.00,Cooperation,0.35
51-7042.00,Dependability,2.16
51-7042.00,Empathy,-0.2
51-7042.00,Humility,-0.28
51-7042.00,Initiative,0.26
51-7042.00,Innovation,-0.26
51-7042.00,Integrity,0.76
51-7042.00,Intellectual Curiosity,0.39
51-7042.00,Leadership Orientation,-0.45
51-7042.00,Optimism,-0.07
51-7042.00,Perseverance,0.75
51-7042.00,Self-Confidence,0.5
51-7042.00,Self-Control,0.75
51-7042.00,Sincerity,0.04
51-7042.00,Social Orientation,-0.18
51-7042.00,Stress Tolerance,0.82
51-7042.00,Tolerance for Ambiguity,-0.69
51-8011.00,Achievement Orientation,2.21
51-8011.00,Adaptability,1.41
51-8011.00,Attention to Detail,3.0
51-8011.00,Cautiousness,3.0
51-8011.00,Cooperation,1.6
51-8011.00,Dependability,2.93
51-8011.00,Empathy,0.02
51-8011.00,Humility,0.58
51-8011.00,Initiative,0.45
51-8011.00,Innovation,-0.41
51-8011.00,Integrity,2.93
51-8011.00,Intellectual Curiosity,1.97
51-8011.00,Leadership Orientation,0.19
51-8011.00,Optimism,0.13
51-8011.00,Perseverance,2.19
51-8011.00,Self-Confidence,1.54
51-8011.00,Self-Control,2.63
51-8011.00,Sincerity,1.21
51-8011.00,Social Orientation,-0.12
51-8011.00,Stress Tolerance,2.67
51-8011.00,Tolerance for Ambiguity,-0.2
51-8012.00,Achievement Orientation,1.58
51-8012.00,Adaptability,2.09
51-8012.00,Attention to Detail,2.53
51-8012.00,Cautiousness,2.74
51-8012.00,Cooperation,1.67
51-8012.00,Dependability,2.65
51-8012.00,Empathy,0.04
51-8012.00,Humility,-0.16
51-8012.00,Initiative,1.02
51-8012.00,Innovation,-0.08
51-8012.00,Integrity,2.32
51-8012.00,Intellectual Curiosity,1.08
51-8012.00,Leadership Orientation,1.61
51-8012.00,Optimism,0.34
51-8012.00,Perseverance,1.77
51-8012.00,Self-Confidence,1.7
51-8012.00,Self-Control,2.3
51-8012.00,Sincerity,0.65
51-8012.00,Social Orientation,0.81
51-8012.00,Stress Tolerance,2.55
51-8012.00,Tolerance for Ambiguity,0.97
51-8013.00,Achievement Orientation,1.42
51-8013.00,Adaptability,1.19
51-8013.00,Attention to Detail,2.67
51-8013.00,Cautiousness,2.74
51-8013.00,Cooperation,1.11
51-8013.00,Dependability,2.65
51-8013.00,Empathy,-0.1
51-8013.00,Humility,-0.08
51-8013.00,Initiative,0.59
51-8013.00,Innovation,-0.37
51-8013.00,Integrity,2.03
51-8013.00,Intellectual Curiosity,0.74
51-8013.00,Leadership Orientation,-0.07
51-8013.00,Optimism,0.02
51-8013.00,Perseverance,1.7
51-8013.00,Self-Confidence,1.18
51-8013.00,Self-Control,2.14
51-8013.00,Sincerity,0.24
51-8013.00,Social Orientation,-0.07
51-8013.00,Stress Tolerance,2.24
51-8013.00,Tolerance for Ambiguity,-0.46
51-8021.00,Achievement Orientation,1.18
51-8021.00,Adaptability,0.94
51-8021.00,Attention to Detail,2.57
51-8021.00,Cautiousness,2.62
51-8021.00,Cooperation,0.71
51-8021.00,Dependability,2.65
51-8021.00,Empathy,-0.1
51-8021.00,Humility,-0.14
51-8021.00,Initiative,0.74
51-8021.00,Innovation,-0.24
51-8021.00,Integrity,1.82
51-8021.00,Intellectual Curiosity,0.89
51-8021.00,Leadership Orientation,0.12
51-8021.00,Optimism,0.11
51-8021.00,Perseverance,1.64
51-8021.00,Self-Confidence,1.02
51-8021.00,Self-Control,1.25
51-8021.00,Sincerity,0.27
51-8021.00,Social Orientation,-0.14
51-8021.00,Stress Tolerance,1.67
51-8021.00,Tolerance for Ambiguity,-0.27
51-8031.00,Achievement Orientation,1.23
51-8031.00,Adaptability,1.05
51-8031.00,Attention to Detail,2.63
51-8031.00,Cautiousness,2.62
51-8031.00,Cooperation,1.41
51-8031.00,Dependability,2.62
51-8031.00,Empathy,-0.01
51-8031.00,Humility,0.32
51-8031.00,Initiative,0.72
51-8031.00,Innovation,0.02
51-8031.00,Integrity,1.92
51-8031.00,Intellectual Curiosity,0.87
51-8031.00,Leadership Orientation,0.95
51-8031.00,Optimism,0.2
51-8031.00,Perseverance,1.37
51-8031.00,Self-Confidence,1.02
51-8031.00,Self-Control,1.37
51-8031.00,Sincerity,0.57
51-8031.00,Social Orientation,0.0
51-8031.00,Stress Tolerance,1.61
51-8031.00,Tolerance for Ambiguity,0.22
51-8091.00,Achievement Orientation,1.63
51-8091.00,Adaptability,1.38
51-8091.00,Attention to Detail,2.57
51-8091.00,Cautiousness,2.74
51-8091.00,Cooperation,1.03
51-8091.00,Dependability,2.65
51-8091.00,Empathy,-0.02
51-8091.00,Humility,0.47
51-8091.00,Initiative,0.83
51-8091.00,Innovation,-0.24
51-8091.00,Integrity,2.13
51-8091.00,Intellectual Curiosity,0.84
51-8091.00,Leadership Orientation,-0.09
51-8091.00,Optimism,0.11
51-8091.00,Perseverance,1.83
51-8091.00,Self-Confidence,1.15
51-8091.00,Self-Control,2.06
51-8091.00,Sincerity,0.49
51-8091.00,Social Orientation,-0.07
51-8091.00,Stress Tolerance,2.17
51-8091.00,Tolerance for Ambiguity,0.38
51-8092.00,Achievement Orientation,1.16
51-8092.00,Adaptability,1.17
51-8092.00,Attention to Detail,2.57
51-8092.00,Cautiousness,2.74
51-8092.00,Cooperation,1.17
51-8092.00,Dependability,2.65
51-8092.00,Empathy,-0.06
51-8092.00,Humility,0.03
51-8092.00,Initiative,0.49
51-8092.00,Innovation,-0.41
51-8092.00,Integrity,2.13
51-8092.00,Intellectual Curiosity,0.56
51-8092.00,Leadership Orientation,0.1
51-8092.00,Optimism,0.24
51-8092.00,Perseverance,1.7
51-8092.00,Self-Confidence,1.13
51-8092.00,Self-Control,2.02
51-8092.00,Sincerity,0.23
51-8092.00,Social Orientation,-0.23
51-8092.00,Stress Tolerance,1.96
51-8092.00,Tolerance for Ambiguity,-0.09
51-8093.00,Achievement Orientation,1.27
51-8093.00,Adaptability,0.99
51-8093.00,Attention to Detail,2.44
51-8093.00,Cautiousness,3.0
51-8093.00,Cooperation,1.0
51-8093.00,Dependability,2.65
51-8093.00,Empathy,-0.08
51-8093.00,Humility,0.03
51-8093.00,Initiative,0.59
51-8093.00,Innovation,-0.57
51-8093.00,Integrity,1.89
51-8093.00,Intellectual Curiosity,0.1
51-8093.00,Leadership Orientation,0.19
51-8093.00,Optimism,0.22
51-8093.00,Perseverance,1.4
51-8093.00,Self-Confidence,1.07
51-8093.00,Self-Control,1.31
51-8093.00,Sincerity,0.27
51-8093.00,Social Orientation,-0.18
51-8093.00,Stress Tolerance,1.86
51-8093.00,Tolerance for Ambiguity,0.22
51-9011.00,Achievement Orientation,1.25
51-9011.00,Adaptability,1.08
51-9011.00,Attention to Detail,2.67
51-9011.00,Cautiousness,2.74
51-9011.00,Cooperation,0.95
51-9011.00,Dependability,2.65
51-9011.00,Empathy,-0.12
51-9011.00,Humility,-0.06
51-9011.00,Initiative,0.67
51-9011.00,Innovation,-0.37
51-9011.00,Integrity,1.86
51-9011.00,Intellectual Curiosity,0.84
51-9011.00,Leadership Orientation,-0.11
51-9011.00,Optimism,-0.09
51-9011.00,Perseverance,1.4
51-9011.00,Self-Confidence,0.82
51-9011.00,Self-Control,1.66
51-9011.00,Sincerity,0.25
51-9011.00,Social Orientation,-0.32
51-9011.00,Stress Tolerance,2.03
51-9011.00,Tolerance for Ambiguity,0.0
51-9012.00,Achievement Orientation,0.82
51-9012.00,Adaptability,0.66
51-9012.00,Attention to Detail,2.37
51-9012.00,Cautiousness,2.47
51-9012.00,Cooperation,0.43
51-9012.00,Dependability,2.3
51-9012.00,Empathy,-0.16
51-9012.00,Humility,-0.08
51-9012.00,Initiative,0.23
51-9012.00,Innovation,-0.3
51-9012.00,Integrity,1.29
51-9012.00,Intellectual Curiosity,0.14
51-9012.00,Leadership Orientation,-0.34
51-9012.00,Optimism,-0.07
51-9012.00,Perseverance,0.79
51-9012.00,Self-Confidence,0.43
51-9012.00,Self-Control,0.97
51-9012.00,Sincerity,0.1
51-9012.00,Social Orientation,-0.3
51-9012.00,Stress Tolerance,0.97
51-9012.00,Tolerance for Ambiguity,-0.52
51-9021.00,Achievement Orientation,0.62
51-9021.00,Adaptability,0.21
51-9021.00,Attention to Detail,2.02
51-9021.00,Cautiousness,2.06
51-9021.00,Cooperation,0.3
51-9021.00,Dependability,2.11
51-9021.00,Empathy,-0.21
51-9021.00,Humility,-0.23
51-9021.00,Initiative,0.19
51-9021.00,Innovation,-0.52
51-9021.00,Integrity,0.72
51-9021.00,Intellectual Curiosity,-0.16
51-9021.00,Leadership Orientation,-0.5
51-9021.00,Optimism,-0.14
51-9021.00,Perseverance,0.77
51-9021.00,Self-Confidence,0.29
51-9021.00,Self-Control,0.55
51-9021.00,Sincerity,0.04
51-9021.00,Social Orientation,-0.3
51-9021.00,Stress Tolerance,1.07
51-9021.00,Tolerance for Ambiguity,-0.63
51-9022.00,Achievement Orientation,0.73
51-9022.00,Adaptability,0.01
51-9022.00,Attention to Detail,2.41
51-9022.00,Cautiousness,1.44
51-9022.00,Cooperation,0.1
51-9022.00,Dependability,2.01
51-9022.00,Empathy,-0.23
51-9022.00,Humility,-0.28
51-9022.00,Initiative,0.03
51-9022.00,Innovation,-0.54
51-9022.00,Integrity,0.68
51-9022.00,Intellectual Curiosity,-0.21
51-9022.00,Leadership Orientation,-0.58
51-9022.00,Optimism,-0.1
51-9022.00,Perseverance,0.88
51-9022.00,Self-Confidence,0.39
51-9022.00,Self-Control,0.48
51-9022.00,Sincerity,0.03
51-9022.00,Social Orientation,-0.39
51-9022.00,Stress Tolerance,0.48
51-9022.00,Tolerance for Ambiguity,-0.55
51-9023.00,Achievement Orientation,0.66
51-9023.00,Adaptability,0.48
51-9023.00,Attention to Detail,2.47
51-9023.00,Cautiousness,2.43
51-9023.00,Cooperation,0.45
51-9023.00,Dependability,2.36
51-9023.00,Empathy,-0.13
51-9023.00,Humility,-0.34
51-9023.00,Initiative,0.31
51-9023.00,Innovation,-0.64
51-9023.00,Integrity,1.29
51-9023.00,Intellectual Curiosity,0.01
51-9023.00,Leadership Orientation,-0.54
51-9023.00,Optimism,-0.02
51-9023.00,Perseverance,0.86
51-9023.00,Self-Confidence,0.37
51-9023.00,Self-Control,0.8
51-9023.00,Sincerity,0.04
51-9023.00,Social Orientation,-0.41
51-9023.00,Stress Tolerance,0.97
51-9023.00,Tolerance for Ambiguity,-0.79
51-9031.00,Achievement Orientation,0.56
51-9031.00,Adaptability,0.12
51-9031.00,Attention to Detail,2.41
51-9031.00,Cautiousness,1.76
51-9031.00,Cooperation,0.03
51-9031.00,Dependability,2.01
51-9031.00,Empathy,-0.16
51-9031.00,Humility,-0.36
51-9031.00,Initiative,-0.1
51-9031.00,Innovation,-0.41
51-9031.00,Integrity,0.6
51-9031.00,Intellectual Curiosity,-0.24
51-9031.00,Leadership Orientation,-0.68
51-9031.00,Optimism,-0.16
51-9031.00,Perseverance,0.68
51-9031.00,Self-Confidence,0.24
51-9031.00,Self-Control,0.44
51-9031.00,Sincerity,0.02
51-9031.00,Social Orientation,-0.34
51-9031.00,Stress Tolerance,0.55
51-9031.00,Tolerance for Ambiguity,-0.63
51-9032.00,Achievement Orientation,0.42
51-9032.00,Adaptability,0.11
51-9032.00,Attention to Detail,2.34
51-9032.00,Cautiousness,2.1
51-9032.00,Cooperation,0.27
51-9032.00,Dependability,2.14
51-9032.00,Empathy,-0.22
51-9032.00,Humility,-0.36
51-9032.00,Initiative,0.03
51-9032.00,Innovation,-0.47
51-9032.00,Integrity,0.66
51-9032.00,Intellectual Curiosity,-0.17
51-9032.00,Leadership Orientation,-0.5
51-9032.00,Optimism,-0.18
51-9032.00,Perseverance,0.62
51-9032.00,Self-Confidence,0.16
51-9032.00,Self-Control,0.61
51-9032.00,Sincerity,0.02
51-9032.00,Social Orientation,-0.27
51-9032.00,Stress Tolerance,0.66
51-9032.00,Tolerance for Ambiguity,-0.73
51-9041.00,Achievement Orientation,0.77
51-9041.00,Adaptability,0.44
51-9041.00,Attention to Detail,2.19
51-9041.00,Cautiousness,1.82
51-9041.00,Cooperation,0.39
51-9041.00,Dependability,2.14
51-9041.00,Empathy,-0.16
51-9041.00,Humility,-0.42
51-9041.00,Initiative,0.17
51-9041.00,Innovation,-0.24
51-9041.00,Integrity,0.76
51-9041.00,Intellectual Curiosity,-0.06
51-9041.00,Leadership Orientation,-0.56
51-9041.00,Optimism,-0.13
51-9041.00,Perseverance,0.77
51-9041.00,Self-Confidence,0.48
51-9041.00,Self-Control,0.75
51-9041.00,Sincerity,0.04
51-9041.00,Social Orientation,-0.23
51-9041.00,Stress Tolerance,0.93
51-9041.00,Tolerance for Ambiguity,-0.63
51-9051.00,Achievement Orientation,0.95
51-9051.00,Adaptability,0.19
51-9051.00,Attention to Detail,2.19
51-9051.00,Cautiousness,2.35
51-9051.00,Cooperation,0.53
51-9051.00,Dependability,2.33
51-9051.00,Empathy,-0.16
51-9051.00,Humility,-0.01
51-9051.00,Initiative,0.05
51-9051.00,Innovation,-0.57
51-9051.00,Integrity,0.94
51-9051.00,Intellectual Curiosity,0.1
51-9051.00,Leadership Orientation,-0.3
51-9051.00,Optimism,-0.06
51-9051.00,Perseverance,0.86
51-9051.00,Self-Confidence,0.46
51-9051.00,Self-Control,1.19
51-9051.00,Sincerity,0.08
51-9051.00,Social Orientation,-0.55
51-9051.00,Stress Tolerance,1.07
51-9051.00,Tolerance for Ambiguity,-0.36
51-9061.00,Achievement Orientation,1.09
51-9061.00,Adaptability,0.46
51-9061.00,Attention to Detail,3.0
51-9061.00,Cautiousness,2.5
51-9061.00,Cooperation,0.71
51-9061.00,Dependability,2.47
51-9061.00,Empathy,-0.18
51-9061.00,Humility,0.19
51-9061.00,Initiative,0.4
51-9061.00,Innovation,-0.43
51-9061.00,Integrity,1.96
51-9061.00,Intellectual Curiosity,0.43
51-9061.00,Leadership Orientation,-0.22
51-9061.00,Optimism,-0.21
51-9061.00,Perseverance,1.02
51-9061.00,Self-Confidence,0.6
51-9061.00,Self-Control,0.82
51-9061.00,Sincerity,0.44
51-9061.00,Social Orientation,-0.05
51-9061.00,Stress Tolerance,0.97
51-9061.00,Tolerance for Ambiguity,-0.98
51-9071.00,Achievement Orientation,1.71
51-9071.00,Adaptability,0.78
51-9071.00,Attention to Detail,3.0
51-9071.00,Cautiousness,2.06
51-9071.00,Cooperation,0.25
51-9071.00,Dependability,2.19
51-9071.00,Empathy,0.08
51-9071.00,Humility,-0.18
51-9071.00,Initiative,0.9
51-9071.00,Innovation,1.8
51-9071.00,Integrity,1.96
51-9071.00,Intellectual Curiosity,0.87
51-9071.00,Leadership Orientation,-0.15
51-9071.00,Optimism,0.34
51-9071.00,Perseverance,1.7
51-9071.00,Self-Confidence,1.13
51-9071.00,Self-Control,0.85
51-9071.00,Sincerity,0.78
51-9071.00,Social Orientation,0.16
51-9071.00,Stress Tolerance,0.8
51-9071.00,Tolerance for Ambiguity,0.25
51-9071.06,Achievement Orientation,1.77
51-9071.06,Adaptability,0.06
51-9071.06,Attention to Detail,3.0
51-9071.06,Cautiousness,2.54
51-9071.06,Cooperation,0.51
51-9071.06,Dependability,2.36
51-9071.06,Empathy,-0.09
51-9071.06,Humility,0.22
51-9071.06,Initiative,0.23
51-9071.06,Innovation,0.37
51-9071.06,Integrity,2.32
51-9071.06,Intellectual Curiosity,1.54
51-9071.06,Leadership Orientation,-0.32
51-9071.06,Optimism,0.07
51-9071.06,Perseverance,1.46
51-9071.06,Self-Confidence,1.07
51-9071.06,Self-Control,1.28
51-9071.06,Sincerity,0.84
51-9071.06,Social Orientation,-0.07
51-9071.06,Stress Tolerance,0.88
51-9071.06,Tolerance for Ambiguity,0.06
51-9081.00,Achievement Orientation,1.58
51-9081.00,Adaptability,0.4
51-9081.00,Attention to Detail,3.0
51-9081.00,Cautiousness,2.03
51-9081.00,Cooperation,0.73
51-9081.00,Dependability,2.59
51-9081.00,Empathy,0.04
51-9081.00,Humility,-0.04
51-9081.00,Initiative,0.61
51-9081.00,Innovation,1.02
51-9081.00,Integrity,1.45
51-9081.00,Intellectual Curiosity,0.84
51-9081.00,Leadership Orientation,-0.17
51-9081.00,Optimism,0.02
51-9081.00,Perseverance,1.4
51-9081.00,Self-Confidence,0.71
51-9081.00,Self-Control,0.75
51-9081.00,Sincerity,0.17
51-9081.00,Social Orientation,-0.14
51-9081.00,Stress Tolerance,0.95
51-9081.00,Tolerance for Ambiguity,-0.27
51-9082.00,Achievement Orientation,1.4
51-9082.00,Adaptability,0.89
51-9082.00,Attention to Detail,2.77
51-9082.00,Cautiousness,2.28
51-9082.00,Cooperation,1.31
51-9082.00,Dependability,2.53
51-9082.00,Empathy,1.27
51-9082.00,Humility,0.67
51-9082.00,Initiative,0.76
51-9082.00,Innovation,1.28
51-9082.00,Integrity,1.89
51-9082.00,Intellectual Curiosity,1.05
51-9082.00,Leadership Orientation,0.06
51-9082.00,Optimism,0.71
51-9082.00,Perseverance,1.58
51-9082.00,Self-Confidence,0.94
51-9082.00,Self-Control,1.25
51-9082.00,Sincerity,1.21
51-9082.00,Social Orientation,1.09
51-9082.00,Stress Tolerance,1.14
51-9082.00,Tolerance for Ambiguity,0.12
51-9083.00,Achievement Orientation,0.89
51-9083.00,Adaptability,0.26
51-9083.00,Attention to Detail,3.0
51-9083.00,Cautiousness,1.99
51-9083.00,Cooperation,0.64
51-9083.00,Dependability,2.25
51-9083.00,Empathy,-0.09
51-9083.00,Humility,-0.43
51-9083.00,Initiative,0.13
51-9083.00,Innovation,-0.32
51-9083.00,Integrity,0.89
51-9083.00,Intellectual Curiosity,0.24
51-9083.00,Leadership Orientation,-0.47
51-9083.00,Optimism,-0.07
51-9083.00,Perseverance,0.9
51-9083.00,Self-Confidence,0.41
51-9083.00,Self-Control,0.61
51-9083.00,Sincerity,0.09
51-9083.00,Social Orientation,-0.18
51-9083.00,Stress Tolerance,0.53
51-9083.00,Tolerance for Ambiguity,-0.65
51-9111.00,Achievement Orientation,0.54
51-9111.00,Adaptability,0.21
51-9111.00,Attention to Detail,2.14
51-9111.00,Cautiousness,1.5
51-9111.00,Cooperation,0.49
51-9111.00,Dependability,2.11
51-9111.00,Empathy,-0.17
51-9111.00,Humility,-0.3
51-9111.00,Initiative,0.11
51-9111.00,Innovation,-0.57
51-9111.00,Integrity,0.7
51-9111.00,Intellectual Curiosity,-0.26
51-9111.00,Leadership Orientation,-0.54
51-9111.00,Optimism,-0.13
51-9111.00,Perseverance,0.62
51-9111.00,Self-Confidence,0.12
51-9111.00,Self-Control,0.41
51-9111.00,Sincerity,0.08
51-9111.00,Social Orientation,-0.39
51-9111.00,Stress Tolerance,0.9
51-9111.00,Tolerance for Ambiguity,-0.71
51-9123.00,Achievement Orientation,0.7
51-9123.00,Adaptability,0.18
51-9123.00,Attention to Detail,2.11
51-9123.00,Cautiousness,1.11
51-9123.00,Cooperation,0.09
51-9123.00,Dependability,1.78
51-9123.00,Empathy,-0.13
51-9123.00,Humility,-0.36
51-9123.00,Initiative,0.09
51-9123.00,Innovation,0.77
51-9123.00,Integrity,0.53
51-9123.00,Intellectual Curiosity,-0.05
51-9123.00,Leadership Orientation,-0.45
51-9123.00,Optimism,0.09
51-9123.00,Perseverance,0.84
51-9123.00,Self-Confidence,0.5
51-9123.00,Self-Control,0.55
51-9123.00,Sincerity,0.06
51-9123.00,Social Orientation,-0.16
51-9123.00,Stress Tolerance,0.44
51-9123.00,Tolerance for Ambiguity,-0.32
51-9124.00,Achievement Orientation,0.8
51-9124.00,Adaptability,0.48
51-9124.00,Attention to Detail,2.16
51-9124.00,Cautiousness,1.76
51-9124.00,Cooperation,0.32
51-9124.00,Dependability,2.06
51-9124.00,Empathy,-0.17
51-9124.00,Humility,-0.28
51-9124.00,Initiative,0.26
51-9124.00,Innovation,-0.02
51-9124.00,Integrity,0.87
51-9124.00,Intellectual Curiosity,0.24
51-9124.00,Leadership Orientation,-0.4
51-9124.00,Optimism,0.02
51-9124.00,Perseverance,0.79
51-9124.00,Self-Confidence,0.56
51-9124.00,Self-Control,0.75
51-9124.00,Sincerity,0.06
51-9124.00,Social Orientation,-0.34
51-9124.00,Stress Tolerance,0.86
51-9124.00,Tolerance for Ambiguity,-0.44
51-9141.00,Achievement Orientation,1.27
51-9141.00,Adaptability,0.94
51-9141.00,Attention to Detail,2.77
51-9141.00,Cautiousness,2.28
51-9141.00,Cooperation,0.68
51-9141.00,Dependability,2.65
51-9141.00,Empathy,-0.18
51-9141.00,Humility,0.08
51-9141.00,Initiative,0.33
51-9141.00,Innovation,-0.95
51-9141.00,Integrity,1.29
51-9141.00,Intellectual Curiosity,0.76
51-9141.00,Leadership Orientation,-0.5
51-9141.00,Optimism,-0.09
51-9141.00,Perseverance,1.05
51-9141.00,Self-Confidence,0.64
51-9141.00,Self-Control,1.03
51-9141.00,Sincerity,0.06
51-9141.00,Social Orientation,-0.18
51-9141.00,Stress Tolerance,1.0
51-9141.00,Tolerance for Ambiguity,-0.55
51-9151.00,Achievement Orientation,0.71
51-9151.00,Adaptability,0.81
51-9151.00,Attention to Detail,2.57
51-9151.00,Cautiousness,1.47
51-9151.00,Cooperation,0.53
51-9151.00,Dependability,2.08
51-9151.00,Empathy,-0.06
51-9151.00,Humility,-0.27
51-9151.00,Initiative,0.2
51-9151.00,Innovation,-0.18
51-9151.00,Integrity,0.7
51-9151.00,Intellectual Curiosity,0.2
51-9151.00,Leadership Orientation,-0.38
51-9151.00,Optimism,0.04
51-9151.00,Perseverance,0.75
51-9151.00,Self-Confidence,0.39
51-9151.00,Self-Control,0.53
51-9151.00,Sincerity,0.07
51-9151.00,Social Orientation,-0.14
51-9151.00,Stress Tolerance,0.56
51-9151.00,Tolerance for Ambiguity,-0.23
51-9161.00,Achievement Orientation,1.25
51-9161.00,Adaptability,0.81
51-9161.00,Attention to Detail,2.57
51-9161.00,Cautiousness,1.76
51-9161.00,Cooperation,0.41
51-9161.00,Dependability,2.3
51-9161.00,Empathy,-0.16
51-9161.00,Humility,0.01
51-9161.00,Initiative,0.61
51-9161.00,Innovation,0.3
51-9161.00,Integrity,0.74
51-9161.00,Intellectual Curiosity,0.76
51-9161.00,Leadership Orientation,-0.4
51-9161.00,Optimism,-0.02
51-9161.00,Perseverance,0.66
51-9161.00,Self-Confidence,0.82
51-9161.00,Self-Control,0.66
51-9161.00,Sincerity,0.07
51-9161.00,Social Orientation,-0.23
51-9161.00,Stress Tolerance,1.04
51-9161.00,Tolerance for Ambiguity,-0.32
51-9162.00,Achievement Orientation,1.77
51-9162.00,Adaptability,1.32
51-9162.00,Attention to Detail,2.77
51-9162.00,Cautiousness,1.99
51-9162.00,Cooperation,0.59
51-9162.00,Dependability,2.53
51-9162.00,Empathy,-0.09
51-9162.00,Humility,-0.2
51-9162.00,Initiative,0.83
51-9162.00,Innovation,1.23
51-9162.00,Integrity,1.34
51-9162.00,Intellectual Curiosity,1.89
51-9162.00,Leadership Orientation,-0.32
51-9162.00,Optimism,-0.02
51-9162.00,Perseverance,1.58
51-9162.00,Self-Confidence,0.99
51-9162.00,Self-Control,0.53
51-9162.00,Sincerity,0.07
51-9162.00,Social Orientation,-0.23
51-9162.00,Stress Tolerance,1.07
51-9162.00,Tolerance for Ambiguity,0.43
51-9191.00,Achievement Orientation,0.75
51-9191.00,Adaptability,0.34
51-9191.00,Attention to Detail,2.16
51-9191.00,Cautiousness,1.56
51-9191.00,Cooperation,0.43
51-9191.00,Dependability,2.14
51-9191.00,Empathy,-0.13
51-9191.00,Humility,-0.25
51-9191.00,Initiative,0.25
51-9191.00,Innovation,-0.5
51-9191.00,Integrity,0.56
51-9191.00,Intellectual Curiosity,-0.29
51-9191.00,Leadership Orientation,-0.5
51-9191.00,Optimism,-0.11
51-9191.00,Perseverance,0.22
51-9191.00,Self-Confidence,0.43
51-9191.00,Self-Control,0.39
51-9191.00,Sincerity,0.1
51-9191.00,Social Orientation,-0.23
51-9191.00,Stress Tolerance,0.82
51-9191.00,Tolerance for Ambiguity,-0.71
51-9192.00,Achievement Orientation,0.49
51-9192.00,Adaptability,0.09
51-9192.00,Attention to Detail,1.94
51-9192.00,Cautiousness,1.72
51-9192.00,Cooperation,-0.18
51-9192.00,Dependability,2.19
51-9192.00,Empathy,-0.21
51-9192.00,Humility,-0.34
51-9192.00,Initiative,0.14
51-9192.00,Innovation,-0.57
51-9192.00,Integrity,0.66
51-9192.00,Intellectual Curiosity,-0.22
51-9192.00,Leadership Orientation,-0.47
51-9192.00,Optimism,-0.04
51-9192.00,Perseverance,0.47
51-9192.00,Self-Confidence,0.03
51-9192.00,Self-Control,0.42
51-9192.00,Sincerity,0.03
51-9192.00,Social Orientation,-0.14
51-9192.00,Stress Tolerance,0.68
51-9192.00,Tolerance for Ambiguity,-1.29
51-9193.00,Achievement Orientation,0.73
51-9193.00,Adaptability,0.44
51-9193.00,Attention to Detail,2.19
51-9193.00,Cautiousness,2.17
51-9193.00,Cooperation,0.45
51-9193.00,Dependability,2.27
51-9193.00,Empathy,-0.17
51-9193.00,Humility,-0.32
51-9193.00,Initiative,0.2
51-9193.00,Innovation,-0.57
51-9193.00,Integrity,1.13
51-9193.00,Intellectual Curiosity,0.04
51-9193.00,Leadership Orientation,-0.28
51-9193.00,Optimism,-0.02
51-9193.00,Perseverance,0.81
51-9193.00,Self-Confidence,0.39
51-9193.00,Self-Control,0.66
51-9193.00,Sincerity,0.09
51-9193.00,Social Orientation,-0.43
51-9193.00,Stress Tolerance,1.02
51-9193.00,Tolerance for Ambiguity,-0.61
51-9194.00,Achievement Orientation,1.12
51-9194.00,Adaptability,0.11
51-9194.00,Attention to Detail,2.77
51-9194.00,Cautiousness,1.99
51-9194.00,Cooperation,-0.02
51-9194.00,Dependability,2.08
51-9194.00,Empathy,-0.13
51-9194.00,Humility,-0.38
51-9194.00,Initiative,0.07
51-9194.00,Innovation,0.53
51-9194.00,Integrity,0.64
51-9194.00,Intellectual Curiosity,0.47
51-9194.00,Leadership Orientation,-0.49
51-9194.00,Optimism,-0.1
51-9194.00,Perseverance,1.0
51-9194.00,Self-Confidence,0.41
51-9194.00,Self-Control,0.59
51-9194.00,Sincerity,0.04
51-9194.00,Social Orientation,-0.46
51-9194.00,Stress Tolerance,0.41
51-9194.00,Tolerance for Ambiguity,-0.34
51-9195.00,Achievement Orientation,0.65
51-9195.00,Adaptability,0.16
51-9195.00,Attention to Detail,1.92
51-9195.00,Cautiousness,1.2
51-9195.00,Cooperation,0.06
51-9195.00,Dependability,1.83
51-9195.00,Empathy,-0.14
51-9195.00,Humility,-0.38
51-9195.00,Initiative,0.11
51-9195.00,Innovation,-0.2
51-9195.00,Integrity,0.7
51-9195.00,Intellectual Curiosity,-0.07
51-9195.00,Leadership Orientation,-0.45
51-9195.00,Optimism,-0.07
51-9195.00,Perseverance,0.71
51-9195.00,Self-Confidence,0.34
51-9195.00,Self-Control,0.33
51-9195.00,Sincerity,0.04
51-9195.00,Social Orientation,-0.23
51-9195.00,Stress Tolerance,0.4
51-9195.00,Tolerance for Ambiguity,-0.57
51-9195.03,Achievement Orientation,1.05
51-9195.03,Adaptability,-0.06
51-9195.03,Attention to Detail,2.67
51-9195.03,Cautiousness,1.93
51-9195.03,Cooperation,-0.02
51-9195.03,Dependability,2.06
51-9195.03,Empathy,-0.22
51-9195.03,Humility,-0.34
51-9195.03,Initiative,-0.01
51-9195.03,Innovation,0.09
51-9195.03,Integrity,0.72
51-9195.03,Intellectual Curiosity,0.04
51-9195.03,Leadership Orientation,-0.52
51-9195.03,Optimism,-0.14
51-9195.03,Perseverance,1.12
51-9195.03,Self-Confidence,0.56
51-9195.03,Self-Control,0.61
51-9195.03,Sincerity,0.04
51-9195.03,Social Orientation,-0.43
51-9195.03,Stress Tolerance,0.6
51-9195.03,Tolerance for Ambiguity,-0.77
51-9195.04,Achievement Orientation,0.89
51-9195.04,Adaptability,0.44
51-9195.04,Attention to Detail,2.28
51-9195.04,Cautiousness,1.59
51-9195.04,Cooperation,0.15
51-9195.04,Dependability,1.78
51-9195.04,Empathy,-0.16
51-9195.04,Humility,-0.36
51-9195.04,Initiative,0.03
51-9195.04,Innovation,0.46
51-9195.04,Integrity,0.64
51-9195.04,Intellectual Curiosity,0.17
51-9195.04,Leadership Orientation,-0.45
51-9195.04,Optimism,-0.02
51-9195.04,Perseverance,1.02
51-9195.04,Self-Confidence,0.67
51-9195.04,Self-Control,1.16
51-9195.04,Sincerity,0.03
51-9195.04,Social Orientation,-0.34
51-9195.04,Stress Tolerance,0.9
51-9195.04,Tolerance for Ambiguity,-0.44
51-9195.05,Achievement Orientation,1.03
51-9195.05,Adaptability,0.59
51-9195.05,Attention to Detail,2.19
51-9195.05,Cautiousness,1.26
51-9195.05,Cooperation,0.27
51-9195.05,Dependability,1.78
51-9195.05,Empathy,-0.06
51-9195.05,Humility,0.08
51-9195.05,Initiative,0.57
51-9195.05,Innovation,1.41
51-9195.05,Integrity,0.38
51-9195.05,Intellectual Curiosity,0.56
51-9195.05,Leadership Orientation,-0.32
51-9195.05,Optimism,0.16
51-9195.05,Perseverance,0.97
51-9195.05,Self-Confidence,0.85
51-9195.05,Self-Control,0.63
51-9195.05,Sincerity,0.13
51-9195.05,Social Orientation,0.11
51-9195.05,Stress Tolerance,0.48
51-9195.05,Tolerance for Ambiguity,-0.09
51-9196.00,Achievement Orientation,0.97
51-9196.00,Adaptability,0.69
51-9196.00,Attention to Detail,2.19
51-9196.00,Cautiousness,1.76
51-9196.00,Cooperation,0.47
51-9196.00,Dependability,2.14
51-9196.00,Empathy,-0.17
51-9196.00,Humility,-0.3
51-9196.00,Initiative,0.49
51-9196.00,Innovation,-0.14
51-9196.00,Integrity,0.7
51-9196.00,Intellectual Curiosity,0.14
51-9196.00,Leadership Orientation,-0.36
51-9196.00,Optimism,0.04
51-9196.00,Perseverance,0.81
51-9196.00,Self-Confidence,0.43
51-9196.00,Self-Control,0.77
51-9196.00,Sincerity,0.04
51-9196.00,Social Orientation,-0.34
51-9196.00,Stress Tolerance,0.95
51-9196.00,Tolerance for Ambiguity,-0.21
51-9197.00,Achievement Orientation,0.45
51-9197.00,Adaptability,-0.1
51-9197.00,Attention to Detail,1.92
51-9197.00,Cautiousness,1.56
51-9197.00,Cooperation,0.12
51-9197.00,Dependability,1.98
51-9197.00,Empathy,-0.16
51-9197.00,Humility,-0.34
51-9197.00,Initiative,-0.08
51-9197.00,Innovation,-0.37
51-9197.00,Integrity,0.49
51-9197.00,Intellectual Curiosity,-0.21
51-9197.00,Leadership Orientation,-0.41
51-9197.00,Optimism,-0.1
51-9197.00,Perseverance,0.62
51-9197.00,Self-Confidence,0.43
51-9197.00,Self-Control,0.55
51-9197.00,Sincerity,0.03
51-9197.00,Social Orientation,-0.39
51-9197.00,Stress Tolerance,0.66
51-9197.00,Tolerance for Ambiguity,-0.55
51-9198.00,Achievement Orientation,0.35
51-9198.00,Adaptability,0.18
51-9198.00,Attention to Detail,1.19
51-9198.00,Cautiousness,0.95
51-9198.00,Cooperation,1.38
51-9198.00,Dependability,2.01
51-9198.00,Empathy,-0.03
51-9198.00,Humility,0.27
51-9198.00,Initiative,0.03
51-9198.00,Innovation,-0.63
51-9198.00,Integrity,0.64
51-9198.00,Intellectual Curiosity,-0.32
51-9198.00,Leadership Orientation,-0.5
51-9198.00,Optimism,0.32
51-9198.00,Perseverance,0.4
51-9198.00,Self-Confidence,0.07
51-9198.00,Self-Control,0.42
51-9198.00,Sincerity,0.14
51-9198.00,Social Orientation,-0.07
51-9198.00,Stress Tolerance,0.4
51-9198.00,Tolerance for Ambiguity,-0.61
53-1041.00,Achievement Orientation,1.66
53-1041.00,Adaptability,1.61
53-1041.00,Attention to Detail,2.6
53-1041.00,Cautiousness,2.5
53-1041.00,Cooperation,1.92
53-1041.00,Dependability,2.65
53-1041.00,Empathy,0.37
53-1041.00,Humility,0.29
53-1041.00,Initiative,1.29
53-1041.00,Innovation,0.13
53-1041.00,Integrity,2.13
53-1041.00,Intellectual Curiosity,0.84
53-1041.00,Leadership Orientation,2.43
53-1041.00,Optimism,0.87
53-1041.00,Perseverance,1.67
53-1041.00,Self-Confidence,1.73
53-1041.00,Self-Control,2.02
53-1041.00,Sincerity,0.74
53-1041.00,Social Orientation,1.2
53-1041.00,Stress Tolerance,2.21
53-1041.00,Tolerance for Ambiguity,0.41
53-1042.00,Achievement Orientation,1.4
53-1042.00,Adaptability,1.61
53-1042.00,Attention to Detail,2.0
53-1042.00,Cautiousness,1.63
53-1042.00,Cooperation,2.22
53-1042.00,Dependability,2.56
53-1042.00,Empathy,1.07
53-1042.00,Humility,0.84
53-1042.00,Initiative,1.53
53-1042.00,Innovation,0.58
53-1042.00,Integrity,1.92
53-1042.00,Intellectual Curiosity,0.39
53-1042.00,Leadership Orientation,2.96
53-1042.00,Optimism,1.16
53-1042.00,Perseverance,1.64
53-1042.00,Self-Confidence,1.66
53-1042.00,Self-Control,1.91
53-1042.00,Sincerity,0.96
53-1042.00,Social Orientation,1.83
53-1042.00,Stress Tolerance,1.76
53-1042.00,Tolerance for Ambiguity,0.91
53-1043.00,Achievement Orientation,1.69
53-1043.00,Adaptability,1.41
53-1043.00,Attention to Detail,2.0
53-1043.00,Cautiousness,2.21
53-1043.00,Cooperation,1.81
53-1043.00,Dependability,2.62
53-1043.00,Empathy,1.02
53-1043.00,Humility,0.7
53-1043.00,Initiative,1.56
53-1043.00,Innovation,0.56
53-1043.00,Integrity,2.03
53-1043.00,Intellectual Curiosity,0.43
53-1043.00,Leadership Orientation,2.52
53-1043.00,Optimism,0.95
53-1043.00,Perseverance,1.7
53-1043.00,Self-Confidence,1.73
53-1043.00,Self-Control,1.91
53-1043.00,Sincerity,0.96
53-1043.00,Social Orientation,1.56
53-1043.00,Stress Tolerance,1.8
53-1043.00,Tolerance for Ambiguity,0.91
53-1044.00,Achievement Orientation,1.5
53-1044.00,Adaptability,1.65
53-1044.00,Attention to Detail,1.94
53-1044.00,Cautiousness,1.63
53-1044.00,Cooperation,2.3
53-1044.00,Dependability,2.65
53-1044.00,Empathy,1.43
53-1044.00,Humility,0.84
53-1044.00,Initiative,1.66
53-1044.00,Innovation,0.7
53-1044.00,Integrity,1.96
53-1044.00,Intellectual Curiosity,0.67
53-1044.00,Leadership Orientation,2.55
53-1044.00,Optimism,1.36
53-1044.00,Perseverance,1.8
53-1044.00,Self-Confidence,1.66
53-1044.00,Self-Control,1.98
53-1044.00,Sincerity,1.31
53-1044.00,Social Orientation,2.24
53-1044.00,Stress Tolerance,1.99
53-1044.00,Tolerance for Ambiguity,1.14
53-2011.00,Achievement Orientation,2.14
53-2011.00,Adaptability,1.41
53-2011.00,Attention to Detail,3.0
53-2011.00,Cautiousness,3.0
53-2011.00,Cooperation,1.92
53-2011.00,Dependability,2.93
53-2011.00,Empathy,0.45
53-2011.00,Humility,0.5
53-2011.00,Initiative,0.83
53-2011.00,Innovation,-0.43
53-2011.00,Integrity,2.1
53-2011.00,Intellectual Curiosity,1.68
53-2011.00,Leadership Orientation,2.34
53-2011.00,Optimism,0.82
53-2011.00,Perseverance,2.19
53-2011.00,Self-Confidence,2.4
53-2011.00,Self-Control,3.0
53-2011.00,Sincerity,0.74
53-2011.00,Social Orientation,0.79
53-2011.00,Stress Tolerance,2.93
53-2011.00,Tolerance for Ambiguity,0.14
53-2012.00,Achievement Orientation,1.95
53-2012.00,Adaptability,1.94
53-2012.00,Attention to Detail,2.74
53-2012.00,Cautiousness,3.0
53-2012.00,Cooperation,1.38
53-2012.00,Dependability,2.93
53-2012.00,Empathy,0.27
53-2012.00,Humility,0.56
53-2012.00,Initiative,1.38
53-2012.00,Innovation,0.19
53-2012.00,Integrity,2.21
53-2012.00,Intellectual Curiosity,1.35
53-2012.00,Leadership Orientation,2.25
53-2012.00,Optimism,0.9
53-2012.00,Perseverance,1.64
53-2012.00,Self-Confidence,2.4
53-2012.00,Self-Control,3.0
53-2012.00,Sincerity,0.8
53-2012.00,Social Orientation,0.63
53-2012.00,Stress Tolerance,2.67
53-2012.00,Tolerance for Ambiguity,1.56
53-2021.00,Achievement Orientation,2.11
53-2021.00,Adaptability,2.17
53-2021.00,Attention to Detail,3.0
53-2021.00,Cautiousness,3.0
53-2021.00,Cooperation,1.95
53-2021.00,Dependability,2.93
53-2021.00,Empathy,0.3
53-2021.00,Humility,-0.3
53-2021.00,Initiative,0.53
53-2021.00,Innovation,-0.68
53-2021.00,Integrity,2.55
53-2021.00,Intellectual Curiosity,0.94
53-2021.00,Leadership Orientation,1.53
53-2021.00,Optimism,0.32
53-2021.00,Perseverance,2.19
53-2021.00,Self-Confidence,2.44
53-2021.00,Self-Control,3.0
53-2021.00,Sincerity,0.76
53-2021.00,Social Orientation,0.18
53-2021.00,Stress Tolerance,3.0
53-2021.00,Tolerance for Ambiguity,-0.25
53-2022.00,Achievement Orientation,1.8
53-2022.00,Adaptability,1.98
53-2022.00,Attention to Detail,2.67
53-2022.00,Cautiousness,2.74
53-2022.00,Cooperation,2.3
53-2022.00,Dependability,2.93
53-2022.00,Empathy,0.37
53-2022.00,Humility,0.61
53-2022.00,Initiative,1.66
53-2022.00,Innovation,-0.12
53-2022.00,Integrity,2.47
53-2022.00,Intellectual Curiosity,1.23
53-2022.00,Leadership Orientation,1.98
53-2022.00,Optimism,0.84
53-2022.00,Perseverance,2.08
53-2022.00,Self-Confidence,1.76
53-2022.00,Self-Control,2.5
53-2022.00,Sincerity,0.9
53-2022.00,Social Orientation,1.29
53-2022.00,Stress Tolerance,2.55
53-2022.00,Tolerance for Ambiguity,1.14
53-2031.00,Achievement Orientation,0.84
53-2031.00,Adaptability,2.17
53-2031.00,Attention to Detail,2.63
53-2031.00,Cautiousness,2.47
53-2031.00,Cooperation,2.64
53-2031.00,Dependability,2.93
53-2031.00,Empathy,2.17
53-2031.00,Humility,1.19
53-2031.00,Initiative,1.26
53-2031.00,Innovation,-0.32
53-2031.00,Integrity,2.17
53-2031.00,Intellectual Curiosity,0.19
53-2031.00,Leadership Orientation,1.03
53-2031.00,Optimism,2.06
53-2031.00,Perseverance,1.97
53-2031.00,Self-Confidence,1.76
53-2031.00,Self-Control,2.63
53-2031.00,Sincerity,1.75
53-2031.00,Social Orientation,2.4
53-2031.00,Stress Tolerance,2.55
53-2031.00,Tolerance for Ambiguity,1.22
53-3011.00,Achievement Orientation,0.87
53-3011.00,Adaptability,2.09
53-3011.00,Attention to Detail,1.97
53-3011.00,Cautiousness,1.53
53-3011.00,Cooperation,2.14
53-3011.00,Dependability,2.65
53-3011.00,Empathy,2.04
53-3011.00,Humility,1.06
53-3011.00,Initiative,0.67
53-3011.00,Innovation,-0.47
53-3011.00,Integrity,2.21
53-3011.00,Intellectual Curiosity,0.17
53-3011.00,Leadership Orientation,0.1
53-3011.00,Optimism,1.39
53-3011.00,Perseverance,1.97
53-3011.00,Self-Confidence,1.15
53-3011.00,Self-Control,2.5
53-3011.00,Sincerity,1.55
53-3011.00,Social Orientation,1.38
53-3011.00,Stress Tolerance,2.55
53-3011.00,Tolerance for Ambiguity,1.12
53-3031.00,Achievement Orientation,1.35
53-3031.00,Adaptability,0.99
53-3031.00,Attention to Detail,1.53
53-3031.00,Cautiousness,1.32
53-3031.00,Cooperation,1.26
53-3031.00,Dependability,2.47
53-3031.00,Empathy,1.0
53-3031.00,Humility,0.34
53-3031.00,Initiative,1.1
53-3031.00,Innovation,-0.1
53-3031.00,Integrity,1.51
53-3031.00,Intellectual Curiosity,-0.16
53-3031.00,Leadership Orientation,0.36
53-3031.00,Optimism,1.42
53-3031.00,Perseverance,1.77
53-3031.00,Self-Confidence,1.21
53-3031.00,Self-Control,1.43
53-3031.00,Sincerity,1.14
53-3031.00,Social Orientation,1.9
53-3031.00,Stress Tolerance,1.24
53-3031.00,Tolerance for Ambiguity,0.56
53-3032.00,Achievement Orientation,0.95
53-3032.00,Adaptability,0.91
53-3032.00,Attention to Detail,2.11
53-3032.00,Cautiousness,2.62
53-3032.00,Cooperation,0.71
53-3032.00,Dependability,2.65
53-3032.00,Empathy,-0.03
53-3032.00,Humility,0.05
53-3032.00,Initiative,0.74
53-3032.00,Innovation,-0.3
53-3032.00,Integrity,1.86
53-3032.00,Intellectual Curiosity,-0.03
53-3032.00,Leadership Orientation,-0.28
53-3032.00,Optimism,0.66
53-3032.00,Perseverance,1.77
53-3032.00,Self-Confidence,1.07
53-3032.00,Self-Control,1.5
53-3032.00,Sincerity,0.37
53-3032.00,Social Orientation,-0.14
53-3032.00,Stress Tolerance,1.64
53-3032.00,Tolerance for Ambiguity,0.47
53-3033.00,Achievement Orientation,0.8
53-3033.00,Adaptability,0.57
53-3033.00,Attention to Detail,1.84
53-3033.00,Cautiousness,1.79
53-3033.00,Cooperation,0.75
53-3033.00,Dependability,2.56
53-3033.00,Empathy,0.45
53-3033.00,Humility,0.22
53-3033.00,Initiative,0.42
53-3033.00,Innovation,-0.34
53-3033.00,Integrity,1.66
53-3033.00,Intellectual Curiosity,-0.22
53-3033.00,Leadership Orientation,-0.32
53-3033.00,Optimism,0.74
53-3033.00,Perseverance,1.1
53-3033.00,Self-Confidence,0.69
53-3033.00,Self-Control,1.28
53-3033.00,Sincerity,0.67
53-3033.00,Social Orientation,0.81
53-3033.00,Stress Tolerance,1.27
53-3033.00,Tolerance for Ambiguity,-0.44
53-3051.00,Achievement Orientation,0.73
53-3051.00,Adaptability,0.83
53-3051.00,Attention to Detail,2.05
53-3051.00,Cautiousness,2.78
53-3051.00,Cooperation,1.99
53-3051.00,Dependability,2.65
53-3051.00,Empathy,1.65
53-3051.00,Humility,0.81
53-3051.00,Initiative,0.49
53-3051.00,Innovation,-0.61
53-3051.00,Integrity,2.24
53-3051.00,Intellectual Curiosity,-0.16
53-3051.00,Leadership Orientation,0.06
53-3051.00,Optimism,1.42
53-3051.00,Perseverance,1.37
53-3051.00,Self-Confidence,0.87
53-3051.00,Self-Control,1.95
53-3051.00,Sincerity,1.44
53-3051.00,Social Orientation,1.49
53-3051.00,Stress Tolerance,1.83
53-3051.00,Tolerance for Ambiguity,-0.52
53-3052.00,Achievement Orientation,0.86
53-3052.00,Adaptability,0.99
53-3052.00,Attention to Detail,1.86
53-3052.00,Cautiousness,2.62
53-3052.00,Cooperation,2.07
53-3052.00,Dependability,2.65
53-3052.00,Empathy,1.35
53-3052.00,Humility,0.81
53-3052.00,Initiative,0.51
53-3052.00,Innovation,-0.59
53-3052.00,Integrity,1.82
53-3052.00,Intellectual Curiosity,-0.24
53-3052.00,Leadership Orientation,-0.02
53-3052.00,Optimism,1.39
53-3052.00,Perseverance,1.28
53-3052.00,Self-Confidence,0.97
53-3052.00,Self-Control,2.14
53-3052.00,Sincerity,1.28
53-3052.00,Social Orientation,1.4
53-3052.00,Stress Tolerance,1.86
53-3052.00,Tolerance for Ambiguity,-0.13
53-3053.00,Achievement Orientation,0.68
53-3053.00,Adaptability,1.11
53-3053.00,Attention to Detail,1.62
53-3053.00,Cautiousness,2.14
53-3053.00,Cooperation,1.99
53-3053.00,Dependability,2.62
53-3053.00,Empathy,1.25
53-3053.00,Humility,0.96
53-3053.00,Initiative,0.55
53-3053.00,Innovation,-0.35
53-3053.00,Integrity,1.73
53-3053.00,Intellectual Curiosity,-0.22
53-3053.00,Leadership Orientation,-0.32
53-3053.00,Optimism,1.36
53-3053.00,Perseverance,1.0
53-3053.00,Self-Confidence,0.67
53-3053.00,Self-Control,1.53
53-3053.00,Sincerity,1.23
53-3053.00,Social Orientation,1.61
53-3053.00,Stress Tolerance,1.27
53-3053.00,Tolerance for Ambiguity,-0.25
53-3054.00,Achievement Orientation,0.97
53-3054.00,Adaptability,1.32
53-3054.00,Attention to Detail,1.17
53-3054.00,Cautiousness,1.56
53-3054.00,Cooperation,1.44
53-3054.00,Dependability,2.27
53-3054.00,Empathy,0.67
53-3054.00,Humility,0.01
53-3054.00,Initiative,0.47
53-3054.00,Innovation,-0.37
53-3054.00,Integrity,1.7
53-3054.00,Intellectual Curiosity,-0.26
53-3054.00,Leadership Orientation,-0.34
53-3054.00,Optimism,1.13
53-3054.00,Perseverance,1.31
53-3054.00,Self-Confidence,0.75
53-3054.00,Self-Control,1.56
53-3054.00,Sincerity,1.09
53-3054.00,Social Orientation,1.36
53-3054.00,Stress Tolerance,1.61
53-3054.00,Tolerance for Ambiguity,0.68
53-4011.00,Achievement Orientation,1.18
53-4011.00,Adaptability,0.89
53-4011.00,Attention to Detail,2.57
53-4011.00,Cautiousness,2.74
53-4011.00,Cooperation,0.92
53-4011.00,Dependability,3.0
53-4011.00,Empathy,-0.05
53-4011.00,Humility,-0.06
53-4011.00,Initiative,-0.04
53-4011.00,Innovation,-0.64
53-4011.00,Integrity,2.17
53-4011.00,Intellectual Curiosity,0.39
53-4011.00,Leadership Orientation,-0.07
53-4011.00,Optimism,0.43
53-4011.00,Perseverance,1.9
53-4011.00,Self-Confidence,1.35
53-4011.00,Self-Control,2.06
53-4011.00,Sincerity,0.42
53-4011.00,Social Orientation,-0.14
53-4011.00,Stress Tolerance,2.28
53-4011.00,Tolerance for Ambiguity,-0.32
53-4013.00,Achievement Orientation,0.77
53-4013.00,Adaptability,1.02
53-4013.00,Attention to Detail,2.28
53-4013.00,Cautiousness,2.62
53-4013.00,Cooperation,1.44
53-4013.00,Dependability,2.65
53-4013.00,Empathy,-0.06
53-4013.00,Humility,-0.01
53-4013.00,Initiative,0.42
53-4013.00,Innovation,-0.61
53-4013.00,Integrity,1.89
53-4013.00,Intellectual Curiosity,0.04
53-4013.00,Leadership Orientation,-0.17
53-4013.00,Optimism,0.24
53-4013.00,Perseverance,1.2
53-4013.00,Self-Confidence,0.99
53-4013.00,Self-Control,1.31
53-4013.00,Sincerity,0.23
53-4013.00,Social Orientation,0.38
53-4013.00,Stress Tolerance,1.76
53-4013.00,Tolerance for Ambiguity,-0.46
53-4022.00,Achievement Orientation,0.7
53-4022.00,Adaptability,0.94
53-4022.00,Attention to Detail,2.34
53-4022.00,Cautiousness,2.5
53-4022.00,Cooperation,1.63
53-4022.00,Dependability,2.65
53-4022.00,Empathy,-0.14
53-4022.00,Humility,0.19
53-4022.00,Initiative,0.36
53-4022.00,Innovation,-0.64
53-4022.00,Integrity,1.89
53-4022.00,Intellectual Curiosity,-0.05
53-4022.00,Leadership Orientation,-0.21
53-4022.00,Optimism,0.01
53-4022.00,Perseverance,1.46
53-4022.00,Self-Confidence,0.89
53-4022.00,Self-Control,1.66
53-4022.00,Sincerity,0.41
53-4022.00,Social Orientation,0.38
53-4022.00,Stress Tolerance,1.86
53-4022.00,Tolerance for Ambiguity,-0.55
53-4031.00,Achievement Orientation,1.25
53-4031.00,Adaptability,1.68
53-4031.00,Attention to Detail,2.37
53-4031.00,Cautiousness,2.62
53-4031.00,Cooperation,1.84
53-4031.00,Dependability,2.65
53-4031.00,Empathy,0.28
53-4031.00,Humility,-0.04
53-4031.00,Initiative,1.05
53-4031.00,Innovation,-0.48
53-4031.00,Integrity,2.1
53-4031.00,Intellectual Curiosity,0.28
53-4031.00,Leadership Orientation,2.25
53-4031.00,Optimism,0.79
53-4031.00,Perseverance,1.77
53-4031.00,Self-Confidence,1.63
53-4031.00,Self-Control,1.91
53-4031.00,Sincerity,0.7
53-4031.00,Social Orientation,1.33
53-4031.00,Stress Tolerance,2.21
53-4031.00,Tolerance for Ambiguity,0.91
53-4041.00,Achievement Orientation,0.71
53-4041.00,Adaptability,0.97
53-4041.00,Attention to Detail,2.19
53-4041.00,Cautiousness,2.74
53-4041.00,Cooperation,1.03
53-4041.00,Dependability,2.65
53-4041.00,Empathy,0.58
53-4041.00,Humility,0.34
53-4041.00,Initiative,0.02
53-4041.00,Innovation,-0.61
53-4041.00,Integrity,1.86
53-4041.00,Intellectual Curiosity,-0.2
53-4041.00,Leadership Orientation,-0.15
53-4041.00,Optimism,1.01
53-4041.00,Perseverance,1.34
53-4041.00,Self-Confidence,1.13
53-4041.00,Self-Control,2.14
53-4041.00,Sincerity,0.72
53-4041.00,Social Orientation,1.02
53-4041.00,Stress Tolerance,2.13
53-4041.00,Tolerance for Ambiguity,-0.57
53-5011.00,Achievement Orientation,0.75
53-5011.00,Adaptability,1.58
53-5011.00,Attention to Detail,2.02
53-5011.00,Cautiousness,2.5
53-5011.00,Cooperation,1.7
53-5011.00,Dependability,2.65
53-5011.00,Empathy,0.12
53-5011.00,Humility,0.81
53-5011.00,Initiative,0.76
53-5011.00,Innovation,-0.43
53-5011.00,Integrity,0.7
53-5011.00,Intellectual Curiosity,0.07
53-5011.00,Leadership Orientation,0.0
53-5011.00,Optimism,0.61
53-5011.00,Perseverance,1.77
53-5011.00,Self-Confidence,0.87
53-5011.00,Self-Control,1.31
53-5011.00,Sincerity,0.23
53-5011.00,Social Orientation,0.5
53-5011.00,Stress Tolerance,1.99
53-5011.00,Tolerance for Ambiguity,0.66
53-5021.00,Achievement Orientation,1.86
53-5021.00,Adaptability,1.98
53-5021.00,Attention to Detail,2.6
53-5021.00,Cautiousness,2.74
53-5021.00,Cooperation,1.84
53-5021.00,Dependability,2.93
53-5021.00,Empathy,0.37
53-5021.00,Humility,0.22
53-5021.00,Initiative,1.75
53-5021.00,Innovation,0.51
53-5021.00,Integrity,2.32
53-5021.00,Intellectual Curiosity,1.35
53-5021.00,Leadership Orientation,3.0
53-5021.00,Optimism,0.9
53-5021.00,Perseverance,2.19
53-5021.00,Self-Confidence,2.24
53-5021.00,Self-Control,2.5
53-5021.00,Sincerity,0.9
53-5021.00,Social Orientation,0.99
53-5021.00,Stress Tolerance,2.55
53-5021.00,Tolerance for Ambiguity,1.18
53-5022.00,Achievement Orientation,0.99
53-5022.00,Adaptability,1.38
53-5022.00,Attention to Detail,1.86
53-5022.00,Cautiousness,2.5
53-5022.00,Cooperation,1.53
53-5022.00,Dependability,2.56
53-5022.00,Empathy,0.67
53-5022.00,Humility,-0.08
53-5022.00,Initiative,1.26
53-5022.00,Innovation,-0.32
53-5022.00,Integrity,1.89
53-5022.00,Intellectual Curiosity,0.29
53-5022.00,Leadership Orientation,1.48
53-5022.00,Optimism,0.95
53-5022.00,Perseverance,1.4
53-5022.00,Self-Confidence,1.47
53-5022.00,Self-Control,1.73
53-5022.00,Sincerity,0.7
53-5022.00,Social Orientation,0.97
53-5022.00,Stress Tolerance,1.73
53-5022.00,Tolerance for Ambiguity,0.89
53-5031.00,Achievement Orientation,1.89
53-5031.00,Adaptability,1.79
53-5031.00,Attention to Detail,2.67
53-5031.00,Cautiousness,2.62
53-5031.00,Cooperation,1.63
53-5031.00,Dependability,2.93
53-5031.00,Empathy,0.2
53-5031.00,Humility,0.42
53-5031.00,Initiative,1.47
53-5031.00,Innovation,0.7
53-5031.00,Integrity,2.1
53-5031.00,Intellectual Curiosity,1.38
53-5031.00,Leadership Orientation,2.1
53-5031.00,Optimism,0.59
53-5031.00,Perseverance,2.08
53-5031.00,Self-Confidence,1.8
53-5031.00,Self-Control,2.02
53-5031.00,Sincerity,0.76
53-5031.00,Social Orientation,0.38
53-5031.00,Stress Tolerance,2.21
53-5031.00,Tolerance for Ambiguity,1.08
53-6011.00,Achievement Orientation,0.57
53-6011.00,Adaptability,0.62
53-6011.00,Attention to Detail,2.19
53-6011.00,Cautiousness,2.62
53-6011.00,Cooperation,1.14
53-6011.00,Dependability,2.65
53-6011.00,Empathy,-0.03
53-6011.00,Humility,-0.14
53-6011.00,Initiative,0.55
53-6011.00,Innovation,-0.61
53-6011.00,Integrity,1.89
53-6011.00,Intellectual Curiosity,-0.12
53-6011.00,Leadership Orientation,0.5
53-6011.00,Optimism,0.07
53-6011.00,Perseverance,0.81
53-6011.00,Self-Confidence,0.85
53-6011.00,Self-Control,1.37
53-6011.00,Sincerity,0.29
53-6011.00,Social Orientation,-0.03
53-6011.00,Stress Tolerance,1.07
53-6011.00,Tolerance for Ambiguity,0.0
53-6021.00,Achievement Orientation,0.28
53-6021.00,Adaptability,0.53
53-6021.00,Attention to Detail,1.44
53-6021.00,Cautiousness,0.95
53-6021.00,Cooperation,1.7
53-6021.00,Dependability,2.03
53-6021.00,Empathy,0.75
53-6021.00,Humility,0.72
53-6021.00,Initiative,0.33
53-6021.00,Innovation,-0.54
53-6021.00,Integrity,1.51
53-6021.00,Intellectual Curiosity,-0.31
53-6021.00,Leadership Orientation,-0.19
53-6021.00,Optimism,1.36
53-6021.00,Perseverance,0.32
53-6021.00,Self-Confidence,0.5
53-6021.00,Self-Control,1.19
53-6021.00,Sincerity,0.92
53-6021.00,Social Orientation,1.31
53-6021.00,Stress Tolerance,0.9
53-6021.00,Tolerance for Ambiguity,-0.52
53-6031.00,Achievement Orientation,0.54
53-6031.00,Adaptability,0.4
53-6031.00,Attention to Detail,1.71
53-6031.00,Cautiousness,1.41
53-6031.00,Cooperation,1.38
53-6031.00,Dependability,2.14
53-6031.00,Empathy,0.64
53-6031.00,Humility,0.58
53-6031.00,Initiative,0.49
53-6031.00,Innovation,-0.34
53-6031.00,Integrity,1.4
53-6031.00,Intellectual Curiosity,-0.06
53-6031.00,Leadership Orientation,-0.3
53-6031.00,Optimism,0.71
53-6031.00,Perseverance,0.6
53-6031.00,Self-Confidence,0.39
53-6031.00,Self-Control,0.97
53-6031.00,Sincerity,0.69
53-6031.00,Social Orientation,1.02
53-6031.00,Stress Tolerance,0.84
53-6031.00,Tolerance for Ambiguity,-0.48
53-6032.00,Achievement Orientation,0.62
53-6032.00,Adaptability,0.99
53-6032.00,Attention to Detail,2.08
53-6032.00,Cautiousness,2.06
53-6032.00,Cooperation,1.17
53-6032.00,Dependability,2.59
53-6032.00,Empathy,-0.06
53-6032.00,Humility,-0.12
53-6032.00,Initiative,0.43
53-6032.00,Innovation,-0.39
53-6032.00,Integrity,1.54
53-6032.00,Intellectual Curiosity,-0.16
53-6032.00,Leadership Orientation,-0.26
53-6032.00,Optimism,0.54
53-6032.00,Perseverance,0.95
53-6032.00,Self-Confidence,0.5
53-6032.00,Self-Control,0.95
53-6032.00,Sincerity,0.23
53-6032.00,Social Orientation,-0.03
53-6032.00,Stress Tolerance,1.38
53-6032.00,Tolerance for Ambiguity,-0.3
53-6041.00,Achievement Orientation,1.05
53-6041.00,Adaptability,1.05
53-6041.00,Attention to Detail,2.22
53-6041.00,Cautiousness,1.44
53-6041.00,Cooperation,1.0
53-6041.00,Dependability,2.14
53-6041.00,Empathy,0.52
53-6041.00,Humility,0.34
53-6041.00,Initiative,0.61
53-6041.00,Innovation,0.24
53-6041.00,Integrity,1.4
53-6041.00,Intellectual Curiosity,0.76
53-6041.00,Leadership Orientation,-0.09
53-6041.00,Optimism,0.32
53-6041.00,Perseverance,0.93
53-6041.00,Self-Confidence,0.78
53-6041.00,Self-Control,0.97
53-6041.00,Sincerity,0.63
53-6041.00,Social Orientation,0.84
53-6041.00,Stress Tolerance,1.22
53-6041.00,Tolerance for Ambiguity,0.56
53-6051.00,Achievement Orientation,1.23
53-6051.00,Adaptability,0.99
53-6051.00,Attention to Detail,2.63
53-6051.00,Cautiousness,2.62
53-6051.00,Cooperation,1.38
53-6051.00,Dependability,2.65
53-6051.00,Empathy,0.07
53-6051.00,Humility,0.29
53-6051.00,Initiative,0.97
53-6051.00,Innovation,-0.34
53-6051.00,Integrity,2.28
53-6051.00,Intellectual Curiosity,0.67
53-6051.00,Leadership Orientation,1.26
53-6051.00,Optimism,0.11
53-6051.00,Perseverance,1.58
53-6051.00,Self-Confidence,1.35
53-6051.00,Self-Control,1.47
53-6051.00,Sincerity,0.88
53-6051.00,Social Orientation,0.77
53-6051.00,Stress Tolerance,1.52
53-6051.00,Tolerance for Ambiguity,-0.05
53-6051.01,Achievement Orientation,1.95
53-6051.01,Adaptability,1.32
53-6051.01,Attention to Detail,3.0
53-6051.01,Cautiousness,3.0
53-6051.01,Cooperation,1.26
53-6051.01,Dependability,2.93
53-6051.01,Empathy,-0.02
53-6051.01,Humility,0.17
53-6051.01,Initiative,1.07
53-6051.01,Innovation,-0.35
53-6051.01,Integrity,2.93
53-6051.01,Intellectual Curiosity,1.86
53-6051.01,Leadership Orientation,1.0
53-6051.01,Optimism,0.15
53-6051.01,Perseverance,2.01
53-6051.01,Self-Confidence,1.76
53-6051.01,Self-Control,1.98
53-6051.01,Sincerity,1.6
53-6051.01,Social Orientation,0.34
53-6051.01,Stress Tolerance,2.17
53-6051.01,Tolerance for Ambiguity,0.04
53-6051.07,Achievement Orientation,1.27
53-6051.07,Adaptability,0.34
53-6051.07,Attention to Detail,2.5
53-6051.07,Cautiousness,2.66
53-6051.07,Cooperation,0.78
53-6051.07,Dependability,2.65
53-6051.07,Empathy,-0.14
53-6051.07,Humility,-0.38
53-6051.07,Initiative,0.42
53-6051.07,Innovation,-0.34
53-6051.07,Integrity,2.24
53-6051.07,Intellectual Curiosity,0.79
53-6051.07,Leadership Orientation,0.32
53-6051.07,Optimism,-0.04
53-6051.07,Perseverance,1.18
53-6051.07,Self-Confidence,0.94
53-6051.07,Self-Control,1.14
53-6051.07,Sincerity,0.74
53-6051.07,Social Orientation,-0.23
53-6051.07,Stress Tolerance,1.38
53-6051.07,Tolerance for Ambiguity,-0.57
53-6061.00,Achievement Orientation,0.62
53-6061.00,Adaptability,1.08
53-6061.00,Attention to Detail,1.57
53-6061.00,Cautiousness,1.76
53-6061.00,Cooperation,2.51
53-6061.00,Dependability,2.65
53-6061.00,Empathy,2.23
53-6061.00,Humility,1.49
53-6061.00,Initiative,0.87
53-6061.00,Innovation,-0.34
53-6061.00,Integrity,1.66
53-6061.00,Intellectual Curiosity,-0.17
53-6061.00,Leadership Orientation,0.1
53-6061.00,Optimism,2.02
53-6061.00,Perseverance,0.9
53-6061.00,Self-Confidence,0.94
53-6061.00,Self-Control,1.87
53-6061.00,Sincerity,1.69
53-6061.00,Social Orientation,2.26
53-6061.00,Stress Tolerance,1.38
53-6061.00,Tolerance for Ambiguity,0.41
53-7011.00,Achievement Orientation,0.5
53-7011.00,Adaptability,0.4
53-7011.00,Attention to Detail,1.86
53-7011.00,Cautiousness,1.56
53-7011.00,Cooperation,0.51
53-7011.00,Dependability,2.14
53-7011.00,Empathy,-0.09
53-7011.00,Humility,-0.14
53-7011.00,Initiative,0.28
53-7011.00,Innovation,-0.45
53-7011.00,Integrity,0.72
53-7011.00,Intellectual Curiosity,-0.24
53-7011.00,Leadership Orientation,-0.52
53-7011.00,Optimism,-0.02
53-7011.00,Perseverance,0.28
53-7011.00,Self-Confidence,0.24
53-7011.00,Self-Control,0.02
53-7011.00,Sincerity,0.13
53-7011.00,Social Orientation,-0.14
53-7011.00,Stress Tolerance,1.0
53-7011.00,Tolerance for Ambiguity,-0.34
53-7021.00,Achievement Orientation,0.8
53-7021.00,Adaptability,0.34
53-7021.00,Attention to Detail,2.31
53-7021.00,Cautiousness,2.62
53-7021.00,Cooperation,0.59
53-7021.00,Dependability,2.65
53-7021.00,Empathy,-0.14
53-7021.00,Humility,-0.06
53-7021.00,Initiative,0.14
53-7021.00,Innovation,-0.68
53-7021.00,Integrity,1.57
53-7021.00,Intellectual Curiosity,-0.05
53-7021.00,Leadership Orientation,-0.09
53-7021.00,Optimism,-0.11
53-7021.00,Perseverance,0.86
53-7021.00,Self-Confidence,0.99
53-7021.00,Self-Control,1.53
53-7021.00,Sincerity,0.13
53-7021.00,Social Orientation,-0.3
53-7021.00,Stress Tolerance,1.61
53-7021.00,Tolerance for Ambiguity,-0.79
53-7031.00,Achievement Orientation,0.68
53-7031.00,Adaptability,0.64
53-7031.00,Attention to Detail,1.57
53-7031.00,Cautiousness,2.03
53-7031.00,Cooperation,0.53
53-7031.00,Dependability,2.19
53-7031.00,Empathy,-0.14
53-7031.00,Humility,-0.38
53-7031.00,Initiative,0.22
53-7031.00,Innovation,-0.45
53-7031.00,Integrity,0.98
53-7031.00,Intellectual Curiosity,-0.19
53-7031.00,Leadership Orientation,0.16
53-7031.00,Optimism,-0.02
53-7031.00,Perseverance,1.12
53-7031.00,Self-Confidence,0.69
53-7031.00,Self-Control,0.8
53-7031.00,Sincerity,0.09
53-7031.00,Social Orientation,-0.41
53-7031.00,Stress Tolerance,1.29
53-7031.00,Tolerance for Ambiguity,-0.48
53-7041.00,Achievement Orientation,0.33
53-7041.00,Adaptability,0.16
53-7041.00,Attention to Detail,1.92
53-7041.00,Cautiousness,2.28
53-7041.00,Cooperation,0.64
53-7041.00,Dependability,2.36
53-7041.00,Empathy,-0.1
53-7041.00,Humility,-0.12
53-7041.00,Initiative,-0.12
53-7041.00,Innovation,-0.69
53-7041.00,Integrity,0.91
53-7041.00,Intellectual Curiosity,-0.19
53-7041.00,Leadership Orientation,-0.43
53-7041.00,Optimism,-0.13
53-7041.00,Perseverance,0.55
53-7041.00,Self-Confidence,0.6
53-7041.00,Self-Control,0.95
53-7041.00,Sincerity,0.09
53-7041.00,Social Orientation,-0.12
53-7041.00,Stress Tolerance,1.16
53-7041.00,Tolerance for Ambiguity,-0.71
53-7051.00,Achievement Orientation,0.66
53-7051.00,Adaptability,0.28
53-7051.00,Attention to Detail,1.69
53-7051.00,Cautiousness,2.03
53-7051.00,Cooperation,0.62
53-7051.00,Dependability,2.25
53-7051.00,Empathy,-0.13
53-7051.00,Humility,-0.25
53-7051.00,Initiative,0.02
53-7051.00,Innovation,-0.41
53-7051.00,Integrity,1.13
53-7051.00,Intellectual Curiosity,-0.24
53-7051.00,Leadership Orientation,-0.3
53-7051.00,Optimism,0.13
53-7051.00,Perseverance,0.62
53-7051.00,Self-Confidence,0.58
53-7051.00,Self-Control,0.8
53-7051.00,Sincerity,0.05
53-7051.00,Social Orientation,-0.37
53-7051.00,Stress Tolerance,1.02
53-7051.00,Tolerance for Ambiguity,-0.46
53-7061.00,Achievement Orientation,0.46
53-7061.00,Adaptability,0.05
53-7061.00,Attention to Detail,1.76
53-7061.00,Cautiousness,0.87
53-7061.00,Cooperation,0.32
53-7061.00,Dependability,1.88
53-7061.00,Empathy,-0.09
53-7061.00,Humility,-0.23
53-7061.00,Initiative,0.16
53-7061.00,Innovation,-0.41
53-7061.00,Integrity,0.78
53-7061.00,Intellectual Curiosity,-0.32
53-7061.00,Leadership Orientation,-0.61
53-7061.00,Optimism,0.36
53-7061.00,Perseverance,0.39
53-7061.00,Self-Confidence,0.02
53-7061.00,Self-Control,0.35
53-7061.00,Sincerity,0.04
53-7061.00,Social Orientation,-0.16
53-7061.00,Stress Tolerance,0.35
53-7061.00,Tolerance for Ambiguity,-0.77
53-7062.00,Achievement Orientation,0.41
53-7062.00,Adaptability,0.18
53-7062.00,Attention to Detail,1.26
53-7062.00,Cautiousness,0.95
53-7062.00,Cooperation,0.78
53-7062.00,Dependability,2.11
53-7062.00,Empathy,-0.09
53-7062.00,Humility,0.08
53-7062.00,Initiative,0.16
53-7062.00,Innovation,-0.37
53-7062.00,Integrity,0.85
53-7062.00,Intellectual Curiosity,-0.35
53-7062.00,Leadership Orientation,-0.41
53-7062.00,Optimism,0.43
53-7062.00,Perseverance,0.88
53-7062.00,Self-Confidence,0.12
53-7062.00,Self-Control,0.63
53-7062.00,Sincerity,0.14
53-7062.00,Social Orientation,-0.05
53-7062.00,Stress Tolerance,0.74
53-7062.00,Tolerance for Ambiguity,-0.42
53-7063.00,Achievement Orientation,0.42
53-7063.00,Adaptability,-0.04
53-7063.00,Attention to Detail,1.81
53-7063.00,Cautiousness,1.5
53-7063.00,Cooperation,0.45
53-7063.00,Dependability,1.98
53-7063.00,Empathy,-0.17
53-7063.00,Humility,-0.27
53-7063.00,Initiative,-0.12
53-7063.00,Innovation,-0.71
53-7063.00,Integrity,0.66
53-7063.00,Intellectual Curiosity,-0.32
53-7063.00,Leadership Orientation,-0.71
53-7063.00,Optimism,-0.13
53-7063.00,Perseverance,0.35
53-7063.00,Self-Confidence,0.05
53-7063.00,Self-Control,0.28
53-7063.00,Sincerity,0.04
53-7063.00,Social Orientation,-0.27
53-7063.00,Stress Tolerance,0.55
53-7063.00,Tolerance for Ambiguity,-0.63
53-7064.00,Achievement Orientation,0.3
53-7064.00,Adaptability,-0.06
53-7064.00,Attention to Detail,2.11
53-7064.00,Cautiousness,1.17
53-7064.00,Cooperation,0.51
53-7064.00,Dependability,2.06
53-7064.00,Empathy,-0.14
53-7064.00,Humility,-0.27
53-7064.00,Initiative,-0.1
53-7064.00,Innovation,-0.68
53-7064.00,Integrity,0.68
53-7064.00,Intellectual Curiosity,-0.32
53-7064.00,Leadership Orientation,-0.59
53-7064.00,Optimism,-0.07
53-7064.00,Perseverance,0.49
53-7064.00,Self-Confidence,0.02
53-7064.00,Self-Control,0.1
53-7064.00,Sincerity,0.04
53-7064.00,Social Orientation,-0.12
53-7064.00,Stress Tolerance,0.51
53-7064.00,Tolerance for Ambiguity,-0.65
53-7065.00,Achievement Orientation,0.71
53-7065.00,Adaptability,0.57
53-7065.00,Attention to Detail,1.92
53-7065.00,Cautiousness,0.95
53-7065.00,Cooperation,1.35
53-7065.00,Dependability,2.11
53-7065.00,Empathy,0.43
53-7065.00,Humility,0.27
53-7065.00,Initiative,0.59
53-7065.00,Innovation,-0.26
53-7065.00,Integrity,1.4
53-7065.00,Intellectual Curiosity,-0.26
53-7065.00,Leadership Orientation,-0.17
53-7065.00,Optimism,0.64
53-7065.00,Perseverance,0.86
53-7065.00,Self-Confidence,0.52
53-7065.00,Self-Control,0.63
53-7065.00,Sincerity,0.44
53-7065.00,Social Orientation,0.75
53-7065.00,Stress Tolerance,0.76
53-7065.00,Tolerance for Ambiguity,-0.46
53-7071.00,Achievement Orientation,1.12
53-7071.00,Adaptability,1.17
53-7071.00,Attention to Detail,2.37
53-7071.00,Cautiousness,2.62
53-7071.00,Cooperation,0.85
53-7071.00,Dependability,2.65
53-7071.00,Empathy,-0.14
53-7071.00,Humility,-0.01
53-7071.00,Initiative,0.51
53-7071.00,Innovation,-0.37
53-7071.00,Integrity,1.79
53-7071.00,Intellectual Curiosity,0.43
53-7071.00,Leadership Orientation,0.16
53-7071.00,Optimism,-0.02
53-7071.00,Perseverance,1.12
53-7071.00,Self-Confidence,0.99
53-7071.00,Self-Control,1.31
53-7071.00,Sincerity,0.13
53-7071.00,Social Orientation,-0.21
53-7071.00,Stress Tolerance,1.8
53-7071.00,Tolerance for Ambiguity,0.16
53-7072.00,Achievement Orientation,1.12
53-7072.00,Adaptability,0.94
53-7072.00,Attention to Detail,2.35
53-7072.00,Cautiousness,2.62
53-7072.00,Cooperation,0.82
53-7072.00,Dependability,2.65
53-7072.00,Empathy,-0.18
53-7072.00,Humility,-0.14
53-7072.00,Initiative,0.25
53-7072.00,Innovation,-0.66
53-7072.00,Integrity,1.21
53-7072.00,Intellectual Curiosity,0.17
53-7072.00,Leadership Orientation,-0.09
53-7072.00,Optimism,0.04
53-7072.00,Perseverance,0.93
53-7072.00,Self-Confidence,0.82
53-7072.00,Self-Control,1.25
53-7072.00,Sincerity,0.06
53-7072.00,Social Orientation,-0.34
53-7072.00,Stress Tolerance,1.29
53-7072.00,Tolerance for Ambiguity,-0.32
53-7073.00,Achievement Orientation,1.16
53-7073.00,Adaptability,1.02
53-7073.00,Attention to Detail,1.74
53-7073.00,Cautiousness,2.62
53-7073.00,Cooperation,0.64
53-7073.00,Dependability,2.56
53-7073.00,Empathy,-0.14
53-7073.00,Humility,-0.2
53-7073.00,Initiative,0.13
53-7073.00,Innovation,-0.24
53-7073.00,Integrity,1.21
53-7073.00,Intellectual Curiosity,0.43
53-7073.00,Leadership Orientation,0.02
53-7073.00,Optimism,0.16
53-7073.00,Perseverance,1.46
53-7073.00,Self-Confidence,1.1
53-7073.00,Self-Control,1.25
53-7073.00,Sincerity,0.02
53-7073.00,Social Orientation,-0.68
53-7073.00,Stress Tolerance,1.49
53-7073.00,Tolerance for Ambiguity,-0.69
53-7081.00,Achievement Orientation,0.38
53-7081.00,Adaptability,0.3
53-7081.00,Attention to Detail,1.07
53-7081.00,Cautiousness,1.44
53-7081.00,Cooperation,0.71
53-7081.00,Dependability,2.22
53-7081.00,Empathy,-0.03
53-7081.00,Humility,0.03
53-7081.00,Initiative,0.36
53-7081.00,Innovation,-0.39
53-7081.00,Integrity,0.96
53-7081.00,Intellectual Curiosity,-0.34
53-7081.00,Leadership Orientation,-0.41
53-7081.00,Optimism,0.66
53-7081.00,Perseverance,0.88
53-7081.00,Self-Confidence,0.21
53-7081.00,Self-Control,0.7
53-7081.00,Sincerity,0.2
53-7081.00,Social Orientation,-0.43
53-7081.00,Stress Tolerance,1.02
53-7081.00,Tolerance for Ambiguity,-0.34
53-7121.00,Achievement Orientation,0.66
53-7121.00,Adaptability,-0.17
53-7121.00,Attention to Detail,2.31
53-7121.00,Cautiousness,2.58
53-7121.00,Cooperation,0.68
53-7121.00,Dependability,2.47
53-7121.00,Empathy,-0.1
53-7121.00,Humility,-0.2
53-7121.00,Initiative,0.25
53-7121.00,Innovation,-0.56
53-7121.00,Integrity,1.6
53-7121.00,Intellectual Curiosity,0.03
53-7121.00,Leadership Orientation,-0.26
53-7121.00,Optimism,0.13
53-7121.00,Perseverance,0.73
53-7121.00,Self-Confidence,0.6
53-7121.00,Self-Control,1.03
53-7121.00,Sincerity,0.1
53-7121.00,Social Orientation,-0.3
53-7121.00,Stress Tolerance,1.35
53-7121.00,Tolerance for Ambiguity,-0.57
